{"type":"FeatureCollection","features":[{"type":"Feature","id":68,"geometry":{"type":"LineString","coordinates":[[-75.6178786,5.8032547],[-75.6178645,5.803246],[-75.6178472,5.803227],[-75.617838,5.8032212],[-75.6178158,5.8032216],[-75.617736,5.8032031],[-75.6177286,5.8031926],[-75.6177382,5.8031837],[-75.6177462,5.8031529],[-75.6177417,5.803143],[-75.6177167,5.8031217],[-75.6177093,5.8031203],[-75.6177017,5.8031241],[-75.6176711,5.8031487],[-75.617657,5.8031506],[-75.6176481,5.8031469],[-75.6176378,5.8031353],[-75.6176318,5.8031211],[-75.6176266,5.803066],[-75.6176247,5.8030634],[-75.6176209,5.8030651],[-75.6176142,5.8030721],[-75.6176092,5.8030925],[-75.6176105,5.8031733],[-75.6176199,5.8032458],[-75.6176199,5.8032817],[-75.6176256,5.8033059],[-75.6176307,5.8034124],[-75.617649,5.8035323],[-75.617667,5.8036093],[-75.6177346,5.8037944],[-75.6177541,5.803857],[-75.6177827,5.8039829],[-75.6178007,5.8041007],[-75.6178198,5.8044173],[-75.6178106,5.8046197],[-75.6177971,5.8047552],[-75.6177754,5.8048886],[-75.6177323,5.805096],[-75.6177128,5.8051642],[-75.6176764,5.8052598],[-75.6176657,5.8052992],[-75.6176624,5.8053397],[-75.6176696,5.8054084],[-75.6176659,5.805439],[-75.6176463,5.805474],[-75.6175273,5.8055981],[-75.6174903,5.8056427],[-75.6174101,5.8057701],[-75.6173849,5.8058159],[-75.6173452,5.805903],[-75.6173231,5.8059604],[-75.6172904,5.8060654],[-75.6172715,5.8061061],[-75.6172575,5.8061229],[-75.6172373,5.8061398],[-75.6172187,5.8061505],[-75.6171882,5.8061609],[-75.6171162,5.8061724],[-75.6170066,5.8061793],[-75.6169662,5.8061937],[-75.6169291,5.8062177],[-75.6168917,5.8062536],[-75.6168705,5.8062793],[-75.6168635,5.8062973],[-75.6168459,5.806316],[-75.616822,5.806336],[-75.6167996,5.8063476],[-75.6167745,5.806354],[-75.6167088,5.8063494],[-75.6166137,5.8063511],[-75.6165781,5.8063593],[-75.6165236,5.8063613],[-75.6164714,5.8063733],[-75.6164031,5.8064024],[-75.6163717,5.8064119],[-75.6163119,5.8064713],[-75.6162899,5.8064868],[-75.6162862,5.8064857],[-75.6162889,5.8064719],[-75.6162989,5.806454],[-75.6163174,5.8064313],[-75.6163353,5.8064173],[-75.6163686,5.806408],[-75.6163766,5.8063999],[-75.6163813,5.8063906],[-75.6163867,5.8063577],[-75.6164135,5.8063214],[-75.6164183,5.8063101],[-75.6164158,5.8063042],[-75.6164075,5.8062995],[-75.6163561,5.8062885],[-75.6163005,5.8062718],[-75.6162461,5.8062477],[-75.616225,5.8062344],[-75.6162094,5.8062218],[-75.6161412,5.8061504],[-75.6160848,5.8060987],[-75.6160515,5.8060738],[-75.6159758,5.8059999],[-75.6159536,5.8059814],[-75.6159231,5.8059617],[-75.6158911,5.8059532],[-75.6158342,5.8059508],[-75.6157907,5.8059579],[-75.6157686,5.8059654],[-75.6157199,5.8059944],[-75.6156761,5.8060293],[-75.6156724,5.8060361],[-75.6156747,5.8060407],[-75.6157079,5.806058],[-75.6157432,5.8060718],[-75.6157525,5.8060799],[-75.6157612,5.8060939],[-75.6157831,5.8061038],[-75.6157854,5.8061093],[-75.6157824,5.8061172],[-75.6157748,5.8061219],[-75.6157469,5.806117],[-75.615739,5.8061187],[-75.6157367,5.8061219],[-75.6157201,5.8062153],[-75.6157164,5.8062665],[-75.6157144,5.8063851],[-75.6157529,5.806614],[-75.6157591,5.806727],[-75.6156947,5.806739],[-75.6156833,5.8067328],[-75.6155834,5.8063781],[-75.6155068,5.8060875],[-75.615498,5.8060645],[-75.6154663,5.8060116],[-75.6154557,5.8059862],[-75.6154482,5.8059577],[-75.6154457,5.8059146],[-75.6154497,5.8058674],[-75.6154606,5.805789],[-75.6154838,5.8056863],[-75.6154943,5.8056087],[-75.6154944,5.8055682],[-75.6154867,5.8055221],[-75.6154677,5.8054592],[-75.6154368,5.8053779],[-75.6154258,5.8053267],[-75.615418,5.8052472],[-75.6154187,5.8051031],[-75.6154151,5.8050648],[-75.6153974,5.8050278],[-75.615372,5.8049887],[-75.6153701,5.8049765],[-75.6154839,5.8049806],[-75.6155211,5.8049787],[-75.6155615,5.8049674],[-75.6155972,5.8049475],[-75.6156329,5.8049149],[-75.6157022,5.8048393],[-75.6157498,5.8048025],[-75.6157752,5.8047755],[-75.6158252,5.8046841],[-75.6158819,5.8045575],[-75.6159102,5.8045123],[-75.6159462,5.8044696],[-75.6159834,5.8044383],[-75.6160281,5.804412],[-75.6160766,5.804392],[-75.6161595,5.8043664],[-75.6161777,5.8043583],[-75.6162042,5.8043391],[-75.6162201,5.80432],[-75.6162347,5.8042886],[-75.6162442,5.8042532],[-75.6162542,5.8041862],[-75.6162672,5.8040576],[-75.6162972,5.8039277],[-75.6163194,5.8038499],[-75.6163233,5.8037867],[-75.6163337,5.803756],[-75.6163749,5.8036687],[-75.616387,5.8036333],[-75.6164103,5.8035411],[-75.6164175,5.8034696],[-75.6164481,5.8034382],[-75.6164837,5.8034181],[-75.6165031,5.8034032],[-75.6166244,5.8032799],[-75.6166409,5.8032521],[-75.6166654,5.8031891],[-75.6166739,5.8031445],[-75.6166805,5.8030284],[-75.6166963,5.8029021],[-75.6167078,5.8028504],[-75.6167358,5.8027641],[-75.6167449,5.8027239],[-75.6167485,5.8026581],[-75.6167468,5.8025822],[-75.6167532,5.802555],[-75.6167616,5.8025431],[-75.6167857,5.802522],[-75.6167999,5.8025053],[-75.616837,5.8024383],[-75.6168766,5.8024057],[-75.6169023,5.8023771],[-75.6169168,5.8023555],[-75.6169428,5.802301],[-75.6169603,5.8022729],[-75.617014,5.8022094],[-75.6170766,5.8021456],[-75.6171564,5.8020256],[-75.6172095,5.8019252],[-75.6172586,5.8018483],[-75.6172832,5.8018027],[-75.6173224,5.801702],[-75.6173449,5.8016176],[-75.6173486,5.8015949],[-75.617351,5.8015926],[-75.6173564,5.801594],[-75.6173708,5.8016051],[-75.6173878,5.8016063],[-75.6174089,5.8016017],[-75.6174414,5.8015846],[-75.6174827,5.8015498],[-75.6175222,5.8015255],[-75.6175479,5.8015043],[-75.6175671,5.8014802],[-75.6175983,5.8014299],[-75.617612,5.8014166],[-75.6176341,5.8014022],[-75.6176752,5.8013849],[-75.6177155,5.8013626],[-75.6178425,5.8013331],[-75.6178682,5.8013198],[-75.61788,5.8013056],[-75.6178874,5.8012884],[-75.6179094,5.8011579],[-75.6179619,5.8010075],[-75.6179807,5.8009818],[-75.6180081,5.8009548],[-75.6180999,5.8008919],[-75.6181397,5.800852],[-75.6181561,5.8008261],[-75.6181706,5.800787],[-75.618177,5.8007217],[-75.6181825,5.8006949],[-75.6182165,5.8006185],[-75.6182225,5.8006012],[-75.6182262,5.8005777],[-75.6182285,5.8005314],[-75.618227,5.8004597],[-75.61821,5.8002873],[-75.6182025,5.8002566],[-75.6181838,5.8002125],[-75.618102,5.8000405],[-75.6179572,5.7997775],[-75.6179387,5.7997329],[-75.6179394,5.7997118],[-75.6179487,5.7996799],[-75.6179609,5.7996663],[-75.6179761,5.7996592],[-75.6180263,5.7996536],[-75.6181466,5.7996668],[-75.6181866,5.7996686],[-75.6182458,5.7996669],[-75.6182757,5.7996608],[-75.6183133,5.7996466],[-75.6183389,5.7996335],[-75.6183739,5.7996084],[-75.6183811,5.7996002],[-75.6183877,5.7995857],[-75.6184091,5.7995108],[-75.6184125,5.7994822],[-75.6184182,5.7993205],[-75.6184234,5.7992872],[-75.6184338,5.7992726],[-75.6184787,5.7992439],[-75.6185153,5.79921],[-75.6185399,5.7991748],[-75.6185476,5.7991465],[-75.6185471,5.7991329],[-75.6185417,5.7991133],[-75.6185228,5.7990783],[-75.6185049,5.7990509],[-75.6184015,5.7989161],[-75.6183424,5.7988247],[-75.618314,5.7987711],[-75.6183078,5.7987377],[-75.6183083,5.7986876],[-75.6183176,5.7986421],[-75.6183437,5.7985563],[-75.6183457,5.7985279],[-75.6183436,5.7984704],[-75.6183375,5.7984493],[-75.618272,5.7983659],[-75.618231,5.7982923],[-75.6182081,5.7982718],[-75.6181914,5.7982619],[-75.6181646,5.798253],[-75.6181114,5.7982425],[-75.6179456,5.7982408],[-75.6178683,5.7982601],[-75.6178552,5.7982589],[-75.6178519,5.7982556],[-75.6178519,5.7982502],[-75.6178693,5.7982337],[-75.6179052,5.7982051],[-75.6179281,5.7981913],[-75.6179429,5.7981729],[-75.6179761,5.7981471],[-75.6180259,5.7981201],[-75.6181653,5.7980582],[-75.6181981,5.7980393],[-75.6182191,5.7980232],[-75.618246,5.7979961],[-75.6182636,5.7979694],[-75.6182747,5.7979384],[-75.6182823,5.7978895],[-75.618282,5.7978676],[-75.6182722,5.7977982],[-75.6182543,5.7977424],[-75.6182178,5.7976522],[-75.6181053,5.797431],[-75.6180946,5.7974003],[-75.6180931,5.7973559],[-75.6180995,5.7972971],[-75.6181358,5.7971843],[-75.6181445,5.7971437],[-75.6181423,5.7971039],[-75.6181251,5.7970273],[-75.6181063,5.7969705],[-75.6180599,5.7968544],[-75.6180332,5.7968132],[-75.6180321,5.7967879],[-75.6180265,5.7967788],[-75.6180142,5.7967701],[-75.6180139,5.7967069],[-75.617969,5.7965962],[-75.6179421,5.7965461],[-75.6178743,5.796447],[-75.6178595,5.796417],[-75.6178514,5.7963911],[-75.6178531,5.7963763],[-75.6178629,5.7963485],[-75.6179221,5.7962351],[-75.617939,5.7961884],[-75.6179526,5.796131],[-75.617957,5.7960749],[-75.6179476,5.7960179],[-75.6179409,5.7960117],[-75.6179261,5.7960081],[-75.6178862,5.7959893],[-75.6178784,5.7959782],[-75.6178792,5.7959688],[-75.6178854,5.7959545],[-75.6179102,5.7959272],[-75.6179126,5.795916],[-75.6178543,5.7957687],[-75.6178398,5.7957219],[-75.617836,5.7956875],[-75.6178377,5.7956697],[-75.6178436,5.7956518],[-75.6178733,5.7956024],[-75.617883,5.7955796],[-75.617887,5.7955527],[-75.6178861,5.7955168],[-75.617883,5.7954975],[-75.6178737,5.795475],[-75.6178189,5.7954042],[-75.6178145,5.79539],[-75.6178149,5.7953718],[-75.6178199,5.7953505],[-75.6178342,5.795318],[-75.61791,5.7952265],[-75.6179408,5.7951766],[-75.6179587,5.7951405],[-75.6179646,5.7951191],[-75.6179655,5.7950962],[-75.6179511,5.7950086],[-75.6179487,5.7949733],[-75.6179513,5.7949178],[-75.6179575,5.7948781],[-75.617966,5.7948561],[-75.6179826,5.794828],[-75.6180399,5.7947593],[-75.6180579,5.7947324],[-75.6180811,5.7946882],[-75.6180868,5.7946681],[-75.6180701,5.7946588],[-75.6180591,5.7946479],[-75.6180525,5.7946186],[-75.6180151,5.7946017],[-75.6179665,5.7945748],[-75.6179392,5.7945663],[-75.6178859,5.7945664],[-75.6178358,5.7945587],[-75.6177756,5.7945399],[-75.6177368,5.7945229],[-75.6177236,5.7945112],[-75.6177278,5.7944919],[-75.6177241,5.7944779],[-75.6177099,5.7944688],[-75.6176891,5.7944652],[-75.6176861,5.7944404],[-75.6176891,5.7944192],[-75.6177281,5.7943463],[-75.6178073,5.794161],[-75.6178164,5.7941298],[-75.6178161,5.7940797],[-75.6178068,5.7940308],[-75.6177612,5.7940079],[-75.6177324,5.7939998],[-75.6177067,5.7939974],[-75.6176709,5.7939981],[-75.6176409,5.7940035],[-75.6175963,5.7940243],[-75.6175331,5.7940713],[-75.6175032,5.7940811],[-75.6173526,5.7940766],[-75.6173019,5.7940796],[-75.6172806,5.7940901],[-75.6172666,5.7941048],[-75.6172526,5.7941447],[-75.6172465,5.7941816],[-75.6172404,5.7941903],[-75.6172268,5.794199],[-75.617215,5.7942011],[-75.6171467,5.7942013],[-75.617111,5.7941926],[-75.6170594,5.7941692],[-75.6170193,5.7941549],[-75.6169788,5.7941316],[-75.6168865,5.7940904],[-75.6168457,5.7940826],[-75.6167745,5.7940804],[-75.6167446,5.7940747],[-75.616714,5.7940645],[-75.6166197,5.7940225],[-75.6165554,5.7939875],[-75.6164455,5.7939169],[-75.6163935,5.7938786],[-75.6163561,5.7938791],[-75.6163138,5.7938728],[-75.6163038,5.793868],[-75.6163135,5.7938579],[-75.6163586,5.7938323],[-75.6163946,5.7938049],[-75.6165207,5.7937407],[-75.616551,5.7937204],[-75.6165744,5.7937004],[-75.6166076,5.793663],[-75.6166372,5.7936236],[-75.6166866,5.7935329],[-75.6167526,5.7934428],[-75.6167853,5.7934058],[-75.6168497,5.7933536],[-75.6168651,5.7933485],[-75.616889,5.7933462],[-75.6169589,5.7933502],[-75.6169993,5.7933607],[-75.6170938,5.7933969],[-75.6171277,5.7934008],[-75.6171605,5.7933961],[-75.6171869,5.7933861],[-75.6172014,5.7933773],[-75.6172151,5.7933651],[-75.6172262,5.7933492],[-75.6172429,5.7933098],[-75.617258,5.7932346],[-75.6172582,5.7931959],[-75.617247,5.7930903],[-75.6172245,5.7929569],[-75.6172054,5.7928711],[-75.617186,5.7928141],[-75.6170769,5.7925974],[-75.6170455,5.7925443],[-75.617012,5.7924948],[-75.6169882,5.792465],[-75.6169617,5.7924375],[-75.6168943,5.792383],[-75.6167646,5.7923016],[-75.6167336,5.7922768],[-75.616712,5.7922541],[-75.6166861,5.7922153],[-75.6166528,5.79215],[-75.6166217,5.7920811],[-75.6166026,5.7920296],[-75.6165981,5.7919964],[-75.6165962,5.7919113],[-75.6165921,5.7919032],[-75.6165755,5.7918932],[-75.6165733,5.7918734],[-75.6165799,5.7918612],[-75.6166013,5.7918438],[-75.6166081,5.7918337],[-75.6166669,5.7916802],[-75.6166882,5.7916156],[-75.6166991,5.79157],[-75.6167021,5.7915408],[-75.6167001,5.7915011],[-75.6166922,5.7914549],[-75.6166738,5.7913829],[-75.6166563,5.7913374],[-75.6165808,5.7911968],[-75.6165245,5.7911],[-75.6164957,5.7910232],[-75.6164561,5.7909947],[-75.6164166,5.7909805],[-75.6163844,5.7909735],[-75.61637,5.7909592],[-75.6163698,5.7909305],[-75.6163912,5.7908909],[-75.6164053,5.7908514],[-75.6164158,5.790794],[-75.6164189,5.7906971],[-75.6164168,5.7906706],[-75.6164474,5.7905505],[-75.6164751,5.7904638],[-75.6164825,5.7904149],[-75.6164841,5.790378],[-75.6164805,5.7903571],[-75.6164721,5.7903386],[-75.6164329,5.7902739],[-75.6164287,5.790261],[-75.6164284,5.7902473],[-75.6164322,5.7902342],[-75.6164494,5.7902071],[-75.6164754,5.7901526],[-75.6164881,5.7901175],[-75.6164948,5.7900806],[-75.6164989,5.7899988],[-75.6165049,5.7899722],[-75.6165175,5.7899449],[-75.6165603,5.789872],[-75.6165868,5.7898046],[-75.6165983,5.7897537],[-75.6165973,5.7897089],[-75.6165884,5.789677],[-75.616569,5.7896415],[-75.6165223,5.7895798],[-75.6164566,5.7895052],[-75.6164357,5.7894732],[-75.6164186,5.7894325],[-75.6164031,5.7893542],[-75.6163879,5.7893074],[-75.6163675,5.7892633],[-75.6163414,5.7892176],[-75.6162636,5.7891026],[-75.6162371,5.7890419],[-75.6162305,5.7890154],[-75.6162283,5.78899],[-75.6162219,5.7889753],[-75.6162275,5.7889683],[-75.6162506,5.7889635],[-75.6163539,5.7889233],[-75.6163861,5.7889082],[-75.6164252,5.7888817],[-75.6164578,5.788846],[-75.6165065,5.7887741],[-75.6165356,5.7887151],[-75.6165637,5.7886384],[-75.6166042,5.788483],[-75.6166495,5.7884158],[-75.6166612,5.7883896],[-75.6166611,5.7883534],[-75.6166495,5.7883197],[-75.6166406,5.788307],[-75.6166023,5.7882728],[-75.6165602,5.7882552],[-75.6164525,5.7882204],[-75.6163537,5.7881749],[-75.6163459,5.7881683],[-75.6163458,5.7881627],[-75.6163671,5.7881353],[-75.6164768,5.7880785],[-75.6165221,5.7880515],[-75.61658,5.7880096],[-75.6166895,5.7878838],[-75.6167285,5.7878333],[-75.6167593,5.7877826],[-75.6167954,5.7877011],[-75.6168119,5.787652],[-75.6168328,5.7875599],[-75.6168463,5.7875288],[-75.6169192,5.7874376],[-75.6170094,5.7873471],[-75.6170321,5.7873205],[-75.6170524,5.7872842],[-75.6170882,5.7871988],[-75.6171175,5.7871392],[-75.6171965,5.7870114],[-75.6172665,5.7869177],[-75.617282,5.786889],[-75.6172887,5.7868667],[-75.6172901,5.7868481],[-75.6172872,5.7868267],[-75.6172822,5.7868102],[-75.617272,5.7867932],[-75.6172478,5.7867708],[-75.6171816,5.7867303],[-75.6171455,5.7867122],[-75.6171121,5.7866903],[-75.6170929,5.7866738],[-75.617074,5.7866482],[-75.6170091,5.7865452],[-75.6169412,5.7864631],[-75.6169118,5.7864204],[-75.6168849,5.7863743],[-75.6168652,5.7863237],[-75.6168538,5.7862626],[-75.6168445,5.7861903],[-75.6168469,5.7861499],[-75.6168557,5.7861226],[-75.6168657,5.7861059],[-75.6169028,5.786063],[-75.6170005,5.7859884],[-75.6170189,5.7859646],[-75.6170252,5.7859357],[-75.6170325,5.7858458],[-75.6170387,5.7858063],[-75.6170594,5.7857279],[-75.6170851,5.7855878],[-75.6171028,5.7855249],[-75.6171125,5.7855031],[-75.6171238,5.7854897],[-75.6171777,5.7854529],[-75.6171964,5.7854362],[-75.6172133,5.7854077],[-75.617229,5.785361],[-75.6172344,5.785331],[-75.6172344,5.7852903],[-75.6172289,5.7852249],[-75.6172188,5.7851712],[-75.6171937,5.7850868],[-75.6171731,5.7850356],[-75.617143,5.7849923],[-75.617091,5.7849361],[-75.6170618,5.7849117],[-75.6170254,5.7848887],[-75.6169942,5.7848615],[-75.616954,5.7848343],[-75.6169347,5.7848258],[-75.6168904,5.7848166],[-75.616842,5.7847978],[-75.6168123,5.7847905],[-75.6168047,5.7847854],[-75.6168034,5.78478],[-75.6168233,5.7847406],[-75.6168496,5.7847069],[-75.6168665,5.7846981],[-75.6169158,5.7846861],[-75.6169247,5.7846797],[-75.6169292,5.7846713],[-75.6169362,5.7846167],[-75.6169548,5.7845664],[-75.6169397,5.7844198],[-75.6169421,5.7844097],[-75.6169465,5.7844046],[-75.6170007,5.784385],[-75.6170283,5.7843596],[-75.6170918,5.7843151],[-75.6171361,5.7842729],[-75.6171679,5.7842495],[-75.6172978,5.7841978],[-75.6173527,5.7841701],[-75.6173773,5.7841486],[-75.6173893,5.7841279],[-75.6173874,5.7841147],[-75.6173681,5.7840893],[-75.6173067,5.784037],[-75.6172558,5.7840018],[-75.6172323,5.7839761],[-75.6172258,5.7839579],[-75.6172167,5.7838632],[-75.6172173,5.7838308],[-75.6172325,5.7837884],[-75.6172675,5.783721],[-75.6172827,5.7836848],[-75.617317,5.7836306],[-75.6173178,5.783617],[-75.617307,5.7836045],[-75.6172208,5.7835387],[-75.6171324,5.7834411],[-75.6171009,5.7833959],[-75.617106,5.7833837],[-75.6171627,5.7833324],[-75.6172564,5.7832243],[-75.6172845,5.7831744],[-75.6172969,5.7831245],[-75.6172917,5.7831124],[-75.6172612,5.7830931],[-75.6172465,5.7830774],[-75.617221,5.7829604],[-75.6171712,5.782826],[-75.617135,5.782749],[-75.6170921,5.7826786],[-75.617074,5.7826424],[-75.6170564,5.7825957],[-75.617039,5.7825359],[-75.6170219,5.7824986],[-75.6170089,5.7824763],[-75.6169877,5.7824521],[-75.6169216,5.7823953],[-75.6168788,5.7823533],[-75.6168064,5.7822997],[-75.6166712,5.7822136],[-75.6166139,5.7821703],[-75.6165529,5.7821513],[-75.6165044,5.782144],[-75.6164398,5.7821479],[-75.6163835,5.7821648],[-75.616354,5.78217],[-75.616296,5.7822014],[-75.6162803,5.782206],[-75.6162488,5.7821967],[-75.6161278,5.7821446],[-75.6161179,5.7821363],[-75.6161121,5.7821254],[-75.6160717,5.7820011],[-75.6160415,5.7819553],[-75.6160111,5.7819223],[-75.6159852,5.7819028],[-75.6159596,5.7818888],[-75.6158981,5.7818623],[-75.6158969,5.781864],[-75.6159112,5.7818871],[-75.6159181,5.7819066],[-75.6159273,5.7819651],[-75.6159257,5.7820019],[-75.6159285,5.782028],[-75.6159187,5.7820737],[-75.6159197,5.7821278],[-75.6159144,5.7821392],[-75.6158927,5.7821612],[-75.6158717,5.7821733],[-75.615845,5.7821821],[-75.615736,5.7821965],[-75.6154686,5.7822175],[-75.615401,5.7822187],[-75.615326,5.7822243],[-75.6152801,5.7822381],[-75.6152226,5.7822603],[-75.6151951,5.7822743],[-75.6151418,5.7823095],[-75.6150966,5.7823524],[-75.6150936,5.7823645],[-75.6151052,5.782384],[-75.6151082,5.7823985],[-75.6151065,5.7824115],[-75.615101,5.7824198],[-75.6150868,5.7824261],[-75.6150735,5.7824252],[-75.6150502,5.7824174],[-75.6150411,5.782423],[-75.6150133,5.7824688],[-75.6149877,5.7824966],[-75.6149614,5.7825202],[-75.6148898,5.7825706],[-75.6148571,5.7826015],[-75.6148418,5.7826304],[-75.6148289,5.7826774],[-75.6148186,5.7826892],[-75.6147469,5.7826909],[-75.6147013,5.7827028],[-75.6146475,5.7827256],[-75.6146133,5.7827281],[-75.614565,5.7827387],[-75.6144265,5.782778],[-75.61434,5.7828116],[-75.6142722,5.7828492],[-75.6142358,5.7828758],[-75.6141636,5.7829482],[-75.6141323,5.7830031],[-75.6141227,5.7830384],[-75.6141149,5.7830834],[-75.6141147,5.7831052],[-75.6141204,5.7831569],[-75.614115,5.7831857],[-75.6141076,5.7831885],[-75.6140985,5.7831877],[-75.6140688,5.7831738],[-75.6140573,5.7831618],[-75.6140346,5.7831211],[-75.6140061,5.7830912],[-75.6139333,5.783038],[-75.6139079,5.7830221],[-75.6138914,5.7830162],[-75.6138351,5.7830098],[-75.6138001,5.7830165],[-75.6137731,5.7830161],[-75.6137222,5.7830386],[-75.6136732,5.7830672],[-75.6136321,5.7830862],[-75.6136257,5.7830878],[-75.6136211,5.7830839],[-75.6136224,5.7830421],[-75.6136349,5.7829864],[-75.6136521,5.7829369],[-75.6136814,5.7828749],[-75.6137264,5.7826857],[-75.6137329,5.7826467],[-75.6137554,5.7825898],[-75.6137609,5.7825437],[-75.6138323,5.7824712],[-75.6138336,5.7824552],[-75.6138255,5.7824269],[-75.6138262,5.7824175],[-75.6138331,5.782407],[-75.6138639,5.7823949],[-75.6138943,5.7823882],[-75.6139171,5.782387],[-75.6139471,5.7823909],[-75.6139563,5.7823889],[-75.6139825,5.7823629],[-75.6140093,5.7823275],[-75.614089,5.7822792],[-75.6141018,5.7822661],[-75.6141151,5.7822396],[-75.6141208,5.7822099],[-75.6141157,5.7821807],[-75.614093,5.7821132],[-75.6140892,5.7820943],[-75.6140911,5.7820624],[-75.614102,5.7820405],[-75.6141249,5.7820263],[-75.6141338,5.7820094],[-75.6141477,5.7819964],[-75.6141957,5.7819695],[-75.6143224,5.7819266],[-75.6144658,5.7818871],[-75.6145033,5.781874],[-75.6145386,5.7818578],[-75.6145647,5.7818424],[-75.6145943,5.7818178],[-75.6146153,5.7817943],[-75.6146328,5.7817672],[-75.6146397,5.7817433],[-75.61464,5.7817201],[-75.6146197,5.7816174],[-75.6146147,5.7815385],[-75.6145643,5.7813871],[-75.614548,5.7813544],[-75.6145431,5.7813296],[-75.6145454,5.781297],[-75.6145542,5.7812563],[-75.614548,5.781223],[-75.6145359,5.7811975],[-75.6145356,5.7811892],[-75.6145654,5.7811482],[-75.614583,5.7811113],[-75.6145873,5.7810903],[-75.6145841,5.7810559],[-75.6145876,5.7810475],[-75.6145926,5.7810447],[-75.6146007,5.7810467],[-75.6146479,5.7810934],[-75.614705,5.7811299],[-75.6148106,5.781165],[-75.6148576,5.7811844],[-75.6148936,5.7811924],[-75.6149458,5.781188],[-75.6150221,5.7811617],[-75.6150633,5.7811401],[-75.6150948,5.7811181],[-75.6151137,5.7811006],[-75.6151326,5.7810755],[-75.6151565,5.7810627],[-75.6151982,5.7810598],[-75.6152941,5.7810662],[-75.6153432,5.7810667],[-75.6153911,5.7810609],[-75.6154288,5.7810478],[-75.6154413,5.7810387],[-75.6154518,5.7810232],[-75.6154606,5.7809781],[-75.6154774,5.7808497],[-75.6154894,5.7808095],[-75.6155122,5.7807676],[-75.6155395,5.7807313],[-75.615567,5.7807089],[-75.6156161,5.7806908],[-75.6156898,5.7806741],[-75.615712,5.7806599],[-75.6157261,5.7806465],[-75.6157437,5.780622],[-75.6158011,5.7805184],[-75.6158129,5.7804919],[-75.6158412,5.7804096],[-75.6158609,5.7803681],[-75.6158901,5.7803235],[-75.6159249,5.7802857],[-75.6159569,5.7802631],[-75.6159979,5.7802459],[-75.6160779,5.7802262],[-75.6160964,5.7802254],[-75.6161084,5.780229],[-75.6161163,5.7802357],[-75.6161215,5.7802493],[-75.6161318,5.7803302],[-75.6161404,5.7803667],[-75.6161584,5.7804071],[-75.6161797,5.7804396],[-75.6162106,5.7804716],[-75.6162503,5.7804967],[-75.6162585,5.7804983],[-75.6162798,5.7804892],[-75.6162923,5.7804942],[-75.6163018,5.7805022],[-75.616315,5.7805003],[-75.6163408,5.7804812],[-75.6163678,5.7804472],[-75.6164038,5.7803842],[-75.6164531,5.78028],[-75.6164894,5.7802217],[-75.6165174,5.7801899],[-75.6165492,5.7801606],[-75.6166393,5.7800951],[-75.6166692,5.7800673],[-75.6167008,5.7800218],[-75.6167108,5.7799991],[-75.6167244,5.7799537],[-75.6167443,5.7799301],[-75.6167477,5.7799189],[-75.6167448,5.7799139],[-75.6167366,5.779913],[-75.6167089,5.7799243],[-75.6166365,5.779916],[-75.6165393,5.7799107],[-75.6164639,5.7798995],[-75.6164505,5.7798925],[-75.61644,5.7798811],[-75.6164285,5.7798531],[-75.6164134,5.7798357],[-75.6163653,5.7798113],[-75.6163106,5.779772],[-75.6162136,5.7797235],[-75.616207,5.7797169],[-75.6162062,5.7797084],[-75.6162167,5.779662],[-75.6162171,5.7796392],[-75.6162079,5.7796076],[-75.6161837,5.7795561],[-75.6161788,5.7795316],[-75.6161815,5.7795032],[-75.6162018,5.7794135],[-75.6162106,5.7793956],[-75.6162347,5.7793709],[-75.6163319,5.7793127],[-75.6163611,5.7792876],[-75.6163722,5.7792716],[-75.6163817,5.77925],[-75.6163891,5.7792035],[-75.6163812,5.7791643],[-75.6163742,5.779148],[-75.6163602,5.7791268],[-75.6163378,5.7791038],[-75.6162152,5.7790055],[-75.6161909,5.7789751],[-75.6161818,5.7789476],[-75.6161785,5.7789019],[-75.6161811,5.7788038],[-75.6161872,5.7787437],[-75.6162013,5.7786639],[-75.6162156,5.7786177],[-75.6162408,5.7785543],[-75.6163154,5.7784059],[-75.6163277,5.7783643],[-75.6163332,5.7783167],[-75.6163315,5.7782845],[-75.6163238,5.7782452],[-75.6163139,5.7782194],[-75.6162955,5.7781836],[-75.6162607,5.7781315],[-75.616241,5.7781068],[-75.616218,5.7780849],[-75.6161846,5.7780657],[-75.6161681,5.778066],[-75.6161547,5.7780752],[-75.6161025,5.7781492],[-75.6160783,5.778179],[-75.6159462,5.7783089],[-75.6158966,5.7783846],[-75.6158707,5.7784385],[-75.6158634,5.7784608],[-75.6158537,5.7785225],[-75.6158548,5.7786085],[-75.615872,5.7788397],[-75.615867,5.7788736],[-75.6158565,5.7788929],[-75.6158503,5.7788873],[-75.6158398,5.7788526],[-75.6158122,5.7788026],[-75.61578,5.7787506],[-75.6157456,5.7787087],[-75.6157197,5.7786569],[-75.6156834,5.7785571],[-75.6156795,5.7785521],[-75.615658,5.7785407],[-75.6156024,5.7785249],[-75.6155404,5.7785223],[-75.6155033,5.7785252],[-75.6154486,5.7785397],[-75.6153226,5.7785953],[-75.6152147,5.7786502],[-75.6151735,5.7786588],[-75.6151012,5.7786828],[-75.6150476,5.7786913],[-75.6150177,5.778687],[-75.614963,5.7786885],[-75.6149239,5.778677],[-75.6148836,5.7786762],[-75.6148671,5.7786784],[-75.6148123,5.7786942],[-75.6147719,5.7787169],[-75.6147269,5.778755],[-75.6146094,5.778872],[-75.6145194,5.7789718],[-75.6144989,5.7789913],[-75.6144488,5.7790262],[-75.6143909,5.7790514],[-75.6143588,5.7790795],[-75.6143004,5.7791138],[-75.6142178,5.7791504],[-75.6140255,5.7791837],[-75.6139854,5.7791887],[-75.6139428,5.7791898],[-75.6139418,5.7791877],[-75.6139494,5.7791811],[-75.6140757,5.7791005],[-75.614098,5.7790789],[-75.6141324,5.779056],[-75.6142059,5.7789767],[-75.6142363,5.7789524],[-75.6142576,5.7789201],[-75.614278,5.7788796],[-75.6143078,5.7788444],[-75.6143076,5.7787986],[-75.6143253,5.7787172],[-75.6143315,5.7786601],[-75.6143296,5.7786203],[-75.6143342,5.7785224],[-75.6143326,5.7784809],[-75.6143181,5.7784125],[-75.6143104,5.7783333],[-75.6143161,5.7782776],[-75.6143326,5.7782196],[-75.6143668,5.7781384],[-75.6143908,5.7780929],[-75.6144064,5.7780563],[-75.6144257,5.7780021],[-75.6144547,5.7778992],[-75.6144945,5.7778162],[-75.6145265,5.7777304],[-75.6145622,5.7776666],[-75.6145888,5.7776277],[-75.6146217,5.777589],[-75.6146702,5.7775214],[-75.6146923,5.7774861],[-75.6147134,5.7774453],[-75.6147439,5.7774038],[-75.6147587,5.7773554],[-75.6147722,5.7773267],[-75.6147914,5.7772958],[-75.614824,5.7772497],[-75.6148718,5.7771987],[-75.6149014,5.777159],[-75.6149074,5.7771446],[-75.6149024,5.777134],[-75.6148801,5.7771173],[-75.6148598,5.7770872],[-75.6148171,5.7770532],[-75.6147877,5.7770105],[-75.6147737,5.7769789],[-75.6147537,5.7769536],[-75.6147452,5.7769519],[-75.6146713,5.7769633],[-75.6146381,5.7769569],[-75.6146186,5.7769452],[-75.6146156,5.7769347],[-75.6146199,5.7769045],[-75.6146192,5.7768871],[-75.6145958,5.7768041],[-75.6145756,5.7767611],[-75.614555,5.7767368],[-75.6145036,5.7766983],[-75.6144545,5.7766714],[-75.6143806,5.7766396],[-75.6143282,5.7766205],[-75.6143206,5.7766151],[-75.6143194,5.7766104],[-75.6143432,5.7765962],[-75.6144018,5.7765781],[-75.614587,5.7765501],[-75.6146316,5.7765315],[-75.6146934,5.7764982],[-75.6147342,5.7764676],[-75.6147706,5.7764314],[-75.6148231,5.7763676],[-75.6148314,5.776345],[-75.61483,5.776332],[-75.6147713,5.7762586],[-75.6147711,5.7762508],[-75.6148227,5.7761955],[-75.61486,5.7761426],[-75.6149056,5.7760894],[-75.6150046,5.7760098],[-75.6150118,5.7759973],[-75.6150206,5.7759561],[-75.6150485,5.775884],[-75.615051,5.7758624],[-75.6150396,5.7758094],[-75.6150388,5.7757661],[-75.6150312,5.7757275],[-75.6150304,5.7757008],[-75.615035,5.7756345],[-75.6150565,5.7755051],[-75.6150557,5.7754313],[-75.6150033,5.7753882],[-75.6149854,5.7753787],[-75.6149157,5.7753635],[-75.6148654,5.7753604],[-75.6147657,5.7753298],[-75.6147057,5.7753237],[-75.6146127,5.7753526],[-75.6145956,5.7753545],[-75.6145713,5.7753496],[-75.6145352,5.7753313],[-75.6143877,5.7753011],[-75.6143663,5.7753005],[-75.6143154,5.7753113],[-75.6142783,5.7753089],[-75.614187,5.7752888],[-75.6140293,5.7752252],[-75.6140122,5.7752149],[-75.6140119,5.7752105],[-75.6140197,5.7752023],[-75.6140431,5.7751919],[-75.6142051,5.7751427],[-75.6142415,5.7751265],[-75.614272,5.7751086],[-75.6143052,5.7750793],[-75.6144211,5.7749509],[-75.6144665,5.7749095],[-75.6144932,5.7748902],[-75.6145528,5.7748663],[-75.6146105,5.7748331],[-75.6146853,5.7747806],[-75.614713,5.7747547],[-75.6147344,5.7747406],[-75.6147548,5.77471],[-75.6147641,5.7746875],[-75.614814,5.7746008],[-75.6148165,5.7745916],[-75.6148082,5.7745868],[-75.6147957,5.7745852],[-75.6147755,5.7745886],[-75.6146854,5.7746197],[-75.6146144,5.7746693],[-75.6145458,5.7747241],[-75.6145104,5.7747432],[-75.6143845,5.7747843],[-75.6142913,5.7747953],[-75.6142336,5.7747834],[-75.6141993,5.7747804],[-75.6141254,5.7747677],[-75.6140662,5.774739],[-75.6140061,5.7746983],[-75.6140044,5.7746872],[-75.6140219,5.7746785],[-75.6140363,5.7746591],[-75.6140432,5.7746462],[-75.6140499,5.7746228],[-75.6140604,5.7746049],[-75.614065,5.7745769],[-75.6140824,5.7745315],[-75.6140837,5.7745221],[-75.6140811,5.7745144],[-75.6140668,5.7744965],[-75.6140438,5.7744746],[-75.6139903,5.7744373],[-75.613904,5.7743934],[-75.6138403,5.7743769],[-75.6138013,5.7743736],[-75.6137512,5.774374],[-75.6136903,5.7743799],[-75.6136596,5.774387],[-75.6136499,5.7743923],[-75.6136233,5.7744198],[-75.6135704,5.7744669],[-75.6135122,5.774502],[-75.6134634,5.7745195],[-75.6133086,5.7745596],[-75.6132274,5.774589],[-75.6131375,5.7746172],[-75.6130852,5.7746287],[-75.6130181,5.7746274],[-75.6129676,5.7746203],[-75.6129392,5.7746237],[-75.6129032,5.7746331],[-75.6128849,5.7746333],[-75.6128749,5.7746293],[-75.6128506,5.7746088],[-75.6127946,5.77457],[-75.6126954,5.774552],[-75.6126782,5.774542],[-75.6126696,5.7745316],[-75.6126673,5.7745235],[-75.6126699,5.774517],[-75.612677,5.7745111],[-75.6127012,5.7745044],[-75.612781,5.7744973],[-75.6128037,5.774489],[-75.6129832,5.774375],[-75.6131135,5.7742654],[-75.6131706,5.774222],[-75.6131766,5.7742112],[-75.6131803,5.7741957],[-75.6131892,5.7741053],[-75.6131973,5.7740603],[-75.6132066,5.7740338],[-75.6132186,5.7740114],[-75.6132426,5.7739787],[-75.6132676,5.773951],[-75.6133659,5.7738695],[-75.613393,5.7738405],[-75.6134226,5.773794],[-75.613459,5.7737124],[-75.6134758,5.7736798],[-75.6134874,5.7736642],[-75.6135091,5.7736431],[-75.6135479,5.7736146],[-75.6135803,5.7735864],[-75.6136008,5.7735804],[-75.6136034,5.7735735],[-75.6136021,5.7735576],[-75.6136205,5.7735219],[-75.6136222,5.7735007],[-75.6136167,5.7734851],[-75.6136014,5.7734593],[-75.6135697,5.7734231],[-75.6134986,5.7733592],[-75.613452,5.773324],[-75.6134061,5.7732974],[-75.6133625,5.7732788],[-75.6132451,5.7732466],[-75.6131988,5.7732307],[-75.613013,5.7731455],[-75.6129605,5.773108],[-75.6129313,5.7730739],[-75.6129034,5.7730475],[-75.6128287,5.7729955],[-75.6127911,5.7729738],[-75.6127283,5.7729524],[-75.6126478,5.7729332],[-75.6125293,5.7729176],[-75.6123897,5.7729037],[-75.6124518,5.7728846],[-75.6125974,5.77288],[-75.6126421,5.7728811],[-75.6126793,5.7728871],[-75.612729,5.7728873],[-75.6127584,5.772903],[-75.6127872,5.7729061],[-75.6128326,5.7728953],[-75.6128543,5.7728758],[-75.6128619,5.7728735],[-75.6128678,5.7728748],[-75.6128769,5.7728836],[-75.6128987,5.7728838],[-75.6129253,5.7728994],[-75.612966,5.7729083],[-75.6129803,5.7729157],[-75.6130256,5.7729284],[-75.613153,5.7729768],[-75.6132405,5.7730007],[-75.6132974,5.7730128],[-75.6133734,5.7730238],[-75.613424,5.7730255],[-75.6134827,5.7730205],[-75.6135406,5.7730044],[-75.6135728,5.7729881],[-75.6135948,5.7729721],[-75.613615,5.7729535],[-75.6136354,5.7729294],[-75.6136558,5.7728895],[-75.6136639,5.7728587],[-75.6136665,5.7728345],[-75.6136502,5.7727931],[-75.6135892,5.7726865],[-75.6135792,5.7726562],[-75.6135746,5.7726274],[-75.6135743,5.7726004],[-75.6135789,5.7725627],[-75.6135994,5.772461],[-75.6136208,5.7723279],[-75.6136209,5.7722777],[-75.6136128,5.7722096],[-75.6136013,5.7721746],[-75.6135702,5.7721047],[-75.6135664,5.7721019],[-75.6135452,5.7720999],[-75.6135318,5.7720944],[-75.6134866,5.7720542],[-75.6134842,5.7720483],[-75.6134873,5.7720452],[-75.6135051,5.7720443],[-75.6135421,5.7720509],[-75.613587,5.77207],[-75.6137934,5.772072],[-75.6140678,5.7720367],[-75.6142301,5.7720074],[-75.614362,5.7719871],[-75.6144698,5.7719789],[-75.6145873,5.771978],[-75.6146203,5.7719748],[-75.6146646,5.7719615],[-75.6147283,5.7719266],[-75.6148219,5.7718631],[-75.6148769,5.7718219],[-75.6148922,5.7718168],[-75.6149124,5.7718206],[-75.6149351,5.7718295],[-75.6150401,5.7718871],[-75.6152318,5.7720296],[-75.6152727,5.7720508],[-75.6152978,5.7720529],[-75.6153107,5.7720486],[-75.6153235,5.7720398],[-75.61535,5.7720123],[-75.6153801,5.7719585],[-75.6154092,5.7718811],[-75.6154537,5.7718275],[-75.6155802,5.7716194],[-75.615605,5.7715896],[-75.6156409,5.7715621],[-75.6156441,5.7715568],[-75.6156377,5.771556],[-75.6156151,5.7715652],[-75.6155945,5.7715696],[-75.6155261,5.7715711],[-75.6154737,5.7715678],[-75.615291,5.7715915],[-75.6152032,5.7715868],[-75.6151665,5.7715806],[-75.6151641,5.7715669],[-75.6151866,5.7714712],[-75.6151944,5.7713992],[-75.6151894,5.7713694],[-75.6151726,5.7713258],[-75.6151612,5.7713104],[-75.615143,5.771298],[-75.6151161,5.7712891],[-75.6150955,5.7712854],[-75.6150639,5.7712852],[-75.6149993,5.7712649],[-75.6148867,5.7711976],[-75.6148504,5.7711799],[-75.6147858,5.7711547],[-75.6147242,5.7711161],[-75.6146995,5.7710923],[-75.6146741,5.771058],[-75.6145908,5.7709842],[-75.614561,5.770968],[-75.6145194,5.7709567],[-75.6145057,5.7709587],[-75.6144839,5.7709671],[-75.6144482,5.7709879],[-75.6144029,5.7710043],[-75.614381,5.7710152],[-75.6143387,5.7710441],[-75.6142993,5.7710865],[-75.6142743,5.7711315],[-75.6142442,5.7712413],[-75.6142143,5.7713042],[-75.6141744,5.7713673],[-75.6140868,5.7714951],[-75.6140519,5.7715707],[-75.6140447,5.7715798],[-75.6140341,5.7715778],[-75.6140063,5.7715478],[-75.6139571,5.7715105],[-75.6138695,5.7714617],[-75.6138261,5.7714424],[-75.6138012,5.7714347],[-75.6137679,5.7714296],[-75.6137242,5.7714272],[-75.6136955,5.7714302],[-75.6136559,5.7714423],[-75.6135841,5.7714779],[-75.6135211,5.771529],[-75.6134677,5.7715843],[-75.6134389,5.7716094],[-75.6133997,5.7716285],[-75.6133441,5.7716762],[-75.6133321,5.771697],[-75.6133227,5.7716944],[-75.6133069,5.7716804],[-75.6132666,5.7716538],[-75.6132122,5.7716239],[-75.6131509,5.7715804],[-75.6130709,5.7714977],[-75.6130343,5.7714384],[-75.6129865,5.7713886],[-75.6129032,5.771268],[-75.6128217,5.7711736],[-75.6127693,5.7711214],[-75.6126905,5.7710682],[-75.6126878,5.7710589],[-75.6127337,5.7710435],[-75.6128287,5.7710247],[-75.6129971,5.77102],[-75.6130776,5.7710123],[-75.6131357,5.771014],[-75.6132948,5.7710286],[-75.6133708,5.7710304],[-75.6134103,5.7710273],[-75.6134653,5.7710156],[-75.6135184,5.7709937],[-75.6135403,5.7709899],[-75.6135776,5.7709727],[-75.6135919,5.7709547],[-75.6135981,5.7709266],[-75.6135966,5.7709119],[-75.6135875,5.7708848],[-75.6135622,5.7708559],[-75.6135492,5.7708511],[-75.6135426,5.7708454],[-75.6135305,5.7708432],[-75.6135205,5.7708301],[-75.6135038,5.7708198],[-75.6134213,5.7707905],[-75.6134071,5.7707825],[-75.6132864,5.7707355],[-75.613195,5.7706919],[-75.6131512,5.7706628],[-75.6131122,5.7706295],[-75.613088,5.7705996],[-75.6130788,5.7705816],[-75.613063,5.770535],[-75.6130378,5.7704449],[-75.6130185,5.7704113],[-75.6129896,5.7703774],[-75.6128945,5.7703048],[-75.6128391,5.7702465],[-75.6128099,5.7702265],[-75.6127541,5.7702075],[-75.6126314,5.7701835],[-75.6126029,5.7701725],[-75.6125716,5.7701543],[-75.6125485,5.7701325],[-75.6124784,5.7700256],[-75.6124423,5.7699807],[-75.6124172,5.7699606],[-75.6123896,5.7699436],[-75.6123136,5.769911],[-75.6122677,5.7698665],[-75.6122294,5.769838],[-75.6122264,5.7698303],[-75.612232,5.7698214],[-75.6122543,5.7698129],[-75.6123396,5.7697852],[-75.6123926,5.7697733],[-75.6124567,5.7697482],[-75.6125198,5.7697114],[-75.6125883,5.7696579],[-75.612654,5.769589],[-75.6126713,5.7695522],[-75.6127131,5.7694941],[-75.6128063,5.7693972],[-75.6128558,5.7693353],[-75.6128914,5.7692761],[-75.6129251,5.7691945],[-75.6129568,5.7691496],[-75.6129731,5.7691142],[-75.6130005,5.7690963],[-75.6130227,5.7690882],[-75.6130395,5.7690782],[-75.6130586,5.7690491],[-75.6130857,5.7690185],[-75.6130945,5.7690041],[-75.613095,5.7689929],[-75.6130868,5.7689603],[-75.6130597,5.7689062],[-75.6130285,5.7688668],[-75.6129667,5.7688148],[-75.6128752,5.7687616],[-75.6128716,5.7687563],[-75.6128719,5.7687518],[-75.6128807,5.7687437],[-75.6129161,5.7687223],[-75.6129932,5.7686474],[-75.6130124,5.7686243],[-75.6130191,5.7686101],[-75.6130203,5.7685998],[-75.6130156,5.7685521],[-75.6130032,5.7685082],[-75.6130016,5.7684555],[-75.612994,5.7684267],[-75.6129942,5.7684087],[-75.6129898,5.7683927],[-75.6129743,5.7683712],[-75.6129579,5.7683611],[-75.6128593,5.7683545],[-75.6128195,5.7683424],[-75.6127252,5.7683052],[-75.6126845,5.7682736],[-75.61264,5.7682505],[-75.6126216,5.7682326],[-75.6126114,5.768217],[-75.6125988,5.7681833],[-75.6125863,5.7680448],[-75.6125585,5.7679274],[-75.6125428,5.7678356],[-75.6125431,5.7677675],[-75.6125579,5.7676651],[-75.6125757,5.7676011],[-75.6126128,5.7675193],[-75.6126269,5.7675008],[-75.6126631,5.7674739],[-75.612685,5.7674504],[-75.6128389,5.767234],[-75.6128796,5.7671934],[-75.6128866,5.7671784],[-75.6128742,5.7671731],[-75.6128612,5.7671716],[-75.6127433,5.7671826],[-75.61268,5.7671922],[-75.6126129,5.7671918],[-75.6125106,5.7671791],[-75.6124716,5.7671859],[-75.6124403,5.7671987],[-75.6123872,5.7672293],[-75.6122828,5.7673175],[-75.6122469,5.7673445],[-75.612228,5.7673524],[-75.6121877,5.76736],[-75.6121697,5.7673688],[-75.6121572,5.7673809],[-75.6121421,5.7674075],[-75.6121302,5.7674194],[-75.6121213,5.7674213],[-75.6120786,5.7674171],[-75.6120489,5.7674217],[-75.6120308,5.7674267],[-75.6119639,5.7674547],[-75.6119503,5.7674576],[-75.6119424,5.7674517],[-75.6119179,5.7674001],[-75.6118846,5.7673567],[-75.6118733,5.7673366],[-75.6118551,5.76721],[-75.6118476,5.7670774],[-75.6118454,5.7670695],[-75.6118389,5.7670617],[-75.6118225,5.7670595],[-75.6118035,5.7670659],[-75.6117225,5.7671139],[-75.6116781,5.7671328],[-75.6116322,5.7671441],[-75.6115967,5.7671488],[-75.6115058,5.7671719],[-75.611461,5.7671905],[-75.6114034,5.7672232],[-75.611372,5.7672454],[-75.6113434,5.7672706],[-75.6112115,5.7674103],[-75.6111591,5.7674572],[-75.6110076,5.7675671],[-75.6109124,5.767617],[-75.6108403,5.7676673],[-75.6108225,5.7676766],[-75.6107906,5.7676853],[-75.6107653,5.7676876],[-75.6107132,5.7676836],[-75.6106372,5.7676729],[-75.610581,5.7676767],[-75.6105414,5.7676603],[-75.6105088,5.7676424],[-75.610492,5.7676383],[-75.6103982,5.7676461],[-75.6103487,5.767646],[-75.6103434,5.7676429],[-75.6103404,5.7676329],[-75.6103384,5.7675974],[-75.6103325,5.7675689],[-75.6103362,5.7675572],[-75.6103558,5.767533],[-75.6104191,5.7674698],[-75.610453,5.767431],[-75.6105381,5.7673193],[-75.6106004,5.7672443],[-75.6106296,5.767198],[-75.6106416,5.7671674],[-75.6106479,5.767133],[-75.6106473,5.7671062],[-75.6106392,5.7670621],[-75.6106114,5.7670086],[-75.6105931,5.7669817],[-75.6105739,5.7669608],[-75.6105361,5.7669266],[-75.6104177,5.7668372],[-75.6103838,5.7668266],[-75.6103643,5.7668098],[-75.6103499,5.7668037],[-75.6103415,5.7668077],[-75.6103305,5.7668217],[-75.6103129,5.7668338],[-75.6102772,5.7668423],[-75.610262,5.7668356],[-75.6102253,5.7668121],[-75.6101965,5.7668016],[-75.6101881,5.7667954],[-75.6101391,5.7667375],[-75.6101114,5.7666969],[-75.6100652,5.766639],[-75.6100237,5.7665711],[-75.609976,5.766503],[-75.6099581,5.7664684],[-75.6099599,5.766466],[-75.6099665,5.7664668],[-75.610014,5.7664954],[-75.6100695,5.7665215],[-75.6101068,5.7665318],[-75.6101235,5.7665327],[-75.6102297,5.7665189],[-75.6103242,5.7665007],[-75.6104151,5.7664531],[-75.6105136,5.7663848],[-75.6105316,5.7663758],[-75.6105502,5.7663712],[-75.6105809,5.766373],[-75.6106052,5.7663843],[-75.6106268,5.7664027],[-75.6106734,5.7664507],[-75.6106904,5.766461],[-75.6107104,5.7664663],[-75.6107368,5.7664661],[-75.610758,5.7664609],[-75.6108562,5.7664192],[-75.6108906,5.7664186],[-75.6109117,5.7664285],[-75.6109307,5.7664456],[-75.6109524,5.766477],[-75.6109601,5.7665122],[-75.6109678,5.7666083],[-75.6109786,5.7666523],[-75.6109992,5.7666934],[-75.6110238,5.7667155],[-75.6110473,5.7667232],[-75.6110697,5.7667239],[-75.6111244,5.7667133],[-75.6111691,5.7666975],[-75.6112131,5.7666972],[-75.6112474,5.766716],[-75.6112824,5.7667484],[-75.6113001,5.7667584],[-75.6113151,5.7667613],[-75.6113418,5.7667608],[-75.6113903,5.7667499],[-75.6114409,5.7667236],[-75.6114914,5.7666905],[-75.6115223,5.7666656],[-75.6115645,5.7666256],[-75.6116117,5.7665697],[-75.6116743,5.7664833],[-75.6117258,5.7664188],[-75.6117288,5.7664082],[-75.6117239,5.7663979],[-75.6116775,5.7663676],[-75.611653,5.7663423],[-75.6116489,5.7663263],[-75.6116526,5.7663167],[-75.6116606,5.7663081],[-75.6116824,5.7662964],[-75.6117817,5.7662544],[-75.6118217,5.7662329],[-75.6118809,5.7661956],[-75.6119488,5.766162],[-75.6119806,5.7661547],[-75.6120887,5.766155],[-75.6121246,5.7661517],[-75.6121565,5.7661418],[-75.6121682,5.7661345],[-75.6121726,5.7661248],[-75.6121693,5.7661058],[-75.6121554,5.7660884],[-75.6121278,5.7660669],[-75.6120646,5.7660343],[-75.6120342,5.7660155],[-75.6120151,5.7659984],[-75.6120062,5.7659851],[-75.6120012,5.7659622],[-75.612005,5.7659383],[-75.6120409,5.7658807],[-75.6120517,5.7658508],[-75.6120506,5.7658301],[-75.6120429,5.7658102],[-75.6120226,5.7657776],[-75.6119924,5.7657449],[-75.6119589,5.7657284],[-75.6119417,5.7656956],[-75.6118926,5.7656458],[-75.6118376,5.7656102],[-75.6117832,5.7655607],[-75.6117138,5.7654906],[-75.6116115,5.7654119],[-75.6116026,5.7654021],[-75.6116028,5.7653956],[-75.611653,5.7653946],[-75.611766,5.7654024],[-75.6118401,5.765421],[-75.611877,5.7654254],[-75.6119211,5.7654388],[-75.6119881,5.7654455],[-75.6120151,5.7654542],[-75.6120607,5.7654743],[-75.6121036,5.7654859],[-75.6121209,5.7654879],[-75.6121495,5.765484],[-75.6121622,5.7654859],[-75.6121753,5.7654914],[-75.6122476,5.7655364],[-75.6123676,5.7656183],[-75.6124559,5.7656846],[-75.6125003,5.765713],[-75.6125445,5.7657327],[-75.6125688,5.7657389],[-75.6125997,5.7657407],[-75.6126462,5.7657371],[-75.6126816,5.7657293],[-75.6127227,5.7657148],[-75.6127501,5.7656999],[-75.6127765,5.7656783],[-75.6128144,5.7656273],[-75.6128395,5.7655786],[-75.6128567,5.7655336],[-75.6128747,5.765461],[-75.6128805,5.7654479],[-75.6128972,5.765434],[-75.6129336,5.7654288],[-75.6129835,5.7654064],[-75.6129973,5.7653841],[-75.6130143,5.7653666],[-75.6130373,5.7653155],[-75.6130488,5.7653004],[-75.6131399,5.7652587],[-75.6131933,5.7652399],[-75.6132427,5.7652305],[-75.6133,5.7652343],[-75.6133245,5.7652297],[-75.61337,5.7652101],[-75.6134145,5.7651834],[-75.6134449,5.7651541],[-75.6134598,5.7651279],[-75.6134668,5.7650933],[-75.6134636,5.7650526],[-75.6134466,5.7649999],[-75.6134101,5.7649242],[-75.6133833,5.7648822],[-75.6133417,5.7648303],[-75.6133278,5.7648077],[-75.6133199,5.7648126],[-75.6133144,5.764835],[-75.6133062,5.7648432],[-75.6132926,5.7648468],[-75.6132652,5.7648481],[-75.6132536,5.7648427],[-75.6132453,5.7648245],[-75.6132224,5.7647321],[-75.6131949,5.7646509],[-75.613185,5.764629],[-75.6131479,5.7645663],[-75.6129921,5.7643428],[-75.6129717,5.7643056],[-75.61297,5.7642799],[-75.6129455,5.7642587],[-75.6129139,5.764195],[-75.6129131,5.764186],[-75.6129166,5.764178],[-75.6129274,5.7641706],[-75.6129456,5.764163],[-75.6129915,5.7641519],[-75.6130026,5.7641558],[-75.6130555,5.7641966],[-75.6131223,5.764207],[-75.6131916,5.7642216],[-75.6132438,5.7642251],[-75.6132847,5.7642245],[-75.6133402,5.7642206],[-75.6133584,5.7642125],[-75.6133738,5.7642093],[-75.6133888,5.7642009],[-75.6134069,5.7641716],[-75.6134027,5.7641678],[-75.613383,5.7641795],[-75.613373,5.7641817],[-75.6133642,5.7641811],[-75.6133599,5.7641766],[-75.6133559,5.7641208],[-75.6133432,5.7640731],[-75.6133457,5.7640578],[-75.6133571,5.7640296],[-75.6133682,5.7640154],[-75.6133871,5.7640024],[-75.6133948,5.7640011],[-75.6134188,5.7640082],[-75.6134232,5.7640121],[-75.6134232,5.7640025],[-75.6134148,5.7639759],[-75.6134043,5.7639541],[-75.6133866,5.7639309],[-75.6133594,5.763904],[-75.6133025,5.7638579],[-75.613201,5.7637822],[-75.6131636,5.7637476],[-75.6131296,5.7637096],[-75.6131043,5.7636716],[-75.6130853,5.7636368],[-75.6130659,5.7635927],[-75.6130345,5.763491],[-75.613016,5.7634553],[-75.6130044,5.7634412],[-75.6129799,5.7634192],[-75.612944,5.7634006],[-75.6129067,5.7633902],[-75.6128779,5.7633884],[-75.6128477,5.7633909],[-75.6128291,5.7633957],[-75.6127973,5.7634065],[-75.6127341,5.7634343],[-75.6126973,5.7634447],[-75.6126273,5.7634557],[-75.6125909,5.7634585],[-75.6125557,5.7634566],[-75.6125188,5.763449],[-75.6124807,5.7634351],[-75.6124352,5.7634083],[-75.6124056,5.7633833],[-75.6123444,5.7633185],[-75.6123182,5.763299],[-75.6122897,5.763286],[-75.6122557,5.7632759],[-75.6122099,5.7632672],[-75.6121922,5.7632581],[-75.612186,5.7632456],[-75.6121866,5.7632231],[-75.6121817,5.7632191],[-75.612173,5.7632231],[-75.6121657,5.7632582],[-75.6121415,5.7632466],[-75.6121335,5.7632506],[-75.6121285,5.7632585],[-75.6121044,5.763259],[-75.6120752,5.7632434],[-75.6120667,5.763246],[-75.6120574,5.7632587],[-75.6120374,5.7632497],[-75.6120178,5.7632598],[-75.6119916,5.76326],[-75.6119865,5.7632559],[-75.6119799,5.7632364],[-75.6119704,5.7632289],[-75.6119553,5.763224],[-75.6118901,5.7632141],[-75.6118691,5.7632066],[-75.6118574,5.763197],[-75.6118412,5.7631678],[-75.6118233,5.7631498],[-75.6117811,5.7631287],[-75.6117203,5.7631076],[-75.6117124,5.7630995],[-75.6117483,5.7630701],[-75.6117906,5.7630732],[-75.6118992,5.7630632],[-75.6120526,5.7630334],[-75.6120792,5.7630242],[-75.6121099,5.7630037],[-75.6121245,5.762998],[-75.6121503,5.7629919],[-75.6121993,5.7629862],[-75.6122544,5.7629695],[-75.6123591,5.7629253],[-75.6123954,5.7629236],[-75.6124261,5.7629164],[-75.6124403,5.7629054],[-75.6124506,5.7628865],[-75.6124614,5.7628757],[-75.6126373,5.7627979],[-75.6126775,5.7627778],[-75.6128032,5.762708],[-75.6129107,5.7626347],[-75.6129512,5.7626032],[-75.6129852,5.7625668],[-75.6130016,5.7625363],[-75.6130099,5.7624969],[-75.613005,5.7624576],[-75.6129732,5.7623419],[-75.6129642,5.7622717],[-75.6129659,5.7622159],[-75.6129789,5.7621236],[-75.6129851,5.7620569],[-75.6129815,5.761978],[-75.6129764,5.7619569],[-75.612962,5.7619314],[-75.6129253,5.7618419],[-75.6128943,5.7617177],[-75.6128915,5.7616696],[-75.6128929,5.7616187],[-75.6129023,5.7615461],[-75.6129023,5.7614555],[-75.6128909,5.7612347],[-75.6128823,5.7611665],[-75.6128804,5.7610948],[-75.6128822,5.7610621],[-75.6128788,5.7610576],[-75.6128656,5.761059],[-75.6128572,5.761057],[-75.6128398,5.7610415],[-75.6128286,5.7610169],[-75.6128203,5.7609805],[-75.6128273,5.7609689],[-75.6128459,5.7609581],[-75.6128553,5.7609492],[-75.612856,5.7609401],[-75.6128366,5.7609181],[-75.6128272,5.760887],[-75.6128175,5.7608826],[-75.612804,5.7608825],[-75.6127781,5.7608884],[-75.6127197,5.7609149],[-75.6127099,5.7609178],[-75.6127028,5.7609165],[-75.6127014,5.7609046],[-75.6127082,5.7608961],[-75.6127257,5.7608874],[-75.6127233,5.760882],[-75.6127126,5.7608759],[-75.612665,5.7608598],[-75.6126329,5.7608419],[-75.6126267,5.7608339],[-75.6126302,5.760819],[-75.6126603,5.760756],[-75.6126681,5.760748],[-75.6126866,5.7607448],[-75.6126953,5.7607385],[-75.6127042,5.7607244],[-75.612721,5.7606816],[-75.6127179,5.76067],[-75.6126984,5.7606347],[-75.6126527,5.760576],[-75.6126199,5.7605195],[-75.6126177,5.7605076],[-75.6126405,5.7604224],[-75.6126792,5.7603452],[-75.6126983,5.7602992],[-75.6127167,5.7602446],[-75.6127229,5.7602187],[-75.6127245,5.7601953],[-75.6127207,5.7601749],[-75.6127124,5.7601565],[-75.612695,5.7601381],[-75.6126786,5.7601279],[-75.6126533,5.7601206],[-75.6126236,5.7601164],[-75.6125826,5.7601181],[-75.6124337,5.7601373],[-75.6124045,5.7601525],[-75.6123234,5.760227],[-75.6123048,5.7602379],[-75.6122814,5.7602464],[-75.6122286,5.7602513],[-75.6121617,5.7602491],[-75.6121281,5.7602539],[-75.6121169,5.7602501],[-75.6121036,5.7602379],[-75.612091,5.7602307],[-75.612069,5.760228],[-75.6120038,5.7602413],[-75.6119349,5.7602622],[-75.6118934,5.7602836],[-75.6118487,5.7603178],[-75.611812,5.7603567],[-75.6117911,5.7603857],[-75.6117877,5.7603799],[-75.6117874,5.760371],[-75.6117918,5.7603541],[-75.6118045,5.7603262],[-75.611842,5.760271],[-75.6118855,5.7601687],[-75.6118945,5.7601621],[-75.6119253,5.7601506],[-75.6119516,5.760135],[-75.6119937,5.7600955],[-75.6120281,5.760049],[-75.6120728,5.7599592],[-75.6120789,5.7599291],[-75.6120776,5.7598624],[-75.6120441,5.7598482],[-75.6120243,5.7598309],[-75.6120129,5.7597986],[-75.6120111,5.7597817],[-75.6120129,5.7597692],[-75.6120272,5.7597604],[-75.6120651,5.7597605],[-75.6120908,5.7597541],[-75.6121491,5.7597261],[-75.6121626,5.7597144],[-75.6121753,5.7596871],[-75.6121847,5.7596782],[-75.6122511,5.7596675],[-75.6123074,5.7596511],[-75.6123335,5.7596321],[-75.612346,5.7596084],[-75.612347,5.7595866],[-75.6123384,5.7595532],[-75.6122738,5.7593974],[-75.6122449,5.7593631],[-75.612177,5.7593082],[-75.6121525,5.7592805],[-75.6121763,5.759271],[-75.6122472,5.759273],[-75.6122807,5.75927],[-75.61232,5.7592809],[-75.6123912,5.7592825],[-75.6124045,5.7592781],[-75.6124134,5.7592703],[-75.6124271,5.7592401],[-75.6124294,5.7591851],[-75.6124232,5.7591249],[-75.6124115,5.7590625],[-75.6123986,5.7590122],[-75.6123692,5.7589433],[-75.6123187,5.7588545],[-75.6122433,5.7587521],[-75.6122372,5.7587383],[-75.6122396,5.7587147],[-75.6122565,5.7586699],[-75.6122888,5.7585478],[-75.612293,5.7585111],[-75.612272,5.7583088],[-75.6122657,5.7582936],[-75.6122416,5.7582633],[-75.6122124,5.7582027],[-75.6121962,5.7581448],[-75.612192,5.7581137],[-75.6121907,5.7580689],[-75.6121938,5.7580504],[-75.6122013,5.7580431],[-75.6122301,5.758026],[-75.6122489,5.7579931],[-75.6122514,5.757984],[-75.6122452,5.7578874],[-75.6122474,5.7578412],[-75.6122449,5.7577788],[-75.6122398,5.7577264],[-75.6122429,5.757708],[-75.6122507,5.7577048],[-75.6122585,5.7577092],[-75.6123366,5.7577772],[-75.612372,5.7578137],[-75.6123834,5.757817],[-75.6124015,5.7577604],[-75.612429,5.7577151],[-75.6124391,5.7576844],[-75.612466,5.7576302],[-75.6124775,5.7576203],[-75.6124993,5.7576224],[-75.6125663,5.757641],[-75.6126232,5.757636],[-75.6126759,5.7576131],[-75.6127196,5.7575784],[-75.6127339,5.7575763],[-75.6127785,5.7575853],[-75.6128066,5.7575963],[-75.6128927,5.7576462],[-75.6129253,5.7576621],[-75.6129527,5.7576702],[-75.6129831,5.7576728],[-75.6130718,5.7576661],[-75.6131355,5.7576568],[-75.6131626,5.7576461],[-75.6131684,5.7576394],[-75.6131741,5.7576251],[-75.6131731,5.7576032],[-75.613159,5.7575672],[-75.6130947,5.7574688],[-75.6130563,5.7573994],[-75.6130058,5.7572985],[-75.6129327,5.7572188],[-75.6128865,5.7571615],[-75.6128412,5.7571028],[-75.6128372,5.7570887],[-75.6128472,5.7570724],[-75.612876,5.7570475],[-75.612895,5.7570361],[-75.6129439,5.7570152],[-75.6129943,5.756976],[-75.6130208,5.7569439],[-75.6130268,5.7569252],[-75.613028,5.7569066],[-75.6130228,5.7568726],[-75.6130112,5.7568403],[-75.6129386,5.7567001],[-75.6129293,5.7566643],[-75.6129172,5.7565912],[-75.6128958,5.7565067],[-75.6128731,5.756431],[-75.6128477,5.7563829],[-75.6128331,5.7563482],[-75.6128174,5.7563235],[-75.6128159,5.7563161],[-75.6128246,5.7563033],[-75.6128554,5.7562847],[-75.6129094,5.7562662],[-75.6129998,5.7562409],[-75.6130188,5.756227],[-75.6130308,5.7562071],[-75.6130534,5.7561482],[-75.6130679,5.7560752],[-75.6130758,5.7559532],[-75.6130704,5.755903],[-75.6130692,5.7558211],[-75.6130797,5.7557672],[-75.6131148,5.7557725],[-75.6131328,5.7557692],[-75.6131594,5.7557515],[-75.6132444,5.7556847],[-75.6133208,5.755647],[-75.61333,5.7556469],[-75.6133624,5.7556586],[-75.6133972,5.7556655],[-75.6134718,5.7556698],[-75.6135067,5.7556853],[-75.6136338,5.7557611],[-75.613679,5.7557791],[-75.6137073,5.755786],[-75.6137415,5.7557891],[-75.6138005,5.7557886],[-75.61391,5.7557943],[-75.6139884,5.7557903],[-75.614008,5.7558008],[-75.6140297,5.7558247],[-75.6140711,5.7558457],[-75.6142001,5.7558641],[-75.6142382,5.75589],[-75.6142926,5.755917],[-75.6143552,5.7559621],[-75.6144084,5.7559897],[-75.6144868,5.7560036],[-75.6146023,5.7560529],[-75.6146316,5.7560602],[-75.6147454,5.7560999],[-75.6148772,5.7561335],[-75.6150074,5.7561623],[-75.6151669,5.7562038],[-75.6152417,5.7562164],[-75.6152937,5.75622],[-75.6153449,5.756218],[-75.6153907,5.7562083],[-75.6154325,5.7561942],[-75.615477,5.7561725],[-75.6155318,5.7561372],[-75.6155586,5.7561101],[-75.61558,5.7560778],[-75.6155918,5.7560513],[-75.6156073,5.756001],[-75.6156188,5.7559158],[-75.6156206,5.7558468],[-75.6156126,5.7556926],[-75.6156074,5.7556633],[-75.6155969,5.7556295],[-75.615559,5.7555323],[-75.6155377,5.7554675],[-75.6155223,5.7554025],[-75.6154905,5.755233],[-75.6154768,5.7551881],[-75.6154647,5.7551599],[-75.6154483,5.7551317],[-75.615423,5.7551013],[-75.6153961,5.755079],[-75.6153645,5.7550614],[-75.6153232,5.7550475],[-75.6152423,5.7550291],[-75.6151905,5.7550088],[-75.6151508,5.7549997],[-75.6150653,5.7549683],[-75.6149973,5.7549542],[-75.6150011,5.7549327],[-75.6150376,5.7548463],[-75.6150383,5.7548232],[-75.6150325,5.7548107],[-75.615015,5.7547871],[-75.6149776,5.7547481],[-75.6149515,5.7547061],[-75.6149361,5.7546755],[-75.614927,5.7546441],[-75.6149127,5.7546192],[-75.614908,5.7546036],[-75.6149149,5.7545664],[-75.6149446,5.7544858],[-75.6149608,5.754423],[-75.6149814,5.7542587],[-75.6149848,5.7542119],[-75.6149833,5.7541855],[-75.6149727,5.7541542],[-75.6149564,5.7541249],[-75.6149057,5.7540578],[-75.6148271,5.7539738],[-75.6146648,5.7538199],[-75.6146187,5.7537807],[-75.61456,5.7537391],[-75.6145025,5.7537084],[-75.6144785,5.7537],[-75.6144507,5.753695],[-75.6144292,5.7536938],[-75.6144049,5.7536969],[-75.6143731,5.7537095],[-75.6143461,5.753725],[-75.6143031,5.7537656],[-75.6142904,5.7537825],[-75.6142434,5.7538644],[-75.6142138,5.7539021],[-75.6141873,5.7539293],[-75.6141533,5.7539564],[-75.6140513,5.7540218],[-75.6140281,5.7540425],[-75.6140096,5.7540645],[-75.6139836,5.7541097],[-75.6139604,5.7541689],[-75.6139465,5.7542127],[-75.6139322,5.7542736],[-75.6139137,5.7543276],[-75.613865,5.7544392],[-75.6138429,5.7544774],[-75.6138195,5.7545082],[-75.6138091,5.7545306],[-75.6137841,5.7545631],[-75.6137605,5.7546017],[-75.613703,5.7546744],[-75.613665,5.7547123],[-75.6136482,5.7547193],[-75.613625,5.7547204],[-75.6136069,5.7547168],[-75.6135868,5.7547061],[-75.6135703,5.7546901],[-75.6135527,5.7546667],[-75.6135003,5.7545787],[-75.6134695,5.7545377],[-75.6134267,5.7544995],[-75.6134034,5.7544855],[-75.6133839,5.7544792],[-75.6133566,5.7544802],[-75.6133251,5.7544962],[-75.6132662,5.7545463],[-75.6132503,5.7545658],[-75.6132275,5.7545824],[-75.6132076,5.7546043],[-75.6131784,5.7546213],[-75.6131459,5.7546288],[-75.6131288,5.7546285],[-75.6130433,5.7546108],[-75.6129936,5.7545956],[-75.6129841,5.7545876],[-75.6129821,5.7545777],[-75.6129908,5.7544962],[-75.6129891,5.754443],[-75.6129822,5.7544171],[-75.6129621,5.754384],[-75.6129409,5.754368],[-75.6129167,5.7543578],[-75.6128748,5.7543515],[-75.6128422,5.7543544],[-75.6127187,5.7543769],[-75.6126625,5.7543811],[-75.6126271,5.7543799],[-75.6125854,5.7543689],[-75.6125416,5.7543439],[-75.6125179,5.7543234],[-75.612478,5.7542594],[-75.6124314,5.75422],[-75.612358,5.7541496],[-75.6123558,5.7541385],[-75.6123566,5.7540928],[-75.6123505,5.7540329],[-75.6123334,5.7539689],[-75.6123399,5.7539498],[-75.6123702,5.7539132],[-75.6123818,5.7538676],[-75.6123956,5.7538369],[-75.6124046,5.7538057],[-75.6124244,5.7537734],[-75.6124413,5.7537546],[-75.6124919,5.753709],[-75.612533,5.7536848],[-75.6125774,5.7536648],[-75.6126298,5.7536448],[-75.6126993,5.7536311],[-75.6128193,5.7535977],[-75.6128695,5.7535874],[-75.6129421,5.753577],[-75.6129976,5.7535734],[-75.6130503,5.753577],[-75.6130867,5.7535852],[-75.6131425,5.7536064],[-75.6131638,5.7536114],[-75.6131824,5.7536095],[-75.6131938,5.7536019],[-75.6131996,5.753593],[-75.6132036,5.753579],[-75.6132024,5.7535426],[-75.6131866,5.7534789],[-75.6131684,5.7534367],[-75.6131502,5.7533191],[-75.6131483,5.7532751],[-75.6131536,5.7532],[-75.6131523,5.7531824],[-75.6131493,5.7531715],[-75.6131424,5.753165],[-75.6131198,5.753163],[-75.6130946,5.7531675],[-75.6130579,5.7531827],[-75.6128722,5.7532811],[-75.6127517,5.7533605],[-75.6127213,5.7533753],[-75.6126755,5.7533926],[-75.612616,5.7534076],[-75.612563,5.7534143],[-75.6125142,5.7534134],[-75.6124306,5.7533996],[-75.6124084,5.7534018],[-75.6123909,5.7534085],[-75.6123585,5.7534288],[-75.6123013,5.7534715],[-75.612262,5.753513],[-75.6122425,5.7535391],[-75.6121672,5.7536178],[-75.6121435,5.7536382],[-75.6121345,5.7536428],[-75.6121232,5.7536405],[-75.6121192,5.7536242],[-75.6121082,5.7536121],[-75.6120723,5.753597],[-75.6120312,5.7535979],[-75.6119228,5.7536168],[-75.6118823,5.7536169],[-75.6118145,5.7536079],[-75.6117243,5.7535899],[-75.6116878,5.7535777],[-75.6116518,5.7535596],[-75.611629,5.7535417],[-75.6116161,5.7535271],[-75.611606,5.7535108],[-75.6115968,5.7534842],[-75.6115945,5.7534507],[-75.6116034,5.7533603],[-75.6115962,5.7533292],[-75.6115865,5.7533125],[-75.6115688,5.7532937],[-75.6115375,5.7532712],[-75.6115144,5.7532624],[-75.6114761,5.7532543],[-75.6114425,5.7532535],[-75.611415,5.7532591],[-75.6113884,5.7532697],[-75.6113672,5.7532828],[-75.6113442,5.7533047],[-75.6113353,5.7533172],[-75.6113125,5.7533667],[-75.6112902,5.753395],[-75.6112665,5.7534163],[-75.6112357,5.7534355],[-75.6112095,5.7534465],[-75.6111766,5.7534534],[-75.6111477,5.7534541],[-75.6111004,5.7534448],[-75.6110405,5.7534185],[-75.61094,5.7533438],[-75.6108428,5.753256],[-75.6107899,5.7532286],[-75.6107746,5.7532241],[-75.6107561,5.7532253],[-75.6107379,5.7532335],[-75.6106989,5.7532664],[-75.6105442,5.7533471],[-75.6104719,5.7533996],[-75.6104364,5.7534198],[-75.610386,5.7534373],[-75.6102555,5.7534647],[-75.6102287,5.7534754],[-75.6102128,5.7534865],[-75.6101955,5.7535071],[-75.6101812,5.7535455],[-75.6101723,5.7536723],[-75.6101654,5.7537077],[-75.6101594,5.7537245],[-75.610137,5.7537631],[-75.6101148,5.7537872],[-75.6100641,5.7538191],[-75.6100226,5.7538361],[-75.6099869,5.753844],[-75.6099615,5.753848],[-75.6098696,5.7538537],[-75.6098306,5.7538596],[-75.6098028,5.7538687],[-75.6097438,5.7538981],[-75.6097226,5.7539051],[-75.6096943,5.7539081],[-75.6096451,5.7539074],[-75.6096096,5.7539145],[-75.6095868,5.7539271],[-75.6095583,5.7539523],[-75.6095418,5.7539722],[-75.6095165,5.7540116],[-75.6094667,5.7540682],[-75.6094204,5.7541041],[-75.6093647,5.7541293],[-75.6093538,5.7541315],[-75.6093246,5.7541297],[-75.6093036,5.7541424],[-75.6092798,5.754149],[-75.6092584,5.7541492],[-75.6092311,5.7541442],[-75.6091937,5.7541561],[-75.6091585,5.7541452],[-75.6091362,5.7541445],[-75.6091168,5.7541475],[-75.6090592,5.7541638],[-75.6090453,5.7541648],[-75.608945,5.7541026],[-75.6088722,5.7540493],[-75.6087379,5.7539346],[-75.608666,5.7538804],[-75.6085829,5.7538424],[-75.6083949,5.7537854],[-75.6083748,5.7537751],[-75.6083751,5.7537586],[-75.6083941,5.753671],[-75.6084069,5.753629],[-75.6084112,5.7535863],[-75.608499,5.753496],[-75.6085101,5.7534752],[-75.608509,5.7534669],[-75.6085038,5.7534638],[-75.6084661,5.7534589],[-75.608455,5.7534543],[-75.6084512,5.7534436],[-75.6084543,5.7534332],[-75.6085223,5.7533298],[-75.6085758,5.7532625],[-75.6086157,5.7531983],[-75.6086393,5.7531532],[-75.6086503,5.7531252],[-75.6086569,5.7530945],[-75.6086561,5.7530677],[-75.6086435,5.7530309],[-75.6085998,5.7529697],[-75.6085876,5.7529393],[-75.6085858,5.7529223],[-75.6085878,5.7528988],[-75.6086065,5.752833],[-75.6086058,5.7528205],[-75.6085987,5.7528035],[-75.6085732,5.7527703],[-75.6085262,5.7527227],[-75.608463,5.7526721],[-75.6084431,5.7526523],[-75.6083976,5.7526032],[-75.6083784,5.7525779],[-75.6083507,5.7525334],[-75.6083242,5.7524785],[-75.6082744,5.7523502],[-75.6082645,5.7523328],[-75.608242,5.7523072],[-75.6082328,5.7522897],[-75.608233,5.7522766],[-75.6082439,5.752251],[-75.6082541,5.7522346],[-75.6082712,5.7522186],[-75.6082844,5.7522307],[-75.6083046,5.7522338],[-75.6083135,5.7522441],[-75.6083203,5.7522864],[-75.6083258,5.7523023],[-75.6083332,5.7523051],[-75.6083453,5.7522986],[-75.6083548,5.752287],[-75.608361,5.7522738],[-75.6083641,5.7522416],[-75.6083749,5.7521917],[-75.6083994,5.7521724],[-75.6084049,5.7521549],[-75.6084284,5.7521476],[-75.6084384,5.7521403],[-75.6084532,5.7521103],[-75.6084576,5.7520903],[-75.6084564,5.752082],[-75.608447,5.7520729],[-75.6083955,5.7520465],[-75.6083965,5.752012],[-75.6083929,5.7519962],[-75.608382,5.7519786],[-75.6083632,5.7519614],[-75.6083456,5.7519514],[-75.6083187,5.7519421],[-75.608225,5.751931],[-75.6081924,5.7519206],[-75.6081577,5.7519018],[-75.6080941,5.7518513],[-75.6080645,5.7518365],[-75.6080238,5.7518278],[-75.6079655,5.7518271],[-75.6079277,5.75183],[-75.6078589,5.751843],[-75.6078066,5.7518484],[-75.6077748,5.7518482],[-75.6077326,5.7518415],[-75.607661,5.751814],[-75.6076312,5.7518064],[-75.607608,5.7518038],[-75.6075637,5.7518068],[-75.6075092,5.7518234],[-75.6074822,5.7518363],[-75.607407,5.7518813],[-75.6073784,5.7519033],[-75.6073296,5.751934],[-75.6072975,5.7519664],[-75.6072842,5.7519886],[-75.6072779,5.7520078],[-75.6072703,5.7521069],[-75.6072594,5.7521522],[-75.6072508,5.7521625],[-75.607247,5.7521595],[-75.607241,5.7521451],[-75.607227,5.7521017],[-75.607214,5.7520724],[-75.6071873,5.7520417],[-75.6071623,5.7520222],[-75.6071155,5.7519963],[-75.6070726,5.7519669],[-75.6070572,5.7519611],[-75.6070152,5.7519557],[-75.6070046,5.7519495],[-75.6069389,5.7518893],[-75.6068773,5.751801],[-75.60684,5.7517531],[-75.6068135,5.751725],[-75.6067846,5.7517004],[-75.6067363,5.7516662],[-75.6066537,5.7516129],[-75.6066153,5.7515798],[-75.6065992,5.7515591],[-75.606591,5.7515402],[-75.6065854,5.7515159],[-75.6065836,5.7514673],[-75.6065785,5.7514488],[-75.6065701,5.7514336],[-75.606539,5.7514037],[-75.6065039,5.7513849],[-75.6064801,5.7513769],[-75.6064515,5.7513727],[-75.6063967,5.7513748],[-75.6063467,5.7513851],[-75.6062973,5.751403],[-75.6060718,5.7514327],[-75.6060181,5.7514501],[-75.6059732,5.7514723],[-75.6059194,5.7515068],[-75.6058351,5.7515704],[-75.6058215,5.7515725],[-75.6057719,5.7515708],[-75.6056734,5.7515816],[-75.6056156,5.7515607],[-75.6055484,5.7515453],[-75.6055343,5.7515367],[-75.6054997,5.751486],[-75.6054769,5.7514637],[-75.6054555,5.7514131],[-75.6054318,5.7513911],[-75.6054221,5.7513008],[-75.6054135,5.7512732],[-75.6053958,5.7512551],[-75.6053824,5.7512494],[-75.6053691,5.751248],[-75.6053363,5.7512573],[-75.6052723,5.7513001],[-75.6052472,5.7513118],[-75.6051604,5.7513383],[-75.6050195,5.7513737],[-75.6049745,5.7514008],[-75.6049173,5.751445],[-75.6049079,5.7514457],[-75.6048988,5.7514355],[-75.6048562,5.7513683],[-75.6048298,5.7513368],[-75.6047778,5.7512976],[-75.604755,5.7512883],[-75.6047195,5.7512794],[-75.6047101,5.7512708],[-75.6046901,5.7512383],[-75.6046439,5.7511161],[-75.604619,5.7510717],[-75.6045905,5.7510379],[-75.6045387,5.7509988],[-75.6045049,5.7509803],[-75.6044586,5.7509622],[-75.604428,5.7509564],[-75.6044008,5.7509571],[-75.604373,5.7509616],[-75.6043307,5.7509817],[-75.604304,5.7510064],[-75.6042753,5.7510437],[-75.6042518,5.7510672],[-75.6042295,5.7510822],[-75.6041672,5.7511131],[-75.6041391,5.7511389],[-75.6041124,5.7511753],[-75.6040948,5.7511891],[-75.6040756,5.7511968],[-75.6040311,5.7511861],[-75.603997,5.7511826],[-75.6039599,5.7511657],[-75.6039235,5.7511585],[-75.6039011,5.7511448],[-75.6038533,5.751107],[-75.6038319,5.7510976],[-75.603791,5.7510975],[-75.6037478,5.7510877],[-75.6037333,5.7510869],[-75.6037189,5.751089],[-75.6036606,5.7511071],[-75.603639,5.75112],[-75.6034958,5.7512302],[-75.6034487,5.751262],[-75.6034047,5.7512869],[-75.60336,5.7513051],[-75.6033135,5.7513103],[-75.6032646,5.7513272],[-75.6032291,5.7513457],[-75.6032058,5.7513615],[-75.6031339,5.75139],[-75.6030038,5.7514658],[-75.602931,5.7514992],[-75.6028633,5.7515203],[-75.6027979,5.7515311],[-75.6025133,5.7515521],[-75.6024391,5.7515467],[-75.6023762,5.7515375],[-75.6023469,5.7515311],[-75.6022719,5.7515026],[-75.6022216,5.7514945],[-75.6021918,5.7514969],[-75.6021564,5.7515085],[-75.602075,5.7515181],[-75.6020081,5.7515175],[-75.6019862,5.7515146],[-75.6019793,5.7515111],[-75.6019775,5.7514985],[-75.601989,5.7514709],[-75.6020005,5.7514546],[-75.6020321,5.7514211],[-75.6020625,5.7513649],[-75.6020828,5.7513408],[-75.6021181,5.7513239],[-75.6021816,5.7513066],[-75.6022358,5.7512819],[-75.6023667,5.7512187],[-75.602573,5.7511059],[-75.6026638,5.7510646],[-75.6027222,5.7510445],[-75.6027659,5.7510181],[-75.6027798,5.7510051],[-75.6027909,5.7509887],[-75.6028244,5.7509018],[-75.6028324,5.7508573],[-75.6028354,5.7508241],[-75.6028329,5.7508069],[-75.6028226,5.7507857],[-75.6027934,5.7507429],[-75.6027675,5.7507146],[-75.6027434,5.7506933],[-75.6026192,5.7506011],[-75.6025926,5.7505736],[-75.6025686,5.7505334],[-75.6025537,5.7505],[-75.6025456,5.7504726],[-75.6025361,5.7504184],[-75.6025242,5.75032],[-75.6024966,5.7501891],[-75.6024731,5.7501317],[-75.6024593,5.7501082],[-75.602452,5.7500856],[-75.6024378,5.7500762],[-75.6024107,5.7500671],[-75.6023779,5.7500468],[-75.6023266,5.7500433],[-75.6023263,5.7500399],[-75.6023337,5.7500316],[-75.6023664,5.7500101],[-75.6024018,5.7499818],[-75.6024609,5.749952],[-75.6024845,5.7499486],[-75.6025281,5.7499523],[-75.6025573,5.7499474],[-75.6026074,5.7499474],[-75.6026268,5.7499395],[-75.6026206,5.749904],[-75.6026078,5.7498684],[-75.602607,5.7498575],[-75.6026335,5.7498078],[-75.6026421,5.7497852],[-75.6026601,5.7497078],[-75.6026827,5.7496598],[-75.6026867,5.7496219],[-75.6026823,5.749606],[-75.6026719,5.7495944],[-75.6026434,5.7495818],[-75.6025912,5.74957],[-75.6025801,5.7495598],[-75.6025795,5.7495508],[-75.6025875,5.7495356],[-75.6026007,5.749523],[-75.6027315,5.7494358],[-75.6027471,5.7494184],[-75.6027515,5.749403],[-75.6027505,5.7493921],[-75.6027411,5.7493655],[-75.6027236,5.749333],[-75.6026777,5.7492616],[-75.6026442,5.7491955],[-75.602619,5.7491663],[-75.6025933,5.7491464],[-75.6025674,5.7491332],[-75.602518,5.749117],[-75.6025175,5.7491003],[-75.6025086,5.749078],[-75.6024872,5.7490691],[-75.6024788,5.7490582],[-75.6024656,5.749004],[-75.6024461,5.7489505],[-75.6024345,5.7489257],[-75.6024127,5.74889],[-75.6024052,5.7488713],[-75.6024079,5.7488631],[-75.6024165,5.7488552],[-75.6024637,5.7488413],[-75.6024856,5.7488289],[-75.602499,5.7488105],[-75.6025018,5.7487912],[-75.6024931,5.7487547],[-75.6024851,5.7487349],[-75.6024257,5.7486625],[-75.602337,5.7485885],[-75.6022926,5.7485425],[-75.6022686,5.7485257],[-75.6022551,5.7485255],[-75.6022286,5.7485338],[-75.6022063,5.748533],[-75.6021689,5.7485553],[-75.6021298,5.7485699],[-75.6020961,5.7485746],[-75.6020808,5.7485699],[-75.602075,5.7485587],[-75.6020543,5.748492],[-75.6020248,5.7484319],[-75.6020036,5.7484169],[-75.6019778,5.7483932],[-75.6019705,5.7483902],[-75.6019518,5.7483923],[-75.6019441,5.7483901],[-75.601878,5.7483495],[-75.6018151,5.7483166],[-75.6017983,5.7482978],[-75.601754,5.7482819],[-75.6017053,5.7482705],[-75.6016881,5.7482636],[-75.6016797,5.7482542],[-75.6016633,5.7482251],[-75.6016511,5.7482159],[-75.6016255,5.7482054],[-75.6016084,5.7481711],[-75.6016003,5.7481336],[-75.6015822,5.7480977],[-75.6015634,5.7480758],[-75.6015389,5.7480606],[-75.6015112,5.7480619],[-75.6014746,5.7480551],[-75.6014457,5.7480661],[-75.6013735,5.7480765],[-75.6012522,5.748121],[-75.6011557,5.7481626],[-75.60112,5.7481709],[-75.6010133,5.7481764],[-75.6009627,5.748175],[-75.6009476,5.7481641],[-75.6009386,5.7481312],[-75.6009305,5.7481255],[-75.6009168,5.748126],[-75.6008855,5.7481388],[-75.6008498,5.7481621],[-75.6007991,5.7482111],[-75.6007588,5.7482339],[-75.6007498,5.7482431],[-75.6007394,5.7482608],[-75.6007324,5.7482664],[-75.600707,5.7482106],[-75.6006755,5.7481787],[-75.6006295,5.7481521],[-75.6004984,5.7480895],[-75.6004394,5.7480543],[-75.6003913,5.7480028],[-75.600354,5.7479265],[-75.6003118,5.7478704],[-75.6002886,5.7478481],[-75.6002582,5.7478251],[-75.6002264,5.7478069],[-75.6002003,5.7477994],[-75.6001804,5.7477995],[-75.6001621,5.7478068],[-75.6001335,5.747829],[-75.6001122,5.7478536],[-75.6000954,5.7478852],[-75.6000489,5.7480214],[-75.5999896,5.7481258],[-75.5999819,5.7481359],[-75.5999555,5.7481566],[-75.59992,5.7482126],[-75.5999031,5.7482304],[-75.5998724,5.7482718],[-75.599854,5.7482895],[-75.5998372,5.748299],[-75.5998309,5.7482865],[-75.5998299,5.7482655],[-75.5998441,5.7481075],[-75.5998458,5.7479437],[-75.5998597,5.7477958],[-75.5998656,5.7477738],[-75.5998941,5.7477015],[-75.5999049,5.7476419],[-75.599912,5.7476276],[-75.5999413,5.747592],[-75.5999679,5.7475236],[-75.599977,5.7474738],[-75.5999781,5.7474372],[-75.5999746,5.7474024],[-75.5999598,5.7473194],[-75.5999544,5.7472674],[-75.5999603,5.7471327],[-75.5999515,5.7470519],[-75.5999429,5.7470338],[-75.5999306,5.7470212],[-75.5999195,5.7470139],[-75.5998923,5.7470051],[-75.5998414,5.7470027],[-75.5997656,5.7470099],[-75.5997066,5.74702],[-75.5996179,5.7470437],[-75.5995633,5.7470546],[-75.599521,5.7470581],[-75.5994912,5.7470544],[-75.5994618,5.7470441],[-75.5994373,5.7470281],[-75.5993593,5.7469439],[-75.5993275,5.7469169],[-75.5992859,5.7468904],[-75.5992463,5.7468719],[-75.5991902,5.7468526],[-75.5991406,5.7468435],[-75.5991039,5.7468445],[-75.5990128,5.7468559],[-75.5989854,5.7468546],[-75.598965,5.7468471],[-75.5989492,5.7468362],[-75.5988994,5.7467825],[-75.5988752,5.7467656],[-75.5988396,5.7467602],[-75.5988039,5.7467652],[-75.5988031,5.7467713],[-75.5988133,5.7467914],[-75.5988129,5.7468201],[-75.598799,5.7468372],[-75.5987767,5.7468494],[-75.5987614,5.7468543],[-75.5987346,5.7468566],[-75.5987072,5.7468362],[-75.5986818,5.7468341],[-75.5986628,5.7468267],[-75.5986538,5.7468265],[-75.5986187,5.7468394],[-75.5985658,5.7468693],[-75.5985265,5.7469101],[-75.5984694,5.7469605],[-75.598422,5.7470123],[-75.5983801,5.747052],[-75.5982204,5.7472724],[-75.5981966,5.7472922],[-75.5981558,5.7473123],[-75.5981258,5.7473316],[-75.5980874,5.7473719],[-75.5980207,5.7474014],[-75.5980123,5.7474077],[-75.5979866,5.747444],[-75.5979792,5.7474668],[-75.5979308,5.7475328],[-75.5979127,5.7475536],[-75.5979013,5.7475521],[-75.597912,5.7475095],[-75.5979209,5.7474561],[-75.5979395,5.7473889],[-75.5979462,5.747311],[-75.5979381,5.7472828],[-75.5979381,5.7472604],[-75.5979475,5.7471941],[-75.5979604,5.7471718],[-75.5979627,5.7471485],[-75.597954,5.7471297],[-75.5979187,5.7470833],[-75.5978664,5.7470534],[-75.5978442,5.7470441],[-75.5977844,5.7470058],[-75.5977857,5.7469968],[-75.5978006,5.746969],[-75.597811,5.7469419],[-75.5978287,5.7468694],[-75.5978228,5.7468205],[-75.5978006,5.7467588],[-75.5977932,5.7467263],[-75.5977949,5.7467035],[-75.597805,5.7466757],[-75.5978289,5.7466496],[-75.5978381,5.7466304],[-75.5978631,5.7465928],[-75.5978942,5.746552],[-75.5979258,5.7465202],[-75.597971,5.7464967],[-75.5980108,5.746487],[-75.5980491,5.7464831],[-75.5980701,5.746477],[-75.5980895,5.7464677],[-75.5981071,5.7464522],[-75.5981222,5.7464249],[-75.5981299,5.7463977],[-75.5981321,5.7463735],[-75.5981284,5.7463304],[-75.5981299,5.7463179],[-75.5981373,5.7463073],[-75.5981649,5.7462806],[-75.5981803,5.7462585],[-75.5981961,5.7462216],[-75.5982184,5.7461401],[-75.598243,5.746099],[-75.5982813,5.7460221],[-75.5983063,5.7459894],[-75.5983356,5.745964],[-75.5983942,5.7459247],[-75.5984292,5.7458948],[-75.5984521,5.7458674],[-75.5984865,5.7458141],[-75.5985069,5.7457916],[-75.5985943,5.7457333],[-75.5986466,5.7456885],[-75.5986873,5.7456466],[-75.5987356,5.7455811],[-75.5987712,5.7455436],[-75.5987882,5.7455338],[-75.5988151,5.7455256],[-75.5988736,5.7455149],[-75.5988877,5.7455087],[-75.5988999,5.7454985],[-75.5989159,5.7454776],[-75.5989458,5.7454268],[-75.5989913,5.7453728],[-75.5991538,5.7452188],[-75.5992284,5.7451399],[-75.5993017,5.7450693],[-75.5993638,5.7450044],[-75.5994288,5.7449269],[-75.5995085,5.7448059],[-75.5995424,5.7447675],[-75.5995884,5.7447365],[-75.5996516,5.7447074],[-75.5997111,5.7446932],[-75.5997328,5.7446853],[-75.5997567,5.7446824],[-75.5998054,5.74466],[-75.5998151,5.7446422],[-75.599823,5.7446018],[-75.5998138,5.7445575],[-75.5998049,5.7445395],[-75.599766,5.7444901],[-75.5997296,5.744458],[-75.5997037,5.7444205],[-75.5996338,5.7443371],[-75.5996314,5.7443364],[-75.5995971,5.7443804],[-75.5995462,5.7444745],[-75.5995021,5.7445387],[-75.5994349,5.7446164],[-75.5993542,5.7446983],[-75.5993172,5.7447307],[-75.5992904,5.7447453],[-75.5992593,5.7447576],[-75.5992149,5.7447936],[-75.5991735,5.7448197],[-75.5991416,5.7448349],[-75.5991012,5.7448669],[-75.599039,5.7448992],[-75.5989899,5.7449404],[-75.5989517,5.7449552],[-75.5989219,5.7449602],[-75.5988819,5.7449597],[-75.5987038,5.7449467],[-75.5986684,5.7449489],[-75.5986414,5.7449575],[-75.5985873,5.7449835],[-75.5985369,5.7450027],[-75.5984524,5.7450711],[-75.5984171,5.7450802],[-75.5983948,5.7450764],[-75.5982967,5.7450246],[-75.5982765,5.7450183],[-75.598236,5.745018],[-75.5981668,5.7450301],[-75.5980817,5.7450402],[-75.5980793,5.7450372],[-75.5980811,5.7450276],[-75.5981082,5.7449787],[-75.5981137,5.7449606],[-75.5981172,5.7449176],[-75.5981124,5.7448886],[-75.5981131,5.7448159],[-75.5981095,5.7447722],[-75.5980987,5.7447389],[-75.5980855,5.7447259],[-75.5980638,5.7447183],[-75.5980464,5.7447173],[-75.5980227,5.7447207],[-75.5979649,5.7447371],[-75.5979219,5.7447418],[-75.5978966,5.7447389],[-75.5978082,5.7447169],[-75.5977462,5.7447152],[-75.5976743,5.7447238],[-75.5976192,5.7447358],[-75.5974841,5.7447544],[-75.5973486,5.7447826],[-75.5973305,5.7447825],[-75.5973005,5.7447741],[-75.5972733,5.7447562],[-75.5972432,5.7447222],[-75.5972144,5.7446703],[-75.5971983,5.7446088],[-75.5971924,5.7445122],[-75.5971876,5.7444782],[-75.5971785,5.7444514],[-75.5971681,5.7444354],[-75.5971392,5.7444114],[-75.5971053,5.7443979],[-75.5970712,5.7443942],[-75.5970369,5.7443959],[-75.5970193,5.7444001],[-75.5970046,5.7444086],[-75.5969953,5.7444229],[-75.5969783,5.7445136],[-75.5969502,5.7445774],[-75.5969138,5.744624],[-75.596853,5.7446772],[-75.5968207,5.7446943],[-75.5967453,5.7447147],[-75.5967091,5.7447306],[-75.5966822,5.7447498],[-75.5966251,5.7448065],[-75.5965745,5.7448352],[-75.596512,5.7448524],[-75.5963729,5.74487],[-75.5963387,5.7448767],[-75.5962985,5.7448935],[-75.5962659,5.7449171],[-75.5962432,5.7449474],[-75.5962297,5.7449816],[-75.5962161,5.7450746],[-75.5961926,5.7451951],[-75.5961801,5.7452506],[-75.5961701,5.7452634],[-75.5961461,5.7452652],[-75.596114,5.7452601],[-75.5960966,5.7452509],[-75.596073,5.7452301],[-75.5960245,5.7452207],[-75.5959818,5.7452069],[-75.5959198,5.7451759],[-75.5958896,5.7451514],[-75.5958587,5.7451332],[-75.5958045,5.7451094],[-75.5957428,5.7450723],[-75.5957275,5.745061],[-75.5957124,5.7450442],[-75.595652,5.7449469],[-75.5956166,5.7449077],[-75.59561,5.7449423],[-75.5956103,5.7449602],[-75.5956262,5.7450786],[-75.595648,5.7451585],[-75.5956532,5.7452461],[-75.5956641,5.7453228],[-75.5956637,5.7453568],[-75.5956115,5.7454231],[-75.5955981,5.7454279],[-75.5955521,5.7454198],[-75.5954837,5.7453946],[-75.5954359,5.7453819],[-75.5954039,5.7453823],[-75.5953836,5.7453899],[-75.5953575,5.745466],[-75.5953292,5.7455101],[-75.5953316,5.7455204],[-75.5953617,5.7455571],[-75.5953707,5.7455751],[-75.5953748,5.745591],[-75.5953717,5.7456104],[-75.5953525,5.7456512],[-75.5953404,5.7456702],[-75.5953248,5.7456709],[-75.5953016,5.7456629],[-75.5952646,5.7456465],[-75.5952246,5.7456239],[-75.5952028,5.7456171],[-75.5951606,5.7456199],[-75.5951116,5.7456358],[-75.5950525,5.7456704],[-75.5950242,5.7456918],[-75.5950012,5.7457149],[-75.5949894,5.7457342],[-75.5949804,5.7457704],[-75.5949545,5.7458339],[-75.5949372,5.7458602],[-75.5948852,5.7459042],[-75.5948285,5.7459354],[-75.5948122,5.7459347],[-75.5947642,5.7459164],[-75.5946633,5.7458606],[-75.5946419,5.7458501],[-75.5946261,5.7458458],[-75.5946117,5.7458471],[-75.5945753,5.7458571],[-75.5944846,5.7458897],[-75.5944487,5.7459058],[-75.5943938,5.7459394],[-75.594355,5.7459727],[-75.5943307,5.746003],[-75.5942814,5.7460801],[-75.594254,5.746106],[-75.5941702,5.7461614],[-75.5941257,5.746187],[-75.5940936,5.7462125],[-75.5940479,5.7462413],[-75.594008,5.746263],[-75.5939089,5.746307],[-75.5938717,5.7463297],[-75.5938333,5.7463639],[-75.5937858,5.7464153],[-75.5937635,5.7464297],[-75.5937422,5.746463],[-75.5937137,5.746489],[-75.5936938,5.746514],[-75.5936667,5.7465361],[-75.5936561,5.7465334],[-75.5936254,5.7464954],[-75.593589,5.7464686],[-75.5935769,5.7464651],[-75.5935518,5.7464644],[-75.5935263,5.74645],[-75.5934978,5.7464437],[-75.5934835,5.7464355],[-75.5934202,5.7464213],[-75.5934153,5.7464072],[-75.5934146,5.7463481],[-75.5934015,5.7462195],[-75.5933922,5.7461653],[-75.5933952,5.7461444],[-75.5934156,5.7461079],[-75.5934338,5.7460847],[-75.5934622,5.7460604],[-75.5936017,5.7459558],[-75.5936239,5.7459312],[-75.5936378,5.7459],[-75.5936395,5.7458631],[-75.5936298,5.7458181],[-75.593602,5.7457417],[-75.5935805,5.7457017],[-75.593554,5.7456366],[-75.5935443,5.7456113],[-75.5935413,5.7455956],[-75.593544,5.7455817],[-75.5935796,5.745487],[-75.5935876,5.7454507],[-75.5935996,5.7454247],[-75.5936057,5.7453874],[-75.5936206,5.745356],[-75.5936238,5.7453241],[-75.5936418,5.7452928],[-75.593644,5.7452625],[-75.5936598,5.7452157],[-75.5936949,5.7451437],[-75.5937099,5.7451234],[-75.5937281,5.7451078],[-75.5937504,5.7451014],[-75.5937644,5.7451007],[-75.5938684,5.7451173],[-75.5938865,5.7451175],[-75.5938982,5.7451137],[-75.5939076,5.7451062],[-75.5939213,5.7450793],[-75.5939232,5.745044],[-75.5939192,5.7449514],[-75.593929,5.7448798],[-75.5939489,5.744817],[-75.5939944,5.7447223],[-75.5940029,5.7446957],[-75.5940068,5.7446712],[-75.5940066,5.7446442],[-75.5940017,5.7446153],[-75.5939733,5.744536],[-75.5939693,5.7445133],[-75.5939859,5.7443781],[-75.5939846,5.7442701],[-75.5939879,5.7442368],[-75.5940008,5.7441981],[-75.5940426,5.7441244],[-75.5940785,5.7440477],[-75.5940945,5.7440054],[-75.5941056,5.7439569],[-75.5941057,5.7439253],[-75.5941004,5.7438942],[-75.5940887,5.7438506],[-75.5940606,5.74377],[-75.5940538,5.7437409],[-75.5940539,5.7437137],[-75.594058,5.7437046],[-75.5940689,5.7436954],[-75.5940629,5.7436827],[-75.5940658,5.7436723],[-75.5940898,5.7436402],[-75.5941272,5.7436147],[-75.5941494,5.7436044],[-75.5941848,5.7435934],[-75.5942581,5.7435779],[-75.5943341,5.7435536],[-75.5943779,5.743529],[-75.5944305,5.7434845],[-75.5944522,5.7434492],[-75.5944988,5.7433402],[-75.594513,5.7432957],[-75.5945258,5.7432349],[-75.5945339,5.7431765],[-75.5945398,5.7431601],[-75.5945535,5.7431467],[-75.5945942,5.7431321],[-75.5946252,5.7431164],[-75.5946449,5.743102],[-75.594668,5.7430792],[-75.5946897,5.7430502],[-75.5947072,5.7430193],[-75.594725,5.7429781],[-75.5947515,5.7429012],[-75.5947781,5.7428562],[-75.5948352,5.7427868],[-75.5948668,5.7427546],[-75.5949918,5.7426532],[-75.5950084,5.7426343],[-75.5950207,5.7426114],[-75.5950214,5.7425951],[-75.5950134,5.7425805],[-75.5949191,5.7424868],[-75.5948929,5.7424534],[-75.5948809,5.7424297],[-75.5948726,5.7423888],[-75.594872,5.7423026],[-75.5948686,5.7422593],[-75.5948604,5.7422135],[-75.5948374,5.7421193],[-75.5948332,5.7420823],[-75.594834,5.7420639],[-75.5948392,5.7420461],[-75.5948858,5.7419877],[-75.5948979,5.7419589],[-75.5949044,5.7419104],[-75.5949095,5.7417992],[-75.594915,5.74176],[-75.5949244,5.741729],[-75.5949473,5.7416922],[-75.5949991,5.7416448],[-75.59502,5.7416199],[-75.5950327,5.741593],[-75.5950372,5.7415714],[-75.5950363,5.7414402],[-75.5950418,5.7413941],[-75.5950573,5.7413211],[-75.5950624,5.7412823],[-75.5950637,5.7412543],[-75.5950607,5.7412239],[-75.5950502,5.7411814],[-75.5950318,5.7411413],[-75.5949961,5.7410906],[-75.5949563,5.7410503],[-75.594917,5.741025],[-75.5948856,5.7410134],[-75.5948513,5.7410094],[-75.5948102,5.7410159],[-75.5947736,5.7410311],[-75.5947429,5.7410517],[-75.594713,5.7410892],[-75.5946944,5.7411254],[-75.5946717,5.7411577],[-75.5946482,5.7411789],[-75.5946134,5.7411983],[-75.5945617,5.7412138],[-75.5944508,5.7412286],[-75.5943708,5.7412349],[-75.5942493,5.7412344],[-75.594207,5.741239],[-75.5941524,5.7412548],[-75.5941303,5.741268],[-75.594107,5.74129],[-75.5940936,5.7413083],[-75.5940842,5.741335],[-75.5940808,5.7413625],[-75.5940824,5.7413981],[-75.5940994,5.7414754],[-75.5941499,5.7416234],[-75.5941701,5.7417881],[-75.5941675,5.7418093],[-75.594145,5.7418505],[-75.5941378,5.7418726],[-75.5941317,5.7419848],[-75.5941292,5.7419953],[-75.5941148,5.7420138],[-75.5940332,5.7420804],[-75.5940201,5.7420948],[-75.5940017,5.742141],[-75.5939891,5.7422035],[-75.5939721,5.7422541],[-75.5939529,5.7422892],[-75.5939227,5.7423218],[-75.593891,5.7423423],[-75.5938467,5.74236],[-75.5937918,5.742372],[-75.5937008,5.7423831],[-75.5936694,5.7423926],[-75.5936243,5.7424124],[-75.5935623,5.7424449],[-75.5935397,5.7424582],[-75.5935217,5.7424734],[-75.5935039,5.7424987],[-75.5934937,5.7425301],[-75.5934944,5.7425466],[-75.5935105,5.7425801],[-75.593515,5.7425958],[-75.5935128,5.7426484],[-75.5935045,5.7426617],[-75.5934954,5.7426624],[-75.593459,5.7426448],[-75.5934166,5.7426294],[-75.5933724,5.7426047],[-75.5932401,5.7425037],[-75.5931706,5.7424363],[-75.5931341,5.7423964],[-75.5931151,5.7423702],[-75.5930871,5.7423401],[-75.5930434,5.7422734],[-75.592997,5.7421807],[-75.5929535,5.7420694],[-75.5929223,5.7419987],[-75.5929125,5.741981],[-75.5928846,5.7419493],[-75.59284,5.7419184],[-75.5927788,5.7418923],[-75.5927127,5.7418748],[-75.5926786,5.7418725],[-75.5926552,5.7418746],[-75.5926286,5.7418834],[-75.5926099,5.7418948],[-75.5925415,5.7419673],[-75.5924901,5.7420039],[-75.5924545,5.7420227],[-75.5923592,5.7420637],[-75.5922523,5.7421248],[-75.5922136,5.7421562],[-75.5921834,5.7421947],[-75.5921088,5.7422425],[-75.5920854,5.7422668],[-75.5920847,5.7422734],[-75.5920875,5.7422767],[-75.5921115,5.7422846],[-75.5921577,5.7422754],[-75.5921847,5.7422662],[-75.5922132,5.7423906],[-75.5922249,5.7424654],[-75.5922264,5.7425011],[-75.5922417,5.7425836],[-75.5922429,5.7426647],[-75.5922393,5.742694],[-75.5922226,5.7427633],[-75.5922052,5.7427995],[-75.5921861,5.7428276],[-75.5921797,5.7428291],[-75.5921746,5.742826],[-75.5921629,5.7427962],[-75.5921489,5.742783],[-75.5921122,5.7427739],[-75.5920732,5.742771],[-75.5920248,5.742805],[-75.5920081,5.742824],[-75.5919894,5.7428539],[-75.5919801,5.7428601],[-75.5919432,5.7428788],[-75.5918894,5.7428982],[-75.5918583,5.7429131],[-75.5917874,5.7429367],[-75.5917547,5.7429602],[-75.5917091,5.7429866],[-75.5916668,5.7430252],[-75.5916173,5.7430829],[-75.5916119,5.7430853],[-75.5916037,5.7430839],[-75.59158,5.7430672],[-75.5915201,5.7430378],[-75.5915025,5.743032],[-75.591484,5.7430352],[-75.5914392,5.7430656],[-75.5914236,5.7430659],[-75.5913982,5.743029],[-75.5913876,5.743008],[-75.5913654,5.7429818],[-75.5913506,5.7429547],[-75.5913298,5.7429305],[-75.5913146,5.7429],[-75.5912925,5.742874],[-75.5912794,5.7428176],[-75.5912703,5.7427995],[-75.5912586,5.7427885],[-75.5912162,5.7427598],[-75.5911698,5.7426922],[-75.5911311,5.7426448],[-75.5910938,5.7426059],[-75.591019,5.7425417],[-75.5910047,5.742535],[-75.5909625,5.742539],[-75.5909317,5.7425374],[-75.5908866,5.7425281],[-75.5908601,5.742519],[-75.5908503,5.7425114],[-75.5908154,5.7424695],[-75.5907704,5.7424366],[-75.5907551,5.7424175],[-75.5907112,5.7424017],[-75.5906813,5.7423784],[-75.5906363,5.7423516],[-75.5906102,5.7423407],[-75.5905864,5.7423347],[-75.5905507,5.7423334],[-75.5905061,5.7423466],[-75.5904879,5.7423594],[-75.5904245,5.7424201],[-75.5904153,5.742426],[-75.5904062,5.7424263],[-75.5903712,5.7423917],[-75.5903512,5.7423579],[-75.5903435,5.7423301],[-75.5903527,5.742302],[-75.5903534,5.7422902],[-75.5903431,5.7422518],[-75.5903155,5.7421937],[-75.5902981,5.74217],[-75.5902757,5.7421481],[-75.5902489,5.7421301],[-75.5902122,5.7421124],[-75.5901316,5.7420854],[-75.5901072,5.7420824],[-75.5900619,5.7420827],[-75.5900331,5.7420874],[-75.5900178,5.742086],[-75.5900184,5.7420773],[-75.5900347,5.7420552],[-75.5900368,5.7420424],[-75.5900347,5.7420327],[-75.5900145,5.7419994],[-75.5900116,5.7419606],[-75.5899648,5.7419339],[-75.5899337,5.741925],[-75.589929,5.7419208],[-75.5899289,5.7419123],[-75.5899464,5.7418484],[-75.5899492,5.7417969],[-75.5899423,5.7417667],[-75.5899352,5.7417615],[-75.5899226,5.7417607],[-75.5899135,5.7417554],[-75.5899082,5.7417462],[-75.5899068,5.7417276],[-75.5898984,5.7417163],[-75.589878,5.7417067],[-75.5898262,5.7416936],[-75.5897674,5.7416852],[-75.5896898,5.7416787],[-75.5895945,5.741679],[-75.5895641,5.7416866],[-75.5895013,5.7417086],[-75.5894472,5.7417137],[-75.5893885,5.7417048],[-75.5893339,5.7417003],[-75.5893196,5.7416921],[-75.5893167,5.7416865],[-75.5893203,5.74165],[-75.5893261,5.7416298],[-75.5894106,5.7416126],[-75.5894519,5.7415855],[-75.5895095,5.7415633],[-75.5895366,5.7415472],[-75.589561,5.741537],[-75.5896682,5.7414566],[-75.589717,5.7414267],[-75.589749,5.7414017],[-75.5897796,5.741383],[-75.5898289,5.7413639],[-75.5898694,5.7413602],[-75.5898886,5.7413632],[-75.5899113,5.7413723],[-75.5899392,5.7413897],[-75.58996,5.7414087],[-75.5899978,5.7414557],[-75.5900317,5.7415052],[-75.5900626,5.741536],[-75.5900694,5.7415474],[-75.5900797,5.741578],[-75.5901243,5.7416467],[-75.5901551,5.741679],[-75.5902184,5.7417329],[-75.5902461,5.7417506],[-75.5902655,5.741759],[-75.5902965,5.7417625],[-75.5903411,5.7417592],[-75.5903894,5.741739],[-75.590426,5.7417133],[-75.5904738,5.74167],[-75.5904868,5.7416503],[-75.5905051,5.7416013],[-75.5905124,5.7415659],[-75.5905131,5.7415336],[-75.5904986,5.7413554],[-75.5904983,5.741315],[-75.5905032,5.741285],[-75.5905233,5.7412389],[-75.5905475,5.7412038],[-75.5906303,5.7411061],[-75.5906714,5.741048],[-75.5907212,5.7409621],[-75.5907809,5.7408405],[-75.5908388,5.7407547],[-75.5908763,5.7407107],[-75.5909359,5.7406859],[-75.5910184,5.7406178],[-75.5910665,5.7405537],[-75.5910781,5.7405596],[-75.5911042,5.7406062],[-75.5911566,5.7406625],[-75.5911686,5.7406716],[-75.5912128,5.7406877],[-75.5912263,5.740697],[-75.5912643,5.7407408],[-75.591284,5.7407699],[-75.5913028,5.740791],[-75.5913481,5.7408542],[-75.5913729,5.7408983],[-75.5913858,5.7409156],[-75.5914463,5.7410329],[-75.5915116,5.7411436],[-75.5915569,5.7412388],[-75.5915882,5.7413203],[-75.5915957,5.74133],[-75.5916065,5.7413346],[-75.5916209,5.7413327],[-75.5916332,5.7413267],[-75.5916747,5.7412874],[-75.5917474,5.7412338],[-75.5917634,5.7412143],[-75.5917726,5.7411964],[-75.5917791,5.7411736],[-75.591782,5.7411454],[-75.5917795,5.7411102],[-75.5917672,5.7410438],[-75.5917586,5.7410164],[-75.5917458,5.7409885],[-75.591674,5.7408694],[-75.5916494,5.7408225],[-75.591621,5.7407505],[-75.5916036,5.7406735],[-75.5915781,5.7404643],[-75.5915671,5.7404156],[-75.5915544,5.7403817],[-75.5915222,5.740334],[-75.5913657,5.7401464],[-75.591334,5.7401196],[-75.5912996,5.7401039],[-75.591258,5.7400972],[-75.5911985,5.7400985],[-75.591141,5.7401062],[-75.5910951,5.740118],[-75.5910242,5.7401429],[-75.5909386,5.740179],[-75.5908651,5.7402004],[-75.5907894,5.7402074],[-75.5907289,5.7402019],[-75.5906633,5.7401847],[-75.5906045,5.7401579],[-75.5905438,5.7401139],[-75.5904998,5.7400772],[-75.5904409,5.7400054],[-75.5904238,5.7399905],[-75.5904097,5.7399825],[-75.590378,5.7399738],[-75.5903049,5.7399674],[-75.59025,5.7399594],[-75.5901576,5.7399335],[-75.5900213,5.7398844],[-75.5899626,5.7398754],[-75.5899074,5.7398781],[-75.5898509,5.7398908],[-75.5898002,5.7399101],[-75.5897723,5.7399279],[-75.5897502,5.7399496],[-75.589733,5.7399724],[-75.5896584,5.7401073],[-75.5896204,5.7401488],[-75.5896114,5.7401502],[-75.5895491,5.7401472],[-75.5894655,5.7401347],[-75.5894131,5.7401223],[-75.5893506,5.7400995],[-75.5892373,5.7400316],[-75.5891203,5.7399742],[-75.5890722,5.7399641],[-75.5889923,5.7399618],[-75.5889778,5.7399582],[-75.5890019,5.7398752],[-75.5890107,5.739858],[-75.5890098,5.739849],[-75.5889948,5.7398238],[-75.5889944,5.7398124],[-75.5890369,5.7397672],[-75.5890634,5.7397446],[-75.5891439,5.7395999],[-75.589167,5.7395725],[-75.5891934,5.7395513],[-75.5892351,5.739532],[-75.5892831,5.7395213],[-75.5893604,5.7395173],[-75.5894105,5.7395072],[-75.5894553,5.7394894],[-75.5895452,5.7394401],[-75.589587,5.7394214],[-75.5896258,5.7393889],[-75.5897432,5.7393124],[-75.5897708,5.73929],[-75.5898152,5.7392434],[-75.5898505,5.7391881],[-75.5898858,5.7391424],[-75.5899099,5.7391222],[-75.5899442,5.7391019],[-75.5899714,5.7390918],[-75.5900214,5.7390815],[-75.5900579,5.7390803],[-75.5900859,5.739084],[-75.5901349,5.7391066],[-75.5901538,5.739111],[-75.590173,5.7391194],[-75.5902332,5.7391567],[-75.5902846,5.7392006],[-75.5902991,5.7392039],[-75.5903116,5.7391974],[-75.5903316,5.739152],[-75.5903357,5.7391227],[-75.5903277,5.739103],[-75.5903107,5.7390834],[-75.5902819,5.7390636],[-75.5902204,5.7390295],[-75.5901725,5.739011],[-75.5901159,5.738994],[-75.5900733,5.7389845],[-75.5899031,5.7389681],[-75.5898863,5.7389626],[-75.5898627,5.7389501],[-75.5898223,5.7389232],[-75.5897826,5.7388863],[-75.5897267,5.7388243],[-75.5896672,5.7387492],[-75.5896278,5.7387067],[-75.5895929,5.738679],[-75.5895128,5.7386331],[-75.589487,5.738613],[-75.5894713,5.7385913],[-75.5894616,5.7385693],[-75.5894413,5.7384777],[-75.589425,5.7384198],[-75.5894056,5.7383723],[-75.5893883,5.738339],[-75.589332,5.7382518],[-75.5892955,5.7382071],[-75.5892236,5.7381297],[-75.5891987,5.7380903],[-75.5891828,5.7380395],[-75.5891764,5.7379474],[-75.5891684,5.7379219],[-75.5891524,5.7379055],[-75.5891403,5.7379017],[-75.5891231,5.7379045],[-75.5890691,5.7379322],[-75.5890423,5.7379409],[-75.5890145,5.7379411],[-75.5889895,5.7379338],[-75.5889674,5.7379219],[-75.5889332,5.7378965],[-75.5888156,5.7377837],[-75.5887462,5.7377261],[-75.5885868,5.7376286],[-75.5884628,5.7375364],[-75.588433,5.7375177],[-75.5883966,5.7375],[-75.5882969,5.7374646],[-75.5882728,5.73746],[-75.5882503,5.7374604],[-75.5882268,5.7374643],[-75.5881878,5.7374765],[-75.5880878,5.737529],[-75.5880703,5.7375333],[-75.5880573,5.7375323],[-75.5880014,5.737494],[-75.5879536,5.737475],[-75.5878683,5.737423],[-75.5877846,5.7373818],[-75.5876961,5.7373309],[-75.5874948,5.7372393],[-75.5874282,5.7372156],[-75.5873541,5.7371957],[-75.5873022,5.7371736],[-75.5872293,5.7371384],[-75.5871595,5.737097],[-75.5871076,5.7370718],[-75.5870354,5.7370302],[-75.5869705,5.7369968],[-75.5869328,5.7369816],[-75.5868268,5.7369468],[-75.586806,5.7369372],[-75.5867833,5.7369216],[-75.5867321,5.7368789],[-75.5867,5.7368385],[-75.5866079,5.7366458],[-75.5865957,5.7366265],[-75.5865754,5.7366056],[-75.5865361,5.7365727],[-75.5864803,5.7365427],[-75.5864406,5.7365376],[-75.5863897,5.7365412],[-75.5863794,5.7365366],[-75.5863763,5.7365205],[-75.586379,5.7365058],[-75.5863981,5.7364702],[-75.5864019,5.7364577],[-75.5863997,5.7364375],[-75.5863875,5.736406],[-75.5863628,5.7363621],[-75.5862964,5.7362707],[-75.58619,5.736079],[-75.5861106,5.7359534],[-75.5860856,5.7358975],[-75.5860354,5.7357529],[-75.5859899,5.7356719],[-75.5859742,5.7356509],[-75.5859621,5.7356408],[-75.5859344,5.735632],[-75.5858186,5.7356081],[-75.5856877,5.7355872],[-75.5855885,5.7355512],[-75.5855583,5.7355348],[-75.5855336,5.7355155],[-75.5854544,5.735437],[-75.5854213,5.7354105],[-75.5853784,5.7353873],[-75.5853379,5.7353783],[-75.5853212,5.7353801],[-75.5853117,5.7353942],[-75.5852995,5.7354008],[-75.5852757,5.7354038],[-75.5852493,5.735402],[-75.5852397,5.735405],[-75.5851822,5.7354547],[-75.5851676,5.7354635],[-75.5851445,5.7354718],[-75.5849141,5.7354981],[-75.5848347,5.7355032],[-75.5848103,5.7355081],[-75.5847836,5.7355249],[-75.5846858,5.7355749],[-75.5846697,5.7355922],[-75.5846409,5.7356413],[-75.5846262,5.7356528],[-75.5846167,5.7356539],[-75.5846002,5.7356499],[-75.5845657,5.7356474],[-75.5845102,5.7356373],[-75.5845055,5.735624],[-75.5845062,5.7355873],[-75.5844869,5.7355112],[-75.5844791,5.7354696],[-75.584477,5.7354404],[-75.5844875,5.7353701],[-75.584498,5.73532],[-75.5845015,5.7352638],[-75.5845004,5.7352321],[-75.5844902,5.7351699],[-75.5844702,5.7351113],[-75.5844431,5.7350512],[-75.5844178,5.7350073],[-75.5843893,5.7349692],[-75.5843494,5.7349237],[-75.5843301,5.7349111],[-75.5842849,5.7348932],[-75.5842378,5.7348594],[-75.5841823,5.7348337],[-75.5841722,5.7348262],[-75.5842022,5.7347445],[-75.5842155,5.7347168],[-75.5842286,5.7346769],[-75.5842515,5.7345843],[-75.584252,5.7345479],[-75.5842397,5.7344587],[-75.5842258,5.7344203],[-75.5841871,5.7343431],[-75.5841611,5.7343045],[-75.5841288,5.7342653],[-75.5840877,5.7342296],[-75.5840265,5.7341949],[-75.5839721,5.7341744],[-75.5839113,5.7341448],[-75.5838581,5.7340943],[-75.5838079,5.7340584],[-75.5837454,5.7340218],[-75.5836785,5.7339608],[-75.5836094,5.7339139],[-75.5835428,5.7338505],[-75.5834521,5.7337911],[-75.5833892,5.7337422],[-75.5833182,5.7337133],[-75.5832516,5.7336667],[-75.5832381,5.7336531],[-75.5831789,5.7335636],[-75.5831664,5.7335341],[-75.5831553,5.7334952],[-75.5831459,5.7334833],[-75.5830216,5.7334371],[-75.5829205,5.733406],[-75.5828419,5.7333737],[-75.5827822,5.7333419],[-75.5827189,5.7332938],[-75.5826804,5.7332773],[-75.582534,5.7332492],[-75.5824713,5.7332302],[-75.5823602,5.7332178],[-75.5822793,5.7332176],[-75.58225,5.7332138],[-75.5821917,5.7331767],[-75.5820913,5.733127],[-75.581957,5.7330409],[-75.5818329,5.7329539],[-75.5817951,5.7329189],[-75.5817622,5.7328791],[-75.5816305,5.7326718],[-75.5815634,5.7325521],[-75.5814369,5.7323401],[-75.5813898,5.7322559],[-75.5813799,5.7322307],[-75.5813403,5.7320938],[-75.5813197,5.7320455],[-75.5813018,5.7320184],[-75.5812446,5.7319482],[-75.5812157,5.7318881],[-75.5812,5.7318623],[-75.5811661,5.7318288],[-75.5811357,5.731813],[-75.5810852,5.7317966],[-75.5810442,5.7317882],[-75.580968,5.7317787],[-75.5809052,5.7317594],[-75.5808996,5.7317607],[-75.5808908,5.7317695],[-75.5808751,5.7318023],[-75.580864,5.7318166],[-75.5808549,5.7318235],[-75.5808337,5.7318311],[-75.58075,5.7318468],[-75.5807318,5.7318569],[-75.5807107,5.7318746],[-75.5806604,5.7318989],[-75.5806504,5.7319011],[-75.5806375,5.7318945],[-75.580615,5.7319018],[-75.5805657,5.7319324],[-75.5805488,5.7319525],[-75.5805445,5.7319758],[-75.5805506,5.7320133],[-75.580571,5.7320846],[-75.5805917,5.7321328],[-75.5806266,5.732179],[-75.5806713,5.7322287],[-75.5807475,5.7322835],[-75.5807556,5.7322945],[-75.5807548,5.7323048],[-75.580748,5.7323236],[-75.5806945,5.7324134],[-75.5806687,5.732442],[-75.5806217,5.732474],[-75.5806161,5.7324921],[-75.5806201,5.7325219],[-75.5806605,5.7326197],[-75.5806841,5.7326892],[-75.5806906,5.732722],[-75.5806919,5.7327847],[-75.5806879,5.7328344],[-75.5806698,5.7328976],[-75.5806572,5.7329154],[-75.5806426,5.7329215],[-75.5806278,5.7329233],[-75.58053,5.7329213],[-75.5804803,5.7329332],[-75.5804591,5.7329453],[-75.5804175,5.7329809],[-75.5803953,5.7329931],[-75.5803459,5.7330116],[-75.5802368,5.7330419],[-75.5801924,5.7330621],[-75.5801505,5.7330878],[-75.5800751,5.7331463],[-75.5800396,5.7331632],[-75.5800268,5.7331659],[-75.5800139,5.7331648],[-75.5799693,5.7331369],[-75.5799129,5.7331181],[-75.5798729,5.7331125],[-75.5798459,5.7331126],[-75.5798221,5.7331174],[-75.579787,5.7331295],[-75.5797055,5.733164],[-75.5796868,5.7331749],[-75.5796461,5.7332088],[-75.5796377,5.7332129],[-75.5796338,5.733209],[-75.5796702,5.7331374],[-75.5797099,5.7330101],[-75.5797339,5.7329474],[-75.5797671,5.7328927],[-75.5797867,5.7328478],[-75.5797963,5.7328031],[-75.5797936,5.732762],[-75.5797803,5.7327391],[-75.5797498,5.7327144],[-75.5797131,5.7326935],[-75.5796234,5.7326514],[-75.5795837,5.7326298],[-75.5795403,5.7325913],[-75.5795029,5.7325392],[-75.5794874,5.732507],[-75.5794711,5.7324604],[-75.5794586,5.7323817],[-75.5794428,5.7323056],[-75.5794428,5.7322847],[-75.5794559,5.7322603],[-75.5794577,5.73225],[-75.5794481,5.732138],[-75.5794434,5.7321303],[-75.5794298,5.7321231],[-75.579415,5.7320814],[-75.5793968,5.73205],[-75.5793834,5.7320365],[-75.5793644,5.7320254],[-75.5792187,5.7319633],[-75.5791827,5.731945],[-75.5791592,5.7319222],[-75.5790851,5.7318259],[-75.5790674,5.7317794],[-75.579055,5.7317201],[-75.5790406,5.7315501],[-75.5790282,5.7314755],[-75.5790326,5.7314503],[-75.579029,5.7314354],[-75.5790045,5.7314331],[-75.5789844,5.7314227],[-75.5789661,5.7314192],[-75.5789476,5.7314214],[-75.578925,5.73143],[-75.5787594,5.7315137],[-75.5786972,5.7315661],[-75.5785667,5.7316522],[-75.5785302,5.7316688],[-75.5784443,5.7316914],[-75.5784218,5.731701],[-75.5783958,5.7317244],[-75.5783026,5.7318296],[-75.5782337,5.7319145],[-75.5782143,5.7319307],[-75.5782074,5.7319315],[-75.5782006,5.7319213],[-75.5781903,5.7318178],[-75.5781521,5.7316246],[-75.5781469,5.7315639],[-75.5780971,5.7314846],[-75.5780613,5.7314211],[-75.5780376,5.7313711],[-75.5780118,5.7313059],[-75.5779748,5.7311931],[-75.5779476,5.7310983],[-75.577933,5.7309877],[-75.5779165,5.7309037],[-75.5779085,5.730897],[-75.577897,5.7308945],[-75.5778268,5.7309084],[-75.5777018,5.7309143],[-75.5774765,5.7309056],[-75.5773171,5.7308918],[-75.5772609,5.7308681],[-75.5772031,5.7308583],[-75.5771763,5.7308601],[-75.5771317,5.730875],[-75.5770628,5.7308863],[-75.5770564,5.7308833],[-75.5770314,5.7306169],[-75.5770259,5.7304459],[-75.5770146,5.7303562],[-75.5769895,5.7302424],[-75.5769341,5.7300621],[-75.576905,5.7300046],[-75.5768643,5.729947],[-75.5767588,5.7298761],[-75.5766849,5.7298144],[-75.5766507,5.7297975],[-75.576602,5.7297865],[-75.5765575,5.7297852],[-75.576532,5.7297893],[-75.5764493,5.7298122],[-75.5763877,5.7298363],[-75.5763516,5.7298461],[-75.5762481,5.7298556],[-75.5761786,5.7298504],[-75.5761103,5.7298543],[-75.576106,5.7298612],[-75.5761009,5.7298947],[-75.5760883,5.7299258],[-75.5760576,5.7299709],[-75.5760371,5.7300075],[-75.5760178,5.7300658],[-75.5760146,5.7300925],[-75.5760099,5.7300992],[-75.5759933,5.7300902],[-75.5759112,5.7300185],[-75.5758638,5.7299903],[-75.5758193,5.7299397],[-75.5758027,5.7299253],[-75.5757925,5.72992],[-75.5757839,5.7299194],[-75.5757683,5.7299261],[-75.5757482,5.7299421],[-75.5757391,5.7299601],[-75.5757376,5.729995],[-75.575726,5.7300532],[-75.5757451,5.7301158],[-75.5757864,5.7301992],[-75.575793,5.7302398],[-75.5757908,5.7302787],[-75.5757854,5.7303037],[-75.5757758,5.7303249],[-75.5757109,5.7304189],[-75.5756913,5.730453],[-75.5756781,5.7304625],[-75.5756344,5.7304592],[-75.5756055,5.7304633],[-75.5755533,5.7304779],[-75.5755458,5.7304751],[-75.5755065,5.7304425],[-75.5754882,5.7304361],[-75.5754782,5.730438],[-75.5754378,5.7304705],[-75.5754195,5.7304798],[-75.5753967,5.7304852],[-75.5753847,5.7304913],[-75.5753569,5.7305168],[-75.5753371,5.7305405],[-75.575324,5.7305725],[-75.5753098,5.7305789],[-75.575212,5.7305767],[-75.575164,5.7305823],[-75.5751322,5.7305924],[-75.5750866,5.7305994],[-75.5750417,5.7306027],[-75.5749999,5.7306139],[-75.5749517,5.7306385],[-75.5748893,5.7306553],[-75.5748459,5.7306622],[-75.5747996,5.7306629],[-75.5747129,5.7306565],[-75.5746482,5.7306429],[-75.5745343,5.7306021],[-75.5744485,5.7305818],[-75.5744306,5.7305718],[-75.5743552,5.7305155],[-75.5743097,5.7304891],[-75.5742813,5.7304823],[-75.5742548,5.7304859],[-75.5742057,5.7305116],[-75.5741924,5.7305219],[-75.5741685,5.7305582],[-75.5741632,5.730573],[-75.5741609,5.7305992],[-75.5741692,5.7306557],[-75.5742097,5.7308028],[-75.5742193,5.7309113],[-75.5742134,5.7309372],[-75.5741992,5.7309614],[-75.5741582,5.7310003],[-75.5741507,5.7310026],[-75.574145,5.731001],[-75.5740821,5.7309507],[-75.5740038,5.7308711],[-75.5739515,5.7308063],[-75.5739004,5.7307344],[-75.5738347,5.7306518],[-75.573672,5.7304671],[-75.5736004,5.7303799],[-75.5735893,5.7303696],[-75.5735742,5.7303612],[-75.5735169,5.7303523],[-75.5735049,5.7303441],[-75.5735021,5.7303274],[-75.5735057,5.7302716],[-75.5735031,5.7302274],[-75.5734998,5.7302094],[-75.5734884,5.7301805],[-75.5734641,5.7301405],[-75.5734071,5.7300628],[-75.5733819,5.730042],[-75.5733378,5.7300243],[-75.5733295,5.7300027],[-75.5733261,5.7299771],[-75.5733266,5.7299498],[-75.5733424,5.729856],[-75.5733514,5.7298199],[-75.5733731,5.7297667],[-75.5733754,5.7297485],[-75.5733717,5.7297344],[-75.5733563,5.7297042],[-75.5733265,5.7296618],[-75.5733091,5.7296429],[-75.5732718,5.7296131],[-75.5731487,5.7295326],[-75.5730818,5.7295007],[-75.5730164,5.7294891],[-75.5729846,5.7294677],[-75.5729547,5.7294521],[-75.5729311,5.7294257],[-75.5728948,5.729404],[-75.5728609,5.7293743],[-75.5728272,5.7293325],[-75.5728254,5.7293248],[-75.5728281,5.7293168],[-75.5728601,5.7292805],[-75.5729067,5.7292171],[-75.5729164,5.7291983],[-75.5729315,5.7291534],[-75.5729347,5.7290978],[-75.5729246,5.7290348],[-75.5729295,5.7289778],[-75.5729265,5.7289627],[-75.572917,5.7289465],[-75.5729262,5.7289331],[-75.5729705,5.7289021],[-75.5730155,5.7288799],[-75.5732058,5.7288207],[-75.5732351,5.7288162],[-75.5732508,5.728817],[-75.5732583,5.7288699],[-75.5732651,5.7288889],[-75.5732702,5.7288924],[-75.5732767,5.7288906],[-75.5732868,5.7288769],[-75.5733098,5.7288168],[-75.5733105,5.7287811],[-75.5733314,5.7287537],[-75.5733387,5.7287395],[-75.5733503,5.7286918],[-75.5733648,5.7284397],[-75.5733651,5.7284085],[-75.5733614,5.7283829],[-75.5733571,5.7283679],[-75.5733473,5.7283514],[-75.5733349,5.7283373],[-75.5733214,5.7283281],[-75.5732873,5.7283179],[-75.5732307,5.7283109],[-75.5732038,5.7283048],[-75.5731788,5.728294],[-75.5731359,5.7282693],[-75.5730864,5.7282577],[-75.5730571,5.7282464],[-75.5729948,5.728236],[-75.5729714,5.7282283],[-75.5729368,5.7282127],[-75.5728806,5.7281598],[-75.5728705,5.7281473],[-75.5728511,5.7281121],[-75.5728415,5.7280665],[-75.5728437,5.7280472],[-75.5728618,5.7280102],[-75.5728642,5.7280003],[-75.5728586,5.7279543],[-75.5728482,5.7279304],[-75.5727978,5.7278575],[-75.5727524,5.7277761],[-75.5727267,5.7277211],[-75.5727214,5.727705],[-75.5727189,5.7276841],[-75.5727213,5.7276442],[-75.5727348,5.7275991],[-75.5727506,5.727571],[-75.5727952,5.7275171],[-75.5728097,5.7274846],[-75.5728299,5.7274189],[-75.5728319,5.7274004],[-75.5728287,5.7273815],[-75.5728167,5.7273626],[-75.5727986,5.7273449],[-75.5726887,5.7272647],[-75.5726536,5.7272464],[-75.5725518,5.7272082],[-75.5725147,5.7271912],[-75.5724777,5.7271678],[-75.572458,5.7271479],[-75.572449,5.7271337],[-75.5724405,5.7271104],[-75.5724373,5.7270881],[-75.5724423,5.7270544],[-75.5724628,5.7269939],[-75.5724695,5.7269635],[-75.5724709,5.7269264],[-75.5724658,5.7268983],[-75.5724506,5.7268781],[-75.5723989,5.7268352],[-75.5723723,5.7268078],[-75.5722829,5.7266853],[-75.5722573,5.7266556],[-75.5722339,5.7266342],[-75.5722032,5.7266155],[-75.5721222,5.7265828],[-75.5720664,5.7265537],[-75.5718984,5.7264461],[-75.571816,5.7263803],[-75.571782,5.7263596],[-75.5716375,5.7263057],[-75.5714445,5.7262411],[-75.5713894,5.7262067],[-75.5713645,5.7261954],[-75.5713144,5.7261853],[-75.5712334,5.7261854],[-75.5711987,5.7261818],[-75.5710598,5.7261326],[-75.5710175,5.7261205],[-75.5709722,5.7261119],[-75.5708073,5.7260904],[-75.5707665,5.7260898],[-75.5707197,5.726094],[-75.5706743,5.7261039],[-75.5706203,5.7261221],[-75.5705308,5.7261766],[-75.5704996,5.72619],[-75.5704779,5.7261913],[-75.5704384,5.7261799],[-75.5704223,5.726181],[-75.5704723,5.7262531],[-75.5705012,5.726283],[-75.570536,5.7263113],[-75.5705484,5.7263263],[-75.5706217,5.7264661],[-75.5706348,5.7265017],[-75.5706384,5.7265589],[-75.5706317,5.7266722],[-75.5706146,5.7267186],[-75.570593,5.7267509],[-75.570578,5.726768],[-75.5705617,5.7267697],[-75.5705454,5.7267663],[-75.5704835,5.7267459],[-75.5704374,5.7267388],[-75.5703829,5.7267215],[-75.5703018,5.7267123],[-75.5701634,5.72671],[-75.5700772,5.7267116],[-75.5698285,5.7267322],[-75.5697208,5.7267311],[-75.5694934,5.7267181],[-75.5694635,5.726719],[-75.5694444,5.7267263],[-75.5694332,5.7267341],[-75.5693965,5.7267785],[-75.5693775,5.7267947],[-75.5693148,5.7268212],[-75.5692706,5.7268515],[-75.5691938,5.7269191],[-75.5690891,5.726995],[-75.5689901,5.7270846],[-75.5689815,5.7270887],[-75.5689723,5.7270805],[-75.5689423,5.726983],[-75.5689217,5.7269343],[-75.5688866,5.7268342],[-75.5688465,5.7267653],[-75.5688274,5.7267396],[-75.5687826,5.726694],[-75.5687188,5.726654],[-75.5687076,5.726643],[-75.5686323,5.7265281],[-75.5686008,5.7264507],[-75.5685758,5.7264028],[-75.568571,5.7263781],[-75.5685547,5.7263339],[-75.568513,5.7262985],[-75.5684983,5.7262732],[-75.5684717,5.7262419],[-75.5683944,5.7261321],[-75.5683811,5.726056],[-75.5683518,5.7259816],[-75.5683352,5.7259214],[-75.5683401,5.7257383],[-75.5683352,5.725702],[-75.5683253,5.7256804],[-75.5683169,5.7256702],[-75.5682908,5.7256591],[-75.5682715,5.7256622],[-75.5682599,5.7256688],[-75.5682275,5.7257081],[-75.5682181,5.7257148],[-75.5681998,5.7257208],[-75.5681544,5.725728],[-75.5680825,5.7257646],[-75.5680069,5.7257945],[-75.5679645,5.7258011],[-75.5679134,5.725804],[-75.5678926,5.7258012],[-75.5678532,5.7257892],[-75.5678174,5.7257708],[-75.5677838,5.7257467],[-75.5677515,5.7257199],[-75.5677153,5.7256789],[-75.5676976,5.7256468],[-75.567668,5.7256042],[-75.5676486,5.7255651],[-75.56763,5.725516],[-75.5676047,5.7254314],[-75.5675964,5.7254128],[-75.5675582,5.725356],[-75.5675237,5.7253273],[-75.5674999,5.7253169],[-75.5674633,5.7253083],[-75.5672983,5.7253073],[-75.5672648,5.7253026],[-75.5672389,5.7252931],[-75.567207,5.7252714],[-75.5671845,5.7252487],[-75.5671056,5.7251232],[-75.5670553,5.7250661],[-75.5670349,5.7250494],[-75.5670068,5.7250321],[-75.5669241,5.7249985],[-75.5668838,5.7249704],[-75.5668754,5.7249706],[-75.5668429,5.7249891],[-75.5668106,5.7250001],[-75.566689,5.7250192],[-75.5666803,5.725018]]},"properties":{"OBJECTID":68,"CNIdentif":"05390600168","CNAltura":650,"CNTipo":1,"RuleID":1}},{"type":"Feature","id":69,"geometry":{"type":"LineString","coordinates":[[-75.6160009,5.8068282],[-75.6160041,5.8068082],[-75.6160123,5.8067897],[-75.6160361,5.806763],[-75.6160447,5.8067581],[-75.6160522,5.8067852],[-75.6160722,5.8068294],[-75.6160714,5.8068439],[-75.6160662,5.8068528],[-75.6160487,5.8068685],[-75.6160398,5.8068723],[-75.6160283,5.8068725],[-75.616018,5.8068655],[-75.616006,5.8068494],[-75.6160009,5.8068282]]},"properties":{"OBJECTID":69,"CNIdentif":"05390600169","CNAltura":650,"CNTipo":1,"RuleID":1}},{"type":"Feature","id":70,"geometry":{"type":"LineString","coordinates":[[-75.6176372,5.8030484],[-75.617635,5.8030514],[-75.6177188,5.8030711],[-75.6177472,5.8030655],[-75.6177636,5.8030754],[-75.6177818,5.8030785],[-75.6177872,5.8030922],[-75.6177922,5.8030966],[-75.6177999,5.8030956],[-75.6178379,5.8030662],[-75.617825,5.8030559],[-75.6177674,5.8030451],[-75.6177367,5.8030347],[-75.6176986,5.8030297],[-75.6176783,5.8030306],[-75.6176597,5.8030361],[-75.6176372,5.8030484]]},"properties":{"OBJECTID":70,"CNIdentif":"05390600170","CNAltura":650,"CNTipo":1,"RuleID":1}},{"type":"Feature","id":71,"geometry":{"type":"LineString","coordinates":[[-75.6176649,5.8032471],[-75.6176788,5.803252],[-75.6176962,5.8032532],[-75.6177195,5.8032526],[-75.617729,5.8032478],[-75.6177271,5.8032446],[-75.6177157,5.8032417],[-75.6176649,5.8032471]]},"properties":{"OBJECTID":71,"CNIdentif":"05390600171","CNAltura":650,"CNTipo":1,"RuleID":1}},{"type":"Feature","id":80,"geometry":{"type":"LineString","coordinates":[[-75.609965,5.8105104],[-75.6099517,5.8105056],[-75.6098222,5.8104946],[-75.6097097,5.81044],[-75.6096329,5.810413],[-75.6095995,5.810408],[-75.6095475,5.8104131],[-75.6095115,5.8103848],[-75.6094744,5.8103878],[-75.6094483,5.8103852],[-75.6094035,5.8103663],[-75.6093233,5.8103547],[-75.6092883,5.8103445],[-75.6092164,5.8103352],[-75.6091777,5.8103221],[-75.6091575,5.8103185],[-75.6091144,5.81032],[-75.6091071,5.8103381],[-75.6090992,5.8103443],[-75.6090591,5.8103522],[-75.6089785,5.8103837],[-75.6089693,5.810384],[-75.6089537,5.8103762],[-75.6089427,5.8103659],[-75.6089329,5.810349],[-75.6089019,5.8102529],[-75.6088666,5.8101801],[-75.6088283,5.8101269],[-75.6087312,5.8100126],[-75.6087342,5.809997],[-75.6087424,5.8099856],[-75.6087513,5.8099814],[-75.6087698,5.80998],[-75.6087961,5.8099719],[-75.6088353,5.8099323],[-75.6088349,5.8098828],[-75.6087968,5.8098434],[-75.6087532,5.8097675],[-75.6088642,5.8096249],[-75.6089473,5.809535],[-75.6090019,5.8095738],[-75.6090624,5.8096366],[-75.6090763,5.8096647],[-75.6090952,5.8097417],[-75.6091314,5.8097678],[-75.6091919,5.8097944],[-75.6093018,5.809894],[-75.6093654,5.8099338],[-75.6093808,5.8099404],[-75.6094089,5.8099458],[-75.6094593,5.8099436],[-75.609526,5.8099272],[-75.6096492,5.8098844],[-75.6096936,5.8098652],[-75.6097302,5.809842],[-75.6097895,5.8097904],[-75.6099061,5.8096633],[-75.6099879,5.8095553],[-75.6100176,5.8095313],[-75.6100359,5.8095221],[-75.6100566,5.8095185],[-75.6100824,5.8095197],[-75.6101343,5.8095337],[-75.6102625,5.8095573],[-75.610284,5.8095588],[-75.6103027,5.809557],[-75.6103293,5.809549],[-75.6103737,5.8095307],[-75.6104013,5.8095151],[-75.6104411,5.8094825],[-75.6104846,5.8094336],[-75.6105449,5.809333],[-75.6105631,5.8093094],[-75.6106069,5.8092862],[-75.610648,5.8092571],[-75.6106885,5.8092481],[-75.6107482,5.8092118],[-75.6108191,5.8091465],[-75.610843,5.8090998],[-75.6108823,5.8090651],[-75.6108968,5.8090443],[-75.6109073,5.8090367],[-75.6109539,5.8090183],[-75.6109667,5.8090064],[-75.6109737,5.8089818],[-75.6109745,5.8089401],[-75.6109611,5.808825],[-75.610959,5.808781],[-75.610968,5.8087216],[-75.6109687,5.808676],[-75.6109808,5.8086159],[-75.6110278,5.8085525],[-75.6110551,5.8085258],[-75.6110863,5.8085031],[-75.6111574,5.8084648],[-75.6111646,5.8084579],[-75.6111624,5.8084492],[-75.6111272,5.808416],[-75.6110825,5.8083913],[-75.6110776,5.8083835],[-75.6111377,5.808366],[-75.6111629,5.8083388],[-75.6111834,5.8083306],[-75.6112302,5.8083306],[-75.6112904,5.8083221],[-75.6114248,5.8083148],[-75.6114868,5.8083176],[-75.6115595,5.808316],[-75.6116514,5.8083296],[-75.6116716,5.8083281],[-75.6116951,5.8083203],[-75.6117232,5.8082985],[-75.6117494,5.8082608],[-75.6117662,5.8082414],[-75.6118119,5.8082058],[-75.6118302,5.8081881],[-75.6118708,5.8081382],[-75.6119237,5.8080829],[-75.6119802,5.8080121],[-75.6120501,5.8079383],[-75.6121324,5.8078372],[-75.6121718,5.8078004],[-75.6122161,5.8077706],[-75.6122484,5.8077598],[-75.6123304,5.8077489],[-75.6123698,5.8077507],[-75.612391,5.8077458],[-75.6124469,5.8077216],[-75.6124835,5.807693],[-75.6125122,5.8076594],[-75.6125293,5.807628],[-75.6125328,5.8076031],[-75.6125229,5.8075764],[-75.6125226,5.8075572],[-75.61253,5.8075381],[-75.6125446,5.8075206],[-75.6125632,5.8075116],[-75.6125796,5.8075075],[-75.6126262,5.8075051],[-75.6127123,5.8075211],[-75.6127377,5.8075285],[-75.6127761,5.8075292],[-75.6128382,5.8075121],[-75.612865,5.8074993],[-75.612883,5.807487],[-75.6129105,5.8074608],[-75.6129257,5.8074312],[-75.612965,5.8073697],[-75.613,5.807292],[-75.6130255,5.8072011],[-75.6130468,5.8071615],[-75.6130803,5.8071193],[-75.6131603,5.8070329],[-75.6132558,5.8069207],[-75.613344,5.8068017],[-75.6134086,5.8067393],[-75.6134332,5.8067074],[-75.6134704,5.8066482],[-75.6135026,5.8066175],[-75.6135292,5.8065802],[-75.6135464,5.8065612],[-75.6136009,5.806518],[-75.6136179,5.8065097],[-75.6136454,5.8065019],[-75.6137086,5.8064947],[-75.6137485,5.8064291],[-75.6137769,5.8064033],[-75.6137988,5.8063894],[-75.6138343,5.8063724],[-75.6139018,5.8063472],[-75.6140742,5.8063048],[-75.6141501,5.8062968],[-75.6142565,5.8062997],[-75.6142914,5.8063116],[-75.6143218,5.8063184],[-75.6143991,5.8063579],[-75.6145153,5.8064234],[-75.6146499,5.8064777],[-75.6146783,5.8064943],[-75.614731,5.8065349],[-75.6147481,5.8065417],[-75.6147466,5.8065295],[-75.6147378,5.8065154],[-75.6146733,5.806459],[-75.6146583,5.806436],[-75.614633,5.8064077],[-75.6146196,5.8063857],[-75.6146159,5.8063662],[-75.614625,5.8063346],[-75.6146419,5.8062992],[-75.6146657,5.8062625],[-75.614677,5.806226],[-75.6147319,5.8061459],[-75.6147435,5.8061432],[-75.6147713,5.8061518],[-75.6148277,5.8061551],[-75.6148535,5.8061472],[-75.6148623,5.8061351],[-75.6148642,5.8060688],[-75.6148501,5.8060079],[-75.6148471,5.8059819],[-75.6148475,5.805855],[-75.6148418,5.8057216],[-75.6148372,5.805679],[-75.6148267,5.8056436],[-75.6148081,5.8056123],[-75.6147948,5.8055822],[-75.6147625,5.805546],[-75.614715,5.8055168],[-75.6145256,5.8054312],[-75.6144778,5.8054034],[-75.6144011,5.8053517],[-75.6142861,5.8052552],[-75.6142349,5.8052073],[-75.6141989,5.805162],[-75.6141706,5.8051056],[-75.6141549,5.8050507],[-75.6141578,5.8050219],[-75.6141633,5.8050124],[-75.6141711,5.8050073],[-75.6142112,5.8049946],[-75.6142756,5.8049636],[-75.6143482,5.8049457],[-75.6143921,5.8049303],[-75.6144185,5.804925],[-75.6144323,5.8049187],[-75.6144966,5.8048679],[-75.6145541,5.8048075],[-75.614569,5.804789],[-75.6145713,5.8047811],[-75.6145636,5.8047746],[-75.6145239,5.8047642],[-75.6144895,5.804745],[-75.6143368,5.8046185],[-75.6143102,5.8046003],[-75.6142859,5.8045888],[-75.6142231,5.8045651],[-75.614196,5.8045611],[-75.6141482,5.8045663],[-75.6140671,5.8045938],[-75.6140413,5.8045938],[-75.6140315,5.8045871],[-75.6140269,5.8045541],[-75.6140156,5.8045471],[-75.6139972,5.8045387],[-75.6139195,5.8045306],[-75.6138955,5.8045194],[-75.6138912,5.8045138],[-75.613894,5.8045081],[-75.6139362,5.8044824],[-75.6140193,5.8044396],[-75.6140689,5.8043877],[-75.6140891,5.8043044],[-75.614097,5.8042465],[-75.6140947,5.8041926],[-75.6140887,5.8041688],[-75.6140778,5.8041434],[-75.6140645,5.8041219],[-75.6140494,5.804105],[-75.6139928,5.8040621],[-75.6139657,5.8040355],[-75.6139597,5.8040215],[-75.613957,5.8039954],[-75.6139225,5.8039153],[-75.6139348,5.8039127],[-75.6139479,5.803914],[-75.6140049,5.803926],[-75.6140323,5.8039353],[-75.614078,5.8039672],[-75.6141057,5.8039973],[-75.614138,5.8040244],[-75.6141991,5.8040674],[-75.6142285,5.8040843],[-75.6143002,5.8040941],[-75.6143317,5.8040937],[-75.6143709,5.8040885],[-75.6144055,5.8040755],[-75.6144235,5.8040655],[-75.6144491,5.8040383],[-75.6144738,5.8040206],[-75.6145277,5.8039938],[-75.614558,5.8039844],[-75.6146912,5.8039771],[-75.6147671,5.8039697],[-75.6148345,5.80397],[-75.6148971,5.8039557],[-75.6150328,5.8039425],[-75.6150775,5.8039435],[-75.6151984,5.8039621],[-75.6152252,5.8039623],[-75.6152682,5.8039579],[-75.6153095,5.8039466],[-75.615395,5.8039107],[-75.6155035,5.8039002],[-75.6156103,5.8038763],[-75.6156373,5.8038638],[-75.6156567,5.8038505],[-75.615692,5.8038134],[-75.6157186,5.8037715],[-75.6157272,5.8037401],[-75.6157356,5.803683],[-75.6157336,5.803653],[-75.6157269,5.8036211],[-75.6156654,5.8034516],[-75.6156124,5.8033243],[-75.6155653,5.803226],[-75.6154978,5.8031102],[-75.6154838,5.8030677],[-75.6154838,5.8030537],[-75.6154878,5.80304],[-75.6154972,5.8030229],[-75.6155338,5.8029889],[-75.615561,5.8029814],[-75.6156063,5.8029762],[-75.6156381,5.802962],[-75.6156634,5.802939],[-75.6157322,5.8028629],[-75.6157502,5.8028482],[-75.6157895,5.8028301],[-75.6158558,5.8028137],[-75.6158844,5.8028128],[-75.6159355,5.8028301],[-75.615998,5.8028626],[-75.6160641,5.8029096],[-75.6161324,5.8029441],[-75.6161749,5.8029557],[-75.6161929,5.8029529],[-75.61621,5.8029438],[-75.6162163,5.8029365],[-75.6162198,5.8029193],[-75.6162171,5.8029039],[-75.6162043,5.8028805],[-75.6161988,5.8028588],[-75.6161861,5.8028444],[-75.6161806,5.8028318],[-75.6161497,5.8027903],[-75.616144,5.8027656],[-75.6161212,5.8026999],[-75.6161155,5.8026483],[-75.6161283,5.8025321],[-75.6161276,5.8024948],[-75.6161106,5.8024295],[-75.6160631,5.8023114],[-75.6160417,5.8022236],[-75.616039,5.8021612],[-75.6160539,5.8020974],[-75.6160656,5.8020698],[-75.6160986,5.8020209],[-75.6161701,5.8019385],[-75.6162334,5.8018755],[-75.6162615,5.8018398],[-75.6162769,5.8018108],[-75.6163501,5.8016259],[-75.6163707,5.8015949],[-75.6164089,5.8015543],[-75.6164213,5.8015474],[-75.6164703,5.8015421],[-75.6165485,5.8015545],[-75.6165887,5.8015652],[-75.616611,5.8015656],[-75.6166288,5.8015613],[-75.6166508,5.8015509],[-75.616674,5.8015299],[-75.6166902,5.8015102],[-75.6167081,5.8014794],[-75.6167192,5.8014405],[-75.6167206,5.8014131],[-75.6167136,5.8013212],[-75.6167266,5.8012576],[-75.6167478,5.801186],[-75.6168106,5.8010002],[-75.6168278,5.8009633],[-75.6168399,5.8009472],[-75.6168551,5.8009349],[-75.6168727,5.8009262],[-75.6169124,5.8009281],[-75.6169629,5.8009248],[-75.6170309,5.8009067],[-75.6170595,5.8009118],[-75.6171645,5.8009459],[-75.6171978,5.8009532],[-75.6172232,5.8009541],[-75.6172347,5.8009514],[-75.6172519,5.8009415],[-75.617276,5.8009163],[-75.6172881,5.8008981],[-75.6173148,5.8008356],[-75.6173649,5.8006628],[-75.6173793,5.8006463],[-75.6174022,5.8006328],[-75.6174209,5.8006086],[-75.6174262,5.80058],[-75.6174285,5.8005284],[-75.6174464,5.8004555],[-75.6174485,5.8004326],[-75.6174362,5.8003951],[-75.6173937,5.8003197],[-75.6173743,5.8002572],[-75.6173604,5.8002276],[-75.617343,5.8002037],[-75.6173089,5.8001697],[-75.6172831,5.8001369],[-75.6172305,5.8000899],[-75.6172266,5.8000823],[-75.6172269,5.8000715],[-75.6172585,5.7999899],[-75.6173001,5.7999124],[-75.6173606,5.7998222],[-75.617468,5.7996809],[-75.6174875,5.7996498],[-75.6175053,5.7995958],[-75.61751,5.7995678],[-75.6175089,5.7995365],[-75.6174991,5.7994961],[-75.617503,5.7994682],[-75.6175127,5.7994326],[-75.6175369,5.7993777],[-75.6175659,5.7992877],[-75.6175719,5.7992462],[-75.617567,5.7992132],[-75.6175575,5.799191],[-75.6175346,5.7991609],[-75.6175114,5.7991433],[-75.6174576,5.7991287],[-75.6173495,5.7991382],[-75.6172938,5.7991358],[-75.617237,5.79912],[-75.6172129,5.7991089],[-75.6171441,5.7990605],[-75.6171335,5.7990474],[-75.6171198,5.7990222],[-75.6171051,5.7989853],[-75.6170952,5.7989692],[-75.6170536,5.798929],[-75.6169967,5.7988643],[-75.616947,5.798797],[-75.6169319,5.7987709],[-75.6168499,5.7986039],[-75.6168243,5.7985661],[-75.6167994,5.7985413],[-75.6167593,5.7985182],[-75.6166512,5.798478],[-75.6166196,5.7984602],[-75.6165763,5.7984413],[-75.6165321,5.7984162],[-75.6164559,5.7983918],[-75.6163768,5.7983707],[-75.6162969,5.79836],[-75.6162889,5.7983632],[-75.6162853,5.7983803],[-75.6162711,5.7984077],[-75.6162617,5.7984344],[-75.6162586,5.7984619],[-75.6162499,5.7984978],[-75.6162509,5.798529],[-75.6162354,5.7985736],[-75.6162307,5.7986301],[-75.6162201,5.7986939],[-75.6162087,5.7987094],[-75.6161826,5.7987251],[-75.6161652,5.7987271],[-75.6161023,5.7987175],[-75.6160433,5.7987194],[-75.6159709,5.7986925],[-75.6159355,5.7986824],[-75.6158657,5.7986689],[-75.6158163,5.7986681],[-75.6157731,5.7986727],[-75.6157394,5.7986799],[-75.6156818,5.7987032],[-75.6156366,5.7987308],[-75.6156082,5.7987438],[-75.6155457,5.7987606],[-75.6154795,5.798785],[-75.6154477,5.7987856],[-75.6154328,5.7987892],[-75.6153801,5.798813],[-75.6153106,5.7988164],[-75.6152012,5.7988096],[-75.6151125,5.7988163],[-75.6151021,5.7988115],[-75.6151831,5.7986933],[-75.6151879,5.7986653],[-75.6151928,5.7986528],[-75.6152216,5.7986121],[-75.615244,5.7985714],[-75.6152563,5.7985618],[-75.615315,5.7985294],[-75.6153666,5.7984858],[-75.6154306,5.798403],[-75.6154477,5.7983756],[-75.6154604,5.7983449],[-75.6154784,5.7983199],[-75.6155564,5.7982336],[-75.6156307,5.7981834],[-75.6156715,5.7981212],[-75.6156896,5.798075],[-75.6157012,5.7979917],[-75.6157015,5.7979695],[-75.615693,5.7979473],[-75.6156739,5.7979125],[-75.6155847,5.7978064],[-75.6155822,5.7977958],[-75.6155913,5.7977886],[-75.6156353,5.7977759],[-75.6157036,5.797774],[-75.615745,5.7977604],[-75.6157721,5.7977461],[-75.6158218,5.7977057],[-75.6158443,5.7976958],[-75.615861,5.7977197],[-75.6158698,5.797742],[-75.615882,5.7977603],[-75.6159051,5.7977842],[-75.6159225,5.7977939],[-75.6159605,5.7978016],[-75.615987,5.797803],[-75.6160376,5.7977997],[-75.6161057,5.7978079],[-75.6162343,5.7978397],[-75.6163038,5.7978728],[-75.6163676,5.7978705],[-75.6164229,5.7978765],[-75.6165076,5.7978785],[-75.6165492,5.7978855],[-75.6165782,5.7978815],[-75.6166725,5.7978817],[-75.616765,5.7978773],[-75.6168915,5.7978672],[-75.6170551,5.7978458],[-75.6171351,5.7978298],[-75.6171929,5.7978133],[-75.6172654,5.7977852],[-75.6173463,5.7977413],[-75.6174058,5.7977032],[-75.6174322,5.7976895],[-75.6174517,5.7976701],[-75.6174538,5.7976571],[-75.6174512,5.7976414],[-75.6174181,5.7975436],[-75.6173996,5.7974714],[-75.6173738,5.7973895],[-75.6173291,5.7972937],[-75.61725,5.7971681],[-75.6172313,5.7971286],[-75.6172217,5.7970986],[-75.6172166,5.7970566],[-75.6172304,5.7969788],[-75.6172364,5.7969109],[-75.6172412,5.7968898],[-75.6172542,5.7968608],[-75.6172564,5.7968466],[-75.6172437,5.7965716],[-75.6172411,5.7965598],[-75.617229,5.7965402],[-75.6172248,5.7965088],[-75.6172281,5.7964542],[-75.6172378,5.7964327],[-75.6172408,5.7964147],[-75.6172372,5.7963625],[-75.6172252,5.7963182],[-75.6172081,5.7962136],[-75.6171787,5.7960927],[-75.617165,5.7960634],[-75.6171554,5.7960145],[-75.6171432,5.7959831],[-75.6171175,5.7959402],[-75.617078,5.7958537],[-75.6170663,5.7957645],[-75.6170529,5.7956924],[-75.6170072,5.7955433],[-75.6169798,5.7954434],[-75.6169794,5.7953758],[-75.6169833,5.7953398],[-75.6169883,5.7953216],[-75.6170154,5.7952672],[-75.6170319,5.7952258],[-75.6170912,5.7951311],[-75.6171019,5.7951032],[-75.6171042,5.7950779],[-75.6170947,5.7950239],[-75.6170904,5.7949731],[-75.6170832,5.7949582],[-75.6170403,5.7949103],[-75.6169617,5.7948122],[-75.6169294,5.7947778],[-75.6169008,5.7947336],[-75.6168853,5.7947171],[-75.6168354,5.7946772],[-75.6167841,5.7946462],[-75.6167409,5.7946323],[-75.6167057,5.7946299],[-75.6166783,5.7946369],[-75.6166589,5.7946479],[-75.6166331,5.7946769],[-75.6165977,5.7947319],[-75.6165794,5.7947457],[-75.6165077,5.7947759],[-75.6164112,5.7947988],[-75.6163843,5.794808],[-75.6163142,5.7948397],[-75.6162986,5.7948548],[-75.6162633,5.7949226],[-75.6162508,5.7949353],[-75.6161785,5.7949413],[-75.6161301,5.7949383],[-75.6161118,5.794942],[-75.6161042,5.7949559],[-75.6160949,5.7949917],[-75.6160857,5.7950089],[-75.6160497,5.7950533],[-75.616008,5.7950821],[-75.6159317,5.7951193],[-75.6158858,5.7951238],[-75.615841,5.7951187],[-75.6158383,5.7951135],[-75.6158386,5.7951042],[-75.6158538,5.7950376],[-75.615857,5.7950091],[-75.6158512,5.7949663],[-75.6158398,5.7949341],[-75.6158227,5.794901],[-75.6157162,5.7947722],[-75.615682,5.7947169],[-75.6156326,5.7946519],[-75.6156191,5.7946399],[-75.615583,5.7946161],[-75.6155111,5.7945799],[-75.6154193,5.7945181],[-75.6153047,5.7944528],[-75.6152552,5.7944215],[-75.6151326,5.7943089],[-75.6150429,5.7942543],[-75.6150194,5.794237],[-75.6149593,5.7941844],[-75.6149255,5.7941458],[-75.6149075,5.7941185],[-75.6148926,5.7940882],[-75.6148607,5.7939983],[-75.6148569,5.793975],[-75.6148582,5.7939424],[-75.6148554,5.7939122],[-75.61486,5.7938672],[-75.6148426,5.7937968],[-75.6148216,5.7937569],[-75.614795,5.7937287],[-75.6147658,5.7937132],[-75.6147337,5.7937074],[-75.6146057,5.7937123],[-75.614488,5.7936955],[-75.6144114,5.7936944],[-75.614395,5.7936978],[-75.6143766,5.793707],[-75.6143301,5.7937419],[-75.6143054,5.793764],[-75.6142814,5.7937816],[-75.6142735,5.7937839],[-75.6142695,5.7937786],[-75.614267,5.7937616],[-75.6142611,5.7936427],[-75.6142363,5.7935161],[-75.6142249,5.7934832],[-75.6141946,5.7934405],[-75.6141792,5.7933976],[-75.6141728,5.7933973],[-75.6141554,5.7934246],[-75.6141317,5.7934442],[-75.6140377,5.7934851],[-75.6140218,5.7934893],[-75.6139998,5.793489],[-75.6139195,5.7934966],[-75.6138706,5.7934952],[-75.6138136,5.7934835],[-75.6137555,5.7934661],[-75.6137011,5.793443],[-75.6136192,5.7934297],[-75.6135976,5.7934119],[-75.613594,5.7933975],[-75.613601,5.7933724],[-75.6136223,5.7933292],[-75.61364,5.7932753],[-75.6136807,5.793182],[-75.6136773,5.7931496],[-75.6136786,5.7930586],[-75.6136672,5.7930141],[-75.6136659,5.7929967],[-75.6136814,5.7929583],[-75.6136836,5.7929191],[-75.6137195,5.7928374],[-75.6137448,5.7927962],[-75.6137471,5.7927608],[-75.6137443,5.7927476],[-75.6137365,5.7927318],[-75.6137026,5.7926976],[-75.6136557,5.7926627],[-75.6135876,5.7926334],[-75.6135087,5.7925764],[-75.6135031,5.7925716],[-75.6134993,5.7925625],[-75.6135236,5.7925535],[-75.6136409,5.7925284],[-75.613712,5.7925205],[-75.6138142,5.7925235],[-75.6139153,5.7925467],[-75.6139704,5.7925547],[-75.6139838,5.7925544],[-75.6140089,5.792548],[-75.6140223,5.7925487],[-75.6140996,5.7925748],[-75.6141709,5.7926051],[-75.6143113,5.7926773],[-75.6143914,5.7927112],[-75.6145913,5.7927823],[-75.6147232,5.7928099],[-75.614765,5.7928142],[-75.6148011,5.7928142],[-75.6149913,5.7927659],[-75.6150633,5.792757],[-75.6151184,5.7927542],[-75.615163,5.7927554],[-75.6152144,5.792763],[-75.6152788,5.7927772],[-75.6153396,5.7927973],[-75.6154535,5.7928498],[-75.6155585,5.792912],[-75.6155977,5.7929308],[-75.6156423,5.7929625],[-75.6156947,5.7929867],[-75.6157216,5.7930052],[-75.6157265,5.793018],[-75.6157347,5.7930637],[-75.6157363,5.7930991],[-75.6157439,5.7931273],[-75.6157396,5.7931927],[-75.6157425,5.7932185],[-75.6157386,5.7932565],[-75.6157388,5.7933018],[-75.6157655,5.7933834],[-75.6157782,5.7934076],[-75.6157885,5.793414],[-75.6158394,5.7934209],[-75.6158961,5.7934098],[-75.6159592,5.7933822],[-75.6161033,5.7933098],[-75.6161567,5.7932766],[-75.6161974,5.7932455],[-75.6162546,5.7931856],[-75.6162774,5.7931377],[-75.6162799,5.7931184],[-75.6162629,5.793],[-75.6162478,5.792954],[-75.6162219,5.7929078],[-75.6161726,5.7928539],[-75.6161534,5.7928379],[-75.6161191,5.7928257],[-75.6160912,5.7928219],[-75.6160234,5.7928039],[-75.6160089,5.7927963],[-75.6159886,5.792772],[-75.615965,5.7927279],[-75.6159585,5.7927101],[-75.6159517,5.7926092],[-75.6159565,5.7925704],[-75.6159454,5.7925166],[-75.6159451,5.7924997],[-75.615972,5.7924557],[-75.6159807,5.7924365],[-75.6159966,5.7923783],[-75.6159976,5.7923549],[-75.6159926,5.7923214],[-75.6159757,5.7922617],[-75.6159532,5.7922043],[-75.6159223,5.792144],[-75.6159127,5.7920899],[-75.6158814,5.7920112],[-75.6158721,5.7919613],[-75.6158776,5.7919268],[-75.6158929,5.7919007],[-75.6159054,5.7918456],[-75.6159218,5.7918134],[-75.6159324,5.791763],[-75.6159359,5.7917341],[-75.6159351,5.7917023],[-75.6159172,5.7916394],[-75.6158898,5.7916085],[-75.6158709,5.7915774],[-75.6157999,5.791504],[-75.6157798,5.7914788],[-75.6157511,5.7914315],[-75.6157144,5.7913471],[-75.6156771,5.7912305],[-75.6156519,5.7910945],[-75.6156237,5.7910001],[-75.615612,5.7908868],[-75.615598,5.7908083],[-75.6155795,5.7907546],[-75.6155465,5.7906805],[-75.6155306,5.7906551],[-75.6154955,5.7906179],[-75.6154582,5.7905467],[-75.6154117,5.7904902],[-75.6153415,5.7903501],[-75.615314,5.7903056],[-75.6152458,5.7902167],[-75.6151311,5.7900962],[-75.6151045,5.7900595],[-75.615054,5.7899016],[-75.6150507,5.7898628],[-75.615035,5.7898387],[-75.6150286,5.7898238],[-75.6150208,5.789787],[-75.615019,5.7897427],[-75.6150247,5.7896897],[-75.6150388,5.7896166],[-75.6150783,5.7894905],[-75.6151208,5.7893817],[-75.6152258,5.7891407],[-75.6152721,5.7890424],[-75.6152951,5.7889821],[-75.615312,5.7889191],[-75.6153172,5.7888896],[-75.6153256,5.788776],[-75.615325,5.78874],[-75.6153188,5.7886982],[-75.6153024,5.788643],[-75.6152925,5.7886208],[-75.615272,5.7885911],[-75.615213,5.7885238],[-75.6151678,5.788484],[-75.6150488,5.7883899],[-75.615028,5.7883699],[-75.6150039,5.7883407],[-75.6149785,5.7882978],[-75.6149477,5.7882338],[-75.6149125,5.788111],[-75.6149063,5.7880791],[-75.6149036,5.7880434],[-75.6149106,5.7879942],[-75.6149145,5.7879329],[-75.6149229,5.7878858],[-75.6149344,5.7878622],[-75.6149548,5.7878372],[-75.6149627,5.7878337],[-75.6149844,5.7878352],[-75.6150125,5.7878328],[-75.615022,5.7878359],[-75.61503,5.7878457],[-75.6150442,5.7878538],[-75.6150594,5.7878556],[-75.6150947,5.7878535],[-75.6151315,5.7878649],[-75.6151486,5.7878714],[-75.6151624,5.7878804],[-75.6151852,5.7879071],[-75.615197,5.7879144],[-75.6153488,5.7879632],[-75.6153707,5.7879643],[-75.6153797,5.7879601],[-75.6153836,5.7879534],[-75.6153755,5.7879268],[-75.6153656,5.7879106],[-75.6153363,5.7878779],[-75.6152816,5.7878242],[-75.6151633,5.7877257],[-75.6150834,5.7876697],[-75.6150403,5.7876491],[-75.6149963,5.7876022],[-75.6149506,5.787572],[-75.6149472,5.7875667],[-75.6149473,5.7875591],[-75.6149657,5.7875401],[-75.6150175,5.7875113],[-75.6150392,5.7874914],[-75.6150493,5.7874745],[-75.6150612,5.787415],[-75.6150659,5.7873722],[-75.6150665,5.7873306],[-75.6150814,5.7872472],[-75.6150898,5.7872312],[-75.615107,5.7872142],[-75.6151083,5.7872053],[-75.6151051,5.7871843],[-75.6151114,5.7871632],[-75.615136,5.7871302],[-75.6151569,5.7870927],[-75.6151834,5.7870639],[-75.6152256,5.7870313],[-75.61528,5.7870032],[-75.615306,5.7869856],[-75.615315,5.7869712],[-75.6153241,5.7869481],[-75.6153283,5.7869037],[-75.6153144,5.7868658],[-75.6153252,5.7868451],[-75.6153572,5.7868041],[-75.6153609,5.7867951],[-75.615361,5.7867843],[-75.6153432,5.7867612],[-75.6152852,5.7867071],[-75.6152505,5.7866605],[-75.6152323,5.7866302],[-75.615218,5.7865878],[-75.6152167,5.7865754],[-75.615222,5.7865509],[-75.6152413,5.786515],[-75.6152817,5.78646],[-75.61531,5.7864097],[-75.6153156,5.7863799],[-75.6153234,5.7862947],[-75.6153305,5.7862704],[-75.6153472,5.7862341],[-75.6153711,5.786198],[-75.6154275,5.7861286],[-75.6155249,5.7859814],[-75.6155427,5.7859646],[-75.6156032,5.7859245],[-75.6156449,5.7858761],[-75.6156626,5.785844],[-75.6156983,5.7857123],[-75.6157114,5.7856811],[-75.6157195,5.7856684],[-75.6157336,5.7856548],[-75.615752,5.7856439],[-75.6158374,5.7856223],[-75.6158694,5.7856097],[-75.615891,5.7855974],[-75.6159057,5.7855857],[-75.6159321,5.7855575],[-75.6159582,5.7855212],[-75.6159676,5.7855034],[-75.6159693,5.7854959],[-75.6159664,5.7854795],[-75.6159703,5.7854414],[-75.6159652,5.7854079],[-75.6159187,5.7852952],[-75.6158962,5.7852536],[-75.6158763,5.7852285],[-75.6158568,5.7852116],[-75.6158117,5.7851902],[-75.6157582,5.785148],[-75.6157256,5.7851391],[-75.6157144,5.7851332],[-75.6156938,5.7851187],[-75.6156889,5.7851082],[-75.6156962,5.7850931],[-75.6157243,5.7850535],[-75.6157339,5.7850308],[-75.6157423,5.7849991],[-75.6157864,5.7849088],[-75.6158405,5.7847185],[-75.6158522,5.7846956],[-75.6158729,5.7846705],[-75.6159536,5.7845887],[-75.615988,5.7845685],[-75.6160089,5.78455],[-75.616031,5.7845392],[-75.6160503,5.7845249],[-75.6161119,5.7845029],[-75.6161299,5.7844937],[-75.6161377,5.7844859],[-75.6161378,5.7844684],[-75.6161248,5.7844378],[-75.6160765,5.7843726],[-75.6160597,5.7843444],[-75.6160524,5.7843241],[-75.6160361,5.7843038],[-75.6160291,5.7842876],[-75.6160272,5.7842704],[-75.6160304,5.7842559],[-75.6160474,5.7842378],[-75.6160437,5.7842004],[-75.6160678,5.7841617],[-75.6161209,5.7841249],[-75.6161546,5.7840871],[-75.6162491,5.7840091],[-75.6162847,5.7839726],[-75.6163211,5.7839244],[-75.6163515,5.7838611],[-75.6163842,5.7837837],[-75.6164061,5.7837163],[-75.6164137,5.7836806],[-75.6164228,5.7836129],[-75.6164196,5.7835853],[-75.6164103,5.7835536],[-75.6163943,5.7835237],[-75.6163726,5.7834918],[-75.6163021,5.7834128],[-75.6162866,5.7833917],[-75.6162805,5.7833674],[-75.6162852,5.7833288],[-75.6162836,5.783312],[-75.6162555,5.7832513],[-75.616201,5.7831884],[-75.6161693,5.7831429],[-75.6161516,5.7831247],[-75.6161305,5.78311],[-75.6161093,5.7831002],[-75.6160558,5.7830998],[-75.6160303,5.7830932],[-75.6160024,5.7830796],[-75.6159921,5.7830777],[-75.6159799,5.783081],[-75.6159571,5.7830954],[-75.6159349,5.7831045],[-75.6159031,5.7831306],[-75.6158851,5.7831404],[-75.6158778,5.7831413],[-75.6158726,5.7831389],[-75.6158339,5.7830957],[-75.6157955,5.7830483],[-75.6157896,5.7830457],[-75.6156863,5.7830688],[-75.615632,5.7830913],[-75.6156043,5.7831085],[-75.6155634,5.7831494],[-75.6154583,5.7832876],[-75.6154171,5.7833315],[-75.6153596,5.7834235],[-75.6153191,5.7834649],[-75.6152946,5.7834828],[-75.6152824,5.7834884],[-75.6152274,5.7835007],[-75.6151545,5.7835221],[-75.6151257,5.7835246],[-75.6150737,5.7835203],[-75.6150298,5.7835269],[-75.6150114,5.7835233],[-75.6149966,5.783506],[-75.61497,5.7834469],[-75.6149468,5.7834161],[-75.6148345,5.7833114],[-75.6148201,5.7833039],[-75.6147788,5.7833155],[-75.6147668,5.7833257],[-75.6147521,5.7833989],[-75.6147127,5.7835156],[-75.6147041,5.7835611],[-75.6146905,5.7835778],[-75.6146512,5.783592],[-75.6146344,5.7835897],[-75.6145824,5.7835708],[-75.6144693,5.7835172],[-75.6143812,5.7834822],[-75.6143474,5.7834724],[-75.6142516,5.7834526],[-75.6142163,5.7834419],[-75.6140877,5.7833822],[-75.6140547,5.7833739],[-75.6140137,5.7833686],[-75.6139814,5.7833748],[-75.6139589,5.7833849],[-75.6139308,5.7834102],[-75.6139008,5.7834431],[-75.6138405,5.7835181],[-75.6137781,5.7835625],[-75.6137592,5.7835808],[-75.6137282,5.7836289],[-75.6137113,5.7836771],[-75.6136996,5.7837506],[-75.6137025,5.7838173],[-75.6137112,5.7838626],[-75.6137214,5.7838978],[-75.6137615,5.7839912],[-75.6137685,5.7840193],[-75.6137661,5.7840301],[-75.6137524,5.7840541],[-75.6137262,5.7841268],[-75.6137171,5.7841796],[-75.6137173,5.7842082],[-75.6137231,5.7842504],[-75.613731,5.7842784],[-75.6137697,5.7843555],[-75.6137787,5.7843825],[-75.6137777,5.7843979],[-75.6137602,5.7844025],[-75.613653,5.7844095],[-75.6135377,5.7844061],[-75.6134896,5.7844216],[-75.6134035,5.7844348],[-75.6133453,5.7844526],[-75.6132824,5.7844761],[-75.6132194,5.7845062],[-75.613043,5.784606],[-75.6129816,5.7846369],[-75.6129049,5.7846665],[-75.6127245,5.7847199],[-75.6126606,5.7847438],[-75.6126109,5.7847688],[-75.6125753,5.7847827],[-75.6124897,5.7848278],[-75.6124591,5.7848386],[-75.6123948,5.7848702],[-75.6123097,5.7849187],[-75.6122466,5.7849693],[-75.6121488,5.7850796],[-75.6120882,5.7851363],[-75.6120494,5.7851787],[-75.6119922,5.7852292],[-75.6119655,5.7852646],[-75.6119453,5.7853097],[-75.611932,5.785332],[-75.6118916,5.7853731],[-75.6118602,5.7853939],[-75.6117521,5.785454],[-75.6117045,5.7854647],[-75.6116648,5.7854632],[-75.6116525,5.7854656],[-75.6116426,5.7854823],[-75.6116425,5.7854898],[-75.6116456,5.7854945],[-75.6117042,5.7855397],[-75.6117488,5.7855675],[-75.6117704,5.7855914],[-75.6117803,5.7856077],[-75.6117712,5.7856173],[-75.6117587,5.7856208],[-75.6116713,5.7856269],[-75.6116447,5.7856323],[-75.6116348,5.7856373],[-75.6116323,5.7856543],[-75.61164,5.7856775],[-75.6116645,5.785783],[-75.6116655,5.7858002],[-75.6116626,5.7858117],[-75.6116561,5.7858117],[-75.6116513,5.7858074],[-75.611571,5.7856932],[-75.6114756,5.7855845],[-75.6114458,5.7855289],[-75.6114269,5.7855116],[-75.6113942,5.7854909],[-75.6113639,5.7854807],[-75.6113465,5.7854789],[-75.6112999,5.785483],[-75.6112507,5.7854816],[-75.6111896,5.7854689],[-75.6111829,5.7854653],[-75.6111918,5.7854574],[-75.611229,5.7854492],[-75.6112557,5.7854338],[-75.6113226,5.785419],[-75.6113598,5.785403],[-75.6113987,5.7853775],[-75.6114273,5.7853531],[-75.6114697,5.7853058],[-75.6115229,5.7852131],[-75.6115349,5.7852015],[-75.6115557,5.7851922],[-75.6115624,5.7851856],[-75.6115555,5.7851358],[-75.6115581,5.7851209],[-75.6115636,5.785109],[-75.6116275,5.7850209],[-75.6117146,5.7849189],[-75.6117739,5.7848437],[-75.6118033,5.7847904],[-75.6118349,5.7847134],[-75.6118536,5.7846496],[-75.6118647,5.7845762],[-75.6118673,5.7845024],[-75.6118656,5.7844661],[-75.6118703,5.7844509],[-75.6118882,5.7844243],[-75.6118969,5.7844057],[-75.6119092,5.7843414],[-75.6119103,5.7843056],[-75.6119679,5.7843113],[-75.6119981,5.7843228],[-75.6120419,5.7843323],[-75.6121006,5.7843618],[-75.6121547,5.7843701],[-75.6121715,5.7843681],[-75.6122482,5.7843454],[-75.61233,5.7843351],[-75.6124426,5.7843256],[-75.6124789,5.7843248],[-75.6125406,5.7843377],[-75.6126049,5.7843436],[-75.6126508,5.7843415],[-75.6127089,5.7843337],[-75.6127361,5.7843336],[-75.6127499,5.7843289],[-75.6127488,5.7842841],[-75.6127733,5.7842109],[-75.6127818,5.7841659],[-75.6127859,5.7841136],[-75.6127852,5.7840556],[-75.6127748,5.7839714],[-75.6127358,5.7837952],[-75.6127242,5.7837238],[-75.6127212,5.7836797],[-75.6127241,5.7834793],[-75.6127193,5.7834228],[-75.612711,5.7833908],[-75.6126786,5.7833209],[-75.6126757,5.7833086],[-75.6126776,5.7832991],[-75.6127403,5.7832181],[-75.6127663,5.7831724],[-75.6127945,5.7831039],[-75.612816,5.7830325],[-75.6128426,5.7829597],[-75.612862,5.7829184],[-75.6128879,5.782879],[-75.612925,5.7828366],[-75.6129448,5.7828005],[-75.6129762,5.782759],[-75.6129976,5.7827363],[-75.6130703,5.7826732],[-75.6131923,5.7825833],[-75.6132557,5.782543],[-75.6133096,5.7825206],[-75.6133278,5.7825091],[-75.6133524,5.7824853],[-75.6133743,5.782455],[-75.6133895,5.7824185],[-75.6133964,5.7823773],[-75.6133875,5.7823188],[-75.6133651,5.7822389],[-75.6133634,5.7822178],[-75.6133666,5.7821931],[-75.6133943,5.7821339],[-75.6134151,5.7821058],[-75.6134342,5.7820899],[-75.6134654,5.7820835],[-75.6134931,5.7820689],[-75.6135053,5.7820607],[-75.6135122,5.7820509],[-75.6135146,5.782028],[-75.6135119,5.7819747],[-75.6135201,5.7819207],[-75.6135194,5.7817942],[-75.6135221,5.7817774],[-75.6135407,5.781772],[-75.6135674,5.7817731],[-75.6136044,5.7817796],[-75.6136631,5.7817979],[-75.6137037,5.7818065],[-75.6137295,5.78181],[-75.6137944,5.7818121],[-75.6138115,5.7818028],[-75.6138402,5.7817746],[-75.6138555,5.781748],[-75.6138916,5.7817065],[-75.6139029,5.7816798],[-75.6139282,5.7816536],[-75.6139389,5.7816121],[-75.613964,5.7815625],[-75.6139647,5.7815473],[-75.6139555,5.7815244],[-75.6139425,5.7815024],[-75.6139043,5.7814497],[-75.6138646,5.7813855],[-75.6138568,5.7813693],[-75.6138549,5.7813582],[-75.6138655,5.7813376],[-75.6139124,5.7812768],[-75.6139348,5.781227],[-75.6139543,5.781152],[-75.6139562,5.7810879],[-75.6139597,5.7810636],[-75.6139658,5.7810471],[-75.6139826,5.7810228],[-75.6140245,5.7809739],[-75.6140753,5.7809249],[-75.6141058,5.7809017],[-75.6141834,5.7808524],[-75.6142343,5.7808047],[-75.6142859,5.780739],[-75.6143188,5.7806913],[-75.6143301,5.7806698],[-75.6143436,5.7806294],[-75.6143482,5.7806226],[-75.614412,5.7806161],[-75.6144611,5.7805999],[-75.614578,5.7805418],[-75.6146453,5.7805011],[-75.6146641,5.7804865],[-75.6147072,5.7804362],[-75.614798,5.7803881],[-75.6148532,5.7803484],[-75.6149394,5.7802793],[-75.614995,5.7802268],[-75.6150687,5.7801477],[-75.6151044,5.7801147],[-75.6151049,5.7800891],[-75.6151144,5.7800436],[-75.615131,5.779895],[-75.6151305,5.7798637],[-75.6151237,5.7798334],[-75.6151318,5.7797769],[-75.6151317,5.7797316],[-75.6151237,5.779681],[-75.6150961,5.7795953],[-75.6150753,5.7795473],[-75.6150639,5.7794981],[-75.6150302,5.7794207],[-75.6150055,5.7793832],[-75.6149941,5.7793722],[-75.6149798,5.7793671],[-75.6149444,5.7793663],[-75.6149198,5.779361],[-75.6148695,5.7793386],[-75.6148021,5.7793026],[-75.6147761,5.779293],[-75.6147103,5.7792836],[-75.6146855,5.7792859],[-75.6146626,5.7792949],[-75.6146278,5.7793145],[-75.6145169,5.7794101],[-75.6144903,5.7794286],[-75.6144417,5.7794555],[-75.6143789,5.7794806],[-75.6143306,5.7794959],[-75.6142761,5.7795069],[-75.6141091,5.7795159],[-75.6139947,5.7795287],[-75.6139779,5.7795329],[-75.6139228,5.7795568],[-75.6138822,5.7795817],[-75.6138429,5.7796146],[-75.6137987,5.7796607],[-75.6137158,5.779759],[-75.6136972,5.7797755],[-75.6136583,5.7798007],[-75.6135966,5.779866],[-75.6135732,5.779887],[-75.6135506,5.7799032],[-75.6135143,5.7799228],[-75.6134792,5.7799349],[-75.6134498,5.7799402],[-75.6134044,5.7799416],[-75.6133739,5.7799383],[-75.6132304,5.7799009],[-75.6131924,5.7798801],[-75.6131128,5.7798288],[-75.6130234,5.7797801],[-75.6129504,5.7797538],[-75.6128807,5.7797428],[-75.6128554,5.779747],[-75.61284,5.7797532],[-75.6127916,5.7797814],[-75.6127431,5.7798192],[-75.6127213,5.7798418],[-75.612685,5.7798905],[-75.6126647,5.779927],[-75.6126418,5.7799822],[-75.612617,5.78009],[-75.6125881,5.7801807],[-75.6125237,5.7802618],[-75.6125053,5.7802776],[-75.612478,5.7802891],[-75.6124592,5.7803086],[-75.612442,5.7803172],[-75.6124233,5.780323],[-75.6123592,5.7803345],[-75.6122704,5.7803313],[-75.6121987,5.7803213],[-75.6121188,5.7802989],[-75.6120032,5.7802467],[-75.6119425,5.7802376],[-75.6118918,5.7802401],[-75.6118499,5.7802342],[-75.6118407,5.7802355],[-75.6118294,5.7802445],[-75.6118043,5.7802826],[-75.6117484,5.7803444],[-75.6117111,5.7803658],[-75.6116843,5.7803754],[-75.6116609,5.78038],[-75.6115909,5.7803764],[-75.6114582,5.7803528],[-75.6114076,5.7803458],[-75.6113595,5.7803427],[-75.611297,5.7803319],[-75.6111783,5.7803362],[-75.6111415,5.7803291],[-75.6111157,5.7803165],[-75.6111037,5.7803146],[-75.6110506,5.7803235],[-75.6109783,5.7802754],[-75.610881,5.7801913],[-75.6107471,5.7800993],[-75.6106801,5.7800587],[-75.6105886,5.7800102],[-75.6104724,5.7799328],[-75.6104553,5.7799182],[-75.6104454,5.7799141],[-75.6103759,5.7798996],[-75.6103544,5.7798979],[-75.6103015,5.7799024],[-75.6102022,5.7799231],[-75.6101569,5.7799239],[-75.6101343,5.7799305],[-75.6101022,5.7799461],[-75.6100392,5.7799861],[-75.6099996,5.7800047],[-75.6099142,5.7800222],[-75.6098673,5.7800365],[-75.6098381,5.7800413],[-75.6097861,5.780037],[-75.6097412,5.7800222],[-75.6097202,5.7800071],[-75.6096914,5.7799707],[-75.6096708,5.7799605],[-75.6096606,5.7799605],[-75.6096554,5.7799554],[-75.6096536,5.7799468],[-75.6096757,5.7799056],[-75.6096842,5.7798781],[-75.6096924,5.7798672],[-75.6097387,5.7797723],[-75.609778,5.7797114],[-75.6098257,5.7796598],[-75.6098673,5.7796206],[-75.6100671,5.7794477],[-75.6101053,5.7794062],[-75.6101354,5.779365],[-75.6101455,5.7793423],[-75.6101491,5.7793149],[-75.6101493,5.7792628],[-75.6101298,5.7791966],[-75.6101298,5.7791795],[-75.6101383,5.7791726],[-75.6101503,5.7791742],[-75.6101675,5.7791844],[-75.6101863,5.7791895],[-75.6101975,5.7791877],[-75.6102489,5.7791542],[-75.61027,5.7791335],[-75.6102824,5.7791304],[-75.6102922,5.7791338],[-75.6103337,5.7791781],[-75.6103547,5.7792152],[-75.6103654,5.779255],[-75.6103733,5.7793282],[-75.6103817,5.7793557],[-75.6103884,5.779368],[-75.6104333,5.7794093],[-75.6104877,5.7794724],[-75.610504,5.7794967],[-75.610533,5.7795307],[-75.6106219,5.7796187],[-75.6106972,5.7796737],[-75.6107521,5.7796943],[-75.6107653,5.7796951],[-75.6108191,5.7796863],[-75.6108674,5.7796891],[-75.6108954,5.7796808],[-75.6109491,5.7796501],[-75.6110152,5.779589],[-75.6111069,5.7795196],[-75.6111291,5.7795087],[-75.6111573,5.7795012],[-75.6112019,5.7794943],[-75.6112288,5.7794946],[-75.6112614,5.7794993],[-75.6113278,5.7795175],[-75.6113636,5.7795406],[-75.6113858,5.7795506],[-75.6114097,5.7795568],[-75.6114477,5.7795613],[-75.6114809,5.7795591],[-75.6115399,5.7795397],[-75.6115624,5.7795264],[-75.6115882,5.7795003],[-75.6116443,5.7794592],[-75.6116754,5.7794112],[-75.6116761,5.7793978],[-75.6116696,5.779378],[-75.6116714,5.7793668],[-75.6116964,5.7793384],[-75.61173,5.7793174],[-75.6117479,5.7793002],[-75.6118679,5.7792116],[-75.6119222,5.7791806],[-75.611959,5.7791646],[-75.6119953,5.7791538],[-75.612059,5.7791441],[-75.6121019,5.7791402],[-75.6121686,5.779141],[-75.6122119,5.7791354],[-75.612265,5.7791148],[-75.6123135,5.7790775],[-75.6123371,5.7790643],[-75.6123596,5.7790557],[-75.6123899,5.7790493],[-75.6124892,5.7790398],[-75.6125473,5.7790312],[-75.6127111,5.7789821],[-75.6127562,5.7789634],[-75.6128148,5.778931],[-75.6128869,5.778882],[-75.6129548,5.7788423],[-75.6130225,5.7788163],[-75.6130683,5.7788053],[-75.6131058,5.7788021],[-75.6131785,5.7788011],[-75.6133105,5.7788077],[-75.6133768,5.7788006],[-75.6134099,5.7787936],[-75.6134637,5.7787696],[-75.6135719,5.7787021],[-75.6136584,5.7786587],[-75.6137159,5.7786381],[-75.6138427,5.7786053],[-75.6138972,5.7785858],[-75.6139592,5.7785737],[-75.6139681,5.7785692],[-75.6139749,5.7785594],[-75.6139731,5.7785468],[-75.61394,5.7784631],[-75.6139229,5.7784336],[-75.6138912,5.7783889],[-75.6138563,5.7783475],[-75.613806,5.7783155],[-75.6137478,5.7782612],[-75.6137198,5.7782306],[-75.6136948,5.7781969],[-75.6136804,5.7781559],[-75.6136742,5.7780867],[-75.6136586,5.7780301],[-75.6136527,5.7779975],[-75.6136572,5.7779277],[-75.6136795,5.7778703],[-75.6137075,5.7778247],[-75.6137383,5.7777834],[-75.6137851,5.7777122],[-75.6138046,5.7776884],[-75.6138255,5.7776475],[-75.6138416,5.7776076],[-75.6138487,5.7775811],[-75.6138481,5.777536],[-75.6138579,5.7774813],[-75.6139031,5.7773907],[-75.6139015,5.777379],[-75.6138909,5.7773671],[-75.6138628,5.7773476],[-75.6138142,5.7773309],[-75.6137705,5.777302],[-75.6137224,5.7772885],[-75.6136763,5.7772901],[-75.6134748,5.7773162],[-75.6133837,5.7773188],[-75.6133379,5.7773122],[-75.6133115,5.7773033],[-75.6132764,5.7772754],[-75.6131645,5.7772121],[-75.6131234,5.7771979],[-75.6130868,5.7771801],[-75.6130597,5.7771721],[-75.6130308,5.7771568],[-75.6130013,5.7771534],[-75.6129424,5.7771536],[-75.61288,5.7771427],[-75.6128155,5.7771463],[-75.6128045,5.7771434],[-75.6127604,5.7771214],[-75.6126965,5.7771136],[-75.6126761,5.7771004],[-75.6126488,5.777088],[-75.6126279,5.7770717],[-75.6126165,5.7770572],[-75.6126016,5.7770306],[-75.6125705,5.7769901],[-75.6125672,5.7769752],[-75.6125677,5.7769526],[-75.6125696,5.7769439],[-75.6125805,5.7769262],[-75.6125753,5.7769078],[-75.6125802,5.7768873],[-75.6125674,5.7768531],[-75.6125672,5.7767305],[-75.6125699,5.7767025],[-75.6125633,5.7766422],[-75.6125515,5.7765764],[-75.6125434,5.7765535],[-75.6125337,5.7765365],[-75.6124806,5.776472],[-75.612459,5.7764544],[-75.6124434,5.776428],[-75.6124222,5.7764038],[-75.6123887,5.7763869],[-75.6122922,5.7763544],[-75.61223,5.7763398],[-75.6121931,5.7763272],[-75.6120728,5.7763056],[-75.6119567,5.7763038],[-75.6118436,5.776297],[-75.6117587,5.7762854],[-75.6117016,5.7762921],[-75.6116568,5.7762913],[-75.6115778,5.7762959],[-75.6115603,5.7762948],[-75.6115558,5.776291],[-75.6115617,5.7762802],[-75.6115918,5.7762464],[-75.6116741,5.7761667],[-75.6117033,5.7761331],[-75.6117544,5.7760933],[-75.6117984,5.7760446],[-75.6118268,5.7760214],[-75.6118614,5.7759831],[-75.6119255,5.7759213],[-75.6119549,5.7758968],[-75.6119866,5.7758625],[-75.6120031,5.775825],[-75.612006,5.7757984],[-75.6119976,5.7757889],[-75.6119881,5.7757842],[-75.6119461,5.775778],[-75.6118787,5.7757789],[-75.6118189,5.7757547],[-75.6117395,5.7757409],[-75.6117178,5.7757267],[-75.6116757,5.7757148],[-75.6116331,5.7756931],[-75.6115794,5.7756837],[-75.611572,5.775674],[-75.611623,5.7756662],[-75.6116475,5.7756532],[-75.6117152,5.775602],[-75.611797,5.7755241],[-75.6118125,5.775519],[-75.6118376,5.7754974],[-75.6118692,5.7754964],[-75.6118873,5.7754873],[-75.6119146,5.7754607],[-75.6119422,5.7754242],[-75.6119648,5.7753732],[-75.6119714,5.7753245],[-75.6119723,5.7753013],[-75.6119655,5.7752411],[-75.6119664,5.7752195],[-75.6119731,5.7752021],[-75.6119945,5.7751804],[-75.6119982,5.7751706],[-75.6119956,5.7751641],[-75.6119853,5.7751564],[-75.6119731,5.7751418],[-75.6119615,5.7751209],[-75.6119552,5.7751017],[-75.6119573,5.7750623],[-75.6119515,5.7750494],[-75.611943,5.7750399],[-75.6119166,5.7750214],[-75.6118571,5.7749914],[-75.6117821,5.7748945],[-75.6117634,5.774877],[-75.6117438,5.7748653],[-75.6117176,5.7748546],[-75.6116615,5.77484],[-75.6115689,5.7748358],[-75.6115091,5.7748206],[-75.6114419,5.7747975],[-75.6114154,5.7747911],[-75.6113972,5.7747917],[-75.6113786,5.774798],[-75.6113154,5.7748534],[-75.6112558,5.7748784],[-75.6111937,5.7748979],[-75.6110224,5.77494],[-75.6110091,5.7749395],[-75.6109982,5.7749336],[-75.6109854,5.774895],[-75.6109734,5.7748712],[-75.6109598,5.7748538],[-75.6109365,5.7748451],[-75.610918,5.7748274],[-75.6109043,5.7748184],[-75.6108555,5.7748036],[-75.6108371,5.7748045],[-75.6108017,5.7748121],[-75.6107472,5.7748282],[-75.6106702,5.7748326],[-75.610588,5.7748256],[-75.6105354,5.7748138],[-75.6104696,5.7748096],[-75.6104446,5.7748112],[-75.6103585,5.7748255],[-75.6103044,5.7748386],[-75.610191,5.7748911],[-75.6101798,5.774894],[-75.6101773,5.7748918],[-75.6101777,5.7748787],[-75.610187,5.7748531],[-75.6101918,5.7748261],[-75.6102128,5.7747982],[-75.6102151,5.7747912],[-75.6102007,5.774717],[-75.6102031,5.7746613],[-75.6101979,5.7746465],[-75.6101805,5.7746233],[-75.6101662,5.7745938],[-75.6101527,5.7745786],[-75.6101234,5.7745543],[-75.6101225,5.7745497],[-75.6101317,5.7745372],[-75.6101676,5.7745108],[-75.6102089,5.7744992],[-75.610291,5.7744974],[-75.6103586,5.7745052],[-75.610403,5.7745069],[-75.6104358,5.7745053],[-75.6104701,5.7744991],[-75.6105013,5.7744907],[-75.6105376,5.7744765],[-75.6106188,5.7744301],[-75.6106876,5.7743774],[-75.6107974,5.7742856],[-75.6108758,5.7742311],[-75.6109508,5.7741685],[-75.6111495,5.7740299],[-75.6111853,5.7740104],[-75.6112576,5.773986],[-75.6113245,5.773956],[-75.6113345,5.7739489],[-75.6113568,5.773917],[-75.6113842,5.7738928],[-75.6113874,5.773872],[-75.6114015,5.7738485],[-75.6114079,5.7738314],[-75.611423,5.773822],[-75.6114225,5.7738132],[-75.6114064,5.7737893],[-75.6113913,5.7737551],[-75.6113901,5.7737435],[-75.6113924,5.7737393],[-75.6114151,5.7737314],[-75.6114726,5.7737214],[-75.6115456,5.7737157],[-75.6115983,5.7737004],[-75.6116261,5.7736866],[-75.6116573,5.7736637],[-75.6117523,5.7736212],[-75.6117745,5.7736075],[-75.6118145,5.7735666],[-75.6118322,5.7735392],[-75.6118451,5.7735127],[-75.6118557,5.7734576],[-75.6118459,5.7734307],[-75.6118334,5.7734116],[-75.6118056,5.7733853],[-75.6117584,5.7733596],[-75.6117121,5.7733493],[-75.6116615,5.7733315],[-75.6116189,5.7733205],[-75.611606,5.7733194],[-75.611576,5.773325],[-75.6115616,5.773332],[-75.6115224,5.7733606],[-75.6114878,5.7734147],[-75.6114549,5.7734571],[-75.6114259,5.7734872],[-75.6113688,5.7735599],[-75.6113544,5.7735729],[-75.6113444,5.7735778],[-75.6112969,5.7735499],[-75.6112693,5.7735145],[-75.6112297,5.7734899],[-75.6112267,5.7734814],[-75.6112272,5.7734536],[-75.6112154,5.7734328],[-75.6112036,5.7734219],[-75.611134,5.7733729],[-75.6111088,5.7733697],[-75.6110387,5.7733737],[-75.6109835,5.7733678],[-75.6108781,5.7733247],[-75.6108256,5.7733131],[-75.6106797,5.7733257],[-75.6106635,5.7733137],[-75.6106298,5.773271],[-75.6105961,5.7732455],[-75.6105739,5.7732224],[-75.610566,5.7732183],[-75.6105317,5.7732273],[-75.6104959,5.7732484],[-75.6104513,5.773267],[-75.6104296,5.7732673],[-75.610407,5.7732587],[-75.6103863,5.7732449],[-75.6103509,5.7732074],[-75.6102916,5.7731261],[-75.6102697,5.7731031],[-75.6102608,5.7730995],[-75.6102577,5.7731065],[-75.61026,5.7731189],[-75.6102868,5.7731826],[-75.610321,5.7732836],[-75.6103225,5.7733231],[-75.6103179,5.7733482],[-75.6103115,5.7733652],[-75.6102995,5.773381],[-75.6102535,5.7734188],[-75.6102079,5.7734467],[-75.6101686,5.773459],[-75.6100835,5.773465],[-75.610076,5.7734571],[-75.6100816,5.7734428],[-75.6101158,5.7734046],[-75.6101574,5.7733748],[-75.6101724,5.7733571],[-75.6101738,5.7733487],[-75.6101713,5.7733342],[-75.6101543,5.7732957],[-75.6101271,5.7732601],[-75.6100621,5.7731949],[-75.6099084,5.7730778],[-75.6098286,5.7730042],[-75.6097953,5.7729831],[-75.6097373,5.7729628],[-75.6097042,5.772967],[-75.6096274,5.7730051],[-75.6095604,5.7730161],[-75.609529,5.7730256],[-75.6095152,5.7730342],[-75.6094832,5.7730654],[-75.6094477,5.7730903],[-75.6094397,5.7730929],[-75.6094325,5.7730902],[-75.6094073,5.7730666],[-75.609376,5.7730438],[-75.609348,5.7730355],[-75.6091926,5.7729718],[-75.6090654,5.7729273],[-75.609087,5.7729213],[-75.6092116,5.7729185],[-75.6092653,5.7729255],[-75.609338,5.7729453],[-75.609376,5.7729472],[-75.609402,5.772944],[-75.6094386,5.7729252],[-75.6094598,5.7729075],[-75.6095436,5.7728187],[-75.6096546,5.7726893],[-75.6096573,5.7726777],[-75.6096438,5.7726158],[-75.6096462,5.7726059],[-75.6098964,5.7724735],[-75.6099855,5.7724118],[-75.6100634,5.7723361],[-75.6101241,5.7722625],[-75.610168,5.7721906],[-75.6101923,5.7721272],[-75.6102071,5.7721014],[-75.6102202,5.7720929],[-75.6102524,5.7720824],[-75.6103157,5.7720749],[-75.6103892,5.7720711],[-75.6104469,5.772101],[-75.610472,5.7721082],[-75.6105048,5.7721113],[-75.610563,5.7721027],[-75.6106076,5.7720851],[-75.6106486,5.7720751],[-75.6107127,5.7720733],[-75.6107659,5.7720838],[-75.6108647,5.7721299],[-75.6109072,5.7721441],[-75.6109518,5.7721538],[-75.6110182,5.7721563],[-75.6111167,5.7721479],[-75.6111431,5.7721487],[-75.6111957,5.7721612],[-75.6112262,5.7721731],[-75.6113227,5.7722336],[-75.6113618,5.7722541],[-75.6113845,5.7722633],[-75.6114246,5.7722726],[-75.6114502,5.7722748],[-75.6114925,5.7722725],[-75.6116064,5.7722514],[-75.6116433,5.7722473],[-75.6116839,5.7722485],[-75.6117134,5.7722531],[-75.6117455,5.7722615],[-75.6117938,5.7722836],[-75.6119219,5.7723782],[-75.6119737,5.7724109],[-75.6120426,5.7724458],[-75.6121038,5.7724659],[-75.6121441,5.7724757],[-75.6122112,5.7724854],[-75.6122977,5.7724837],[-75.612412,5.7724716],[-75.6124694,5.7724732],[-75.6125526,5.7724878],[-75.6128679,5.7725688],[-75.6129222,5.7725759],[-75.612931,5.7725726],[-75.6129383,5.7725636],[-75.6129426,5.7725354],[-75.6129433,5.7725033],[-75.6129299,5.7723511],[-75.6129283,5.7722838],[-75.6129222,5.77226],[-75.6129177,5.7722217],[-75.6128805,5.7721363],[-75.6128705,5.7721266],[-75.6128469,5.7721148],[-75.6128003,5.772085],[-75.612768,5.7720708],[-75.6127092,5.7720605],[-75.6126739,5.7720685],[-75.6126432,5.7720664],[-75.6126315,5.77206],[-75.6126232,5.7720446],[-75.6126088,5.7719798],[-75.6126052,5.7719407],[-75.6125968,5.7718994],[-75.6125928,5.7717834],[-75.6126013,5.7716831],[-75.6126107,5.7716255],[-75.6126059,5.7716005],[-75.6125924,5.7715763],[-75.612572,5.7715528],[-75.6125097,5.771511],[-75.6124924,5.7714964],[-75.6124563,5.7714559],[-75.6124336,5.7714201],[-75.6123851,5.7713553],[-75.6123369,5.7713132],[-75.6123182,5.7713012],[-75.6122684,5.7712862],[-75.612232,5.771285],[-75.6121128,5.7713345],[-75.6120929,5.7713385],[-75.612085,5.7713318],[-75.6120875,5.7713014],[-75.6121071,5.7712505],[-75.6121124,5.7712249],[-75.6121135,5.771184],[-75.6121047,5.7711156],[-75.6121061,5.7710742],[-75.6121395,5.7709937],[-75.6121557,5.7709114],[-75.6121867,5.7708618],[-75.6121968,5.7708547],[-75.6122238,5.7708528],[-75.6122774,5.7708347],[-75.6123148,5.7708079],[-75.6123382,5.7707858],[-75.6123793,5.7707539],[-75.61242,5.7707309],[-75.6124336,5.7707293],[-75.6124514,5.7707433],[-75.6124621,5.7707451],[-75.6125381,5.7707283],[-75.61258,5.770723],[-75.6125796,5.7707139],[-75.6125449,5.7706757],[-75.6125128,5.7706181],[-75.6124283,5.770526],[-75.6123873,5.7704631],[-75.6123594,5.7704332],[-75.6123425,5.7704036],[-75.6123023,5.770354],[-75.6122963,5.77035],[-75.6122894,5.7703525],[-75.6122664,5.7703916],[-75.6122387,5.7704184],[-75.6122128,5.7704492],[-75.6121801,5.7705134],[-75.6121603,5.7705457],[-75.61214,5.7705724],[-75.6121126,5.7705994],[-75.6120718,5.7706265],[-75.6119374,5.7706909],[-75.6118744,5.7707371],[-75.6118421,5.7707453],[-75.6118202,5.7707455],[-75.6117939,5.7707398],[-75.6117592,5.7707198],[-75.6117215,5.7707037],[-75.6116746,5.7706898],[-75.6116457,5.7706847],[-75.6115968,5.7706827],[-75.611483,5.7706952],[-75.6114575,5.7706937],[-75.6114369,5.7706878],[-75.611374,5.7706567],[-75.6113455,5.7706358],[-75.6112834,5.7705973],[-75.6112578,5.7705867],[-75.6112225,5.7705776],[-75.6112176,5.7705683],[-75.6112125,5.7705255],[-75.611196,5.7704779],[-75.611196,5.7704678],[-75.6112143,5.7703875],[-75.6112163,5.7703514],[-75.6112134,5.7703112],[-75.6111983,5.7702203],[-75.611155,5.7700973],[-75.6111419,5.7700445],[-75.6111373,5.7700066],[-75.6111375,5.7699612],[-75.6111489,5.7699064],[-75.611139,5.7698859],[-75.6111198,5.769861],[-75.6111136,5.7697786],[-75.6111206,5.7697688],[-75.6111309,5.7697651],[-75.6111489,5.7697649],[-75.6111745,5.7697692],[-75.6111841,5.7697669],[-75.6112796,5.7697005],[-75.6113144,5.769672],[-75.6113907,5.7695902],[-75.611424,5.7695085],[-75.6114569,5.7694643],[-75.6114677,5.7694632],[-75.6115495,5.7694926],[-75.6116467,5.7695049],[-75.6116873,5.7695172],[-75.6117318,5.7695241],[-75.611949,5.7695886],[-75.6120047,5.7696009],[-75.6120393,5.7696048],[-75.6120711,5.7696028],[-75.6121851,5.7695824],[-75.6121971,5.7695768],[-75.6121926,5.7695661],[-75.6121231,5.7695171],[-75.6120625,5.7694698],[-75.6120216,5.7694431],[-75.6119573,5.7694136],[-75.6118906,5.7693575],[-75.6118681,5.7693349],[-75.6118423,5.7693245],[-75.61184,5.7693156],[-75.6118465,5.7692847],[-75.6118403,5.7692333],[-75.6118425,5.7691601],[-75.6118295,5.7690856],[-75.6118175,5.7690502],[-75.6118098,5.7690133],[-75.6117812,5.7689689],[-75.611758,5.7689194],[-75.6117432,5.7688795],[-75.6117194,5.7688371],[-75.6117254,5.7687932],[-75.611754,5.7687025],[-75.6117755,5.768662],[-75.6118338,5.768585],[-75.6118872,5.7685435],[-75.6119276,5.7685193],[-75.6119545,5.7685073],[-75.6119898,5.7685],[-75.6120435,5.7684836],[-75.6121305,5.7684884],[-75.6121535,5.768492],[-75.612153,5.7684837],[-75.6121266,5.7684467],[-75.6120975,5.7683913],[-75.6120672,5.7683032],[-75.6120567,5.7682403],[-75.6120522,5.7681863],[-75.612042,5.768148],[-75.6120284,5.7680598],[-75.6120127,5.7680089],[-75.611991,5.7679565],[-75.6119807,5.7679405],[-75.6119459,5.7679031],[-75.6119392,5.7679001],[-75.6119247,5.7679018],[-75.6118885,5.7679148],[-75.6118291,5.7679488],[-75.6118039,5.7679741],[-75.6117773,5.7680073],[-75.6117341,5.7680824],[-75.6117152,5.7681092],[-75.6116992,5.7681259],[-75.6116433,5.768171],[-75.6115923,5.7682282],[-75.6115902,5.7682407],[-75.6116015,5.7682601],[-75.6116046,5.7682748],[-75.611602,5.7682869],[-75.6115927,5.7682924],[-75.6115786,5.7682876],[-75.6115516,5.7682561],[-75.6115364,5.768244],[-75.6114946,5.7682264],[-75.6114265,5.7681791],[-75.6113809,5.7681523],[-75.6113027,5.7681125],[-75.6112665,5.7680988],[-75.6112576,5.7681113],[-75.6112418,5.7681681],[-75.6112272,5.7681994],[-75.6112038,5.7682299],[-75.6111443,5.7682887],[-75.6111105,5.7683266],[-75.6110529,5.7684254],[-75.611027,5.7684605],[-75.6109666,5.7685106],[-75.6108302,5.7685793],[-75.610782,5.7686217],[-75.6107689,5.7686439],[-75.6107471,5.7686948],[-75.6107386,5.7687258],[-75.6107275,5.7687524],[-75.6107184,5.7687899],[-75.6106743,5.7687838],[-75.6105987,5.7687825],[-75.6105611,5.7687759],[-75.6104797,5.7687765],[-75.6103846,5.7687979],[-75.6103526,5.7688146],[-75.6103043,5.7688269],[-75.6102591,5.7688316],[-75.6101954,5.7688329],[-75.6101641,5.7688323],[-75.61013,5.7688272],[-75.6101011,5.7688187],[-75.6100532,5.7687994],[-75.6099925,5.7687649],[-75.6099606,5.7687373],[-75.6098969,5.768671],[-75.6098435,5.7686204],[-75.6097928,5.7685811],[-75.6097628,5.7685661],[-75.609744,5.7685605],[-75.6097149,5.7685567],[-75.6096635,5.7685599],[-75.6096365,5.7685515],[-75.6096178,5.7685398],[-75.609546,5.7684762],[-75.6095123,5.7684559],[-75.6094619,5.7684397],[-75.6093858,5.7684473],[-75.6093488,5.7684584],[-75.6092912,5.7684571],[-75.6092629,5.7684499],[-75.6092485,5.7684409],[-75.6091649,5.7683708],[-75.609079,5.7683393],[-75.6090717,5.7683338],[-75.6090721,5.7683259],[-75.6090857,5.7682959],[-75.6091052,5.7682715],[-75.6091329,5.7682271],[-75.6091541,5.7682093],[-75.6091618,5.7681994],[-75.6091737,5.7681601],[-75.6091749,5.7681368],[-75.6091719,5.7680975],[-75.6091353,5.7679526],[-75.6091318,5.7679279],[-75.6091347,5.7679098],[-75.6091524,5.7678859],[-75.6091983,5.7678465],[-75.6092672,5.7678306],[-75.6093032,5.7678299],[-75.6093608,5.7678103],[-75.6094111,5.7677844],[-75.6095105,5.7677565],[-75.60955,5.7677395],[-75.6095856,5.7677198],[-75.6095986,5.7677085],[-75.6096067,5.767696],[-75.6096057,5.7676777],[-75.6095672,5.7675871],[-75.6095125,5.7675018],[-75.6094496,5.7674151],[-75.6094121,5.7673544],[-75.6093908,5.7673072],[-75.6093874,5.7672773],[-75.6093749,5.7672471],[-75.6093674,5.7671882],[-75.6093464,5.7671302],[-75.609312,5.7670735],[-75.6092967,5.7670426],[-75.6092685,5.7670124],[-75.6092517,5.7669841],[-75.6092302,5.7669649],[-75.6091987,5.7669514],[-75.6091509,5.7669078],[-75.6091143,5.7668963],[-75.6090961,5.7668783],[-75.6090544,5.7668475],[-75.6090052,5.7668015],[-75.6089469,5.7667116],[-75.6089185,5.7666808],[-75.608896,5.7666444],[-75.6088453,5.7665823],[-75.6087787,5.7665087],[-75.6087512,5.7664821],[-75.6087143,5.7664558],[-75.6086436,5.7663911],[-75.6086009,5.7663609],[-75.6085601,5.7663392],[-75.6085239,5.7663031],[-75.6084924,5.7662888],[-75.6084394,5.7662761],[-75.6083754,5.7662436],[-75.6083696,5.766233],[-75.6083954,5.7662063],[-75.6084369,5.7661833],[-75.6084991,5.7661665],[-75.6085636,5.7661357],[-75.6086307,5.7661122],[-75.6086527,5.7661007],[-75.6087029,5.7660665],[-75.6087617,5.7660434],[-75.6087841,5.7660277],[-75.6088198,5.7660103],[-75.6088651,5.7659971],[-75.6088831,5.7659844],[-75.6089009,5.7659763],[-75.6089463,5.7659676],[-75.6090014,5.7659505],[-75.6090846,5.7659461],[-75.6091522,5.7659378],[-75.6091973,5.765938],[-75.6092313,5.7659414],[-75.6092552,5.7659461],[-75.6092922,5.7659635],[-75.6093432,5.7659652],[-75.6093755,5.7659593],[-75.6094025,5.7659493],[-75.6094285,5.7659337],[-75.6094506,5.7659138],[-75.6094699,5.7658887],[-75.6094798,5.765862],[-75.6094871,5.7658164],[-75.6094889,5.7657264],[-75.6094957,5.7656935],[-75.6095128,5.7656573],[-75.6095468,5.7656134],[-75.6095734,5.7655865],[-75.6095939,5.7655707],[-75.6096434,5.7655441],[-75.6096971,5.7655107],[-75.6097931,5.7654681],[-75.6098589,5.7654553],[-75.6098574,5.7654459],[-75.6098136,5.7654083],[-75.6097935,5.7653865],[-75.6097574,5.7653323],[-75.6097118,5.7652931],[-75.6097012,5.7652775],[-75.6097101,5.7652667],[-75.609728,5.765257],[-75.6097902,5.7652387],[-75.6098424,5.7652327],[-75.6099088,5.7652347],[-75.6099281,5.76523],[-75.6098878,5.7651479],[-75.609866,5.765046],[-75.6098396,5.7649915],[-75.6098202,5.7649332],[-75.6097976,5.7648887],[-75.6097711,5.7648567],[-75.6097465,5.7648213],[-75.6097199,5.7647574],[-75.6097211,5.7647482],[-75.6097268,5.7647393],[-75.6097437,5.7647254],[-75.6097617,5.7647153],[-75.6098013,5.7647042],[-75.6098432,5.7646976],[-75.6098603,5.7646909],[-75.6098698,5.7646747],[-75.6098794,5.7646164],[-75.6098879,5.7645967],[-75.6099041,5.7645963],[-75.6099817,5.7646122],[-75.6100304,5.7646149],[-75.6100718,5.764612],[-75.6101039,5.7646056],[-75.6101478,5.7646048],[-75.610195,5.7645997],[-75.6102525,5.7646017],[-75.6103441,5.7646263],[-75.6103831,5.7646507],[-75.6104257,5.7646853],[-75.6104759,5.7647058],[-75.6105458,5.76472],[-75.6105959,5.7647178],[-75.610629,5.7647127],[-75.610678,5.764693],[-75.6107357,5.7646507],[-75.6107861,5.7646249],[-75.610808,5.7646166],[-75.6108485,5.7646079],[-75.6108855,5.7645849],[-75.6109043,5.7645852],[-75.6109109,5.7645822],[-75.6109276,5.7645621],[-75.6109437,5.7645205],[-75.6109654,5.7644766],[-75.6110145,5.7644076],[-75.6110356,5.7643579],[-75.6110403,5.764333],[-75.611034,5.7643094],[-75.6110281,5.7642579],[-75.6110306,5.7642066],[-75.6110199,5.764158],[-75.6110049,5.7641131],[-75.6109706,5.7640335],[-75.6109224,5.7639471],[-75.6108772,5.7638789],[-75.6107722,5.7637397],[-75.6107486,5.7637182],[-75.6107046,5.7636857],[-75.6106822,5.7636629],[-75.6105949,5.7636252],[-75.610553,5.7636283],[-75.6104913,5.7636165],[-75.6104624,5.7636283],[-75.6103714,5.7636216],[-75.6103082,5.7636312],[-75.6102806,5.7636328],[-75.610235,5.7636287],[-75.6101712,5.7636449],[-75.610126,5.7636453],[-75.6101097,5.7636423],[-75.6101074,5.7636365],[-75.6101091,5.7636293],[-75.6101429,5.7635657],[-75.6101658,5.7635031],[-75.6101753,5.7634212],[-75.6101712,5.7633977],[-75.610158,5.7633711],[-75.6101446,5.7633238],[-75.6101274,5.7632915],[-75.6101252,5.7632627],[-75.610106,5.7632329],[-75.6100996,5.7632062],[-75.6100729,5.7631789],[-75.6100401,5.7631588],[-75.6099961,5.7631224],[-75.6099633,5.7631072],[-75.6099435,5.7631026],[-75.609915,5.7630887],[-75.6098867,5.7630901],[-75.6098677,5.7630878],[-75.6098373,5.7630806],[-75.6098326,5.7630744],[-75.6098409,5.7630618],[-75.60987,5.7630361],[-75.6098998,5.7630039],[-75.6099303,5.7629616],[-75.609954,5.7629216],[-75.6099964,5.7628741],[-75.6100701,5.762823],[-75.6101234,5.7627762],[-75.6101359,5.7627702],[-75.6101739,5.7627629],[-75.6102052,5.7627524],[-75.6101922,5.7627457],[-75.6101311,5.7626986],[-75.6100957,5.7626606],[-75.6100298,5.7625792],[-75.6100288,5.7625709],[-75.6100317,5.7625629],[-75.6100741,5.7625],[-75.6100944,5.7624642],[-75.6100622,5.7624419],[-75.6100302,5.7624242],[-75.610008,5.7624053],[-75.6099938,5.7623836],[-75.6099916,5.7623654],[-75.6100153,5.7623628],[-75.6100305,5.7623573],[-75.6100676,5.7623331],[-75.6101121,5.7622961],[-75.6101425,5.7622798],[-75.6101651,5.7622714],[-75.6102561,5.7622496],[-75.6102907,5.7622438],[-75.6103087,5.7622439],[-75.6104109,5.7622736],[-75.6104375,5.7622752],[-75.6104459,5.7622719],[-75.6104269,5.7622324],[-75.6104118,5.7621915],[-75.6103816,5.7621323],[-75.6103256,5.7620663],[-75.6102936,5.7620159],[-75.6102799,5.7619818],[-75.6102596,5.7619016],[-75.6102472,5.7618818],[-75.6102164,5.7618458],[-75.610208,5.7618293],[-75.6102137,5.7618255],[-75.6102278,5.761823],[-75.6102628,5.7618255],[-75.6103172,5.7618341],[-75.610331,5.7618334],[-75.6103983,5.7618192],[-75.6104701,5.7617859],[-75.6105243,5.7617475],[-75.6105606,5.7617153],[-75.6105969,5.7616884],[-75.6106493,5.7616322],[-75.6106701,5.7616005],[-75.6107278,5.7615326],[-75.6107468,5.7615021],[-75.6107682,5.7614745],[-75.6107779,5.7614528],[-75.6107879,5.7614465],[-75.6108113,5.7614415],[-75.6108152,5.7614346],[-75.6108119,5.7614243],[-75.6107728,5.7613782],[-75.6107541,5.7613473],[-75.6107443,5.761339],[-75.6107255,5.76133],[-75.6107114,5.7613097],[-75.6106969,5.7612361],[-75.6106976,5.7610682],[-75.6106926,5.7610502],[-75.6106706,5.7610227],[-75.6105892,5.760978],[-75.6105304,5.760955],[-75.610495,5.7609323],[-75.6104397,5.7609109],[-75.6104205,5.7608982],[-75.6103831,5.7608813],[-75.6103294,5.7608507],[-75.6103128,5.7608481],[-75.6102774,5.7608563],[-75.6102594,5.7608556],[-75.6101808,5.7608357],[-75.6101343,5.7608183],[-75.6101317,5.7608111],[-75.6101329,5.7608078],[-75.6102221,5.7607628],[-75.6102523,5.7607421],[-75.6102804,5.7607172],[-75.610313,5.7606802],[-75.6103296,5.760667],[-75.6103473,5.760645],[-75.6103666,5.7606142],[-75.6103755,5.760582],[-75.610387,5.7605141],[-75.6104026,5.7604917],[-75.6104024,5.7604801],[-75.6103918,5.7604446],[-75.6103963,5.7604327],[-75.6104074,5.7604197],[-75.6104603,5.7603734],[-75.6104913,5.7603508],[-75.6105451,5.760327],[-75.6106495,5.7602745],[-75.6106802,5.7602635],[-75.6107253,5.760234],[-75.6107618,5.7602272],[-75.6107552,5.7602251],[-75.6107187,5.7602261],[-75.6106806,5.7602213],[-75.6106275,5.7602282],[-75.6105455,5.7602303],[-75.6104736,5.7602389],[-75.6104444,5.7602357],[-75.6104159,5.7602281],[-75.6103686,5.7602333],[-75.6103293,5.7602302],[-75.6102378,5.7602339],[-75.610201,5.7602266],[-75.6101734,5.7602124],[-75.6101682,5.7602032],[-75.6101716,5.7601942],[-75.6102116,5.7601359],[-75.6102185,5.7601117],[-75.6102469,5.760049],[-75.6102467,5.7600286],[-75.6102341,5.7599756],[-75.6102181,5.7599456],[-75.6102165,5.7599398],[-75.6102188,5.7599372],[-75.6102333,5.7599396],[-75.610389,5.7600035],[-75.6104461,5.7600218],[-75.6105172,5.7600233],[-75.610579,5.7600173],[-75.6106019,5.7600103],[-75.6106516,5.7599842],[-75.6106927,5.7599422],[-75.6107068,5.759921],[-75.6107238,5.7598836],[-75.6107435,5.7598567],[-75.61075,5.7598201],[-75.6107587,5.7598022],[-75.6107731,5.7597841],[-75.6107921,5.7597679],[-75.6108318,5.7597453],[-75.6108863,5.7597079],[-75.6109118,5.759688],[-75.6109204,5.7596748],[-75.610938,5.7596236],[-75.6109689,5.759485],[-75.6109734,5.7594759],[-75.6109906,5.7594611],[-75.6109943,5.759454],[-75.610993,5.7594477],[-75.6109785,5.7594302],[-75.610977,5.7594221],[-75.6109921,5.7593313],[-75.6109966,5.7592765],[-75.6109916,5.7591977],[-75.6109749,5.7590968],[-75.6109851,5.7590695],[-75.6109804,5.7590321],[-75.6110115,5.7589862],[-75.6110261,5.7589779],[-75.6110715,5.7589617],[-75.6110983,5.758946],[-75.611138,5.7589138],[-75.6111789,5.7588654],[-75.6112052,5.7588237],[-75.6112408,5.758746],[-75.6112857,5.7586695],[-75.6113153,5.7585712],[-75.6113241,5.7585259],[-75.6113264,5.7584796],[-75.6113216,5.7584396],[-75.6113131,5.7584103],[-75.6112999,5.7583797],[-75.6112853,5.7583576],[-75.6112755,5.7583473],[-75.6112218,5.7583083],[-75.6112166,5.7582956],[-75.6112257,5.7582871],[-75.6112656,5.7582794],[-75.6112926,5.7582795],[-75.6113302,5.7582849],[-75.6113624,5.7582835],[-75.6113759,5.7582774],[-75.6114299,5.7582404],[-75.6114541,5.7582185],[-75.6115194,5.7581404],[-75.6115509,5.7581083],[-75.6115687,5.7580759],[-75.6115785,5.7580439],[-75.6115821,5.7580008],[-75.61158,5.7579528],[-75.6115724,5.7578933],[-75.6115633,5.757848],[-75.6115435,5.7577837],[-75.6115235,5.7577363],[-75.6114788,5.7576495],[-75.6114754,5.7576383],[-75.6114778,5.7575921],[-75.6114761,5.7574704],[-75.6114698,5.7574048],[-75.6114563,5.7573399],[-75.6114418,5.7572874],[-75.6113881,5.7571271],[-75.6113436,5.7569715],[-75.6113231,5.7569394],[-75.6113029,5.7569186],[-75.6112967,5.7569075],[-75.6113017,5.7568841],[-75.611306,5.7568775],[-75.6113185,5.7568757],[-75.611405,5.7568923],[-75.6114625,5.7568942],[-75.6115101,5.756889],[-75.6115166,5.7568856],[-75.6115204,5.7568774],[-75.6115206,5.7568683],[-75.6115041,5.7566901],[-75.6115072,5.7566813],[-75.6115115,5.7566783],[-75.6115249,5.7566765],[-75.6115597,5.75668],[-75.6116031,5.7566913],[-75.6116567,5.756711],[-75.6117316,5.7567227],[-75.611746,5.7567219],[-75.6117653,5.7567156],[-75.6117919,5.7567006],[-75.6118063,5.7566877],[-75.6118356,5.756642],[-75.6118549,5.7565966],[-75.6118776,5.7565285],[-75.6118963,5.7564422],[-75.6118987,5.7564049],[-75.6118974,5.7563642],[-75.6118847,5.7563164],[-75.6118847,5.7563073],[-75.611906,5.7562243],[-75.6119227,5.7560568],[-75.6119319,5.7559972],[-75.6119637,5.7558688],[-75.6119909,5.755796],[-75.6120359,5.7557144],[-75.6120572,5.7556852],[-75.6120806,5.7556644],[-75.6121523,5.7556155],[-75.6123316,5.7555166],[-75.6123459,5.7555046],[-75.6123501,5.7554921],[-75.6123272,5.7554699],[-75.6122788,5.7554413],[-75.6122338,5.7553958],[-75.6121807,5.7553678],[-75.6120992,5.7553107],[-75.6120669,5.7552836],[-75.6119942,5.755234],[-75.6119598,5.7552048],[-75.6118429,5.7551325],[-75.6118143,5.7551121],[-75.6117841,5.7550838],[-75.6117142,5.755004],[-75.6116872,5.7549771],[-75.611594,5.7548986],[-75.6115086,5.7548352],[-75.61144,5.7548047],[-75.6114198,5.7548009],[-75.6113371,5.754809],[-75.6112411,5.7548269],[-75.6112307,5.7548261],[-75.6112259,5.7548155],[-75.6112224,5.7547721],[-75.6112254,5.75472],[-75.6112175,5.7546924],[-75.6112138,5.7546655],[-75.6111954,5.7546349],[-75.6111754,5.7545822],[-75.6111248,5.7545374],[-75.6110992,5.7545183],[-75.6110697,5.7545055],[-75.6110037,5.7544935],[-75.6109553,5.7544911],[-75.6108655,5.7545],[-75.6107711,5.7544816],[-75.6107265,5.7544679],[-75.6106712,5.7544562],[-75.6106398,5.7544416],[-75.6105803,5.7544024],[-75.6105616,5.7543948],[-75.6105413,5.7543908],[-75.6105264,5.7543927],[-75.610518,5.7543969],[-75.6104814,5.7544272],[-75.6104463,5.7544449],[-75.6104008,5.7544603],[-75.6102842,5.7544906],[-75.610109,5.7545717],[-75.6100012,5.7546176],[-75.6099319,5.7546403],[-75.6098511,5.7546579],[-75.6098136,5.7546617],[-75.6096991,5.7546553],[-75.6096635,5.7546462],[-75.6095665,5.7546092],[-75.6095322,5.7545998],[-75.6094878,5.7545909],[-75.6093986,5.7545808],[-75.6093625,5.7545806],[-75.6093191,5.754586],[-75.609214,5.7546104],[-75.6091328,5.7546377],[-75.6090479,5.7546733],[-75.6089438,5.7547443],[-75.6089027,5.7547776],[-75.6088717,5.7548104],[-75.6088671,5.7548196],[-75.6088669,5.754846],[-75.6088629,5.7548609],[-75.6088545,5.7548748],[-75.6088423,5.7548835],[-75.6088307,5.7548762],[-75.6088202,5.7548645],[-75.6088122,5.7548503],[-75.608799,5.7548126],[-75.6087804,5.7547947],[-75.6087195,5.7547666],[-75.6086647,5.7547489],[-75.6086063,5.7547347],[-75.6085437,5.7547242],[-75.6084649,5.7547199],[-75.6084467,5.7547222],[-75.6083831,5.7547402],[-75.6083083,5.7547454],[-75.6082374,5.7547611],[-75.6082018,5.7547609],[-75.6081732,5.7547544],[-75.6081432,5.7547412],[-75.6080318,5.7546708],[-75.6080053,5.754657],[-75.6079769,5.7546502],[-75.6079465,5.7546526],[-75.6079247,5.754663],[-75.6078899,5.7546915],[-75.607865,5.7547167],[-75.607845,5.7547474],[-75.6078116,5.7548199],[-75.6077724,5.7549244],[-75.6077442,5.7549794],[-75.6077318,5.7550243],[-75.6077288,5.7550509],[-75.6077226,5.7550745],[-75.6077163,5.7550868],[-75.6077075,5.7550885],[-75.6076786,5.755064],[-75.6076447,5.7550257],[-75.6075441,5.7548868],[-75.607481,5.7548186],[-75.6074405,5.7547701],[-75.6074075,5.754725],[-75.6073891,5.754693],[-75.6073738,5.7546552],[-75.6073548,5.7545651],[-75.6073434,5.7545304],[-75.6073194,5.7544924],[-75.6072884,5.7544679],[-75.6072579,5.7544557],[-75.6072335,5.7544502],[-75.6071539,5.7544473],[-75.6071261,5.754441],[-75.6071168,5.7544324],[-75.6071079,5.7543863],[-75.6071088,5.7543317],[-75.6071383,5.7541897],[-75.6071449,5.7541369],[-75.6071496,5.7540501],[-75.6071474,5.7539904],[-75.6071427,5.7539611],[-75.6071316,5.7539324],[-75.6071093,5.753892],[-75.607091,5.7538695],[-75.6070579,5.753839],[-75.6069787,5.7537907],[-75.6069313,5.7537677],[-75.6069,5.7537671],[-75.606856,5.7537477],[-75.6068354,5.7537234],[-75.606793,5.7536935],[-75.6067671,5.7536618],[-75.6067608,5.7536294],[-75.60675,5.7536012],[-75.6067406,5.7535563],[-75.6067245,5.7535254],[-75.606714,5.753445],[-75.6067152,5.7534209],[-75.606721,5.7533922],[-75.6067596,5.7532985],[-75.6068128,5.7532202],[-75.6068384,5.7531708],[-75.606845,5.7531422],[-75.6068395,5.7531231],[-75.6067951,5.7531045],[-75.6067542,5.753078],[-75.6067344,5.7530716],[-75.6067207,5.7530718],[-75.6066718,5.7530974],[-75.6065677,5.7531378],[-75.6065191,5.7531695],[-75.6064461,5.7532039],[-75.6063922,5.7532223],[-75.6062918,5.7532292],[-75.6062855,5.7532218],[-75.6062772,5.7531899],[-75.6062484,5.7531187],[-75.6061884,5.7530149],[-75.6061788,5.7529845],[-75.6061715,5.7529401],[-75.6061575,5.7528926],[-75.6061425,5.7528615],[-75.6061296,5.7528433],[-75.6061069,5.7528297],[-75.6060977,5.7528202],[-75.6060796,5.7527978],[-75.6060591,5.7527605],[-75.6060234,5.7527235],[-75.6059727,5.7526792],[-75.6058947,5.752627],[-75.6057887,5.7525743],[-75.605744,5.752542],[-75.6057003,5.7525219],[-75.6056632,5.7524925],[-75.6056454,5.752486],[-75.6056124,5.7524801],[-75.6055354,5.7524722],[-75.6054641,5.7524436],[-75.6054379,5.7524239],[-75.6054155,5.7524119],[-75.6053806,5.7523743],[-75.6053314,5.752338],[-75.6053161,5.7523316],[-75.6052817,5.7523297],[-75.6052535,5.7523126],[-75.6052162,5.7522988],[-75.6051909,5.7522793],[-75.605137,5.7522519],[-75.6051091,5.7522509],[-75.6050879,5.7522574],[-75.605003,5.7523122],[-75.6049576,5.7523365],[-75.6049484,5.7523385],[-75.6049148,5.752333],[-75.604879,5.7523415],[-75.604843,5.752343],[-75.6048372,5.7523458],[-75.6048297,5.7523591],[-75.6048259,5.7524434],[-75.6048169,5.7524978],[-75.6048136,5.7525467],[-75.6048042,5.7525696],[-75.604795,5.7525822],[-75.6047836,5.7525896],[-75.6047648,5.7525919],[-75.6047405,5.7525801],[-75.6046934,5.7525421],[-75.6046523,5.7524968],[-75.6046292,5.7524661],[-75.6046101,5.7524305],[-75.6045776,5.7523275],[-75.6045448,5.7522784],[-75.604533,5.7522677],[-75.6045054,5.7522505],[-75.6044828,5.7522415],[-75.6044597,5.7522373],[-75.6044376,5.7522237],[-75.6044198,5.7522053],[-75.6043967,5.7521697],[-75.6043849,5.7521585],[-75.6043779,5.7521554],[-75.6043614,5.7521698],[-75.604339,5.7522104],[-75.6043061,5.7522475],[-75.6042339,5.7522948],[-75.6041196,5.7523892],[-75.6040372,5.7524689],[-75.6039793,5.7525374],[-75.6039111,5.7525958],[-75.6038482,5.7526413],[-75.6038211,5.7526653],[-75.6038067,5.7526719],[-75.6038002,5.7526684],[-75.6037541,5.7526114],[-75.6037271,5.752587],[-75.603706,5.7525729],[-75.6036531,5.7525482],[-75.6036339,5.7525222],[-75.6036218,5.7525122],[-75.6035304,5.75245],[-75.603482,5.7524265],[-75.6034536,5.7524197],[-75.6034136,5.7524194],[-75.6033721,5.7524114],[-75.6032832,5.7524277],[-75.6032152,5.7524292],[-75.6031993,5.7524252],[-75.603171,5.7524085],[-75.6031269,5.7523982],[-75.6030845,5.7523833],[-75.6029624,5.752348],[-75.6029035,5.7523394],[-75.6028096,5.7523379],[-75.6027881,5.7523337],[-75.6027805,5.7523239],[-75.6027829,5.752272],[-75.602809,5.752226],[-75.6028628,5.7521496],[-75.6028794,5.7521172],[-75.6029012,5.7520503],[-75.6029019,5.7520363],[-75.6029003,5.7520335],[-75.602893,5.7520327],[-75.6028574,5.7520452],[-75.6027951,5.7520751],[-75.6027402,5.7520908],[-75.6027264,5.752091],[-75.6026811,5.752079],[-75.6026677,5.7520786],[-75.6025923,5.7521511],[-75.6025647,5.7521731],[-75.6025513,5.7521777],[-75.602519,5.752181],[-75.6024891,5.7521935],[-75.6024649,5.7521976],[-75.6024226,5.7522002],[-75.6023485,5.7521957],[-75.6021979,5.7521632],[-75.6021108,5.752158],[-75.6020595,5.7521517],[-75.601919,5.7521264],[-75.6018783,5.7521305],[-75.6018606,5.7521397],[-75.6018388,5.7521587],[-75.6017976,5.7522217],[-75.6017856,5.7522573],[-75.6017697,5.7523246],[-75.6017528,5.7523576],[-75.601726,5.7523889],[-75.6016628,5.7524435],[-75.6016095,5.7524673],[-75.6015276,5.7524906],[-75.6014831,5.7525116],[-75.6014524,5.7525311],[-75.6013984,5.752551],[-75.6013802,5.7525614],[-75.6013667,5.7525731],[-75.6013511,5.7525909],[-75.6013421,5.7526127],[-75.6013312,5.7526215],[-75.6013187,5.7526111],[-75.6013008,5.7525609],[-75.6012934,5.752554],[-75.6012821,5.7525505],[-75.6012583,5.752557],[-75.6011677,5.7526105],[-75.6011401,5.7526221],[-75.6011412,5.7526032],[-75.6011315,5.7525815],[-75.6011195,5.7525404],[-75.6011128,5.7524965],[-75.6011131,5.7524772],[-75.6011018,5.7524496],[-75.6011021,5.7523953],[-75.6011152,5.7522977],[-75.601121,5.7522741],[-75.6011374,5.7522423],[-75.6011663,5.7521582],[-75.6011801,5.7520928],[-75.6011957,5.7520532],[-75.6012198,5.7519534],[-75.6012405,5.7519077],[-75.6012759,5.7518444],[-75.6012907,5.7518082],[-75.601301,5.7517641],[-75.6013087,5.7517002],[-75.6013424,5.7516122],[-75.6013666,5.7515272],[-75.6013659,5.7515001],[-75.6013723,5.7514609],[-75.6013702,5.7514458],[-75.601356,5.7514335],[-75.6013339,5.7514235],[-75.6012892,5.7514233],[-75.6012838,5.7514191],[-75.601284,5.7514059],[-75.6012898,5.7513878],[-75.6013026,5.7513783],[-75.6013159,5.7513772],[-75.6013409,5.7513835],[-75.6013689,5.7513825],[-75.6013782,5.7513783],[-75.6013878,5.751365],[-75.6013903,5.7513431],[-75.601374,5.7513191],[-75.6013807,5.7512751],[-75.6013691,5.7512381],[-75.6013644,5.751143],[-75.6013581,5.7511139],[-75.6013535,5.7511038],[-75.6013308,5.7510773],[-75.6013103,5.7510255],[-75.6012714,5.7509588],[-75.6012667,5.7509383],[-75.6012594,5.7509312],[-75.6012328,5.7509171],[-75.6011411,5.7508284],[-75.6010593,5.7507659],[-75.6009826,5.7506887],[-75.6009359,5.7506495],[-75.6008954,5.7506],[-75.6008795,5.7505521],[-75.6008714,5.7505424],[-75.6008527,5.7505291],[-75.6008379,5.7505037],[-75.6008351,5.7504782],[-75.600841,5.750439],[-75.6008456,5.7504271],[-75.6008673,5.7503852],[-75.6009,5.7503363],[-75.6009282,5.750301],[-75.6009394,5.7502815],[-75.6009532,5.7502187],[-75.600959,5.7501383],[-75.6009509,5.7501021],[-75.6009312,5.7500583],[-75.6008828,5.7499863],[-75.6008403,5.7499046],[-75.6008395,5.7498754],[-75.6008573,5.749847],[-75.600835,5.7497984],[-75.6008118,5.7497121],[-75.6007941,5.7496795],[-75.6007705,5.7496591],[-75.6007528,5.7496499],[-75.6007383,5.7496497],[-75.6007017,5.7496575],[-75.6006624,5.7496545],[-75.6006473,5.7496479],[-75.6006239,5.7496301],[-75.6006112,5.7496157],[-75.6005907,5.7495686],[-75.600577,5.7495502],[-75.6005587,5.7495422],[-75.6005232,5.7495442],[-75.6005097,5.7495365],[-75.6004859,5.7494918],[-75.6004641,5.7494603],[-75.6004536,5.7494344],[-75.6004334,5.7494043],[-75.6003986,5.7493626],[-75.600349,5.7493174],[-75.6002404,5.7492364],[-75.6001743,5.7491938],[-75.6001041,5.7491561],[-75.6000428,5.7491393],[-75.5999919,5.7491334],[-75.5999464,5.7491382],[-75.5999024,5.7491599],[-75.599858,5.7491944],[-75.5998379,5.7492249],[-75.5998235,5.7492647],[-75.5998197,5.7492839],[-75.5998196,5.7493655],[-75.5998295,5.7494104],[-75.5998254,5.7495032],[-75.5998174,5.7495275],[-75.5997975,5.7495671],[-75.5997782,5.7495916],[-75.5997586,5.7496077],[-75.599696,5.749636],[-75.5996634,5.7496433],[-75.5996379,5.7496559],[-75.5996247,5.7496588],[-75.5995556,5.7496646],[-75.5994577,5.7496465],[-75.5993998,5.7496402],[-75.5993035,5.7496527],[-75.5992532,5.7496534],[-75.5991926,5.7496669],[-75.5990839,5.7496781],[-75.5990504,5.7496906],[-75.5990426,5.7496901],[-75.5990409,5.7496786],[-75.5990465,5.7496394],[-75.5990494,5.7496305],[-75.5990601,5.7496172],[-75.5990866,5.7495937],[-75.5991044,5.7495907],[-75.599131,5.7495918],[-75.59915,5.7495846],[-75.5991928,5.7495501],[-75.5992029,5.7495348],[-75.5992087,5.7495166],[-75.599209,5.7494982],[-75.599203,5.749482],[-75.5991445,5.7494088],[-75.5991275,5.7493719],[-75.5991244,5.7493506],[-75.599128,5.7493221],[-75.5991595,5.7492511],[-75.5991644,5.7491903],[-75.5991747,5.7491639],[-75.5991952,5.7490933],[-75.5991974,5.7490375],[-75.5991818,5.7489187],[-75.599192,5.7488975],[-75.5992123,5.7488783],[-75.5992145,5.7488708],[-75.5992056,5.7488614],[-75.5991282,5.7488257],[-75.5991001,5.7488048],[-75.5990312,5.7487815],[-75.5990057,5.7487775],[-75.5989082,5.748775],[-75.5988837,5.74877],[-75.5988055,5.748763],[-75.5987948,5.7487593],[-75.5987923,5.7487532],[-75.5987949,5.748737],[-75.5988106,5.7487045],[-75.5988296,5.7486769],[-75.5988789,5.7486234],[-75.5989208,5.7485504],[-75.598935,5.7485311],[-75.5989192,5.7485157],[-75.5989,5.7484752],[-75.5988809,5.7484586],[-75.5988704,5.7484328],[-75.5988561,5.7484149],[-75.5988281,5.7483617],[-75.5987991,5.7483283],[-75.598787,5.7483211],[-75.5987747,5.7483213],[-75.5987412,5.748329],[-75.5986762,5.7483507],[-75.5986387,5.7483534],[-75.5985842,5.7483728],[-75.5985392,5.7483832],[-75.5984944,5.7484009],[-75.5984674,5.7484143],[-75.5984504,5.7484272],[-75.5984042,5.7484801],[-75.5983778,5.7484964],[-75.59836,5.7485038],[-75.5983321,5.7485096],[-75.5982905,5.7485125],[-75.5982488,5.7485228],[-75.5981314,5.748533],[-75.5980943,5.7485438],[-75.5980487,5.7485636],[-75.5980173,5.748582],[-75.5979909,5.7486039],[-75.5979354,5.7486623],[-75.5979104,5.7486833],[-75.5978731,5.748723],[-75.5978105,5.7487819],[-75.5977645,5.7488445],[-75.5977512,5.748855],[-75.5977432,5.7488497],[-75.5977305,5.7488215],[-75.5977244,5.7488143],[-75.597682,5.7487882],[-75.5976604,5.7487842],[-75.5976237,5.7487855],[-75.5975453,5.748781],[-75.5973944,5.7487403],[-75.5973609,5.7487259],[-75.5973187,5.74872],[-75.5972941,5.7487049],[-75.5972463,5.7486929],[-75.5972218,5.7486689],[-75.5971888,5.7486553],[-75.5971507,5.7486311],[-75.5971224,5.7486247],[-75.597052,5.7486001],[-75.5970586,5.7485763],[-75.5970966,5.7485002],[-75.5971317,5.7484187],[-75.5971597,5.7483159],[-75.5971754,5.748283],[-75.597244,5.7481924],[-75.5973435,5.748084],[-75.5974332,5.7479661],[-75.5974626,5.7479107],[-75.5974849,5.7478479],[-75.5974867,5.7478294],[-75.5974755,5.747827],[-75.5973289,5.7478596],[-75.5972518,5.7478885],[-75.5971655,5.7478989],[-75.5971202,5.7479083],[-75.5970936,5.7479199],[-75.5970352,5.7479611],[-75.5970079,5.7479722],[-75.5969797,5.747976],[-75.5969588,5.7479862],[-75.5968509,5.7479976],[-75.5967948,5.7479938],[-75.5967682,5.747987],[-75.5967528,5.7478877],[-75.5967455,5.7478645],[-75.5967366,5.747851],[-75.5967156,5.7478311],[-75.5966771,5.7477843],[-75.5966514,5.7477414],[-75.5966378,5.7477016],[-75.5966349,5.7476775],[-75.5966361,5.747648],[-75.5966463,5.747616],[-75.5966596,5.7475894],[-75.5966748,5.7475155],[-75.5966725,5.747476],[-75.5966681,5.7474516],[-75.5966412,5.7473831],[-75.5966214,5.7473452],[-75.5965979,5.7473098],[-75.5965207,5.74722],[-75.596486,5.7471915],[-75.596392,5.7471228],[-75.5963789,5.7471086],[-75.5963538,5.7470706],[-75.5963425,5.7470218],[-75.5963413,5.7469952],[-75.5963436,5.7469761],[-75.5963483,5.746961],[-75.5963603,5.7469399],[-75.5963861,5.7468493],[-75.5964123,5.7467947],[-75.5964317,5.7467455],[-75.5964386,5.7467193],[-75.5964385,5.7466938],[-75.5964344,5.7466766],[-75.5964259,5.7466579],[-75.5964015,5.7466184],[-75.5963834,5.7465958],[-75.5963713,5.7465863],[-75.5963438,5.7465774],[-75.5962847,5.746544],[-75.5962756,5.7465469],[-75.5962713,5.7465515],[-75.5962045,5.7466648],[-75.596177,5.7467505],[-75.596146,5.7468054],[-75.5961306,5.7468251],[-75.5961005,5.7468505],[-75.5960521,5.7469108],[-75.5960023,5.7469421],[-75.595979,5.7469504],[-75.5959483,5.7469538],[-75.5959107,5.7469741],[-75.5958176,5.7469894],[-75.5957895,5.7469965],[-75.5957443,5.7470184],[-75.5956905,5.7470496],[-75.5956628,5.7470618],[-75.5956364,5.7470828],[-75.5955479,5.7471668],[-75.5954567,5.7472735],[-75.5954224,5.74732],[-75.5953947,5.7473639],[-75.595384,5.747396],[-75.5953479,5.7474545],[-75.595339,5.7474595],[-75.5952143,5.7474545],[-75.5952045,5.7474559],[-75.5951947,5.7474611],[-75.5951865,5.7474791],[-75.5951901,5.7475199],[-75.5951852,5.7475411],[-75.5951576,5.7475868],[-75.5951443,5.7476232],[-75.5951256,5.7476594],[-75.5951113,5.747709],[-75.5950971,5.7477365],[-75.5950891,5.7477433],[-75.5950626,5.7477433],[-75.5950255,5.7477368],[-75.5949896,5.7477366],[-75.5949737,5.7477331],[-75.5949478,5.7477206],[-75.5948799,5.7476794],[-75.5948075,5.7476215],[-75.5947448,5.7475574],[-75.5946592,5.7474577],[-75.5945717,5.7473734],[-75.5944825,5.7473093],[-75.5944371,5.7472826],[-75.5943296,5.7472097],[-75.5942766,5.7471635],[-75.5942551,5.7471539],[-75.5941644,5.7471263],[-75.5941558,5.7471333],[-75.5941327,5.7471754],[-75.594113,5.7472022],[-75.5940824,5.7472313],[-75.5940543,5.7472666],[-75.5940473,5.7472845],[-75.5940127,5.7473433],[-75.5939794,5.7473738],[-75.5939684,5.7473882],[-75.5939317,5.7474568],[-75.5939068,5.7475168],[-75.593897,5.7475477],[-75.593884,5.7476056],[-75.5938584,5.7476688],[-75.5938432,5.747724],[-75.5938389,5.7477737],[-75.593818,5.7478341],[-75.5938142,5.7478766],[-75.5938227,5.7478949],[-75.5938436,5.7479187],[-75.5939052,5.747953],[-75.5939078,5.7479567],[-75.5939067,5.7479641],[-75.5938894,5.7479678],[-75.5938678,5.7479661],[-75.593848,5.7479604],[-75.593812,5.747942],[-75.5937943,5.7479413],[-75.5937376,5.7479713],[-75.5936678,5.748],[-75.5936271,5.7480305],[-75.5936087,5.7480369],[-75.5935551,5.7480343],[-75.5935284,5.7480283],[-75.5934948,5.7480114],[-75.5934545,5.7479814],[-75.5934244,5.7479701],[-75.5933982,5.7479561],[-75.5932842,5.7479258],[-75.5932581,5.7479233],[-75.5931958,5.7479309],[-75.5931484,5.7479515],[-75.5931075,5.7479841],[-75.5930769,5.7480217],[-75.5930544,5.7480381],[-75.5930245,5.7480547],[-75.5929799,5.7480994],[-75.5929584,5.7481336],[-75.5929242,5.7481606],[-75.5929108,5.7482031],[-75.5928945,5.7482383],[-75.5928797,5.7483203],[-75.5928661,5.7483661],[-75.5928581,5.7483842],[-75.5928443,5.7484052],[-75.5928344,5.7484333],[-75.5928176,5.7484654],[-75.5927922,5.7484981],[-75.5927803,5.7485237],[-75.5927376,5.7485801],[-75.592705,5.748601],[-75.5926892,5.7486211],[-75.5926599,5.7486473],[-75.5926466,5.7486741],[-75.5926283,5.7486924],[-75.5926093,5.7487322],[-75.592585,5.748771],[-75.592564,5.748793],[-75.5925383,5.7488288],[-75.5924868,5.7488908],[-75.5924778,5.7488955],[-75.5924746,5.7488907],[-75.5924751,5.7488724],[-75.5924924,5.7487594],[-75.5925253,5.7486656],[-75.5925247,5.7485888],[-75.5925305,5.748527],[-75.592548,5.7484545],[-75.5925524,5.7484116],[-75.5925917,5.748286],[-75.5926046,5.7482131],[-75.592615,5.7479951],[-75.5926127,5.7479055],[-75.5926206,5.7477201],[-75.5926073,5.7476449],[-75.5926022,5.74758],[-75.5926181,5.7475176],[-75.5926198,5.7474846],[-75.5926087,5.7474451],[-75.592605,5.74742],[-75.5926203,5.7473667],[-75.5926257,5.7473145],[-75.5926207,5.7472809],[-75.592619,5.7472363],[-75.5926106,5.7471859],[-75.5925995,5.7471418],[-75.5925667,5.7470445],[-75.5925594,5.747009],[-75.5925385,5.7469675],[-75.5925124,5.7469392],[-75.5924942,5.7469083],[-75.5924943,5.7468575],[-75.592454,5.7467352],[-75.5924464,5.7467162],[-75.5924153,5.7466595],[-75.5924022,5.7465968],[-75.5923699,5.7465196],[-75.5923567,5.746475],[-75.5923479,5.7464561],[-75.5923283,5.7464265],[-75.5923177,5.7463829],[-75.5923163,5.7463701],[-75.5923204,5.7463297],[-75.5923291,5.7462806],[-75.5923247,5.7462388],[-75.5923433,5.7461435],[-75.5923554,5.7460627],[-75.5923652,5.7460233],[-75.5923835,5.7459718],[-75.5924012,5.745953],[-75.592413,5.7459354],[-75.5924314,5.7458904],[-75.5924623,5.7458313],[-75.592593,5.7456191],[-75.59264,5.745528],[-75.5926766,5.7454648],[-75.5927195,5.7454124],[-75.5927811,5.7453651],[-75.5928574,5.7453145],[-75.5929128,5.745271],[-75.592983,5.7452051],[-75.5930277,5.7451684],[-75.5930748,5.7451183],[-75.59311,5.7450647],[-75.5931383,5.7450017],[-75.5931451,5.7449742],[-75.5931633,5.7449469],[-75.5931908,5.7448926],[-75.5932081,5.7448474],[-75.593222,5.7448205],[-75.5932532,5.7447804],[-75.5932791,5.7447527],[-75.5933332,5.7446618],[-75.5933543,5.7446029],[-75.5933626,5.7445397],[-75.5933555,5.7444484],[-75.5933404,5.7443908],[-75.5933362,5.7443584],[-75.5933456,5.7442719],[-75.5933708,5.7441869],[-75.5933778,5.7441333],[-75.5933827,5.7441177],[-75.5934544,5.7440055],[-75.5934673,5.7439785],[-75.5934778,5.743947],[-75.5934823,5.7439222],[-75.5934776,5.7438745],[-75.5934801,5.7438276],[-75.5934997,5.7436794],[-75.593515,5.7436109],[-75.5935404,5.743548],[-75.5935654,5.7434675],[-75.593589,5.7434081],[-75.5936069,5.7433718],[-75.5936334,5.7433307],[-75.5936869,5.7432636],[-75.5937045,5.7432483],[-75.5937284,5.7432349],[-75.5937332,5.7432254],[-75.5937226,5.7432181],[-75.5936972,5.7432105],[-75.5936459,5.7432056],[-75.5936103,5.7431958],[-75.5935777,5.743183],[-75.593556,5.7431691],[-75.5935076,5.7431269],[-75.5934568,5.7430739],[-75.5933896,5.7429918],[-75.593341,5.7429231],[-75.5932708,5.7428486],[-75.5932452,5.7428293],[-75.5931994,5.7428028],[-75.5931774,5.7427851],[-75.5931437,5.7427682],[-75.5930765,5.7427083],[-75.5930618,5.7427012],[-75.5930525,5.7427009],[-75.5930443,5.7427047],[-75.5930114,5.7427317],[-75.5929994,5.7427508],[-75.5929833,5.7427876],[-75.5929811,5.7427978],[-75.5929861,5.7428186],[-75.5929853,5.7428279],[-75.5929696,5.7428592],[-75.5929476,5.7429148],[-75.5929417,5.7429588],[-75.592937,5.7430346],[-75.5929214,5.7431002],[-75.5928845,5.7431904],[-75.592849,5.7432669],[-75.5927927,5.7434153],[-75.5927633,5.7434749],[-75.5927328,5.7435258],[-75.5926917,5.7435839],[-75.5926268,5.7436553],[-75.5925699,5.7437061],[-75.5924987,5.7437615],[-75.5924382,5.7438188],[-75.5924122,5.7438524],[-75.5923834,5.7438983],[-75.5923514,5.7439661],[-75.5922921,5.7440507],[-75.5922643,5.7441113],[-75.5922462,5.744117],[-75.5921792,5.7441288],[-75.5921301,5.7441608],[-75.5921038,5.7441679],[-75.5920761,5.7441561],[-75.5919985,5.7441116],[-75.5918868,5.7440337],[-75.5918353,5.7439814],[-75.5918101,5.7439486],[-75.5917446,5.7438869],[-75.591721,5.7438572],[-75.591674,5.743823],[-75.5916392,5.7438041],[-75.5916183,5.7437968],[-75.5915946,5.7437953],[-75.5915605,5.7438003],[-75.5915538,5.7437977],[-75.5915467,5.7437787],[-75.5915332,5.7437142],[-75.5915177,5.7436755],[-75.5914434,5.7435368],[-75.5914083,5.7434821],[-75.5913463,5.7434089],[-75.5912505,5.7433194],[-75.591138,5.743206],[-75.5910939,5.7431685],[-75.5910586,5.7431466],[-75.5910031,5.7431209],[-75.5909682,5.7431114],[-75.5909375,5.7431093],[-75.5909017,5.7431193],[-75.5908617,5.7431394],[-75.5908433,5.7431505],[-75.5907989,5.7431849],[-75.5907773,5.7431966],[-75.5907632,5.743199],[-75.5907539,5.7431901],[-75.590722,5.7431271],[-75.590681,5.7430638],[-75.5906444,5.7430147],[-75.5905924,5.7429675],[-75.5905269,5.7429246],[-75.5904845,5.742905],[-75.590418,5.742898],[-75.5903727,5.7429038],[-75.59032,5.742919],[-75.5902681,5.742942],[-75.5902598,5.7429409],[-75.5902276,5.7429144],[-75.5901831,5.7428682],[-75.5901368,5.7428102],[-75.5900919,5.7427696],[-75.590056,5.7427466],[-75.590029,5.7427194],[-75.5899878,5.742688],[-75.5899615,5.742647],[-75.5899292,5.7426075],[-75.5899145,5.7425622],[-75.5899077,5.7425293],[-75.5899088,5.7425109],[-75.5899048,5.7424993],[-75.5898548,5.7424412],[-75.5897306,5.7423896],[-75.5897119,5.7423769],[-75.5896722,5.7423404],[-75.5896544,5.7423342],[-75.5896114,5.7423388],[-75.5895584,5.7423598],[-75.5895285,5.7423802],[-75.5894968,5.7424114],[-75.5894846,5.7424159],[-75.5894789,5.7424068],[-75.5894566,5.7423363],[-75.5894507,5.7423229],[-75.5894439,5.7423158],[-75.5894201,5.742305],[-75.5893818,5.7422791],[-75.589323,5.7422522],[-75.5893047,5.7422488],[-75.5892674,5.742252],[-75.58925,5.7422507],[-75.5891643,5.7422261],[-75.5891501,5.7422095],[-75.589137,5.7421803],[-75.5891341,5.7421692],[-75.5891339,5.7421377],[-75.5891248,5.742129],[-75.5891115,5.7421301],[-75.5890884,5.7421444],[-75.5890642,5.7421435],[-75.5890341,5.7421543],[-75.5890036,5.7421571],[-75.58899,5.7421681],[-75.588979,5.7421913],[-75.5889258,5.742222],[-75.5888997,5.7422336],[-75.5888738,5.7422626],[-75.588862,5.742295],[-75.5888268,5.7423449],[-75.5888175,5.7423626],[-75.5888096,5.7424583],[-75.5888394,5.7425584],[-75.588843,5.7425836],[-75.5888419,5.7426115],[-75.5888357,5.7426462],[-75.5888268,5.7426736],[-75.5888261,5.7426918],[-75.588841,5.7427478],[-75.5888603,5.7427969],[-75.5888657,5.7428227],[-75.5888645,5.742835],[-75.5888527,5.7428324],[-75.5888192,5.7428029],[-75.5887844,5.7427879],[-75.588775,5.7427879],[-75.5887452,5.7427976],[-75.5887097,5.7427962],[-75.5886727,5.7427998],[-75.5884443,5.7427779],[-75.5884107,5.7427829],[-75.5883512,5.7428001],[-75.5882649,5.7428412],[-75.5882325,5.7428526],[-75.5882237,5.7428538],[-75.5881711,5.742848],[-75.5881351,5.7428405],[-75.5881332,5.7428347],[-75.5881367,5.7428236],[-75.5881655,5.7427816],[-75.5881985,5.7427514],[-75.5882692,5.7427001],[-75.5883052,5.7426812],[-75.5883414,5.7426675],[-75.5884303,5.7426529],[-75.5884553,5.742646],[-75.5884768,5.7426309],[-75.5884863,5.7426184],[-75.5884844,5.742614],[-75.5884593,5.7425986],[-75.5884341,5.7425734],[-75.588418,5.7425272],[-75.5883861,5.7424676],[-75.5882574,5.7422901],[-75.5882119,5.7422362],[-75.5881021,5.7421295],[-75.5880965,5.7421142],[-75.588098,5.7420502],[-75.5880656,5.7419492],[-75.5880577,5.7418149],[-75.5880639,5.7417733],[-75.5880755,5.7417383],[-75.5880829,5.7417003],[-75.5881074,5.7416333],[-75.5881206,5.7415409],[-75.5881164,5.7414975],[-75.5881186,5.7414798],[-75.5881308,5.7414534],[-75.5881466,5.7414077],[-75.588164,5.7413756],[-75.5882087,5.741317],[-75.5882869,5.7412274],[-75.5884143,5.7411108],[-75.588463,5.741062],[-75.5884784,5.7410402],[-75.5885047,5.7410119],[-75.5885473,5.740974],[-75.5885832,5.7409469],[-75.5886246,5.7409068],[-75.5887175,5.7408466],[-75.5887566,5.7408341],[-75.5887756,5.7408311],[-75.588779,5.7408316],[-75.588779,5.7408349],[-75.5887704,5.7408426],[-75.5887301,5.7408667],[-75.5886941,5.7408989],[-75.5886372,5.7409807],[-75.5886114,5.7410345],[-75.5886026,5.7410609],[-75.5886027,5.7410923],[-75.5885977,5.7411315],[-75.588597,5.741181],[-75.5886011,5.74122],[-75.5886061,5.7412289],[-75.5886229,5.7412305],[-75.5886871,5.7412159],[-75.5887219,5.7412042],[-75.5887503,5.7411987],[-75.5887771,5.7411881],[-75.5888578,5.7411744],[-75.5889719,5.7411432],[-75.5890202,5.7411228],[-75.5892276,5.7410239],[-75.589255,5.7410171],[-75.5892909,5.7410173],[-75.5893094,5.7410221],[-75.5893144,5.7410403],[-75.5893121,5.7410495],[-75.5892895,5.7410678],[-75.5892891,5.7410752],[-75.5893,5.7411027],[-75.5892893,5.7411218],[-75.5892869,5.7411353],[-75.5892902,5.7411409],[-75.5893083,5.74115],[-75.5893179,5.7411586],[-75.5893275,5.7412125],[-75.589341,5.7412622],[-75.5893557,5.7412929],[-75.5893649,5.7413019],[-75.589377,5.7413083],[-75.5894096,5.7413154],[-75.5894278,5.7413132],[-75.5894629,5.7412982],[-75.5895135,5.7412964],[-75.5895397,5.7412884],[-75.5895982,5.7412592],[-75.5897152,5.741176],[-75.5899855,5.7410106],[-75.5900423,5.7409639],[-75.5900805,5.74092],[-75.5901168,5.7408654],[-75.5901298,5.7408261],[-75.5901316,5.7407936],[-75.5901293,5.7407778],[-75.5901257,5.7407695],[-75.5901121,5.7407555],[-75.5900757,5.7407288],[-75.5900466,5.7407125],[-75.5900023,5.7406939],[-75.5899574,5.7406794],[-75.5898683,5.7406595],[-75.5898255,5.740655],[-75.5898041,5.7406495],[-75.5897574,5.7406478],[-75.589713,5.7406367],[-75.5895463,5.7406187],[-75.5893834,5.7406112],[-75.5893381,5.7405976],[-75.5893027,5.7405702],[-75.5892721,5.7405414],[-75.5892398,5.7404435],[-75.5892034,5.7403893],[-75.5891865,5.7403739],[-75.5891436,5.7403448],[-75.5890979,5.7403183],[-75.5890666,5.7403043],[-75.5890035,5.7402862],[-75.5889542,5.7402849],[-75.5888221,5.7402704],[-75.5886997,5.7402711],[-75.5886569,5.740276],[-75.5885564,5.7402794],[-75.5885182,5.7402746],[-75.5884569,5.7402529],[-75.588423,5.7402496],[-75.5883857,5.7402395],[-75.5882479,5.7401744],[-75.5881387,5.7401034],[-75.5880112,5.7400361],[-75.5879989,5.7400255],[-75.5879827,5.7400014],[-75.5879683,5.7399895],[-75.5879771,5.7399709],[-75.5879949,5.7399523],[-75.587996,5.7399368],[-75.5879741,5.7399192],[-75.5879489,5.7398864],[-75.587939,5.7398697],[-75.5879387,5.7398568],[-75.5879482,5.7398357],[-75.5879883,5.7398066],[-75.5880174,5.7397634],[-75.5880302,5.7397517],[-75.5880586,5.7397458],[-75.5880851,5.7397477],[-75.5881039,5.739745],[-75.5881298,5.739748],[-75.5881775,5.7397421],[-75.5881969,5.7397437],[-75.5882339,5.7397379],[-75.5883097,5.7397488],[-75.5883363,5.7397496],[-75.5884003,5.7397343],[-75.5885176,5.7396809],[-75.588585,5.7396559],[-75.5886993,5.7396455],[-75.5887652,5.7396466],[-75.5887965,5.7396567],[-75.5888183,5.7396558],[-75.5888382,5.7396365],[-75.5888483,5.7396181],[-75.5888672,5.7395322],[-75.588879,5.7395017],[-75.5889154,5.739439],[-75.5889732,5.7393618],[-75.5890084,5.7393256],[-75.5890628,5.7392983],[-75.589201,5.7391881],[-75.5892463,5.7391628],[-75.5892905,5.7391481],[-75.5893584,5.7391381],[-75.5894185,5.7391346],[-75.5894718,5.7391364],[-75.5895621,5.7391142],[-75.5896388,5.7390776],[-75.5896683,5.7390538],[-75.5896706,5.7390477],[-75.5896667,5.7390405],[-75.5895625,5.7389627],[-75.5894593,5.7388993],[-75.5893689,5.7388274],[-75.5893038,5.7387526],[-75.5892598,5.7386887],[-75.5892212,5.7386407],[-75.589194,5.7386136],[-75.5891122,5.7385513],[-75.5890871,5.738527],[-75.5890427,5.7384673],[-75.5890186,5.7384126],[-75.5890166,5.7383999],[-75.5890188,5.7383216],[-75.5890166,5.7383116],[-75.5890123,5.738307],[-75.588992,5.7383016],[-75.5889379,5.7383018],[-75.5889124,5.738299],[-75.5888542,5.7382851],[-75.5887487,5.7382381],[-75.5887044,5.7382138],[-75.5886724,5.7381921],[-75.588622,5.7381474],[-75.5885839,5.7381039],[-75.5885483,5.7380488],[-75.5884902,5.7379448],[-75.5884634,5.7379081],[-75.5884199,5.7378654],[-75.588371,5.7378372],[-75.58832,5.7378201],[-75.5882747,5.737812],[-75.58821,5.7378071],[-75.5880307,5.7378139],[-75.5879574,5.7377986],[-75.5879415,5.737791],[-75.5879315,5.7377827],[-75.5878755,5.7377123],[-75.5878397,5.7376757],[-75.5878064,5.7376493],[-75.5877844,5.7376372],[-75.5877639,5.7376301],[-75.5876962,5.7376154],[-75.5875151,5.7375861],[-75.5874472,5.7375684],[-75.5874107,5.7375555],[-75.5871395,5.7374391],[-75.586884,5.7373177],[-75.5866676,5.7372355],[-75.5865928,5.7371968],[-75.5865447,5.737159],[-75.5865173,5.7371282],[-75.5864842,5.737084],[-75.5863927,5.7369358],[-75.5863468,5.7368916],[-75.5863278,5.7368784],[-75.5862882,5.7368648],[-75.586212,5.7368639],[-75.586202,5.7368608],[-75.5861682,5.7367984],[-75.58614,5.7367598],[-75.5860847,5.7367068],[-75.5860192,5.7366549],[-75.5859733,5.7366105],[-75.5859314,5.7365619],[-75.5858681,5.7364714],[-75.5857109,5.7362311],[-75.5856455,5.7361474],[-75.5856116,5.7361133],[-75.5855813,5.7360892],[-75.5855199,5.7360512],[-75.5854843,5.7360236],[-75.5854513,5.7360064],[-75.5854061,5.7359882],[-75.5853551,5.7359728],[-75.585302,5.7359621],[-75.5852542,5.7359578],[-75.5849998,5.7359806],[-75.5848604,5.7360163],[-75.5848187,5.7360194],[-75.5847788,5.7360169],[-75.5846791,5.7360463],[-75.5845252,5.7361086],[-75.5844364,5.7361641],[-75.5844288,5.7361721],[-75.584419,5.7361932],[-75.5844084,5.736208],[-75.5843896,5.7362252],[-75.5843777,5.7362299],[-75.5843746,5.7362202],[-75.5843774,5.7361824],[-75.5843749,5.7361526],[-75.5843478,5.7360832],[-75.5843327,5.7360617],[-75.5842554,5.7359853],[-75.5842498,5.7359767],[-75.5842503,5.7359569],[-75.5842639,5.7358733],[-75.5842673,5.7358356],[-75.5842664,5.7357928],[-75.5842591,5.7357396],[-75.5842403,5.7356822],[-75.5841678,5.7355143],[-75.5841351,5.7354417],[-75.5841095,5.7353938],[-75.5840557,5.7353245],[-75.5839291,5.7351981],[-75.5838589,5.735155],[-75.5836937,5.735032],[-75.5836837,5.7350267],[-75.5836303,5.7350184],[-75.5836194,5.7350121],[-75.5836207,5.735],[-75.5836404,5.7349638],[-75.5836476,5.7349351],[-75.5836567,5.7348626],[-75.583656,5.7348266],[-75.5836639,5.7347769],[-75.5836631,5.734746],[-75.5836501,5.7346709],[-75.5835996,5.7344837],[-75.5835762,5.7344376],[-75.5835315,5.734387],[-75.583443,5.734309],[-75.5834257,5.7342984],[-75.5833874,5.7342845],[-75.5833506,5.7342668],[-75.5833148,5.7342427],[-75.5832672,5.7341909],[-75.583214,5.7341083],[-75.5831847,5.7340706],[-75.5831473,5.7340356],[-75.583102,5.7340048],[-75.583077,5.7339921],[-75.5830338,5.7339792],[-75.5829758,5.7339695],[-75.5829581,5.7339715],[-75.5829354,5.7339788],[-75.5829044,5.734],[-75.5828865,5.7340088],[-75.5828741,5.7340114],[-75.5828675,5.7340097],[-75.5828545,5.7339864],[-75.5828101,5.7338822],[-75.582786,5.7337883],[-75.5827715,5.7337612],[-75.5827527,5.7337351],[-75.582726,5.733708],[-75.5826657,5.7336593],[-75.582643,5.7336467],[-75.5825885,5.7336233],[-75.5825417,5.7335944],[-75.5825051,5.7335821],[-75.5824721,5.7335753],[-75.5823879,5.7335638],[-75.5823344,5.7335623],[-75.5822522,5.7335766],[-75.5821806,5.733605],[-75.5821496,5.7336145],[-75.5821269,5.7336179],[-75.5821145,5.7336166],[-75.5821076,5.7336118],[-75.5821005,5.7335984],[-75.5820956,5.733569],[-75.5820904,5.7335549],[-75.5820493,5.7335154],[-75.5820325,5.7335059],[-75.5819655,5.7334807],[-75.5818473,5.7334156],[-75.5817807,5.7333884],[-75.5817031,5.7333618],[-75.5816676,5.733343],[-75.5816035,5.7332985],[-75.5815196,5.7332288],[-75.5814549,5.7331635],[-75.5814303,5.7331281],[-75.5814118,5.7331114],[-75.5814024,5.7331204],[-75.5813757,5.7331784],[-75.5813638,5.7332736],[-75.5813467,5.7333321],[-75.5813336,5.7333526],[-75.5813159,5.7333719],[-75.5812904,5.7333913],[-75.5812678,5.7334035],[-75.5812498,5.73341],[-75.5811595,5.7334252],[-75.5811059,5.7334241],[-75.5810728,5.7334179],[-75.581001,5.7334116],[-75.5809352,5.7334137],[-75.5808024,5.7334366],[-75.580655,5.733486],[-75.5805975,5.7334969],[-75.5805299,5.7335049],[-75.580414,5.7335117],[-75.5802397,5.7335279],[-75.5800724,5.7335292],[-75.5799679,5.7335404],[-75.5798518,5.7335707],[-75.5798338,5.7335791],[-75.5798039,5.7336001],[-75.5797658,5.7336429],[-75.5797223,5.7336799],[-75.5796994,5.7337066],[-75.5796896,5.7337284],[-75.5796863,5.7337607],[-75.5796793,5.7337877],[-75.5796615,5.7338242],[-75.5796542,5.7338516],[-75.5796453,5.7338647],[-75.5796316,5.7338776],[-75.5796094,5.7338881],[-75.5795869,5.7339055],[-75.5795371,5.7339359],[-75.5795294,5.7339375],[-75.5795246,5.7339287],[-75.5795165,5.7338737],[-75.5795055,5.7338296],[-75.5794814,5.733787],[-75.5794682,5.7337531],[-75.5794555,5.7337023],[-75.579425,5.7336256],[-75.5794066,5.7335939],[-75.5793662,5.7335471],[-75.5793233,5.7335143],[-75.5792818,5.7334922],[-75.5791975,5.7334589],[-75.5791789,5.7334465],[-75.5791715,5.7334365],[-75.5791554,5.7334023],[-75.5790813,5.7333232],[-75.5790628,5.7332743],[-75.5790014,5.7331628],[-75.5789601,5.7330591],[-75.5789273,5.7329397],[-75.5789281,5.7327533],[-75.5789249,5.7326554],[-75.5789178,5.7325146],[-75.5789115,5.732472],[-75.578891,5.7323793],[-75.5788766,5.7323539],[-75.5788437,5.7323187],[-75.5788238,5.7323021],[-75.578782,5.7322815],[-75.5787622,5.7322737],[-75.57872,5.7322636],[-75.5786447,5.7322643],[-75.5785836,5.7322847],[-75.578536,5.7322907],[-75.5784755,5.7322936],[-75.5782725,5.7322864],[-75.5780702,5.7322948],[-75.5780138,5.7322899],[-75.5779783,5.7322806],[-75.5779413,5.7322362],[-75.5779228,5.7322051],[-75.5779117,5.7321539],[-75.5779019,5.7321316],[-75.5778953,5.7321058],[-75.5778821,5.7320784],[-75.5778542,5.7319837],[-75.5778273,5.7319249],[-75.5778132,5.7318662],[-75.5777875,5.7317865],[-75.5777775,5.7317465],[-75.5777487,5.7316637],[-75.5776932,5.7315384],[-75.5776571,5.7314747],[-75.5776298,5.7314386],[-75.5775939,5.7314112],[-75.5775549,5.7313955],[-75.5775248,5.7313755],[-75.5773363,5.7313544],[-75.5772083,5.7313317],[-75.5771254,5.7313073],[-75.5769725,5.7312434],[-75.5769044,5.7312263],[-75.5768448,5.7312189],[-75.5768168,5.7312212],[-75.5767594,5.731238],[-75.5767226,5.7312602],[-75.5767011,5.7312645],[-75.5766959,5.7312565],[-75.5766864,5.7311842],[-75.5766931,5.7311536],[-75.5766947,5.7311303],[-75.5766915,5.731087],[-75.5766864,5.7310711],[-75.5766769,5.7310533],[-75.576631,5.730995],[-75.5766081,5.7309772],[-75.5765654,5.7309528],[-75.5765407,5.7309454],[-75.5764886,5.7309378],[-75.5764326,5.7309412],[-75.5764021,5.730946],[-75.5763735,5.7309425],[-75.5763553,5.7309448],[-75.5763326,5.7309544],[-75.5761257,5.7310635],[-75.5760847,5.7310712],[-75.5760497,5.7310838],[-75.575968,5.7311253],[-75.5758611,5.7311498],[-75.5757111,5.7311529],[-75.5756711,5.7311575],[-75.5756223,5.7311685],[-75.5755985,5.7311772],[-75.5755536,5.7312041],[-75.5755176,5.7312208],[-75.5754278,5.7312703],[-75.5753188,5.7313104],[-75.5752982,5.731315],[-75.5752706,5.7313158],[-75.5751971,5.7313093],[-75.5750981,5.7312954],[-75.5750656,5.7312839],[-75.5749683,5.731259],[-75.5749411,5.7312449],[-75.5748863,5.7312093],[-75.5748197,5.7311878],[-75.5747762,5.7311797],[-75.5747317,5.731176],[-75.5746365,5.7311797],[-75.5746148,5.7311871],[-75.5745935,5.7312002],[-75.5745524,5.7312377],[-75.574538,5.7313254],[-75.5745342,5.731364],[-75.5745348,5.7313889],[-75.5745258,5.7314007],[-75.5745163,5.7314025],[-75.5744844,5.731394],[-75.5744673,5.7313923],[-75.574402,5.7313973],[-75.5743628,5.7314066],[-75.5742819,5.7314481],[-75.5742054,5.7314974],[-75.5741567,5.7315185],[-75.5741063,5.7315305],[-75.5740019,5.7315417],[-75.5739575,5.7315495],[-75.5738446,5.7315407],[-75.5737755,5.7315442],[-75.5737352,5.7315531],[-75.5736449,5.7315811],[-75.5735076,5.7316118],[-75.5733673,5.7316139],[-75.5733526,5.7316109],[-75.5733209,5.7315981],[-75.5732957,5.731595],[-75.5732809,5.7315969],[-75.5732536,5.7316067],[-75.5732455,5.7316062],[-75.5732434,5.7316004],[-75.5732448,5.731593],[-75.5732542,5.7315803],[-75.5733712,5.7314803],[-75.5734129,5.7314497],[-75.5734564,5.7314025],[-75.5735158,5.7313561],[-75.5735627,5.7312938],[-75.5735745,5.7312514],[-75.5735725,5.7312344],[-75.5735564,5.7311972],[-75.5735423,5.7311777],[-75.573507,5.731141],[-75.57346,5.7311072],[-75.5734135,5.7310823],[-75.5733595,5.7310642],[-75.5732817,5.7310479],[-75.5731972,5.7310368],[-75.5731516,5.731024],[-75.573133,5.7310117],[-75.5730925,5.7309612],[-75.5730638,5.7309309],[-75.5730596,5.7309231],[-75.5730568,5.7308977],[-75.573036,5.7308493],[-75.5730012,5.7307444],[-75.5729696,5.7305573],[-75.5729631,5.7305327],[-75.572942,5.7304821],[-75.5728854,5.7303946],[-75.5728458,5.7303021],[-75.5728394,5.730274],[-75.5728244,5.7301409],[-75.5728149,5.7300961],[-75.5728047,5.730076],[-75.5727443,5.7300194],[-75.5726513,5.7299588],[-75.5726161,5.7299402],[-75.572533,5.7299103],[-75.572501,5.729893],[-75.5724678,5.729868],[-75.572392,5.7297939],[-75.5723663,5.7297737],[-75.5723337,5.7297575],[-75.572289,5.7297475],[-75.5722716,5.7297383],[-75.5722664,5.7297257],[-75.5722704,5.7296853],[-75.5722797,5.729654],[-75.5722867,5.729611],[-75.5722833,5.7295948],[-75.5722686,5.729561],[-75.5722542,5.7295425],[-75.5722377,5.7295274],[-75.5721541,5.7294746],[-75.5721056,5.7294345],[-75.572043,5.7293655],[-75.5720113,5.7293203],[-75.5719957,5.7292917],[-75.5719779,5.7292464],[-75.5719615,5.7291933],[-75.5719543,5.7291586],[-75.5719517,5.7291145],[-75.5719544,5.7290458],[-75.5719625,5.7289688],[-75.5719755,5.7288806],[-75.5719899,5.7288237],[-75.5720098,5.7287683],[-75.572027,5.7287328],[-75.5721061,5.7286145],[-75.5721166,5.7285875],[-75.5721332,5.7285561],[-75.5721438,5.7284829],[-75.572135,5.7284423],[-75.5721351,5.728397],[-75.5721272,5.7283642],[-75.5721292,5.7283553],[-75.5721463,5.7283456],[-75.5721841,5.7283127],[-75.5722544,5.7282611],[-75.5723096,5.7281976],[-75.5723239,5.7281739],[-75.5723266,5.7281609],[-75.5722961,5.728111],[-75.57223,5.7280414],[-75.5721767,5.7279957],[-75.5720463,5.7278953],[-75.5720147,5.7278593],[-75.5718932,5.7277497],[-75.5718231,5.7276486],[-75.5718007,5.7275804],[-75.5717825,5.7275353],[-75.5717112,5.7273935],[-75.5716755,5.7273067],[-75.5716377,5.7272264],[-75.5716278,5.7271967],[-75.5715994,5.7271402],[-75.5715745,5.727077],[-75.5715728,5.7270428],[-75.5715682,5.7270211],[-75.5715381,5.7269416],[-75.5714809,5.7268277],[-75.5714365,5.7267582],[-75.5714151,5.7267135],[-75.5714124,5.7267012],[-75.5714145,5.7266917],[-75.5714451,5.7266334],[-75.5714471,5.7266253],[-75.5714354,5.7266282],[-75.5713862,5.7266565],[-75.5713721,5.7266609],[-75.5713586,5.7266608],[-75.571317,5.7266442],[-75.5712675,5.7266117],[-75.57121,5.7265787],[-75.5711907,5.7265722],[-75.5711825,5.7265728],[-75.5711799,5.7265756],[-75.5711825,5.7265843],[-75.5712005,5.7266025],[-75.5712762,5.7266624],[-75.5713284,5.7267093],[-75.5713874,5.7267727],[-75.571445,5.7268459],[-75.5714702,5.7268893],[-75.5714814,5.726924],[-75.5714813,5.7269478],[-75.571471,5.7269755],[-75.5714686,5.7269996],[-75.5714631,5.7270091],[-75.5714106,5.7270441],[-75.5713957,5.7270619],[-75.5713794,5.7270896],[-75.5713496,5.7271625],[-75.5713279,5.7271993],[-75.5713039,5.7272308],[-75.5712936,5.7272621],[-75.5712655,5.7272923],[-75.5712038,5.7273325],[-75.571151,5.7273581],[-75.5710822,5.7273853],[-75.5710285,5.7274178],[-75.5709737,5.7274444],[-75.570934,5.7274693],[-75.5708617,5.7275219],[-75.5708216,5.7275446],[-75.570805,5.7275436],[-75.5706448,5.7274591],[-75.5705011,5.7273946],[-75.5704461,5.7273741],[-75.5703563,5.7273471],[-75.5702942,5.7273384],[-75.570228,5.7273466],[-75.5701796,5.7273622],[-75.5701538,5.7273777],[-75.5701165,5.7274121],[-75.5700129,5.7274944],[-75.5699766,5.7275107],[-75.569941,5.7275216],[-75.5698863,5.7275297],[-75.5698415,5.727545],[-75.5698327,5.7275445],[-75.5698139,5.727537],[-75.5697511,5.7275404],[-75.5696826,5.7275199],[-75.569638,5.7275008],[-75.5695407,5.7274501],[-75.5693933,5.7273855],[-75.5693503,5.7273724],[-75.5692815,5.7273655],[-75.5692176,5.7273791],[-75.5691859,5.7273887],[-75.569088,5.7274376],[-75.569065,5.7274461],[-75.5690426,5.7274621],[-75.5689934,5.7275068],[-75.5689843,5.7275124],[-75.5689755,5.727513],[-75.5689706,5.727503],[-75.5689537,5.72743],[-75.5689329,5.727382],[-75.5689202,5.7273672],[-75.5689118,5.7273629],[-75.5689006,5.7273624],[-75.5688659,5.7273682],[-75.5688297,5.7273782],[-75.5687685,5.727382],[-75.5687417,5.7273743],[-75.5687092,5.7273579],[-75.5686685,5.727327],[-75.568636,5.7272918],[-75.5686148,5.7272628],[-75.5685814,5.7272063],[-75.5685484,5.7271668],[-75.5684241,5.727051],[-75.5683543,5.7269817],[-75.5683102,5.726944],[-75.5682633,5.7269106],[-75.5682024,5.7268801],[-75.5681024,5.7268444],[-75.5680213,5.7268268],[-75.5679463,5.7267894],[-75.5679075,5.7267611],[-75.5678937,5.7267434],[-75.5678741,5.7267037],[-75.5678641,5.7266681],[-75.5678595,5.726611],[-75.5678638,5.7265456],[-75.5678607,5.7264529],[-75.5678571,5.7264361],[-75.5678497,5.7264203],[-75.5678228,5.7263795],[-75.5677603,5.7263014],[-75.5677328,5.7262746],[-75.5676929,5.7262473],[-75.5675336,5.7261534],[-75.5674723,5.7261204],[-75.5674434,5.7260996],[-75.5673935,5.7260455],[-75.5673512,5.7260116],[-75.5672585,5.7259997],[-75.567239,5.7259934],[-75.567199,5.7259741],[-75.5670593,5.7258922],[-75.567009,5.7258679]]},"properties":{"OBJECTID":80,"CNIdentif":"05390600180","CNAltura":675,"CNTipo":1,"RuleID":1}},{"type":"Feature","id":89,"geometry":{"type":"LineString","coordinates":[[-75.6167891,5.7975194],[-75.6167908,5.7975285],[-75.6168004,5.7975458],[-75.6168207,5.7975651],[-75.616838,5.7975746],[-75.6168722,5.7975777],[-75.6168997,5.7975737],[-75.6169253,5.797558],[-75.6169372,5.7975422],[-75.6169419,5.7975268],[-75.6169432,5.7975082],[-75.6169391,5.7974922],[-75.6169243,5.7974809],[-75.6168808,5.7974689],[-75.6168369,5.7974664],[-75.6168128,5.79747],[-75.6167997,5.7974778],[-75.6167938,5.7974928],[-75.6167891,5.7975194]]},"properties":{"OBJECTID":89,"CNIdentif":"05390600189","CNAltura":700,"CNTipo":1,"RuleID":1}},{"type":"Feature","id":101,"geometry":{"type":"LineString","coordinates":[[-75.598854,5.8091362],[-75.5988583,5.8091241],[-75.5988557,5.8090712],[-75.5988479,5.8090252],[-75.5988321,5.8089606],[-75.5988074,5.808888],[-75.5987609,5.8087817],[-75.5987342,5.8087354],[-75.5987063,5.8087052],[-75.5986932,5.8086961],[-75.5986792,5.808692],[-75.5986401,5.8086958],[-75.598631,5.8086906],[-75.5986232,5.8086768],[-75.5986221,5.8086594],[-75.5986253,5.808642],[-75.5986631,5.8085162],[-75.5986732,5.8084703],[-75.5986727,5.8084342],[-75.5986597,5.8083982],[-75.5986327,5.8083528],[-75.5985866,5.8082952],[-75.5983315,5.8080177],[-75.5982885,5.8079599],[-75.5982703,5.8079143],[-75.5982646,5.8078889],[-75.5982633,5.8078577],[-75.5982805,5.8077675],[-75.5982819,5.8076763],[-75.5982797,5.8076409],[-75.5982589,5.8075454],[-75.5982489,5.8075158],[-75.5982299,5.8074758],[-75.5982223,5.8074413],[-75.5982089,5.807427],[-75.5981371,5.8073855],[-75.5980724,5.8073559],[-75.5980682,5.8073499],[-75.5980694,5.8073392],[-75.5980806,5.8073236],[-75.5980889,5.807302],[-75.5980841,5.8072853],[-75.598075,5.8072668],[-75.5980492,5.8072322],[-75.5980224,5.807208],[-75.5980051,5.8071705],[-75.5979623,5.8071137],[-75.5979402,5.8070908],[-75.5978817,5.8070414],[-75.5978244,5.8069991],[-75.5977246,5.8069318],[-75.5976061,5.8068018],[-75.5975386,5.8067161],[-75.5975191,5.8066854],[-75.5974918,5.8066311],[-75.5974676,5.8065664],[-75.5974628,5.8065372],[-75.5974611,5.8065021],[-75.5974688,5.8064632],[-75.597479,5.8064381],[-75.5975207,5.8064399],[-75.5975309,5.8064458],[-75.5975446,5.8064865],[-75.5975552,5.8065036],[-75.597696,5.8066745],[-75.5977396,5.8067173],[-75.5977698,5.8067395],[-75.5977987,5.806744],[-75.5978156,5.8067545],[-75.5978392,5.8067621],[-75.5979362,5.8068126],[-75.5980123,5.8068635],[-75.5980703,5.806914],[-75.5981905,5.8070426],[-75.5983485,5.8071958],[-75.5984979,5.8073538],[-75.5985865,5.8074547],[-75.5986177,5.8074961],[-75.598664,5.8075454],[-75.5986872,5.8075934],[-75.598755,5.8076622],[-75.5987914,5.8077293],[-75.5988349,5.8077812],[-75.5988464,5.8078154],[-75.5988619,5.8078491],[-75.5988743,5.8078906],[-75.5989342,5.80803],[-75.5989685,5.808153],[-75.5990077,5.8082465],[-75.599176,5.80853],[-75.5993332,5.8088519],[-75.5993581,5.8088909],[-75.599379,5.8089155],[-75.5994484,5.8089634],[-75.5994645,5.8089712],[-75.599505,5.8089815],[-75.5995462,5.8089796],[-75.5996055,5.8089684],[-75.5997095,5.8089252],[-75.5997371,5.808919],[-75.5998,5.808888],[-75.5998575,5.8088504],[-75.5999257,5.8088118],[-75.5999889,5.8087804],[-75.6000339,5.8087619],[-75.6000963,5.8087422],[-75.6001974,5.8087173],[-75.6002914,5.8087023],[-75.6003282,5.8087],[-75.6003885,5.8087047],[-75.6004988,5.808728],[-75.6006432,5.8087458],[-75.6007033,5.8087606],[-75.6007456,5.808766],[-75.6007705,5.8087764],[-75.6008196,5.8087895],[-75.6009467,5.8088053],[-75.6009915,5.8088152],[-75.6010315,5.8088299],[-75.6010807,5.8088533],[-75.6011101,5.8088733],[-75.6011654,5.8089176],[-75.6012105,5.8089448],[-75.6012687,5.8089653],[-75.6012911,5.8089529],[-75.6013234,5.8089206],[-75.6013723,5.8088462],[-75.6013999,5.8087833],[-75.6014215,5.808723],[-75.6014334,5.8086713],[-75.6014396,5.8086188],[-75.6014359,5.8085617],[-75.6014097,5.8084616],[-75.6013951,5.8084308],[-75.6013714,5.8083996],[-75.6013587,5.8083768],[-75.6013456,5.8083445],[-75.6013319,5.808299],[-75.6013258,5.8082592],[-75.6013303,5.8082257],[-75.6013404,5.8082093],[-75.6013768,5.8081669],[-75.6014303,5.8081408],[-75.6014925,5.8080899],[-75.6015525,5.8080592],[-75.6015917,5.8080288],[-75.6016044,5.8080325],[-75.6016479,5.8080753],[-75.601695,5.8081408],[-75.6017372,5.8081848],[-75.6017839,5.8082196],[-75.6018323,5.8082433],[-75.6019812,5.8082797],[-75.6020344,5.8082989],[-75.6021192,5.8083354],[-75.6021754,5.8083419],[-75.6021952,5.8083476],[-75.6022437,5.8083677],[-75.6023505,5.8084244],[-75.6023956,5.8084453],[-75.6024512,5.8084591],[-75.6024644,5.8084581],[-75.6024917,5.808442],[-75.6025534,5.8083874],[-75.6025741,5.8083566],[-75.6026061,5.8082675],[-75.6026562,5.8081616],[-75.602677,5.8080906],[-75.6026936,5.8080044],[-75.6026989,5.8079446],[-75.602707,5.8077547],[-75.6027157,5.807663],[-75.6027259,5.8075913],[-75.6027258,5.807559],[-75.6027315,5.8075202],[-75.602734,5.8074648],[-75.6027466,5.8073402],[-75.6027616,5.8072517],[-75.6028066,5.8070948],[-75.602831,5.8069893],[-75.602837,5.8069412],[-75.602842,5.806812],[-75.6028386,5.806714],[-75.6028699,5.8066241],[-75.6029307,5.8065385],[-75.6029844,5.8064977],[-75.603012,5.8064823],[-75.6030407,5.8064783],[-75.6031641,5.8064758],[-75.6032167,5.8064882],[-75.6032412,5.8064866],[-75.6032819,5.806477],[-75.6032908,5.8064725],[-75.6032974,5.8064631],[-75.6032972,5.8064452],[-75.6033021,5.8064321],[-75.6033148,5.806416],[-75.6033276,5.8064085],[-75.6033596,5.806399],[-75.6034171,5.8064009],[-75.6035165,5.8063821],[-75.6035579,5.8063705],[-75.603673,5.8063302],[-75.603741,5.8063115],[-75.6037692,5.8063077],[-75.6037997,5.8063097],[-75.6038828,5.8063243],[-75.604013,5.8063523],[-75.6040848,5.806362],[-75.6041034,5.8063609],[-75.6041343,5.8063522],[-75.6041696,5.806329],[-75.6041942,5.8063223],[-75.6042044,5.8063269],[-75.6042146,5.806339],[-75.6042333,5.806379],[-75.6042479,5.8063965],[-75.6042676,5.8064119],[-75.6042934,5.8064226],[-75.6043301,5.8064301],[-75.6043839,5.8064306],[-75.6044183,5.8064352],[-75.6044909,5.8064243],[-75.6045212,5.8064274],[-75.6045313,5.8064321],[-75.6045335,5.8064396],[-75.6045328,5.806472],[-75.6045297,5.8064868],[-75.6045188,5.8065111],[-75.6045171,5.8065707],[-75.6045214,5.8066047],[-75.6045391,5.8066673],[-75.6045412,5.8067438],[-75.6045802,5.8068647],[-75.6046002,5.8069135],[-75.6046133,5.8069614],[-75.6046801,5.8071086],[-75.6047355,5.8071981],[-75.6048081,5.8072697],[-75.6048541,5.8073047],[-75.6049336,5.807352],[-75.6051512,5.8074726],[-75.6052411,5.807532],[-75.6053834,5.8076422],[-75.6056317,5.8078265],[-75.6057691,5.8079388],[-75.6057879,5.8079475],[-75.6058084,5.8079516],[-75.6058224,5.8079505],[-75.6058347,5.8079444],[-75.6058547,5.8079213],[-75.6058737,5.8078769],[-75.6059149,5.8077268],[-75.6059323,5.8076498],[-75.6059699,5.8075241],[-75.6059796,5.8074656],[-75.6060098,5.8073689],[-75.6060169,5.8073559],[-75.6060275,5.8073444],[-75.6060846,5.8073104],[-75.6061148,5.8072774],[-75.6061503,5.80722],[-75.6061769,5.8071656],[-75.6061924,5.8071246],[-75.6062109,5.807022],[-75.6062107,5.8069771],[-75.6062134,5.8069527],[-75.606236,5.8068308],[-75.6062885,5.8065942],[-75.6063122,5.8065176],[-75.6063334,5.8064188],[-75.6063375,5.8063597],[-75.6063325,5.8061996],[-75.6063429,5.8061256],[-75.606351,5.8061066],[-75.6063648,5.8060851],[-75.6064656,5.8059687],[-75.6065046,5.8059175],[-75.6065257,5.8058944],[-75.6065328,5.8058915],[-75.6065396,5.8058952],[-75.6065959,5.8060116],[-75.6066371,5.8060716],[-75.6066747,5.8061146],[-75.6067333,5.8061728],[-75.6067866,5.8062183],[-75.606842,5.8062536],[-75.6068836,5.8062711],[-75.6069558,5.8062889],[-75.6069818,5.8062892],[-75.6069804,5.8062559],[-75.606991,5.8062262],[-75.6070186,5.8062047],[-75.6070373,5.8061982],[-75.6070527,5.8062052],[-75.6070634,5.8062164],[-75.6070955,5.8062615],[-75.6071044,5.8062842],[-75.6071087,5.8062883],[-75.6071477,5.8062868],[-75.6073018,5.8062576],[-75.6073718,5.8062521],[-75.6074079,5.8062593],[-75.6074346,5.8062684],[-75.6075714,5.8063512],[-75.6075976,5.8063609],[-75.6076272,5.8063648],[-75.6076644,5.8063579],[-75.6076952,5.8063419],[-75.6077268,5.8063122],[-75.6077438,5.8062907],[-75.6077539,5.806272],[-75.6077682,5.8062365],[-75.6077918,5.8061489],[-75.607813,5.8060832],[-75.6078202,5.8060395],[-75.607815,5.8059963],[-75.6077931,5.8059331],[-75.6077754,5.8059005],[-75.607727,5.805834],[-75.6077123,5.8057997],[-75.6077072,5.8057792],[-75.6077006,5.8057421],[-75.6077005,5.8056921],[-75.607703,5.8056867],[-75.6077259,5.8056804],[-75.6077309,5.805672],[-75.6077297,5.8056605],[-75.6077138,5.8056312],[-75.6077219,5.8055949],[-75.6077827,5.8054987],[-75.6078016,5.8054495],[-75.6078711,5.8053274],[-75.6078799,5.8053271],[-75.6078993,5.8053404],[-75.6079069,5.8053425],[-75.6079222,5.8053302],[-75.6080152,5.8052209],[-75.6082225,5.8049683],[-75.6083608,5.8048175],[-75.608411,5.8047503],[-75.6084496,5.8046778],[-75.6084984,5.8045547],[-75.6085232,5.8044734],[-75.6085413,5.8043827],[-75.6085423,5.8043411],[-75.6085367,5.8042809],[-75.6085266,5.8042409],[-75.6085162,5.8042166],[-75.6085079,5.8042022],[-75.6084628,5.8041797],[-75.6084475,5.8041674],[-75.6083516,5.8040569],[-75.6083153,5.8040028],[-75.6083089,5.8039885],[-75.6083014,5.8039469],[-75.6082833,5.8038968],[-75.6082708,5.8038387],[-75.6082368,5.803795],[-75.6082141,5.8037774],[-75.6082059,5.8037633],[-75.6082053,5.8037051],[-75.6081846,5.8036747],[-75.6081578,5.8036593],[-75.608094,5.8036401],[-75.6080806,5.8036329],[-75.6080862,5.8035237],[-75.6080825,5.8035091],[-75.6080661,5.8034724],[-75.6080435,5.8034002],[-75.6080374,5.8033372],[-75.6080392,5.8033179],[-75.6080431,5.8033097],[-75.6080791,5.8033551],[-75.6081056,5.8033976],[-75.6081491,5.8034981],[-75.6081872,5.8035455],[-75.6082268,5.8035784],[-75.6083163,5.8036331],[-75.6083587,5.8036625],[-75.6084371,5.8036969],[-75.6084638,5.8037199],[-75.6084759,5.8037357],[-75.6084786,5.8037413],[-75.6084781,5.8037507],[-75.6084551,5.8037964],[-75.6084449,5.8038331],[-75.608454,5.8038692],[-75.6084547,5.8039142],[-75.6084683,5.8039753],[-75.6085075,5.8040478],[-75.60852,5.8041033],[-75.6085353,5.8041503],[-75.6085363,5.8041763],[-75.6085392,5.8041836],[-75.6086717,5.8043182],[-75.6086804,5.8043306],[-75.6086837,5.8043513],[-75.6086825,5.8043884],[-75.6086685,5.8044496],[-75.6086557,5.8044874],[-75.6086267,5.8045546],[-75.608582,5.8046949],[-75.6085469,5.8048223],[-75.6085299,5.8048715],[-75.608476,5.8049498],[-75.6083579,5.8050984],[-75.6083355,5.8051393],[-75.6083261,5.8051712],[-75.6083138,5.8052389],[-75.6082975,5.8053032],[-75.6082385,5.8054783],[-75.6082069,5.8056051],[-75.6082024,5.8056416],[-75.6082029,5.8056776],[-75.6082055,5.8057078],[-75.6082141,5.8057535],[-75.6082393,5.8058362],[-75.6082998,5.8060052],[-75.6083184,5.8060768],[-75.6083202,5.8061301],[-75.6082973,5.8062461],[-75.6082984,5.8062769],[-75.6083034,5.8063016],[-75.6083144,5.8063279],[-75.6083265,5.8063477],[-75.6083618,5.8063842],[-75.6084135,5.8064182],[-75.6084758,5.806443],[-75.6084894,5.8064435],[-75.6086171,5.8064215],[-75.6087034,5.8064167],[-75.6087405,5.8064093],[-75.6088299,5.8064102],[-75.6088692,5.8064164],[-75.6088777,5.8064268],[-75.6088844,5.8064517],[-75.6088903,5.8065303],[-75.6089008,5.8066018],[-75.6089139,5.8066402],[-75.6089654,5.8067367],[-75.608983,5.8067559],[-75.6090545,5.8068105],[-75.6090969,5.8068677],[-75.6091615,5.8069385],[-75.6091988,5.8069683],[-75.6092379,5.8069888],[-75.6092649,5.8069884],[-75.6093068,5.8069944],[-75.609378,5.8069921],[-75.6094504,5.8069869],[-75.6095224,5.8069779],[-75.6096718,5.8069396],[-75.609799,5.8069004],[-75.6098831,5.8068948],[-75.6099274,5.8068968],[-75.6099879,5.8068902],[-75.6100276,5.8068806],[-75.6100585,5.8068626],[-75.6100903,5.8068507],[-75.6101445,5.8068246],[-75.6102207,5.8067769],[-75.6102705,5.8067503],[-75.6103067,5.8067348],[-75.6103728,5.8067156],[-75.610443,5.8066997],[-75.6104749,5.8066997],[-75.610529,5.8067089],[-75.6105712,5.8067053],[-75.6106717,5.8066783],[-75.6107258,5.8066507],[-75.6107634,5.8066161],[-75.6107835,5.8065919],[-75.6108102,5.8065469],[-75.6108244,5.8065154],[-75.6108483,5.806479],[-75.6108687,5.8064297],[-75.610882,5.8063521],[-75.6109087,5.8063022],[-75.6109397,5.8062306],[-75.6109561,5.8062042],[-75.6110123,5.8061346],[-75.6110741,5.8060675],[-75.6111078,5.8060066],[-75.6111241,5.8059974],[-75.6111602,5.8059881],[-75.6112196,5.8059661],[-75.6112741,5.8059553],[-75.6114581,5.8058812],[-75.6115152,5.8058414],[-75.611611,5.8057524],[-75.6117514,5.8056463],[-75.6118149,5.8055908],[-75.611854,5.8055674],[-75.611962,5.8055104],[-75.6120752,5.8054615],[-75.6121103,5.8054416],[-75.6121246,5.8054304],[-75.6121273,5.8054252],[-75.6121245,5.8054149],[-75.6121003,5.8053891],[-75.6120428,5.8053158],[-75.6119614,5.8052254],[-75.6119477,5.8052034],[-75.61192,5.8051449],[-75.6118595,5.8050617],[-75.6118267,5.8050021],[-75.6118199,5.8049962],[-75.6118064,5.8049917],[-75.6117987,5.8049808],[-75.6117909,5.8049522],[-75.6117911,5.8049202],[-75.6117966,5.8049045],[-75.6118192,5.8048743],[-75.611838,5.8048589],[-75.6118682,5.8048446],[-75.6119135,5.8048285],[-75.6119404,5.804825],[-75.6120208,5.8048267],[-75.6120629,5.804832],[-75.6120822,5.8048394],[-75.6121184,5.8048666],[-75.612136,5.8048756],[-75.6121564,5.8048826],[-75.6122059,5.8048887],[-75.6122416,5.8048891],[-75.612303,5.8048746],[-75.612329,5.8048638],[-75.6123381,5.8048529],[-75.6123279,5.804842],[-75.6122659,5.8048133],[-75.6122168,5.8047849],[-75.6121212,5.8047371],[-75.612007,5.8046898],[-75.6117686,5.8045976],[-75.6117359,5.8045914],[-75.6116914,5.804572],[-75.6116331,5.8045351],[-75.6116064,5.8045261],[-75.6116043,5.8045215],[-75.6116143,5.8044868],[-75.6116138,5.8044654],[-75.6116074,5.8044473],[-75.6115788,5.8043986],[-75.6115262,5.8043299],[-75.6114972,5.8042868],[-75.6114397,5.8042144],[-75.6114319,5.8041988],[-75.6114179,5.8041427],[-75.6114097,5.8041307],[-75.6113486,5.8040987],[-75.6113306,5.8040809],[-75.6113198,5.8040594],[-75.6113412,5.8040485],[-75.6113949,5.8040375],[-75.6114057,5.8040156],[-75.6113923,5.8039804],[-75.6113836,5.803974],[-75.6113514,5.8039623],[-75.611341,5.8039499],[-75.6113407,5.8039265],[-75.6113353,5.8038872],[-75.6113386,5.803795],[-75.611346,5.8037835],[-75.6113582,5.8037737],[-75.6114113,5.803747],[-75.6114297,5.8036917],[-75.6114421,5.8036727],[-75.6114698,5.8036547],[-75.6115142,5.8036354],[-75.6115219,5.8036277],[-75.6115289,5.8036148],[-75.6115466,5.8035513],[-75.6115497,5.8035158],[-75.6115471,5.8034819],[-75.6115235,5.8033884],[-75.6115243,5.8033112],[-75.611528,5.8032725],[-75.6115344,5.8032478],[-75.6115543,5.803203],[-75.6115767,5.8031756],[-75.6115992,5.8031352],[-75.6116255,5.803107],[-75.6116401,5.8030957],[-75.6116518,5.803092],[-75.6117745,5.8030845],[-75.6118245,5.8030702],[-75.6119025,5.803077],[-75.6119904,5.8030898],[-75.6120816,5.803097],[-75.612136,5.8030962],[-75.6122447,5.8030859],[-75.6123366,5.8030829],[-75.6123596,5.8030806],[-75.6123871,5.8030729],[-75.6124006,5.8030587],[-75.612404,5.8030465],[-75.6124027,5.803002],[-75.6123831,5.8028967],[-75.6123248,5.8027515],[-75.6122733,5.8026451],[-75.6122368,5.8025458],[-75.6122242,5.8025035],[-75.6122218,5.8024821],[-75.6122231,5.8024587],[-75.612251,5.8023132],[-75.6122589,5.8022185],[-75.6122536,5.802178],[-75.6122175,5.8021056],[-75.6121794,5.8020675],[-75.6121337,5.8020356],[-75.6121091,5.8020248],[-75.6120072,5.8019972],[-75.6119609,5.8019799],[-75.6119083,5.8019458],[-75.6118513,5.8018995],[-75.6118123,5.8018739],[-75.6117898,5.8018626],[-75.6117353,5.8018453],[-75.6116551,5.8018267],[-75.6116375,5.8018271],[-75.6116203,5.8018397],[-75.6116114,5.8018416],[-75.61156,5.8018359],[-75.611504,5.8018221],[-75.6114496,5.8017962],[-75.6114298,5.8017757],[-75.611421,5.8017577],[-75.6114218,5.8017503],[-75.611439,5.801731],[-75.6114383,5.8017268],[-75.6113815,5.8016164],[-75.6113388,5.8015133],[-75.6112747,5.8013737],[-75.611258,5.8013441],[-75.6112467,5.8013299],[-75.6112156,5.8012974],[-75.611182,5.8012688],[-75.6111741,5.8012678],[-75.611139,5.8012985],[-75.6111207,5.8013034],[-75.6110477,5.8012865],[-75.6110052,5.8012605],[-75.6109929,5.8012458],[-75.6109944,5.8012378],[-75.6110033,5.8012305],[-75.6110402,5.8012172],[-75.6111563,5.8012035],[-75.6111682,5.801205],[-75.6111789,5.8012119],[-75.6111878,5.8012123],[-75.6112379,5.8011889],[-75.6113357,5.8011186],[-75.6113877,5.8010712],[-75.6114365,5.8010065],[-75.6114678,5.8009441],[-75.6114735,5.8009374],[-75.6115295,5.8009125],[-75.6115798,5.8008779],[-75.6116426,5.8008517],[-75.6116877,5.8008224],[-75.6117735,5.8007835],[-75.6118174,5.8007852],[-75.6118279,5.8007878],[-75.6118351,5.8007935],[-75.6118504,5.8008191],[-75.6118647,5.8008362],[-75.6118736,5.8008415],[-75.6118864,5.8008417],[-75.6119013,5.8008337],[-75.6119147,5.8008214],[-75.611956,5.8007722],[-75.6119691,5.8007512],[-75.6119863,5.8006937],[-75.6119878,5.8006612],[-75.6119816,5.8006191],[-75.611949,5.8005331],[-75.61193,5.8005071],[-75.6119038,5.8004909],[-75.6118861,5.8004904],[-75.6118369,5.8004987],[-75.6118247,5.8004965],[-75.6118204,5.8004919],[-75.6118288,5.8004652],[-75.6118333,5.800436],[-75.6118342,5.8003812],[-75.6118234,5.8003597],[-75.6118066,5.8003046],[-75.6118039,5.8002563],[-75.6117805,5.8001954],[-75.6117608,5.8001103],[-75.6117416,5.8000021],[-75.6117233,5.7999298],[-75.6116929,5.7998381],[-75.6116644,5.7997766],[-75.611647,5.7997486],[-75.6116167,5.7997157],[-75.6115844,5.7996939],[-75.6115673,5.799675],[-75.6115558,5.7996683],[-75.6114394,5.7996529],[-75.6114153,5.7996569],[-75.6113843,5.7996696],[-75.6113476,5.7996994],[-75.6113054,5.7997563],[-75.6112755,5.7998051],[-75.6112144,5.7999277],[-75.6111587,5.8000079],[-75.6111075,5.800056],[-75.61109,5.8000767],[-75.6110515,5.80018],[-75.6110168,5.8002893],[-75.611001,5.8003493],[-75.6109919,5.8003725],[-75.6109559,5.800436],[-75.6109216,5.800474],[-75.6108877,5.8004973],[-75.610828,5.8005273],[-75.6106926,5.800566],[-75.6103967,5.8005976],[-75.6103729,5.8005957],[-75.6103438,5.8005876],[-75.6103147,5.8005686],[-75.6102921,5.8005414],[-75.6102499,5.8004526],[-75.610233,5.800428],[-75.610208,5.8004077],[-75.6101242,5.8003569],[-75.6100786,5.8003167],[-75.6100367,5.8002587],[-75.6100109,5.8002172],[-75.6099611,5.8001211],[-75.6099276,5.8000831],[-75.6098979,5.8000585],[-75.6098539,5.8000297],[-75.6097135,5.7999498],[-75.6097004,5.7999399],[-75.6096766,5.7999385],[-75.6096405,5.7999201],[-75.6095886,5.7998765],[-75.6095401,5.7998304],[-75.6095066,5.7997919],[-75.6095044,5.7997853],[-75.609511,5.7997819],[-75.6095256,5.7997858],[-75.6095435,5.799795],[-75.6095844,5.799826],[-75.6096216,5.7998423],[-75.6096436,5.7998435],[-75.6096713,5.7998321],[-75.6096929,5.7998343],[-75.6097035,5.7998427],[-75.6097196,5.7998715],[-75.6097322,5.7998741],[-75.6097437,5.7998707],[-75.609757,5.7998597],[-75.6097686,5.7998438],[-75.609788,5.7997951],[-75.60979,5.7997722],[-75.6097864,5.7997327],[-75.6097864,5.7996873],[-75.6097902,5.799679],[-75.6098047,5.7996762],[-75.6098391,5.7996773],[-75.6098636,5.799685],[-75.6099196,5.799711],[-75.6099705,5.7997394],[-75.6100433,5.7997749],[-75.6100882,5.7997927],[-75.6101208,5.7998014],[-75.6101672,5.7998037],[-75.6101906,5.7998016],[-75.6102296,5.7997917],[-75.6102746,5.7997733],[-75.6102924,5.7997594],[-75.6103084,5.7997403],[-75.6103202,5.7997192],[-75.6103289,5.7996926],[-75.6103291,5.7996624],[-75.6103234,5.7996242],[-75.6103245,5.7996052],[-75.6103298,5.7995892],[-75.6103555,5.7995473],[-75.6103662,5.7994935],[-75.6103649,5.799473],[-75.6103429,5.7994502],[-75.6103356,5.7994364],[-75.6103367,5.7994248],[-75.6103465,5.7994096],[-75.610355,5.7994046],[-75.6103642,5.799404],[-75.610403,5.7994299],[-75.610414,5.7994317],[-75.6105221,5.7994134],[-75.6105706,5.7993939],[-75.6106645,5.799335],[-75.6107786,5.7992706],[-75.6108415,5.7992249],[-75.6109483,5.7991234],[-75.6109778,5.7990892],[-75.6110757,5.7989623],[-75.6111021,5.7989345],[-75.611123,5.7989186],[-75.6111641,5.7988972],[-75.611219,5.7988771],[-75.6112587,5.7988696],[-75.6113538,5.7988595],[-75.6113758,5.7988514],[-75.6113983,5.798838],[-75.6114439,5.7987968],[-75.6115786,5.7986281],[-75.611609,5.7986007],[-75.6116213,5.7985861],[-75.6116382,5.7985552],[-75.6116604,5.7984889],[-75.6116743,5.7984564],[-75.6116929,5.7984313],[-75.6117211,5.7984037],[-75.611785,5.798378],[-75.6118555,5.7983633],[-75.6119323,5.7983529],[-75.6119961,5.798355],[-75.6120288,5.7983473],[-75.6120735,5.7983293],[-75.6121093,5.7983113],[-75.612146,5.7982889],[-75.6121825,5.798262],[-75.6122218,5.798223],[-75.6122396,5.7981958],[-75.61225,5.7981727],[-75.6122623,5.798128],[-75.6122982,5.7980465],[-75.6123349,5.7979383],[-75.6123391,5.7979191],[-75.6123378,5.7978652],[-75.6123421,5.7978515],[-75.6123596,5.7978202],[-75.6123747,5.7978038],[-75.6124167,5.7977726],[-75.6124775,5.797699],[-75.6124939,5.7976902],[-75.6125308,5.7976834],[-75.6125648,5.797658],[-75.6126065,5.7976104],[-75.61263,5.7975659],[-75.6126384,5.7975346],[-75.6126389,5.7975227],[-75.6126282,5.7975002],[-75.6126272,5.7974924],[-75.6126327,5.797485],[-75.6126463,5.7974786],[-75.6126543,5.7974649],[-75.6126609,5.7974251],[-75.6126626,5.7973788],[-75.6126577,5.7973092],[-75.61264,5.7972227],[-75.6126321,5.7971589],[-75.6126231,5.7971136],[-75.612625,5.7970951],[-75.6126384,5.7970686],[-75.6126403,5.7970596],[-75.6126259,5.7969761],[-75.6126257,5.7969606],[-75.6126404,5.796955],[-75.6126785,5.7969516],[-75.612766,5.7969649],[-75.6127974,5.7969659],[-75.6128169,5.7969633],[-75.6128451,5.7969446],[-75.6128704,5.7969348],[-75.612888,5.7969239],[-75.6129501,5.7968713],[-75.6130142,5.7968271],[-75.6130595,5.7967908],[-75.6131257,5.7967481],[-75.6132753,5.7966782],[-75.6133343,5.7966406],[-75.6133653,5.7966175],[-75.6133888,5.7965955],[-75.613419,5.7965626],[-75.6134451,5.7965268],[-75.6134541,5.7964948],[-75.6134713,5.7964583],[-75.6134786,5.7964312],[-75.6134795,5.7964219],[-75.6134743,5.7963927],[-75.6134685,5.7963775],[-75.6134544,5.7963595],[-75.6134124,5.796339],[-75.613389,5.7963219],[-75.6133509,5.7962374],[-75.6133241,5.7962007],[-75.6132567,5.7961417],[-75.6132118,5.7961088],[-75.6131836,5.7960831],[-75.6131005,5.7960408],[-75.6130603,5.7960086],[-75.6130342,5.7959807],[-75.6129979,5.7959313],[-75.612923,5.7958156],[-75.6128918,5.7957838],[-75.6128441,5.7957507],[-75.612846,5.7957387],[-75.6128728,5.7957052],[-75.612931,5.7956529],[-75.6129713,5.7955843],[-75.612982,5.7955624],[-75.6129983,5.7955149],[-75.6130066,5.7954608],[-75.6130337,5.7953972],[-75.6130646,5.7952],[-75.6130648,5.795175],[-75.613076,5.7951317],[-75.6130962,5.7950231],[-75.6130956,5.7948875],[-75.6130928,5.7948721],[-75.6130838,5.7948631],[-75.6130657,5.7948569],[-75.6130513,5.7948633],[-75.6130441,5.7948706],[-75.6130351,5.7948878],[-75.613021,5.7949602],[-75.6130032,5.7950134],[-75.6129935,5.7950323],[-75.6129302,5.7951146],[-75.6128989,5.795147],[-75.6128801,5.795161],[-75.6128444,5.7951803],[-75.6127361,5.7952213],[-75.6126553,5.795292],[-75.6125743,5.79535],[-75.6125347,5.7953706],[-75.6124344,5.7954114],[-75.6123857,5.7954385],[-75.6122711,5.7955411],[-75.6122401,5.7955634],[-75.6122217,5.7955909],[-75.6122105,5.795599],[-75.6122052,5.7955969],[-75.612205,5.7955874],[-75.6122164,5.7955524],[-75.6122221,5.7954821],[-75.6122408,5.7953949],[-75.6122412,5.7953632],[-75.6122361,5.7953388],[-75.6122257,5.7953123],[-75.612195,5.7952569],[-75.6121788,5.7952368],[-75.6121577,5.7952179],[-75.6121279,5.7951989],[-75.6121025,5.7951887],[-75.6120578,5.7951797],[-75.6120364,5.7951819],[-75.612018,5.7951874],[-75.6119562,5.7952199],[-75.6119115,5.7952368],[-75.6118956,5.7952371],[-75.6118786,5.7952185],[-75.6118687,5.7952152],[-75.6118552,5.7952154],[-75.6118505,5.7952113],[-75.6118496,5.7951994],[-75.6118571,5.7951715],[-75.6118694,5.7951553],[-75.6119051,5.7951199],[-75.6120041,5.7950462],[-75.6120373,5.7950099],[-75.6120463,5.7949918],[-75.6120524,5.7949493],[-75.6120469,5.7949394],[-75.6120188,5.7949133],[-75.6120061,5.7949079],[-75.6119916,5.7948953],[-75.6119591,5.7948918],[-75.6119392,5.7948847],[-75.6119221,5.7948848],[-75.6118509,5.794914],[-75.6118152,5.7949366],[-75.6117443,5.7950074],[-75.6116525,5.7950622],[-75.6115981,5.7950848],[-75.6114505,5.7951575],[-75.6114043,5.7951738],[-75.611375,5.795174],[-75.6113624,5.7951615],[-75.6113665,5.7951321],[-75.6113913,5.7950734],[-75.6114764,5.7948966],[-75.6114716,5.7948851],[-75.6114679,5.7948616],[-75.6114398,5.7948346],[-75.6114254,5.7948319],[-75.6114073,5.7948329],[-75.6113561,5.7948492],[-75.6113302,5.7948506],[-75.611308,5.7948555],[-75.6112815,5.7948539],[-75.6112486,5.7948477],[-75.6112135,5.7948367],[-75.6111771,5.7948193],[-75.6110409,5.7947345],[-75.6110028,5.7947173],[-75.6109733,5.7947076],[-75.6109143,5.7946949],[-75.6108635,5.7946902],[-75.6107774,5.794689],[-75.6107438,5.7946847],[-75.6107116,5.7946906],[-75.6107296,5.7946596],[-75.610739,5.7946062],[-75.6107396,5.7945831],[-75.6107282,5.7945378],[-75.6107192,5.7945195],[-75.6106915,5.7944806],[-75.610684,5.7944482],[-75.6106912,5.7944288],[-75.6107313,5.7943795],[-75.6107488,5.7943518],[-75.6107639,5.7943152],[-75.6107752,5.7942663],[-75.6107786,5.7942377],[-75.610778,5.794197],[-75.6107726,5.7941505],[-75.6107595,5.7940795],[-75.6107583,5.7940484],[-75.6107609,5.7940292],[-75.6107743,5.7939999],[-75.6108248,5.7939437],[-75.6108517,5.793899],[-75.610859,5.7938753],[-75.6108741,5.7937949],[-75.6108779,5.793786],[-75.610889,5.7937757],[-75.6109019,5.7937498],[-75.6109237,5.7937323],[-75.6109963,5.7936997],[-75.611015,5.7936829],[-75.6110256,5.7936634],[-75.6110339,5.7936325],[-75.6110333,5.7936148],[-75.6109979,5.7935505],[-75.6109953,5.7935319],[-75.6109944,5.7933693],[-75.6109979,5.7933521],[-75.6110087,5.7933394],[-75.6110114,5.7933322],[-75.6110157,5.7932978],[-75.611022,5.7932914],[-75.6110391,5.7932877],[-75.6112729,5.7932858],[-75.6112801,5.793283],[-75.6112981,5.7932658],[-75.6113152,5.7932476],[-75.6113178,5.7932403],[-75.6113177,5.793206],[-75.611315,5.7931997],[-75.6113086,5.793197],[-75.6110757,5.7931963],[-75.6110685,5.7931945],[-75.6110495,5.7931774],[-75.6110439,5.7931683],[-75.6110485,5.7931588],[-75.6110747,5.7931336],[-75.611105,5.7931136],[-75.6111373,5.7930968],[-75.61116,5.7930929],[-75.6111964,5.7930973],[-75.6112466,5.7931146],[-75.6112819,5.7931331],[-75.611318,5.7931603],[-75.6113321,5.7931826],[-75.6113511,5.7931954],[-75.6114367,5.7932663],[-75.6114925,5.7933052],[-75.6115463,5.7933327],[-75.6116214,5.7933574],[-75.6116899,5.7933695],[-75.6117582,5.7933686],[-75.6118122,5.7933588],[-75.6118641,5.7933359],[-75.6119143,5.7933032],[-75.6119374,5.7932837],[-75.6120141,5.7931984],[-75.6120393,5.7931608],[-75.6120566,5.7931238],[-75.6120636,5.7930791],[-75.6120624,5.7930467],[-75.6120572,5.7930183],[-75.6120488,5.7929979],[-75.6120214,5.792953],[-75.6119805,5.7929131],[-75.6119425,5.792887],[-75.6119199,5.7928757],[-75.6118635,5.7928591],[-75.6118342,5.7928576],[-75.6118001,5.7928636],[-75.6117631,5.792877],[-75.6116782,5.7929128],[-75.61161,5.7929475],[-75.6115519,5.7929469],[-75.6115236,5.7929403],[-75.6114938,5.7929462],[-75.6114675,5.7929448],[-75.6114253,5.7929336],[-75.6113723,5.7929098],[-75.6113246,5.792881],[-75.6112901,5.7928473],[-75.6112304,5.7928134],[-75.6111814,5.7927989],[-75.6111326,5.792793],[-75.6110728,5.7927771],[-75.6110401,5.7927791],[-75.6110185,5.7927772],[-75.6109996,5.7927799],[-75.6109742,5.7927756],[-75.6109423,5.792777],[-75.6108865,5.792762],[-75.6108395,5.7927562],[-75.6107956,5.7927558],[-75.6107661,5.7927598],[-75.6106034,5.7927699],[-75.610435,5.7927923],[-75.6103688,5.7928111],[-75.6102881,5.7928501],[-75.6102618,5.7928593],[-75.6101826,5.7928651],[-75.6101074,5.792849],[-75.6099984,5.7928046],[-75.609882,5.7927712],[-75.6097987,5.7927586],[-75.6097706,5.7927506],[-75.6097315,5.7927483],[-75.6096944,5.7927339],[-75.6095913,5.7927138],[-75.6095563,5.7927109],[-75.6094343,5.7927111],[-75.6093733,5.7927],[-75.6093496,5.7926922],[-75.6093465,5.7926877],[-75.6093477,5.7926817],[-75.609352,5.7926786],[-75.609426,5.7926459],[-75.6095376,5.7926166],[-75.6096272,5.7925783],[-75.609714,5.792555],[-75.6097949,5.7925188],[-75.609843,5.7925047],[-75.6098717,5.7924908],[-75.6099794,5.7924612],[-75.609997,5.7924532],[-75.6100536,5.7924048],[-75.6100776,5.7923792],[-75.6101352,5.7922664],[-75.6101568,5.7922344],[-75.6101677,5.7922105],[-75.6101841,5.7921913],[-75.6102215,5.7921687],[-75.6103434,5.7921157],[-75.6103881,5.7920883],[-75.6104611,5.7920254],[-75.6105007,5.791984],[-75.6105366,5.7919389],[-75.6105507,5.7919263],[-75.6105723,5.791914],[-75.6106348,5.7918953],[-75.6106716,5.7918786],[-75.6109106,5.7917343],[-75.6110405,5.7916376],[-75.6111073,5.7915954],[-75.6112929,5.7915024],[-75.6114097,5.7914364],[-75.6114458,5.7914217],[-75.611491,5.7913977],[-75.611509,5.7913908],[-75.6115842,5.7913752],[-75.6116273,5.7913699],[-75.6116408,5.7913707],[-75.6117438,5.7913898],[-75.6118151,5.7914132],[-75.6119379,5.791462],[-75.6119697,5.7914705],[-75.6120287,5.791479],[-75.6121099,5.7914695],[-75.6121919,5.7914486],[-75.6122628,5.7914235],[-75.6123341,5.7913907],[-75.612379,5.7913636],[-75.6124297,5.7913245],[-75.6125049,5.7912553],[-75.6125574,5.791189],[-75.6125769,5.7911556],[-75.6126039,5.7911194],[-75.6126384,5.7910433],[-75.6126602,5.7909647],[-75.6126737,5.7908761],[-75.6126813,5.7908637],[-75.612693,5.7908573],[-75.6127178,5.7908559],[-75.6127445,5.7908741],[-75.6127757,5.7908839],[-75.6128058,5.7909117],[-75.6128116,5.7909241],[-75.6128048,5.7909822],[-75.6128043,5.7910101],[-75.6127924,5.7910284],[-75.6127888,5.7910557],[-75.6127634,5.7911193],[-75.6127565,5.7911513],[-75.6127414,5.7911907],[-75.6127308,5.7912279],[-75.612726,5.7912533],[-75.6127243,5.7913083],[-75.6127039,5.7913954],[-75.6126859,5.7914407],[-75.6126381,5.7915218],[-75.61261,5.7915756],[-75.6125679,5.7916809],[-75.6125442,5.7917619],[-75.6125392,5.7918275],[-75.6125421,5.7918624],[-75.6125472,5.7918825],[-75.6125681,5.7919329],[-75.6126203,5.7919707],[-75.6126699,5.7919858],[-75.6127308,5.7919904],[-75.6127841,5.7919831],[-75.6128083,5.7919702],[-75.612852,5.7919324],[-75.6128785,5.7919006],[-75.6130384,5.7915875],[-75.6130869,5.7915183],[-75.6131216,5.7914797],[-75.6131788,5.7914287],[-75.6132149,5.7914071],[-75.6132788,5.7913807],[-75.6133954,5.7913513],[-75.6134406,5.7913347],[-75.6134848,5.791307],[-75.613522,5.791269],[-75.6135477,5.7912331],[-75.6135656,5.7912011],[-75.6135978,5.7911331],[-75.6136048,5.7911116],[-75.6136049,5.7910886],[-75.6135738,5.7910119],[-75.6135456,5.7909813],[-75.6135143,5.7909535],[-75.6134922,5.7909262],[-75.6134609,5.7909079],[-75.6134474,5.7908946],[-75.6134288,5.7908596],[-75.6134127,5.7907972],[-75.6133956,5.7907693],[-75.6133739,5.790746],[-75.6133209,5.7907182],[-75.6131828,5.7906818],[-75.6129928,5.7906131],[-75.6129493,5.7905896],[-75.6128389,5.7905058],[-75.6128017,5.7904531],[-75.6127774,5.7904043],[-75.6127498,5.7903276],[-75.6127272,5.7902193],[-75.612703,5.7901529],[-75.6126814,5.7901156],[-75.6126363,5.7900524],[-75.6125527,5.7899456],[-75.6124902,5.7898725],[-75.612465,5.7898308],[-75.6124612,5.7898192],[-75.6124649,5.7898002],[-75.6124874,5.7897517],[-75.6125539,5.7896745],[-75.6125832,5.7896284],[-75.6125984,5.7895962],[-75.6126191,5.7895648],[-75.6126358,5.7895287],[-75.6126764,5.7894649],[-75.6127004,5.7894063],[-75.6127133,5.7893294],[-75.6127153,5.7892601],[-75.6127097,5.789191],[-75.6127205,5.7891398],[-75.6127315,5.7891075],[-75.6127476,5.7890762],[-75.6127604,5.7890432],[-75.6127971,5.7889761],[-75.6128049,5.7889488],[-75.6128302,5.7888988],[-75.6128444,5.7888594],[-75.6128539,5.7888189],[-75.6128598,5.7887768],[-75.6128646,5.7886682],[-75.6128825,5.7885956],[-75.6129103,5.7885421],[-75.6129781,5.7884292],[-75.6130108,5.7883604],[-75.6130296,5.7883113],[-75.6130523,5.7882152],[-75.6130735,5.7880677],[-75.6130764,5.7880262],[-75.6130704,5.7879254],[-75.6130725,5.7878681],[-75.6131072,5.7877035],[-75.6131271,5.7876243],[-75.6131534,5.7875517],[-75.613199,5.7874465],[-75.613252,5.7873466],[-75.6132539,5.7873339],[-75.6132478,5.7873299],[-75.6132344,5.7873286],[-75.6131789,5.7873318],[-75.6131307,5.7873303],[-75.6130881,5.7873356],[-75.6130694,5.7873513],[-75.6130566,5.7873747],[-75.6130356,5.7873987],[-75.6130147,5.7874294],[-75.6129462,5.7875832],[-75.6129337,5.7876046],[-75.6129098,5.7876348],[-75.6128862,5.7876512],[-75.6128195,5.7876765],[-75.6127821,5.7876825],[-75.6127524,5.787693],[-75.6127195,5.787697],[-75.6127119,5.7876955],[-75.6127074,5.7876877],[-75.6126917,5.7875987],[-75.6126672,5.787554],[-75.6126501,5.7874992],[-75.6126327,5.7874674],[-75.612622,5.7874557],[-75.6125887,5.7874427],[-75.6125696,5.7874309],[-75.6125519,5.7874131],[-75.6125285,5.7873954],[-75.6124905,5.7873487],[-75.6124748,5.7872975],[-75.6124757,5.7872701],[-75.6124698,5.7872417],[-75.6124724,5.7871993],[-75.6124683,5.7871835],[-75.6124631,5.7871754],[-75.6124553,5.7871735],[-75.6124467,5.7871771],[-75.6124197,5.7872023],[-75.6123973,5.7872163],[-75.6123822,5.7872365],[-75.6123565,5.7872517],[-75.6123109,5.7872599],[-75.6122271,5.7872889],[-75.612177,5.7873002],[-75.6121216,5.7873066],[-75.6121133,5.787311],[-75.6121023,5.7873237],[-75.6120869,5.7873521],[-75.6120736,5.7873879],[-75.6120615,5.7875031],[-75.6120607,5.7875617],[-75.6120671,5.7876136],[-75.6120815,5.787674],[-75.6120932,5.7876998],[-75.6121199,5.7877406],[-75.6121329,5.7878045],[-75.6121213,5.787813],[-75.6120288,5.7878315],[-75.6119898,5.787855],[-75.6119702,5.7878776],[-75.6119261,5.7878946],[-75.6118933,5.7879207],[-75.6118679,5.7879272],[-75.6118614,5.7879318],[-75.6118615,5.7879484],[-75.6118702,5.7879756],[-75.6119001,5.7880344],[-75.611906,5.7880527],[-75.6119061,5.7881118],[-75.6119128,5.7882576],[-75.6119222,5.7882984],[-75.6119285,5.7883571],[-75.6119097,5.7884547],[-75.6119067,5.7885373],[-75.611895,5.7885791],[-75.6118787,5.788619],[-75.6118682,5.7886363],[-75.611813,5.7886815],[-75.6117903,5.78871],[-75.6117538,5.7887365],[-75.6117265,5.7887517],[-75.611669,5.7887676],[-75.6116293,5.7887642],[-75.611533,5.7887421],[-75.6114975,5.7887314],[-75.6114166,5.7887341],[-75.6113613,5.788757],[-75.611307,5.7887973],[-75.6112621,5.7888393],[-75.6112287,5.7888645],[-75.6112064,5.7888938],[-75.6111874,5.7889246],[-75.6111845,5.7889391],[-75.6111839,5.7889755],[-75.6111996,5.7890203],[-75.6112304,5.7890792],[-75.6112372,5.7891074],[-75.6112321,5.7891185],[-75.6112224,5.7891252],[-75.6112005,5.7891331],[-75.6111286,5.7891417],[-75.6110753,5.7891581],[-75.6110459,5.7891637],[-75.6109889,5.7891697],[-75.6109635,5.7891653],[-75.6109535,5.7891671],[-75.6109373,5.7891761],[-75.6109123,5.7892064],[-75.6108798,5.7892286],[-75.6108544,5.7892572],[-75.6108439,5.7892625],[-75.6108405,5.7892619],[-75.6108367,5.7892558],[-75.6108297,5.78921],[-75.6108335,5.7891535],[-75.6108483,5.7890721],[-75.6108446,5.7889892],[-75.6108381,5.788977],[-75.610805,5.7889372],[-75.6107859,5.7889027],[-75.6107788,5.7889012],[-75.6107696,5.7889037],[-75.6107393,5.7889224],[-75.610672,5.7889771],[-75.6105851,5.7890686],[-75.610538,5.789132],[-75.6105048,5.7891984],[-75.6104614,5.7893082],[-75.6104356,5.7893631],[-75.6103916,5.7894386],[-75.6103148,5.7895051],[-75.6102938,5.7895281],[-75.6102412,5.7895533],[-75.6101972,5.7895784],[-75.610156,5.7896081],[-75.6101242,5.7896395],[-75.6100855,5.7896992],[-75.6100248,5.7898257],[-75.6099685,5.7899071],[-75.6098308,5.7901505],[-75.6097154,5.7903138],[-75.6097026,5.7903283],[-75.6096854,5.7903408],[-75.6096269,5.7903669],[-75.6095858,5.7903791],[-75.6095104,5.7903763],[-75.6094334,5.7903564],[-75.6093182,5.7903095],[-75.6093084,5.7903015],[-75.6092832,5.7902671],[-75.609233,5.7902363],[-75.6091075,5.7901803],[-75.6090062,5.7901425],[-75.6089886,5.7901328],[-75.6089815,5.7901239],[-75.6089843,5.7901218],[-75.6091683,5.7901389],[-75.6092501,5.7901559],[-75.6092853,5.790157],[-75.6093334,5.7901521],[-75.6093829,5.7901423],[-75.60944,5.7901206],[-75.6094544,5.7901089],[-75.6094715,5.7900893],[-75.6094898,5.7900583],[-75.6094991,5.790028],[-75.6095015,5.7899913],[-75.6095078,5.789964],[-75.6095171,5.7899366],[-75.609537,5.7898959],[-75.6095457,5.7898597],[-75.6095538,5.7898471],[-75.6096139,5.7897821],[-75.6096378,5.7897138],[-75.6096398,5.7896989],[-75.6096325,5.7896638],[-75.6095955,5.7895702],[-75.609583,5.7895013],[-75.6095854,5.7894696],[-75.6096029,5.7894058],[-75.609621,5.7893238],[-75.6096166,5.7892849],[-75.6096015,5.7892466],[-75.6095406,5.7891662],[-75.6095054,5.7891377],[-75.6094767,5.7891087],[-75.6094047,5.7890545],[-75.6093145,5.7890004],[-75.609266,5.7889759],[-75.6092589,5.7889665],[-75.6093013,5.7888567],[-75.6093334,5.7887987],[-75.609356,5.7887666],[-75.6093803,5.7887391],[-75.609407,5.788716],[-75.6094246,5.7887077],[-75.609493,5.7886941],[-75.6095104,5.7886875],[-75.6095823,5.7886428],[-75.609645,5.7885876],[-75.6096645,5.7885619],[-75.6097059,5.7884787],[-75.6097337,5.7884428],[-75.6097358,5.7884172],[-75.6097544,5.7883718],[-75.6097756,5.7883664],[-75.6098012,5.7883553],[-75.6098256,5.7883603],[-75.609843,5.788357],[-75.6098591,5.788342],[-75.6098873,5.7883063],[-75.6099415,5.7882699],[-75.6099864,5.7882169],[-75.6100088,5.7881483],[-75.6100217,5.788124],[-75.61004,5.7880982],[-75.6100818,5.7880581],[-75.6101357,5.7880135],[-75.6102078,5.787976],[-75.6102743,5.7879216],[-75.6103008,5.7879177],[-75.6103518,5.7878956],[-75.6103914,5.7878837],[-75.610476,5.7878274],[-75.6105171,5.7878075],[-75.6105473,5.7878005],[-75.6106333,5.7877917],[-75.6107239,5.7877722],[-75.6107777,5.7877636],[-75.610806,5.7877541],[-75.6108299,5.7877386],[-75.6108691,5.7876968],[-75.6108905,5.7876702],[-75.6109122,5.7876326],[-75.6109191,5.7876013],[-75.6109202,5.7875737],[-75.6109044,5.787493],[-75.610886,5.7874481],[-75.6108533,5.7873899],[-75.6108368,5.787353],[-75.6108144,5.7872965],[-75.6107951,5.7872259],[-75.6107584,5.7871636],[-75.6107396,5.787124],[-75.6107268,5.787078],[-75.6107226,5.7870486],[-75.6107435,5.7869108],[-75.6107499,5.7868884],[-75.6107702,5.7868519],[-75.6108308,5.7867764],[-75.6108604,5.7867343],[-75.6108733,5.7867068],[-75.6108785,5.7866705],[-75.6108549,5.786603],[-75.6108082,5.7865515],[-75.6108035,5.7865359],[-75.6108021,5.7865057],[-75.6107845,5.7864781],[-75.6107707,5.7864482],[-75.6107375,5.7864032],[-75.6107081,5.7863744],[-75.610662,5.786339],[-75.610629,5.7863225],[-75.6105398,5.7862635],[-75.6104497,5.7862215],[-75.6103666,5.7861567],[-75.6103567,5.7861545],[-75.6103539,5.7861577],[-75.610356,5.7862142],[-75.6103496,5.7862585],[-75.6103227,5.7863262],[-75.610224,5.7864926],[-75.6101512,5.7866288],[-75.6101081,5.786692],[-75.6100713,5.7867349],[-75.6100573,5.7867465],[-75.6100021,5.7867715],[-75.6099794,5.786795],[-75.6099675,5.7868025],[-75.6098992,5.7868293],[-75.6098493,5.7868557],[-75.6098172,5.7868778],[-75.6097901,5.7869044],[-75.6097748,5.7869252],[-75.6097592,5.7869562],[-75.6097443,5.7870004],[-75.6097379,5.787038],[-75.6097315,5.7871469],[-75.6097259,5.7871817],[-75.6097129,5.7872277],[-75.609689,5.7872726],[-75.6096526,5.7873178],[-75.6096135,5.7873529],[-75.6095624,5.7873896],[-75.6094689,5.7874503],[-75.6094333,5.7874782],[-75.6094007,5.7875142],[-75.6093747,5.787555],[-75.6093574,5.7875903],[-75.609341,5.7876352],[-75.609303,5.7877856],[-75.6092828,5.7878817],[-75.6092675,5.788003],[-75.6092625,5.7880247],[-75.6092455,5.7880747],[-75.6092333,5.7880983],[-75.6091971,5.7881344],[-75.6091732,5.7881639],[-75.6091472,5.7881799],[-75.609102,5.7881958],[-75.6090479,5.7882241],[-75.6089935,5.7882399],[-75.6089355,5.7882527],[-75.6088105,5.7882735],[-75.6086322,5.7883148],[-75.6084988,5.7883662],[-75.6084706,5.7883687],[-75.6083925,5.788363],[-75.6083263,5.788381],[-75.6082906,5.7883967],[-75.6082546,5.7884185],[-75.6082082,5.7884575],[-75.6081509,5.7885143],[-75.60811,5.7885395],[-75.6080656,5.7885736],[-75.6080151,5.7886062],[-75.6080067,5.7886055],[-75.6080023,5.788601],[-75.6079629,5.7885184],[-75.6079006,5.7884496],[-75.6078893,5.7884289],[-75.6078943,5.7884191],[-75.6079265,5.788394],[-75.6079489,5.7883533],[-75.6079559,5.7883335],[-75.6079597,5.7883119],[-75.60796,5.7882348],[-75.6079553,5.7881693],[-75.6079568,5.78815],[-75.6079613,5.7881405],[-75.6079697,5.7881335],[-75.6080094,5.7881132],[-75.6080809,5.7880812],[-75.6081166,5.7880731],[-75.6081542,5.78807],[-75.6081806,5.7880576],[-75.6082169,5.7880348],[-75.6082705,5.787994],[-75.6083735,5.7878991],[-75.6084322,5.7878698],[-75.6084691,5.7878442],[-75.6085034,5.7878145],[-75.6085304,5.7877847],[-75.6085753,5.7876844],[-75.6085926,5.7876242],[-75.6085853,5.787612],[-75.6085235,5.7875687],[-75.608503,5.7875588],[-75.6084527,5.787541],[-75.6083949,5.7875364],[-75.608356,5.7875422],[-75.6082633,5.7875656],[-75.6081591,5.7875679],[-75.6081151,5.7875651],[-75.6080652,5.7875567],[-75.6079893,5.7875334],[-75.6079618,5.7875202],[-75.6079274,5.7874959],[-75.6079042,5.7874654],[-75.6078694,5.7873877],[-75.6077799,5.787213],[-75.6077691,5.7871843],[-75.6077421,5.7871384],[-75.6077252,5.787119],[-75.6076797,5.7870832],[-75.6076253,5.7870564],[-75.6075624,5.7870382],[-75.6075549,5.7870579],[-75.6075505,5.7870921],[-75.6075474,5.7871568],[-75.6075551,5.7872075],[-75.6075495,5.7872189],[-75.6075301,5.7872274],[-75.6075048,5.7872323],[-75.6073709,5.7872307],[-75.6072694,5.7872536],[-75.6072476,5.7872636],[-75.6072331,5.7872747],[-75.6071713,5.7873459],[-75.6071486,5.7873577],[-75.6071301,5.7873622],[-75.6071079,5.7873613],[-75.6070807,5.7873525],[-75.606981,5.7872899],[-75.6069397,5.7872729],[-75.6068943,5.7872372],[-75.6068221,5.7871508],[-75.6067803,5.7871116],[-75.6067593,5.7870963],[-75.6067392,5.787086],[-75.6067086,5.7870754],[-75.6066833,5.7870723],[-75.6066448,5.7870774],[-75.6066103,5.7870891],[-75.6065825,5.787106],[-75.6065377,5.7871417],[-75.6065239,5.7871487],[-75.6064705,5.7871657],[-75.6064207,5.7871752],[-75.606399,5.7871829],[-75.6063529,5.7871878],[-75.6062857,5.7872124],[-75.6062543,5.7872332],[-75.6062462,5.7872358],[-75.6061029,5.7872345],[-75.6060381,5.7872384],[-75.6059726,5.7872254],[-75.6059549,5.7872253],[-75.6058572,5.7872403],[-75.6057707,5.7872634],[-75.6057446,5.787277],[-75.6057257,5.7872906],[-75.6057034,5.787313],[-75.6056873,5.7873363],[-75.6056753,5.787367],[-75.6056636,5.787418],[-75.6056597,5.7874727],[-75.6056408,5.7874549],[-75.6056271,5.7874273],[-75.6056246,5.7874063],[-75.6056267,5.7873688],[-75.6056317,5.7873409],[-75.6056393,5.7873221],[-75.6056694,5.7872813],[-75.6057134,5.787235],[-75.6057398,5.7872141],[-75.6057755,5.7871914],[-75.6058488,5.7871656],[-75.605919,5.7871518],[-75.6060018,5.787129],[-75.6060371,5.7871129],[-75.6061348,5.7870981],[-75.6061901,5.7870952],[-75.6062259,5.7870895],[-75.6062445,5.7870825],[-75.6062845,5.7870613],[-75.6063438,5.787013],[-75.6064168,5.7869421],[-75.6064463,5.7869077],[-75.6064812,5.7868787],[-75.6065138,5.7868568],[-75.6065733,5.7868286],[-75.6066097,5.7868198],[-75.6066908,5.7868197],[-75.6067676,5.7868367],[-75.6068101,5.7868511],[-75.6068354,5.7868554],[-75.6068784,5.7868496],[-75.606898,5.786842],[-75.6069451,5.7868],[-75.6069691,5.7867695],[-75.6070056,5.7867336],[-75.6070454,5.7866431],[-75.6070657,5.7866128],[-75.6070941,5.7865788],[-75.6071397,5.786534],[-75.6071931,5.7864881],[-75.6072519,5.7864456],[-75.6072709,5.7864378],[-75.6073347,5.7864359],[-75.6073543,5.7864408],[-75.6073738,5.7864568],[-75.6074394,5.7865317],[-75.6074499,5.78654],[-75.6075234,5.7865836],[-75.6075547,5.7865927],[-75.6075796,5.7865964],[-75.6076319,5.7865917],[-75.6076732,5.78658],[-75.6077405,5.7865493],[-75.6077896,5.7865219],[-75.6078433,5.786501],[-75.6078585,5.7864913],[-75.6078884,5.7864648],[-75.6078995,5.7864602],[-75.6079079,5.7864612],[-75.6079539,5.7864971],[-75.607977,5.786523],[-75.608006,5.7865493],[-75.6080742,5.7865983],[-75.60814,5.786676],[-75.6081831,5.7867154],[-75.6082106,5.7867464],[-75.6083194,5.7868453],[-75.6083899,5.7868918],[-75.608446,5.786922],[-75.6085634,5.7869709],[-75.6085744,5.7869695],[-75.6086,5.7869123],[-75.6086081,5.7868708],[-75.6086292,5.7868041],[-75.6086343,5.7867427],[-75.6086375,5.7866092],[-75.6086464,5.7864509],[-75.6086541,5.7863792],[-75.6086432,5.7862754],[-75.6086429,5.7862031],[-75.6086516,5.786157],[-75.6086867,5.7860715],[-75.608695,5.7860259],[-75.6086948,5.7860077],[-75.6086906,5.7859889],[-75.608663,5.7859168],[-75.6086569,5.7858928],[-75.6086579,5.7858712],[-75.6086685,5.7858322],[-75.6086576,5.7857818],[-75.6086536,5.7857447],[-75.6086574,5.7856514],[-75.6086606,5.785628],[-75.6086749,5.7855959],[-75.60869,5.7855088],[-75.6087062,5.7854559],[-75.6087242,5.7854193],[-75.6087473,5.7853962],[-75.6087602,5.785379],[-75.6087731,5.7853687],[-75.6088321,5.7853451],[-75.6089396,5.785314],[-75.6089886,5.7852904],[-75.6090393,5.7852418],[-75.6090665,5.7851972],[-75.6091084,5.7851418],[-75.6091122,5.7851231],[-75.6091072,5.7850759],[-75.6091101,5.7850424],[-75.6091152,5.7850244],[-75.6091353,5.7849887],[-75.6091416,5.7849581],[-75.6091398,5.7848912],[-75.6091255,5.7847674],[-75.6091412,5.78466],[-75.6091416,5.7846003],[-75.609136,5.7845537],[-75.6091255,5.7845136],[-75.6091121,5.7844773],[-75.6090955,5.7844437],[-75.6090796,5.7844193],[-75.6090486,5.7843826],[-75.6089867,5.7843217],[-75.6089251,5.7842807],[-75.6088158,5.7841913],[-75.6087009,5.7841069],[-75.6086309,5.7840507],[-75.6085596,5.7840094],[-75.6085227,5.783993],[-75.6084553,5.7839741],[-75.6083729,5.7839584],[-75.6083569,5.7839508],[-75.6083412,5.7839228],[-75.6083228,5.7838727],[-75.6083136,5.78381],[-75.6083019,5.783762],[-75.6082909,5.7837265],[-75.6082724,5.7836815],[-75.6082628,5.7836455],[-75.6082646,5.7835857],[-75.6082785,5.783555],[-75.6082791,5.7835466],[-75.6082734,5.7835226],[-75.6082712,5.7834875],[-75.6082622,5.7834556],[-75.608263,5.7834191],[-75.6082574,5.7833944],[-75.6082605,5.7833748],[-75.6082651,5.7833651],[-75.6082765,5.783356],[-75.6083122,5.7833517],[-75.608323,5.7833543],[-75.6083331,5.7833619],[-75.608343,5.7833917],[-75.6083546,5.7833943],[-75.6083718,5.7833902],[-75.6083931,5.7833772],[-75.6084066,5.7833639],[-75.6084138,5.7833515],[-75.6084156,5.7833327],[-75.6084126,5.7833078],[-75.6084047,5.7832997],[-75.6083754,5.7833281],[-75.608366,5.7833282],[-75.6083571,5.7833244],[-75.6083529,5.7833186],[-75.6083535,5.7833142],[-75.6083614,5.783293],[-75.6084012,5.7832753],[-75.6084004,5.7832638],[-75.6084102,5.7832552],[-75.6084468,5.7832452],[-75.6084694,5.7832346],[-75.6084831,5.783234],[-75.6084966,5.7832373],[-75.6085227,5.7832468],[-75.6085327,5.7832557],[-75.6085335,5.7832822],[-75.6085194,5.7833086],[-75.6085232,5.7833416],[-75.608548,5.7833716],[-75.6085614,5.7834039],[-75.6085725,5.7834198],[-75.6086099,5.7834453],[-75.6086301,5.7834523],[-75.6086837,5.7835071],[-75.6087183,5.7835356],[-75.6087946,5.7835951],[-75.6088602,5.7836372],[-75.6088899,5.7836491],[-75.6089504,5.7836644],[-75.6090031,5.7836667],[-75.6090278,5.7836628],[-75.6090402,5.7836577],[-75.6090892,5.7836245],[-75.6090992,5.783609],[-75.6091077,5.7836026],[-75.6091166,5.7836017],[-75.6091485,5.7836097],[-75.6091702,5.7836113],[-75.6091818,5.783616],[-75.6092124,5.7836445],[-75.6092455,5.7836694],[-75.6093255,5.7837122],[-75.609367,5.7837425],[-75.6093733,5.7837495],[-75.6093801,5.7837656],[-75.6093919,5.783835],[-75.609399,5.7838553],[-75.6094093,5.7838725],[-75.6094505,5.7839093],[-75.6095385,5.7839737],[-75.6095676,5.7839994],[-75.6095941,5.7840316],[-75.6096169,5.7840711],[-75.6096357,5.7841151],[-75.6096492,5.7841667],[-75.6096531,5.784206],[-75.609651,5.7842471],[-75.6096543,5.7843541],[-75.6096673,5.7844069],[-75.6096906,5.7844689],[-75.6097044,5.7844922],[-75.6097471,5.7845433],[-75.6097631,5.7845557],[-75.6097704,5.7845553],[-75.609778,5.784532],[-75.609784,5.7844927],[-75.6097842,5.7844064],[-75.6097896,5.7843768],[-75.6097845,5.7843202],[-75.6097606,5.7842444],[-75.6097374,5.7842038],[-75.6097087,5.7841322],[-75.6096479,5.7840134],[-75.6096349,5.7839797],[-75.6096231,5.7839354],[-75.6096318,5.7838813],[-75.6096315,5.7838454],[-75.6096201,5.7838054],[-75.6095893,5.7837634],[-75.609552,5.7837325],[-75.6094141,5.7836548],[-75.6093911,5.7836312],[-75.609394,5.7835618],[-75.6094071,5.7835316],[-75.6094161,5.7835012],[-75.6094139,5.7834646],[-75.6094036,5.7834479],[-75.6093524,5.783407],[-75.6092256,5.7833411],[-75.6091608,5.7832973],[-75.6091336,5.7832704],[-75.6090959,5.7832178],[-75.609059,5.7831732],[-75.6090196,5.7831356],[-75.6089853,5.7831075],[-75.6089461,5.783082],[-75.6088776,5.7830539],[-75.608799,5.78304],[-75.6087366,5.7830387],[-75.6086639,5.7830475],[-75.6085818,5.7830779],[-75.6085454,5.7831054],[-75.6085286,5.7831428],[-75.6085182,5.7831568],[-75.6085099,5.7831615],[-75.6084998,5.7831639],[-75.6084702,5.7831594],[-75.6084284,5.7831433],[-75.6084067,5.7831286],[-75.608358,5.7830864],[-75.608317,5.7830601],[-75.6082767,5.7830284],[-75.6082681,5.7830182],[-75.6082471,5.7829768],[-75.6082366,5.782943],[-75.6082309,5.782919],[-75.6082206,5.7828212],[-75.6082043,5.7827927],[-75.6081614,5.7827723],[-75.6081339,5.782764],[-75.6080402,5.7827528],[-75.6080286,5.7827488],[-75.6079669,5.7826919],[-75.6079018,5.782604],[-75.607818,5.7825343],[-75.6077497,5.7824711],[-75.6077428,5.7824593],[-75.6077322,5.7824288],[-75.6077014,5.7823801],[-75.6076578,5.7823461],[-75.6076273,5.7823306],[-75.6075818,5.7823134],[-75.6075416,5.7823028],[-75.6074601,5.7823037],[-75.607321,5.782284],[-75.6072567,5.782288],[-75.6071882,5.7822806],[-75.6070966,5.7822753],[-75.6070213,5.7822811],[-75.606986,5.782286],[-75.6068308,5.7823222],[-75.6067819,5.7823284],[-75.6067456,5.782329],[-75.6067001,5.7823389],[-75.606647,5.7823591],[-75.6065925,5.7823843],[-75.6065301,5.7824065],[-75.6064489,5.7824422],[-75.6064312,5.7824456],[-75.6063944,5.7824384],[-75.6063564,5.7824234],[-75.606335,5.7824213],[-75.6062854,5.7824226],[-75.6062125,5.7823961],[-75.606114,5.7823769],[-75.6060241,5.7823674],[-75.6059602,5.7823514],[-75.605947,5.7823449],[-75.6059386,5.7823352],[-75.605939,5.7823261],[-75.6059504,5.7823112],[-75.606009,5.782289],[-75.6060781,5.7822758],[-75.6061144,5.7822496],[-75.6061247,5.7822361],[-75.6061302,5.782211],[-75.6061297,5.7821529],[-75.6061403,5.7821094],[-75.606144,5.7820778],[-75.6061288,5.7820216],[-75.6061289,5.7819811],[-75.6061409,5.7819193],[-75.6061788,5.7818513],[-75.6061804,5.7818417],[-75.6061765,5.7818304],[-75.6061645,5.7818173],[-75.6061455,5.7818035],[-75.6060804,5.7817697],[-75.6060177,5.7817509],[-75.6059567,5.7817473],[-75.6058606,5.7817488],[-75.6058038,5.7817467],[-75.6057236,5.781726],[-75.6056564,5.781713],[-75.6055826,5.7816741],[-75.6055398,5.7816407],[-75.6055252,5.7816353],[-75.6055107,5.7816379],[-75.6054931,5.7816456],[-75.6054254,5.7816811],[-75.6053713,5.7817051],[-75.6053404,5.7817242],[-75.605327,5.7817378],[-75.605319,5.7817511],[-75.6053074,5.7818059],[-75.605298,5.7818324],[-75.6052733,5.7818775],[-75.6052501,5.7819047],[-75.6052318,5.7819225],[-75.6051918,5.7819495],[-75.6051569,5.7819619],[-75.6051423,5.7819643],[-75.6051301,5.7819624],[-75.6051196,5.7819509],[-75.60511,5.7819335],[-75.6050961,5.7818878],[-75.6050936,5.7818527],[-75.605102,5.7817713],[-75.60512,5.7816806],[-75.605142,5.781602],[-75.6051887,5.7814709],[-75.6052035,5.7814166],[-75.6052349,5.7813436],[-75.6051411,5.7813646],[-75.6050906,5.781366],[-75.6050742,5.7813639],[-75.6050074,5.7813374],[-75.6049782,5.7813123],[-75.6049368,5.7812865],[-75.6049195,5.7812723],[-75.6048624,5.7812442],[-75.6048448,5.7812382],[-75.6047682,5.7812263],[-75.6047569,5.7812342],[-75.6047394,5.781265],[-75.6047072,5.7813055],[-75.6046846,5.7813441],[-75.6046328,5.7814005],[-75.6045813,5.7814397],[-75.6045368,5.7814489],[-75.6045202,5.7814486],[-75.6045179,5.7814424],[-75.604519,5.7814327],[-75.6045542,5.7813059],[-75.604547,5.7812196],[-75.6045413,5.7811852],[-75.6045406,5.7811225],[-75.6045698,5.7810534],[-75.6045775,5.7810225],[-75.6045748,5.781002],[-75.6045586,5.780946],[-75.6045387,5.7809027],[-75.6044992,5.7808397],[-75.6044379,5.7807688],[-75.6043791,5.780719],[-75.6042099,5.7805906],[-75.6041036,5.7805023],[-75.6040929,5.7804908],[-75.6040909,5.780485],[-75.6040942,5.7804776],[-75.6041018,5.7804726],[-75.6041646,5.7804538],[-75.604231,5.7804437],[-75.6042753,5.7804428],[-75.6042946,5.7804291],[-75.6043083,5.7804001],[-75.6043209,5.7803909],[-75.6043446,5.7803844],[-75.6044091,5.7803891],[-75.6044224,5.7803809],[-75.6044499,5.7803543],[-75.6044612,5.7803395],[-75.6044664,5.7803221],[-75.6044731,5.780246],[-75.6044854,5.780181],[-75.6044956,5.7801445],[-75.6044907,5.7801289],[-75.6044704,5.7800912],[-75.6044749,5.7800274],[-75.6044929,5.7799923],[-75.6045145,5.7799645],[-75.6045263,5.7799436],[-75.6045941,5.7798821],[-75.604618,5.779851],[-75.604641,5.7798105],[-75.6046741,5.7797015],[-75.6047402,5.779602],[-75.6047632,5.7795422],[-75.6047717,5.7795106],[-75.6047833,5.7794167],[-75.6048005,5.779339],[-75.6048043,5.7793083],[-75.6048042,5.779272],[-75.6048101,5.7792491],[-75.6048221,5.7792176],[-75.6048371,5.7791905],[-75.6048724,5.7791448],[-75.604895,5.7791309],[-75.6049032,5.7791214],[-75.6049079,5.7791129],[-75.6049133,5.7790861],[-75.6049312,5.7790683],[-75.6049587,5.7790504],[-75.604969,5.7790348],[-75.604979,5.7790037],[-75.6049911,5.778978],[-75.6050017,5.7789092],[-75.6050041,5.7788626],[-75.60501,5.778837],[-75.6050202,5.7788049],[-75.6050374,5.7787778],[-75.6050512,5.7787662],[-75.6050871,5.7787515],[-75.605114,5.7787323],[-75.6051362,5.7787219],[-75.605168,5.778702],[-75.6052134,5.7786829],[-75.6052347,5.778666],[-75.6052626,5.7786508],[-75.6053002,5.7786428],[-75.6053778,5.7786487],[-75.6054469,5.7786392],[-75.6055592,5.7785928],[-75.6056454,5.778567],[-75.6056693,5.7785415],[-75.6056944,5.7785283],[-75.6057779,5.7785133],[-75.6058274,5.7784952],[-75.6058357,5.7784959],[-75.6058425,5.7785002],[-75.6058908,5.7785467],[-75.6059152,5.7785577],[-75.6059429,5.7785631],[-75.6059841,5.7785615],[-75.6060024,5.7785554],[-75.6060412,5.778524],[-75.6060737,5.7784834],[-75.6060967,5.7784342],[-75.6061032,5.7783923],[-75.6061144,5.7783611],[-75.6061502,5.7782983],[-75.6061804,5.7782353],[-75.6062141,5.7781899],[-75.6062261,5.7781577],[-75.6062283,5.7781114],[-75.6062257,5.7780943],[-75.6061922,5.7780425],[-75.6061815,5.7780169],[-75.6061496,5.7779794],[-75.6061457,5.7779584],[-75.6061386,5.7779419],[-75.6060907,5.7778902],[-75.606037,5.7778447],[-75.6060196,5.7778175],[-75.6060107,5.7777903],[-75.6059883,5.7777663],[-75.6059804,5.7777519],[-75.6059791,5.7777391],[-75.6059823,5.7777193],[-75.6059954,5.7776891],[-75.6060127,5.7776223],[-75.6060181,5.7775609],[-75.6060153,5.7775395],[-75.606009,5.7775242],[-75.6059844,5.7774891],[-75.6059518,5.7774629],[-75.6059137,5.7774456],[-75.6058524,5.777427],[-75.6058343,5.7774181],[-75.6058205,5.7774007],[-75.6058013,5.7773568],[-75.6057992,5.7773363],[-75.6058167,5.7772369],[-75.6058181,5.7772132],[-75.6058127,5.7771897],[-75.6057948,5.7771523],[-75.6057881,5.7771196],[-75.6057931,5.7771103],[-75.6058051,5.7771077],[-75.6058174,5.7771099],[-75.6058313,5.7771175],[-75.605871,5.7771561],[-75.6059104,5.7772144],[-75.6059277,5.7772337],[-75.6059579,5.7772558],[-75.605989,5.7772718],[-75.6060071,5.7772745],[-75.6060195,5.7772723],[-75.6060073,5.7772489],[-75.6060047,5.7772278],[-75.605995,5.7772099],[-75.6059944,5.7771877],[-75.605988,5.7771595],[-75.6059918,5.7771499],[-75.6060133,5.7771274],[-75.606027,5.7771007],[-75.6060416,5.777019],[-75.6060727,5.7769826],[-75.6060964,5.7769469],[-75.6061225,5.7768742],[-75.6061714,5.7767976],[-75.6062258,5.7766925],[-75.6062337,5.7766826],[-75.6062502,5.7766699],[-75.6062916,5.7766027],[-75.6063125,5.7765778],[-75.6063396,5.7765517],[-75.6063585,5.7765188],[-75.6064018,5.7764697],[-75.6064284,5.7764119],[-75.6064569,5.7763665],[-75.6065103,5.7763032],[-75.6065841,5.7761938],[-75.6066027,5.7761582],[-75.6066087,5.776139],[-75.6066167,5.7760883],[-75.6066139,5.7760039],[-75.6066065,5.7759671],[-75.6065917,5.7759249],[-75.6065704,5.7758943],[-75.606569,5.7758593],[-75.6065611,5.7758493],[-75.6065449,5.7758418],[-75.6065026,5.7758411],[-75.6064823,5.7758455],[-75.6064098,5.7758778],[-75.6063247,5.7759341],[-75.606266,5.7759633],[-75.6061298,5.7760052],[-75.6060798,5.7760127],[-75.6060669,5.7760122],[-75.6060639,5.77601],[-75.6060646,5.7760015],[-75.6060953,5.7759488],[-75.6061183,5.7758741],[-75.6061213,5.7758053],[-75.6061262,5.7757799],[-75.6061248,5.7757667],[-75.6061186,5.7757608],[-75.6060749,5.7757498],[-75.6060442,5.7757296],[-75.6060198,5.7757183],[-75.6059027,5.7756788],[-75.6058649,5.7756569],[-75.6058358,5.7756321],[-75.6058125,5.7756059],[-75.6057981,5.7755789],[-75.6057845,5.7755447],[-75.6057603,5.7754622],[-75.6057392,5.7754121],[-75.6057125,5.7753753],[-75.6056894,5.7753538],[-75.6056525,5.775337],[-75.6056042,5.7753214],[-75.6055763,5.7753183],[-75.6055394,5.7753206],[-75.6054647,5.775341],[-75.6053697,5.7753809],[-75.6052614,5.7754321],[-75.6052387,5.7754362],[-75.6052331,5.7754337],[-75.6052331,5.7754312],[-75.6052894,5.7753565],[-75.6053381,5.7753051],[-75.6054053,5.7752462],[-75.605441,5.7752227],[-75.6054826,5.7751883],[-75.6055487,5.7751418],[-75.6056157,5.7751032],[-75.6056618,5.7750695],[-75.6057374,5.7750489],[-75.6058167,5.7750326],[-75.6058864,5.7750271],[-75.6059626,5.775038],[-75.6060118,5.7750373],[-75.6060315,5.7750301],[-75.6060542,5.7750174],[-75.6060972,5.7749704],[-75.6061138,5.7749298],[-75.6061182,5.7748824],[-75.6061176,5.7748555],[-75.6061104,5.7748225],[-75.6061088,5.7747919],[-75.6061004,5.7747326],[-75.606054,5.7746393],[-75.6060409,5.7746254],[-75.6059983,5.774596],[-75.6059551,5.7745345],[-75.6059274,5.7744712],[-75.6059156,5.7744126],[-75.6059172,5.7743177],[-75.6059273,5.7742674],[-75.6059343,5.7742528],[-75.6059431,5.7742424],[-75.6059886,5.7742071],[-75.6060207,5.7741208],[-75.6060283,5.7741101],[-75.6060319,5.7741086],[-75.6060383,5.7741296],[-75.6060495,5.7741962],[-75.6060546,5.7742122],[-75.6060635,5.7742256],[-75.6060868,5.7742472],[-75.6061018,5.7742696],[-75.6061098,5.7743052],[-75.6061295,5.7743455],[-75.606139,5.7743533],[-75.6061461,5.7743552],[-75.6061689,5.7743518],[-75.606178,5.7743597],[-75.6061892,5.7743796],[-75.6062039,5.7743878],[-75.6062499,5.7743803],[-75.6062708,5.7743685],[-75.6062945,5.7743606],[-75.6063395,5.7743294],[-75.6063707,5.7743191],[-75.6064115,5.7742935],[-75.6064657,5.7742691],[-75.6064934,5.7742626],[-75.6065244,5.7742507],[-75.6066218,5.7742307],[-75.6067062,5.7742319],[-75.6067374,5.7742242],[-75.6067764,5.7742222],[-75.6068581,5.7742083],[-75.6068857,5.7741952],[-75.606947,5.7741496],[-75.6069925,5.7741396],[-75.6070514,5.7741207],[-75.6070713,5.77411],[-75.607085,5.7740956],[-75.607098,5.7740764],[-75.60711,5.7740127],[-75.6071284,5.7739629],[-75.6071449,5.7739307],[-75.6071644,5.773899],[-75.6071852,5.7738723],[-75.6072059,5.773831],[-75.6072248,5.7738041],[-75.6072408,5.7737597],[-75.6072423,5.7737417],[-75.6072376,5.773717],[-75.6072172,5.7736639],[-75.6072118,5.7736373],[-75.6071987,5.7736144],[-75.6071669,5.7735827],[-75.6071493,5.7735597],[-75.6071236,5.773535],[-75.6070681,5.7734691],[-75.607033,5.773432],[-75.6069927,5.7733962],[-75.6069593,5.7733742],[-75.606944,5.7733679],[-75.6069097,5.773365],[-75.6068623,5.7733691],[-75.6068186,5.7733667],[-75.6067564,5.7733479],[-75.6067235,5.7733271],[-75.6067097,5.773314],[-75.6066889,5.7732801],[-75.6066652,5.7732592],[-75.6065972,5.773164],[-75.6065652,5.7731413],[-75.6065468,5.7731328],[-75.6065113,5.7731226],[-75.6064964,5.7731209],[-75.6064486,5.7731224],[-75.6064106,5.77313],[-75.6063818,5.7731288],[-75.606345,5.7731329],[-75.6062888,5.7731173],[-75.6062356,5.7730938],[-75.6061888,5.7730591],[-75.6061468,5.7730201],[-75.6061136,5.7729952],[-75.6060631,5.772981],[-75.6060325,5.7729801],[-75.6059644,5.7729986],[-75.6059009,5.7729994],[-75.6058464,5.7730064],[-75.6058433,5.7730006],[-75.6058441,5.7729914],[-75.6058565,5.7729527],[-75.6058573,5.7729345],[-75.6058478,5.7729132],[-75.605826,5.7728902],[-75.6058262,5.7728797],[-75.6058424,5.772863],[-75.6058902,5.7728258],[-75.6060074,5.7727708],[-75.6060787,5.772749],[-75.6061637,5.7727313],[-75.6062239,5.7727284],[-75.6062681,5.7727307],[-75.6063466,5.7727561],[-75.606416,5.7727676],[-75.6064471,5.7727696],[-75.6064847,5.7727661],[-75.6065931,5.7727391],[-75.6066446,5.7727303],[-75.6066519,5.7727225],[-75.6066527,5.7727177],[-75.6066441,5.772672],[-75.6066407,5.7726286],[-75.6066467,5.7726173],[-75.6066738,5.7725965],[-75.6067391,5.7725316],[-75.6067432,5.7725042],[-75.6067449,5.772408],[-75.606747,5.7724004],[-75.6067537,5.7723955],[-75.6067911,5.7724004],[-75.6068355,5.7723956],[-75.6068549,5.7723983],[-75.6068742,5.7724061],[-75.6069306,5.7724371],[-75.6071079,5.7725118],[-75.6072078,5.772541],[-75.6072301,5.7725415],[-75.6072549,5.7725192],[-75.6072987,5.7724624],[-75.60732,5.7723885],[-75.6073296,5.7723024],[-75.6073274,5.7722758],[-75.6073404,5.7722655],[-75.6073712,5.7722566],[-75.6074225,5.7722523],[-75.6074623,5.7722574],[-75.6074956,5.7722655],[-75.6075377,5.7722828],[-75.6076141,5.7723541],[-75.6076583,5.7724228],[-75.6076841,5.7724427],[-75.6077089,5.7724546],[-75.6077421,5.7724622],[-75.6077745,5.7724611],[-75.6078063,5.7724514],[-75.6078392,5.7724328],[-75.6078536,5.7724196],[-75.6078667,5.7724],[-75.6078924,5.7723277],[-75.6079243,5.772264],[-75.6079307,5.7722245],[-75.607936,5.7721585],[-75.6079524,5.7721275],[-75.6079563,5.7720932],[-75.6079446,5.7720021],[-75.6079185,5.7719133],[-75.6079102,5.7718674],[-75.6078923,5.7717997],[-75.6078796,5.7717683],[-75.6078354,5.7716797],[-75.6078363,5.7716239],[-75.6078321,5.7715858],[-75.6078233,5.7715536],[-75.6078011,5.7714967],[-75.6078041,5.7714875],[-75.6078237,5.7714627],[-75.6078808,5.771405],[-75.6078972,5.7713783],[-75.6079322,5.7713058],[-75.6079543,5.7712383],[-75.6079667,5.7711641],[-75.6079749,5.7711332],[-75.6079937,5.7710795],[-75.6080155,5.771035],[-75.6080317,5.7709498],[-75.6080386,5.7709425],[-75.6080475,5.7709405],[-75.6080832,5.7709418],[-75.6081247,5.7709482],[-75.6082465,5.7709701],[-75.6083765,5.7710058],[-75.6085713,5.7710385],[-75.6086074,5.7710381],[-75.6086581,5.7710264],[-75.6087253,5.7709952],[-75.6087608,5.7709714],[-75.6088343,5.7709311],[-75.6089316,5.7707906],[-75.6089521,5.7707499],[-75.6089799,5.7706779],[-75.6090036,5.7705915],[-75.6090191,5.7705505],[-75.6090403,5.7705102],[-75.6090582,5.7704836],[-75.6091015,5.7704453],[-75.6091214,5.77042],[-75.6091435,5.7703777],[-75.6091523,5.7703458],[-75.6091556,5.7703159],[-75.6091525,5.7702732],[-75.6091454,5.7702437],[-75.6091308,5.7702167],[-75.6091095,5.7701844],[-75.6090751,5.7701453],[-75.6090485,5.7701229],[-75.6089654,5.7700348],[-75.6089596,5.7700324],[-75.6089331,5.7700311],[-75.6088201,5.7700361],[-75.60878,5.7700494],[-75.608757,5.7700677],[-75.6087369,5.7700915],[-75.6086933,5.7701673],[-75.6086535,5.7702262],[-75.6085421,5.7703496],[-75.6085232,5.77036],[-75.6085073,5.7703642],[-75.6083641,5.7703713],[-75.6083035,5.7703671],[-75.608245,5.770357],[-75.608132,5.7703465],[-75.6080825,5.7703314],[-75.6080562,5.7703183],[-75.6080289,5.7703003],[-75.6079887,5.7702681],[-75.6077658,5.770034],[-75.6077277,5.7700051],[-75.6076899,5.7699855],[-75.6076627,5.7699676],[-75.6075958,5.7699486],[-75.6075236,5.7699396],[-75.6074697,5.7699393],[-75.6074256,5.769947],[-75.6073478,5.7699679],[-75.6072592,5.7699827],[-75.6071973,5.7699797],[-75.6071485,5.7699697],[-75.6070971,5.7699437],[-75.6070323,5.7699319],[-75.6069888,5.7699016],[-75.6069413,5.7698901],[-75.6068788,5.7699086],[-75.6068428,5.7699281],[-75.6067945,5.7699737],[-75.6067451,5.7700429],[-75.6067358,5.7700498],[-75.606726,5.770046],[-75.6067136,5.7700091],[-75.6066937,5.769865],[-75.6066873,5.7697773],[-75.6066931,5.7697475],[-75.6066942,5.7697108],[-75.6067029,5.7696655],[-75.6067135,5.7696294],[-75.6067338,5.7695847],[-75.6067393,5.7695656],[-75.6067524,5.7694641],[-75.6067667,5.769398],[-75.6067699,5.769391],[-75.6067869,5.769373],[-75.6067938,5.7693574],[-75.6067981,5.7693367],[-75.6067932,5.769316],[-75.6067943,5.7693043],[-75.6068166,5.769285],[-75.6068201,5.7692757],[-75.6068121,5.7692469],[-75.6067992,5.7692226],[-75.606794,5.769218],[-75.6067727,5.7692135],[-75.6067569,5.7691939],[-75.6067505,5.7691387],[-75.606733,5.7690791],[-75.606737,5.76906],[-75.6067486,5.7690342],[-75.6067474,5.7690305],[-75.6067404,5.7690235],[-75.6067332,5.7690225],[-75.6066861,5.7690336],[-75.6066709,5.7690308],[-75.6065791,5.7689591],[-75.6065736,5.7689515],[-75.6065742,5.7689427],[-75.6066101,5.7688619],[-75.6066586,5.7687713],[-75.6066757,5.768726],[-75.6067011,5.7686853],[-75.6067181,5.7686481],[-75.6067423,5.7686082],[-75.6067819,5.7685028],[-75.6068136,5.7684541],[-75.6068284,5.7684346],[-75.6068933,5.7683717],[-75.6069844,5.7683087],[-75.6070556,5.7682506],[-75.6071019,5.768209],[-75.6071647,5.7681453],[-75.6072448,5.7680318],[-75.6072758,5.7679776],[-75.6072889,5.7679236],[-75.6072889,5.7678917],[-75.6072856,5.7678722],[-75.6072687,5.7678298],[-75.6072017,5.7677124],[-75.6071764,5.7676874],[-75.6071333,5.7676267],[-75.6070902,5.7675798],[-75.6070601,5.7675502],[-75.6070352,5.7675352],[-75.6070102,5.767532],[-75.6069659,5.7675396],[-75.6069175,5.7675361],[-75.6068812,5.7675493],[-75.6068552,5.7675626],[-75.606818,5.7675948],[-75.6067649,5.7676542],[-75.6066838,5.7677673],[-75.606636,5.7678192],[-75.6066025,5.767846],[-75.6065807,5.7678582],[-75.6065584,5.7678629],[-75.6065269,5.7678626],[-75.6064746,5.7678508],[-75.6063863,5.7678101],[-75.6063548,5.7677994],[-75.6063225,5.7677949],[-75.6062728,5.7677942],[-75.6062291,5.7677809],[-75.6061881,5.7677789],[-75.6061751,5.7677736],[-75.6061556,5.7677568],[-75.6061199,5.767734],[-75.6060849,5.7677006],[-75.6060557,5.7676536],[-75.6060173,5.7676106],[-75.6059642,5.7675607],[-75.6059401,5.7675288],[-75.605849,5.7674642],[-75.6058122,5.7674273],[-75.6057506,5.7673567],[-75.605748,5.7673372],[-75.6057586,5.7672937],[-75.6057585,5.7672761],[-75.605739,5.7672234],[-75.6057303,5.7672099],[-75.6057021,5.767148],[-75.6056913,5.7671195],[-75.6056795,5.7670759],[-75.605655,5.7670324],[-75.6056093,5.7669841],[-75.6055778,5.7669421],[-75.605538,5.7669144],[-75.6055201,5.7668916],[-75.6055177,5.7668856],[-75.60552,5.7668599],[-75.6055142,5.7668468],[-75.6054928,5.7668148],[-75.6054841,5.7667538],[-75.6054718,5.7667187],[-75.6054728,5.7667056],[-75.605485,5.7666669],[-75.6054974,5.7665973],[-75.6054979,5.766579],[-75.6054951,5.7665575],[-75.6054852,5.766531],[-75.6054767,5.7664944],[-75.6054884,5.7664294],[-75.6054851,5.7663632],[-75.6054537,5.7662968],[-75.605445,5.7662645],[-75.6054461,5.7662551],[-75.6055043,5.7661825],[-75.6055426,5.7661392],[-75.6055925,5.7660904],[-75.6056207,5.7660551],[-75.6056416,5.7660184],[-75.6056573,5.7659816],[-75.6056795,5.7659066],[-75.60568,5.7658906],[-75.6056423,5.7659114],[-75.6055733,5.7659357],[-75.6055345,5.7659407],[-75.6054976,5.7659521],[-75.6054758,5.7659505],[-75.6054211,5.765929],[-75.6053547,5.7658865],[-75.6053109,5.7658449],[-75.6052808,5.7658072],[-75.6052695,5.7657883],[-75.6052718,5.7657819],[-75.6052889,5.765782],[-75.6053844,5.7658072],[-75.6054228,5.7658123],[-75.6054647,5.765808],[-75.6054797,5.7658003],[-75.6054955,5.7657875],[-75.6055005,5.7657797],[-75.6055007,5.7657711],[-75.6054874,5.7657449],[-75.6054782,5.7657127],[-75.6054607,5.7656708],[-75.6053741,5.7655451],[-75.6053502,5.7654935],[-75.6053468,5.7654772],[-75.6053484,5.7654676],[-75.6053521,5.765463],[-75.6053614,5.7654606],[-75.6053972,5.7654615],[-75.6054145,5.7654591],[-75.6055232,5.7654258],[-75.6055853,5.7653885],[-75.6056574,5.7653509],[-75.6056914,5.7653237],[-75.6057979,5.7652047],[-75.6058464,5.7651655],[-75.6058833,5.7651518],[-75.6059216,5.765147],[-75.605943,5.7651488],[-75.6060212,5.7651643],[-75.6060623,5.7651638],[-75.6062217,5.7651147],[-75.6062798,5.7651152],[-75.6063121,5.7651027],[-75.6063418,5.7650993],[-75.606392,5.7650884],[-75.606454,5.7650995],[-75.6064972,5.7650937],[-75.6065322,5.7650963],[-75.6065631,5.7651067],[-75.6066314,5.7651419],[-75.6066686,5.7651543],[-75.6067085,5.7651589],[-75.6067435,5.7651533],[-75.6067859,5.7651327],[-75.6068249,5.7650958],[-75.6069008,5.7649943],[-75.6069315,5.7649332],[-75.6069692,5.7648865],[-75.6070067,5.7648472],[-75.6070493,5.7648093],[-75.6071173,5.7647595],[-75.607198,5.7647111],[-75.6072479,5.7646739],[-75.6072835,5.7646546],[-75.6073241,5.7646142],[-75.6073523,5.7645642],[-75.6073601,5.7645331],[-75.6073663,5.7644727],[-75.6073676,5.7644308],[-75.6073653,5.7644232],[-75.607341,5.7643926],[-75.607259,5.7642757],[-75.6072169,5.7642273],[-75.6071781,5.7641892],[-75.607128,5.7641538],[-75.607073,5.7641283],[-75.6070061,5.7641178],[-75.6069361,5.7641143],[-75.6068768,5.7641066],[-75.6068446,5.7640985],[-75.6068183,5.7640885],[-75.606799,5.7640777],[-75.6067878,5.7640674],[-75.6067832,5.7640563],[-75.606784,5.7640474],[-75.6068335,5.7639661],[-75.6068396,5.7639419],[-75.6068585,5.7639009],[-75.6068748,5.763843],[-75.6069125,5.7637799],[-75.6069457,5.7637385],[-75.6069543,5.76372],[-75.6069582,5.7637002],[-75.6069577,5.7636605],[-75.6069503,5.7635824],[-75.6069413,5.7635426],[-75.6069226,5.7634892],[-75.6069033,5.7634456],[-75.6068547,5.7633631],[-75.6068276,5.7633227],[-75.6068164,5.7633105],[-75.6067923,5.7632936],[-75.6067679,5.7632865],[-75.6067485,5.7632895],[-75.6066948,5.7633099],[-75.6066596,5.7633144],[-75.6066515,5.7633133],[-75.6066479,5.7633092],[-75.6066515,5.7632979],[-75.6067641,5.7631325],[-75.606892,5.7629968],[-75.6069378,5.7629436],[-75.6069512,5.7629341],[-75.6069572,5.7629364],[-75.6069607,5.7629427],[-75.606991,5.7630118],[-75.6070371,5.7630649],[-75.6070817,5.7630923],[-75.6071345,5.7631087],[-75.6071678,5.7631243],[-75.6072532,5.7631823],[-75.60726,5.7631838],[-75.6072673,5.76318],[-75.6072725,5.7631683],[-75.6072792,5.7631169],[-75.6072859,5.763009],[-75.6072991,5.7629515],[-75.6073423,5.7628046],[-75.6073846,5.762633],[-75.6074229,5.7625252],[-75.6074417,5.7624632],[-75.6074447,5.7623804],[-75.6074353,5.7623035],[-75.6074341,5.7622726],[-75.6074249,5.7622365],[-75.607421,5.76213],[-75.6074232,5.7620513],[-75.6074205,5.762033],[-75.6074147,5.7620201],[-75.6074051,5.7620121],[-75.6073225,5.7619715],[-75.6072439,5.7619519],[-75.607212,5.7619493],[-75.6071523,5.7619516],[-75.6070419,5.7619721],[-75.6069429,5.7620012],[-75.6068833,5.7620223],[-75.6068026,5.7620622],[-75.6067664,5.7620762],[-75.6067569,5.762077],[-75.6067461,5.7620727],[-75.6067042,5.7620393],[-75.606698,5.7620278],[-75.6066954,5.762008],[-75.6066899,5.7618294],[-75.6066186,5.7615076],[-75.6066053,5.761422],[-75.6066025,5.7613435],[-75.6065816,5.7612861],[-75.6065748,5.7612581],[-75.6065762,5.7612401],[-75.6065838,5.7612171],[-75.6065843,5.7611894],[-75.6065923,5.7611496],[-75.606592,5.7611359],[-75.606586,5.761105],[-75.6065738,5.7610726],[-75.6065581,5.761012],[-75.6065471,5.7609506],[-75.6065321,5.760914],[-75.6064854,5.7608434],[-75.6064429,5.7607956],[-75.6063976,5.7607544],[-75.606369,5.7607341],[-75.6063651,5.7607252],[-75.6063706,5.7607163],[-75.6063981,5.7606969],[-75.6064664,5.7606682],[-75.6064899,5.7606539],[-75.6065549,5.7605755],[-75.6065577,5.7605686],[-75.6065568,5.7605564],[-75.60654,5.7604824],[-75.6065464,5.7604358],[-75.6065624,5.7603911],[-75.6066103,5.7603268],[-75.6066541,5.7603077],[-75.6067184,5.7602926],[-75.6068078,5.7602587],[-75.6068885,5.760235],[-75.6069673,5.760219],[-75.6071296,5.7601988],[-75.6071506,5.7601937],[-75.6071866,5.7601804],[-75.6072221,5.7601566],[-75.607244,5.7601338],[-75.6072637,5.760108],[-75.6073037,5.7600308],[-75.6073862,5.7598182],[-75.6073984,5.7597535],[-75.6074051,5.7597001],[-75.6074208,5.7596695],[-75.6074724,5.7596192],[-75.6075314,5.7595773],[-75.6075856,5.7595496],[-75.6076711,5.759519],[-75.6077653,5.7594636],[-75.6078327,5.7594411],[-75.6078841,5.759438],[-75.607956,5.7594284],[-75.6080043,5.7594128],[-75.6080365,5.7593933],[-75.6080494,5.7593804],[-75.6080572,5.7593619],[-75.6080652,5.7593342],[-75.6080774,5.7592693],[-75.6080775,5.7592238],[-75.6080578,5.7591672],[-75.6080474,5.7591554],[-75.6079936,5.7591281],[-75.6079891,5.7591236],[-75.6079858,5.7591111],[-75.6079849,5.7590583],[-75.6079804,5.7590417],[-75.6079442,5.7589829],[-75.6079076,5.758911],[-75.6078812,5.7588787],[-75.6078427,5.7588452],[-75.6077268,5.7587798],[-75.6075489,5.7586931],[-75.6075365,5.7586909],[-75.6074954,5.758692],[-75.6074593,5.7587016],[-75.60741,5.7587009],[-75.6073962,5.7586968],[-75.6073887,5.7586071],[-75.6073904,5.7585388],[-75.6073869,5.7585244],[-75.6073674,5.7584988],[-75.6073043,5.7584317],[-75.6072872,5.7583979],[-75.6072681,5.7583358],[-75.6072401,5.7582785],[-75.6071692,5.7581904],[-75.6070911,5.7581014],[-75.6070597,5.7580559],[-75.6070361,5.758034],[-75.6069931,5.7579379],[-75.6069921,5.7579292],[-75.6069968,5.7579093],[-75.6069797,5.7578638],[-75.6069644,5.7578393],[-75.6069312,5.7578044],[-75.6069192,5.7577855],[-75.6069083,5.7577773],[-75.6068602,5.7577708],[-75.6068194,5.757772],[-75.6067153,5.7577911],[-75.6066531,5.7577981],[-75.6065883,5.7578016],[-75.6065794,5.7578051],[-75.6065814,5.7578223],[-75.6065723,5.7578253],[-75.6065441,5.7578186],[-75.6064939,5.7577926],[-75.6064707,5.7577852],[-75.6063755,5.7578039],[-75.6062682,5.75782],[-75.606256,5.7578191],[-75.6062522,5.7578145],[-75.6062466,5.7577869],[-75.6062428,5.7577338],[-75.6062331,5.7576796],[-75.6062365,5.7576527],[-75.6062202,5.7576236],[-75.6061994,5.7576046],[-75.6061888,5.7575884],[-75.606185,5.7575722],[-75.6061845,5.7575412],[-75.606176,5.7575137],[-75.6060876,5.7573769],[-75.6060222,5.7572926],[-75.6059642,5.7572329],[-75.6058491,5.7571364],[-75.6058006,5.7571034],[-75.6057396,5.7570402],[-75.6057107,5.7569981],[-75.6056993,5.7569877],[-75.6056223,5.7569423],[-75.6055885,5.7569265],[-75.6055605,5.7569193],[-75.6055244,5.7569149],[-75.6055076,5.7569091],[-75.6054891,5.7568875],[-75.6054301,5.7568516],[-75.6054196,5.7568506],[-75.6054162,5.756853],[-75.60542,5.7568663],[-75.6054447,5.7568907],[-75.6054676,5.7569075],[-75.6054838,5.7569149],[-75.6054803,5.7569235],[-75.6054551,5.7569329],[-75.6054158,5.7569246],[-75.6053732,5.7569055],[-75.6052858,5.7568558],[-75.605193,5.7568147],[-75.6051815,5.7568113],[-75.6051476,5.7568093],[-75.6051287,5.7567891],[-75.6050896,5.7567693],[-75.6050774,5.7567664],[-75.6050417,5.7567655],[-75.6050136,5.7567722],[-75.6049721,5.7567894],[-75.6049372,5.7568135],[-75.6048969,5.7568319],[-75.6048615,5.7568295],[-75.6048147,5.7568337],[-75.6047058,5.7568724],[-75.6046887,5.7568703],[-75.6046684,5.7568582],[-75.6046171,5.7568011],[-75.6045872,5.756755],[-75.6045485,5.7567294],[-75.6045397,5.7567201],[-75.6045162,5.7566815],[-75.6044973,5.7566411],[-75.6044784,5.7566148],[-75.6044626,5.7565849],[-75.6044251,5.7565502],[-75.6043994,5.7565126],[-75.6043628,5.7564908],[-75.6043376,5.7564568],[-75.6043149,5.7564343],[-75.6042605,5.7564041],[-75.6042277,5.7563722],[-75.6041908,5.7563556],[-75.6041379,5.7563263],[-75.6040578,5.7562586],[-75.6040359,5.7562352],[-75.6040089,5.7561899],[-75.6040058,5.7561664],[-75.6039925,5.7561372],[-75.6039286,5.7560291],[-75.6039165,5.7559985],[-75.6039113,5.7559648],[-75.6039204,5.755847],[-75.6039184,5.7557934],[-75.6039096,5.7557119],[-75.6039023,5.755684],[-75.6038919,5.7556627],[-75.603823,5.7555516],[-75.6038102,5.755537],[-75.6037699,5.7555023],[-75.6036778,5.755443],[-75.6036066,5.7554062],[-75.603546,5.7553808],[-75.6033098,5.7553032],[-75.6032672,5.7552873],[-75.6032056,5.7552583],[-75.6029857,5.7551809],[-75.6028694,5.7551446],[-75.6024641,5.7550273],[-75.6023169,5.7549943],[-75.6020238,5.7549345],[-75.6018998,5.7549211],[-75.6018282,5.7549196],[-75.6018,5.7549231],[-75.6017651,5.754944],[-75.6017153,5.7549663],[-75.6016912,5.7549915],[-75.6016669,5.7550114],[-75.6016321,5.7550491],[-75.6016095,5.7550809],[-75.6015518,5.7551325],[-75.6015273,5.7551705],[-75.6014759,5.755218],[-75.6014001,5.7553116],[-75.6013364,5.7554204],[-75.6013206,5.7554604],[-75.6013044,5.7555141],[-75.601281,5.7555656],[-75.6012632,5.7555932],[-75.6012341,5.7556543],[-75.6012006,5.7556927],[-75.6011459,5.7557363],[-75.6010923,5.7557629],[-75.6010462,5.7557659],[-75.6009871,5.7558129],[-75.6009254,5.7558343],[-75.6008754,5.7558627],[-75.6008253,5.7558852],[-75.6007844,5.7559093],[-75.6007608,5.7559303],[-75.6006952,5.7560097],[-75.6006332,5.7560589],[-75.6006271,5.7560951],[-75.6006102,5.7561017],[-75.6005995,5.7561109],[-75.6005862,5.7561361],[-75.6005466,5.7561775],[-75.6005361,5.7561963],[-75.6005246,5.7562092],[-75.6005027,5.7562278],[-75.6004169,5.7562804],[-75.6003772,5.7562972],[-75.6003644,5.7562991],[-75.6003619,5.7562946],[-75.600362,5.7562438],[-75.6003456,5.7562172],[-75.600336,5.7561634],[-75.6003267,5.7561467],[-75.6003029,5.7561164],[-75.6002916,5.7560955],[-75.6002721,5.7560281],[-75.6002684,5.7559982],[-75.6002579,5.755967],[-75.6002509,5.755952],[-75.6002305,5.7559263],[-75.6002129,5.7558584],[-75.6001922,5.7558187],[-75.6001878,5.7557628],[-75.6001814,5.755738],[-75.6001807,5.7557169],[-75.6001756,5.7556959],[-75.6001771,5.7556548],[-75.6001662,5.7556237],[-75.6001682,5.7555913],[-75.6001616,5.7555359],[-75.600178,5.7554822],[-75.6001835,5.7554021],[-75.6001836,5.7553568],[-75.6001671,5.755306],[-75.6001651,5.7552889],[-75.6001686,5.7552759],[-75.6001769,5.7552613],[-75.60022,5.7552135],[-75.6002249,5.7552051],[-75.6002239,5.7552023],[-75.6001885,5.7551861],[-75.6001628,5.7551827],[-75.6001223,5.7551837],[-75.6000941,5.7551781],[-75.6000763,5.7551694],[-75.6000625,5.7551558],[-75.6000438,5.7551195],[-75.5999946,5.7549674],[-75.5999795,5.7548983],[-75.599958,5.7548409],[-75.5999365,5.7548023],[-75.5999036,5.7547718],[-75.5998536,5.7547444],[-75.5998193,5.7547349],[-75.5997671,5.7547252],[-75.5997328,5.7547133],[-75.5997023,5.7546989],[-75.5996147,5.754646],[-75.5995602,5.7546192],[-75.5994775,5.7545911],[-75.5992613,5.7545486],[-75.5992126,5.7545262],[-75.5991959,5.7545153],[-75.5991892,5.7545016],[-75.5992092,5.7544544],[-75.5992164,5.7544146],[-75.5992101,5.754382],[-75.5991893,5.7543405],[-75.59916,5.7543026],[-75.5990614,5.7542023],[-75.5989505,5.7541272],[-75.5989318,5.7541105],[-75.5989026,5.7540664],[-75.598868,5.7539888],[-75.5988331,5.7539385],[-75.5988277,5.7539053],[-75.5988387,5.7538541],[-75.598874,5.7537274],[-75.59892,5.7535818],[-75.5989404,5.7535367],[-75.5989657,5.7534952],[-75.5989973,5.7534542],[-75.5990624,5.7533814],[-75.5990789,5.7533552],[-75.5990925,5.7533089],[-75.5991002,5.7532188],[-75.5991142,5.7531531],[-75.5991295,5.7531108],[-75.5991782,5.7530157],[-75.5991929,5.7529664],[-75.5991942,5.7529267],[-75.5991879,5.7528889],[-75.5991672,5.7528316],[-75.5991406,5.7527767],[-75.5991373,5.7527627],[-75.5991364,5.7527326],[-75.599127,5.7527056],[-75.5991125,5.7526777],[-75.5990989,5.7526304],[-75.599092,5.7525753],[-75.5990956,5.7524735],[-75.599076,5.75242],[-75.5990688,5.7524098],[-75.5990252,5.7523687],[-75.5990103,5.7523627],[-75.5990003,5.7523657],[-75.5989861,5.7523789],[-75.5989497,5.7524325],[-75.598928,5.752456],[-75.5988898,5.7525069],[-75.5988249,5.7526146],[-75.5987932,5.7526553],[-75.598754,5.7527344],[-75.5987448,5.7527602],[-75.5987219,5.7528012],[-75.5986858,5.7528452],[-75.5986504,5.752873],[-75.5986349,5.7528928],[-75.5985995,5.7529505],[-75.598542,5.7530814],[-75.5985102,5.7531216],[-75.5984622,5.7531726],[-75.5984081,5.7532588],[-75.5983685,5.7533582],[-75.5983483,5.7534316],[-75.5983328,5.7534761],[-75.5983177,5.7535074],[-75.5983106,5.7535092],[-75.5983069,5.7535029],[-75.5982854,5.753423],[-75.5982677,5.7533821],[-75.5982293,5.7533162],[-75.5981553,5.7532241],[-75.5981384,5.7531949],[-75.5981323,5.7531567],[-75.5981319,5.7530341],[-75.598128,5.7529725],[-75.5981198,5.7529137],[-75.5981148,5.7529106],[-75.5980555,5.7529505],[-75.5979285,5.7530208],[-75.5978724,5.7530638],[-75.5978418,5.7530954],[-75.597824,5.753122],[-75.5978181,5.7531434],[-75.5978133,5.753187],[-75.5978155,5.7531981],[-75.5978218,5.7531995],[-75.5978399,5.7531848],[-75.5979205,5.7531328],[-75.5979565,5.7531187],[-75.5979926,5.7530982],[-75.5980099,5.7530949],[-75.5980563,5.7531063],[-75.598075,5.7531146],[-75.5980845,5.7531229],[-75.598104,5.7531511],[-75.5981073,5.7531601],[-75.5981084,5.7531818],[-75.5981031,5.7531965],[-75.598075,5.7532293],[-75.5980389,5.7532481],[-75.5980111,5.7532706],[-75.5979123,5.7533159],[-75.5978627,5.7533473],[-75.5977877,5.7534216],[-75.5977264,5.7534771],[-75.5976146,5.7535637],[-75.5975721,5.7536117],[-75.5975184,5.7536966],[-75.5974843,5.7537789],[-75.5974723,5.7538326],[-75.5974579,5.7538591],[-75.5974495,5.7538681],[-75.5974438,5.7538701],[-75.5974403,5.753842],[-75.5974302,5.7538157],[-75.5973197,5.7536223],[-75.5973131,5.7535349],[-75.597315,5.753484],[-75.5973076,5.7534634],[-75.5972865,5.7534306],[-75.5972755,5.7533912],[-75.5972709,5.7533869],[-75.5972667,5.7533868],[-75.5972142,5.7534025],[-75.5971844,5.7534073],[-75.5971717,5.7534065],[-75.5971633,5.7534003],[-75.5971499,5.753373],[-75.5971089,5.7533174],[-75.597111,5.7533073],[-75.597154,5.7532333],[-75.5971725,5.7531922],[-75.5971814,5.753155],[-75.5971984,5.7531107],[-75.5972,5.7530805],[-75.5971939,5.7530514],[-75.5972008,5.7530257],[-75.5971902,5.7529821],[-75.5971818,5.7529731],[-75.5971604,5.7529582],[-75.5971259,5.7529021],[-75.5970839,5.7528672],[-75.5970686,5.752857],[-75.5970068,5.7528277],[-75.5969353,5.7527861],[-75.5969033,5.7527458],[-75.5968921,5.7527239],[-75.5968946,5.7527048],[-75.5969046,5.7526817],[-75.5969304,5.7526508],[-75.5969522,5.7526093],[-75.5969705,5.7525922],[-75.5969876,5.7525691],[-75.5969918,5.7525514],[-75.5969925,5.7525237],[-75.5970125,5.7524595],[-75.5970158,5.7524257],[-75.5970321,5.7523971],[-75.5970388,5.7523782],[-75.597043,5.7523259],[-75.5970548,5.7522704],[-75.5970367,5.7521889],[-75.5970412,5.7521592],[-75.5970396,5.7521495],[-75.597032,5.7521437],[-75.5969719,5.7521264],[-75.5969322,5.7521081],[-75.5968747,5.7520901],[-75.5968231,5.7520871],[-75.5967557,5.7520959],[-75.5967334,5.7520954],[-75.5966797,5.7520759],[-75.5965797,5.752051],[-75.5965585,5.7520488],[-75.5965339,5.7520525],[-75.5964891,5.752072],[-75.5964617,5.7520805],[-75.5963735,5.7520852],[-75.5962853,5.7521006],[-75.5962461,5.7521189],[-75.596201,5.7521464],[-75.5961615,5.7521595],[-75.5961081,5.7521665],[-75.5960178,5.7521684],[-75.5959729,5.7521775],[-75.5959679,5.7521732],[-75.595966,5.7521544],[-75.595961,5.7521448],[-75.5959238,5.752105],[-75.5958838,5.7520555],[-75.5958463,5.7520246],[-75.5957971,5.7519965],[-75.5957435,5.7519841],[-75.5956868,5.7519802],[-75.5956529,5.7519854],[-75.5955774,5.7520058],[-75.5955471,5.7520087],[-75.5955334,5.7520054],[-75.5955125,5.7519812],[-75.5954939,5.7519372],[-75.5954891,5.7519036],[-75.5954918,5.7518567],[-75.5954904,5.7518395],[-75.5954744,5.7518066],[-75.5954615,5.7517636],[-75.5954433,5.7517232],[-75.5954312,5.7517087],[-75.5953982,5.7516825],[-75.5953657,5.7516387],[-75.5953225,5.7516098],[-75.5953077,5.7515876],[-75.5953028,5.7515541],[-75.5953053,5.7514938],[-75.595279,5.7514075],[-75.5952516,5.7513442],[-75.5952265,5.7512707],[-75.5952061,5.7512367],[-75.5951532,5.7511675],[-75.5951346,5.751118],[-75.5951333,5.7510957],[-75.5951489,5.7510677],[-75.5951517,5.7510321],[-75.595149,5.7509433],[-75.5951371,5.7509039],[-75.5951294,5.7508387],[-75.5951213,5.7508232],[-75.5951022,5.7508062],[-75.5950839,5.7507841],[-75.5950664,5.7507697],[-75.5950491,5.7507602],[-75.594962,5.7507392],[-75.5948963,5.7507153],[-75.5948457,5.7507107],[-75.5948134,5.7507167],[-75.5947507,5.7507452],[-75.5946826,5.7507673],[-75.5946625,5.7507707],[-75.5946318,5.7507708],[-75.594593,5.7507571],[-75.5945615,5.7507396],[-75.59454,5.7507202],[-75.5945249,5.7507124],[-75.5944519,5.7506875],[-75.5944219,5.7506825],[-75.5943798,5.7506998],[-75.5943262,5.750715],[-75.5942805,5.7507486],[-75.5942495,5.7507652],[-75.5942262,5.7507857],[-75.594199,5.7508217],[-75.5941463,5.7508599],[-75.5941077,5.7509017],[-75.594065,5.7509325],[-75.5940563,5.7509369],[-75.5940464,5.7509375],[-75.5940338,5.7509322],[-75.5940126,5.7509176],[-75.5939954,5.7508976],[-75.5939863,5.7508662],[-75.5939709,5.7508377],[-75.593964,5.7507955],[-75.5939555,5.7507724],[-75.5939464,5.7507306],[-75.5939385,5.7507149],[-75.5939023,5.7506748],[-75.5938751,5.7506569],[-75.5938559,5.7506398],[-75.5937964,5.7506292],[-75.5937906,5.7506321],[-75.5937868,5.7506404],[-75.593788,5.7507037],[-75.5937716,5.7507573],[-75.5937493,5.7507869],[-75.5937266,5.7508032],[-75.5937118,5.7508211],[-75.5936886,5.7508845],[-75.593638,5.7509703],[-75.5936098,5.7510519],[-75.5935463,5.7511791],[-75.5935294,5.7512064],[-75.5935067,5.751261],[-75.5934633,5.7513166],[-75.5934273,5.7513525],[-75.5933455,5.7514091],[-75.5933084,5.7514259],[-75.5932359,5.7514363],[-75.5931904,5.7514378],[-75.5931505,5.7514354],[-75.5930927,5.751425],[-75.593053,5.7514142],[-75.592966,5.7513804],[-75.592949,5.7513779],[-75.5929305,5.7513792],[-75.592867,5.7514057],[-75.5928168,5.7514361],[-75.592745,5.7514634],[-75.5926961,5.7514779],[-75.5926634,5.7514926],[-75.5926408,5.7515073],[-75.5925876,5.7515603],[-75.59257,5.7515681],[-75.5925241,5.7515761],[-75.5924848,5.7515882],[-75.5924434,5.7516084],[-75.5923854,5.7516498],[-75.5923536,5.7516681],[-75.5923356,5.7516723],[-75.5922008,5.7516808],[-75.5921694,5.7516891],[-75.5921159,5.7517153],[-75.5920922,5.7517184],[-75.5920269,5.7517045],[-75.5919843,5.7516874],[-75.5919218,5.7516781],[-75.5918792,5.7516575],[-75.5918477,5.7516344],[-75.5917956,5.7515726],[-75.5917449,5.7514726],[-75.5916938,5.7513853],[-75.591667,5.7513483],[-75.5916561,5.7513441],[-75.5916522,5.7513472],[-75.5916479,5.7513578],[-75.591642,5.7515145],[-75.5916217,5.7515898],[-75.5915697,5.7516769],[-75.5915414,5.7517169],[-75.5915121,5.751756],[-75.5915,5.7517681],[-75.5914885,5.7517736],[-75.5914424,5.7517854],[-75.5914008,5.751787],[-75.5913563,5.7517811],[-75.5912048,5.751747],[-75.591105,5.7517484],[-75.59108,5.7517538],[-75.5910466,5.7517563],[-75.5909925,5.7517464],[-75.5909802,5.7517558],[-75.5909631,5.7517854],[-75.5909558,5.7517864],[-75.5909442,5.751781],[-75.5909083,5.7517446],[-75.5908828,5.7517105],[-75.5908241,5.7516748],[-75.5907997,5.751664],[-75.5907624,5.7516567],[-75.5907101,5.7516542],[-75.5906664,5.7516604],[-75.5906292,5.7516726],[-75.5905789,5.7517012],[-75.5905477,5.7517248],[-75.5905294,5.7517423],[-75.5905132,5.7517667],[-75.5904967,5.7518034],[-75.5904792,5.7518535],[-75.5904614,5.7518813],[-75.5904356,5.7519111],[-75.5904084,5.751936],[-75.5903786,5.7519517],[-75.5903263,5.7519656],[-75.5902601,5.7519547],[-75.5901963,5.7519568],[-75.5901352,5.7519516],[-75.5900435,5.7519648],[-75.5899775,5.7519616],[-75.5899131,5.7519552],[-75.5899075,5.7519517],[-75.5898828,5.751922],[-75.5898723,5.7519144],[-75.5898661,5.7519134],[-75.5898578,5.7519148],[-75.5898421,5.7519237],[-75.5897921,5.7519352],[-75.589761,5.7519521],[-75.58975,5.7519511],[-75.5897452,5.75194],[-75.5897451,5.751927],[-75.5897664,5.7518569],[-75.589774,5.7518384],[-75.5897905,5.7518117],[-75.5898065,5.7517697],[-75.5898186,5.751748],[-75.5898499,5.751716],[-75.5899043,5.7516722],[-75.590028,5.7515962],[-75.5900622,5.7515602],[-75.5900781,5.7515351],[-75.5900967,5.7514935],[-75.5901059,5.7514618],[-75.5901161,5.7514079],[-75.5901195,5.7513382],[-75.590126,5.7512987],[-75.5901385,5.751265],[-75.5901361,5.7512484],[-75.5901425,5.7512137],[-75.5901629,5.7511581],[-75.5901685,5.7511492],[-75.5901764,5.7511447],[-75.5902138,5.7511731],[-75.590225,5.7511771],[-75.5902388,5.7511769],[-75.5902534,5.7511709],[-75.5902675,5.7511595],[-75.5902969,5.7511215],[-75.5903087,5.7510931],[-75.5903161,5.7510574],[-75.5903365,5.7509896],[-75.5903745,5.7508815],[-75.5903948,5.7508361],[-75.5904194,5.7507905],[-75.5904745,5.7507175],[-75.590499,5.7506729],[-75.590543,5.7505551],[-75.5905655,5.7504828],[-75.5905722,5.7504519],[-75.5906178,5.7503459],[-75.5906264,5.7503374],[-75.5907496,5.7502753],[-75.5907944,5.7502484],[-75.5908108,5.7502318],[-75.5908238,5.7502066],[-75.5908277,5.7501915],[-75.5908292,5.7501546],[-75.5908276,5.7500466],[-75.5908342,5.7499162],[-75.5908325,5.7498808],[-75.5908347,5.7498481],[-75.5908263,5.7497665],[-75.5908101,5.749672],[-75.5908048,5.7495957],[-75.5908243,5.7494772],[-75.5908463,5.7493888],[-75.5908454,5.7493354],[-75.5908259,5.7491936],[-75.590816,5.7490689],[-75.5908159,5.7490254],[-75.5908205,5.7489852],[-75.5908391,5.7488898],[-75.5908731,5.7487729],[-75.5909146,5.7486821],[-75.5909228,5.7486458],[-75.590931,5.7486312],[-75.5909489,5.748613],[-75.5909722,5.7485967],[-75.5910903,5.7485471],[-75.5911082,5.7485369],[-75.5911221,5.7485249],[-75.591137,5.7485037],[-75.5911418,5.7484691],[-75.5911584,5.7484361],[-75.5911794,5.7484099],[-75.5912462,5.7483402],[-75.591262,5.7483191],[-75.5912831,5.7482737],[-75.5912915,5.7482345],[-75.5912922,5.7482075],[-75.5912873,5.7481779],[-75.5912658,5.7481165],[-75.5912553,5.7480546],[-75.5912292,5.7479855],[-75.5911946,5.7479127],[-75.591144,5.7478643],[-75.5911277,5.7478389],[-75.5911166,5.7478111],[-75.5910987,5.7477381],[-75.5910928,5.7476964],[-75.5910914,5.7476064],[-75.5910977,5.7475508],[-75.5911172,5.7475057],[-75.5911363,5.7474754],[-75.5912243,5.7473749],[-75.5912491,5.7473369],[-75.5913142,5.7472154],[-75.591357,5.7471563],[-75.5913804,5.7470887],[-75.5913989,5.747053],[-75.5914303,5.7470124],[-75.5914851,5.7469678],[-75.5915096,5.746937],[-75.5915375,5.7469112],[-75.5915475,5.746898],[-75.5915557,5.7468745],[-75.5915728,5.7468663],[-75.5915782,5.7468573],[-75.5915777,5.7468438],[-75.5915714,5.7468244],[-75.591571,5.7467927],[-75.5915619,5.7467434],[-75.5915594,5.7467127],[-75.5915394,5.7466413],[-75.5915331,5.7466083],[-75.5915348,5.7465665],[-75.5915448,5.7465227],[-75.5915547,5.7464383],[-75.5915537,5.7464091],[-75.5915407,5.746319],[-75.5915347,5.7462427],[-75.5915322,5.7461739],[-75.5915336,5.74611],[-75.591541,5.746038],[-75.5915592,5.7459662],[-75.5916017,5.7458351],[-75.5916401,5.7457351],[-75.5916762,5.7456631],[-75.5917248,5.7455947],[-75.591756,5.7455618],[-75.5918103,5.7455167],[-75.5919424,5.7454419],[-75.5919826,5.7454118],[-75.5919776,5.7454094],[-75.5919198,5.7454072],[-75.5918484,5.7453884],[-75.5917782,5.7453659],[-75.5916842,5.7453196],[-75.5916076,5.7452739],[-75.5915804,5.7452521],[-75.5915488,5.74522],[-75.5915155,5.7451763],[-75.5914939,5.7451359],[-75.5914885,5.7450994],[-75.5914745,5.7450511],[-75.5914467,5.7449923],[-75.5914195,5.7449559],[-75.5913639,5.7449087],[-75.5913226,5.7448844],[-75.5912848,5.7448783],[-75.591249,5.7448884],[-75.5912345,5.7449011],[-75.5912211,5.7449203],[-75.5912116,5.7449645],[-75.5911974,5.7449979],[-75.5911964,5.7450377],[-75.5911832,5.7450727],[-75.5911798,5.7451016],[-75.5911726,5.745123],[-75.5911494,5.7451643],[-75.591108,5.745227],[-75.5910222,5.7453674],[-75.5909828,5.7454595],[-75.5909355,5.7455405],[-75.5908896,5.7456086],[-75.5908494,5.7456617],[-75.5908142,5.7456898],[-75.5908002,5.745709],[-75.5907892,5.7457182],[-75.5907466,5.7457414],[-75.5907012,5.7457514],[-75.5906842,5.7457589],[-75.5906119,5.7457997],[-75.5905494,5.7458426],[-75.5905089,5.7458553],[-75.590481,5.7458809],[-75.5904639,5.7459084],[-75.5904505,5.7459447],[-75.590341,5.7461297],[-75.5903234,5.7461662],[-75.5902619,5.7462711],[-75.5902458,5.7463069],[-75.5902346,5.7463192],[-75.5902212,5.746343],[-75.5901918,5.7463677],[-75.5901546,5.7464203],[-75.5901484,5.7464349],[-75.5901462,5.7464672],[-75.5901265,5.746499],[-75.5900917,5.7465258],[-75.5900738,5.7465341],[-75.590056,5.746538],[-75.5900278,5.7465312],[-75.5899915,5.7465416],[-75.5899542,5.7465341],[-75.5899151,5.7465406],[-75.589856,5.7465334],[-75.5897966,5.7465341],[-75.5897589,5.7465281],[-75.5896612,5.746535],[-75.5896227,5.7465401],[-75.5896008,5.7465469],[-75.5895548,5.7465725],[-75.589522,5.7466012],[-75.589489,5.7466416],[-75.5894492,5.7467175],[-75.5894091,5.7468364],[-75.5894003,5.7468454],[-75.5893964,5.7468428],[-75.5893906,5.746828],[-75.5893815,5.7467827],[-75.5893683,5.7467395],[-75.589346,5.7466875],[-75.5893296,5.7466369],[-75.5893062,5.7465439],[-75.5892998,5.7464708],[-75.5892891,5.7464312],[-75.5892769,5.7464129],[-75.589269,5.7464074],[-75.58926,5.7464081],[-75.5892435,5.7464166],[-75.5892232,5.7464319],[-75.5891893,5.7464748],[-75.5891788,5.746497],[-75.5891633,5.7465178],[-75.5891269,5.7465532],[-75.5891031,5.7465832],[-75.5890903,5.7465893],[-75.5890808,5.7465751],[-75.5890743,5.7465396],[-75.589063,5.7465019],[-75.5890581,5.7464939],[-75.5890453,5.7464839],[-75.5889848,5.746458],[-75.5889567,5.7464408],[-75.588815,5.7462811],[-75.5888055,5.7462591],[-75.5887907,5.7461912],[-75.5887567,5.7461393],[-75.5887346,5.7461137],[-75.5887303,5.7461024],[-75.5887248,5.7460277],[-75.5887314,5.7458893],[-75.58872,5.7458492],[-75.5887024,5.7458176],[-75.5886819,5.7457883],[-75.5886017,5.7457101],[-75.588568,5.7456721],[-75.588539,5.7456328],[-75.5885172,5.7455915],[-75.5884892,5.745502],[-75.5884832,5.7454661],[-75.5884503,5.7453832],[-75.5884301,5.745321],[-75.5883677,5.7451985],[-75.588356,5.7451684],[-75.5883265,5.7451302],[-75.5883046,5.7450942],[-75.588219,5.7449796],[-75.5881698,5.7448804],[-75.5880811,5.7447514],[-75.5879978,5.7445726],[-75.5879796,5.7445274],[-75.5879644,5.7444694],[-75.5879151,5.7443839],[-75.5878681,5.7443133],[-75.5878376,5.7442806],[-75.5878169,5.7442652],[-75.5878061,5.7442633],[-75.5877886,5.7442659],[-75.5877611,5.7442791],[-75.5877504,5.7442925],[-75.5877462,5.7443169],[-75.58774,5.7443297],[-75.5877261,5.7443412],[-75.5877082,5.7443487],[-75.5876729,5.744358],[-75.5876072,5.7443656],[-75.5875711,5.7443661],[-75.5875502,5.744362],[-75.5874951,5.744331],[-75.58746,5.7442898],[-75.5874239,5.7442583],[-75.5874009,5.7442314],[-75.5873858,5.74422],[-75.5873562,5.7442067],[-75.5873093,5.7442054],[-75.5872556,5.7441928],[-75.5872296,5.7441817],[-75.5871943,5.7441588],[-75.5871583,5.7441223],[-75.5871006,5.7440452],[-75.5870784,5.7440214],[-75.5870379,5.7439853],[-75.5870023,5.7439622],[-75.586952,5.7439407],[-75.5868058,5.7439168],[-75.5867505,5.7439021],[-75.5866181,5.7438602],[-75.5865858,5.743853],[-75.5865508,5.7438503],[-75.5865139,5.7438523],[-75.5863639,5.7438729],[-75.5863243,5.7438806],[-75.5863027,5.7438876],[-75.5862667,5.7439061],[-75.5862482,5.7439204],[-75.5862163,5.7439576],[-75.5861713,5.7440247],[-75.5861626,5.744034],[-75.586155,5.7440339],[-75.5861488,5.7440072],[-75.5861511,5.7439787],[-75.5861676,5.7439253],[-75.5861968,5.7438478],[-75.5862058,5.7437967],[-75.5862021,5.7437627],[-75.5861802,5.743679],[-75.586174,5.7436753],[-75.586158,5.7436865],[-75.5860858,5.743768],[-75.5860086,5.7438624],[-75.5859556,5.7439091],[-75.5859229,5.7439277],[-75.5858879,5.7439406],[-75.5857443,5.7439697],[-75.5857121,5.7439797],[-75.5856719,5.7439971],[-75.5856125,5.7440363],[-75.5855676,5.7440729],[-75.5855127,5.744126],[-75.5854403,5.7442069],[-75.5853963,5.7442449],[-75.5853248,5.7442886],[-75.5852704,5.744312],[-75.585226,5.7443268],[-75.5851456,5.7443433],[-75.5849746,5.7443704],[-75.5849344,5.7443708],[-75.5849094,5.7443664],[-75.5847929,5.7443155],[-75.5847236,5.7442953],[-75.5846612,5.7442713],[-75.5846138,5.7442455],[-75.5845741,5.7442184],[-75.5845529,5.7441986],[-75.5845477,5.7441873],[-75.5845345,5.744127],[-75.5845354,5.7441183],[-75.5845485,5.7441113],[-75.5845982,5.7441118],[-75.5846481,5.7441194],[-75.584669,5.7441172],[-75.5846924,5.7441096],[-75.5847235,5.7440949],[-75.5847553,5.744075],[-75.5848227,5.7440444],[-75.5849982,5.7439572],[-75.5850384,5.743934],[-75.5850974,5.7438943],[-75.5852177,5.7438045],[-75.5852517,5.7437683],[-75.5852702,5.7437405],[-75.5852933,5.7436895],[-75.5853189,5.7435939],[-75.5853308,5.743563],[-75.5853488,5.7435409],[-75.5853892,5.7435095],[-75.5855506,5.7434319],[-75.5857627,5.743307],[-75.5858978,5.7432365],[-75.5862761,5.743075],[-75.5865066,5.7429904],[-75.5866133,5.7429307],[-75.5867626,5.7428567],[-75.5867977,5.7428359],[-75.5868533,5.7427932],[-75.5870681,5.7425922],[-75.5871371,5.7425352],[-75.5871854,5.7425015],[-75.5872305,5.7424797],[-75.587267,5.7424703],[-75.5873743,5.7424597],[-75.5874072,5.7424523],[-75.5874381,5.7424381],[-75.5874812,5.7424077],[-75.5875039,5.7423776],[-75.5875158,5.7423498],[-75.5875328,5.7422549],[-75.5875357,5.7421697],[-75.5875174,5.7420049],[-75.5875166,5.7419159],[-75.587527,5.741778],[-75.5875426,5.7416686],[-75.5875608,5.7415824],[-75.5875869,5.7415005],[-75.5876139,5.7414371],[-75.5876479,5.7413685],[-75.5876813,5.7413109],[-75.5877143,5.7412618],[-75.5877614,5.7412013],[-75.5879548,5.7409795],[-75.5879979,5.7409237],[-75.5880531,5.7408073],[-75.5880632,5.7407799],[-75.5881321,5.7406755],[-75.5881742,5.7405846],[-75.5881703,5.740575],[-75.5881246,5.7405436],[-75.5880476,5.7404985],[-75.5879795,5.7404679],[-75.5878981,5.7404456],[-75.5878328,5.7404333],[-75.5877381,5.7404226],[-75.5875337,5.740418],[-75.5874964,5.7404253],[-75.5874737,5.7404343],[-75.5874367,5.7404559],[-75.5874116,5.7404765],[-75.5873767,5.7405131],[-75.5873394,5.7405611],[-75.58731,5.7406068],[-75.5872948,5.74064],[-75.587268,5.7406686],[-75.5872449,5.7406823],[-75.5872128,5.7406937],[-75.5871833,5.7406979],[-75.5871651,5.7406974],[-75.5871135,5.7406851],[-75.5870913,5.7406752],[-75.5870008,5.7406122],[-75.5869502,5.7405684],[-75.5869238,5.7405495],[-75.5868469,5.7405002],[-75.5867871,5.7404739],[-75.5867379,5.7404605],[-75.5866521,5.7404432],[-75.5865894,5.7404235],[-75.5865409,5.7404132],[-75.586433,5.740359],[-75.5863176,5.7403272],[-75.5862678,5.7403092],[-75.5862314,5.7403007],[-75.5861654,5.7403064],[-75.5861095,5.7403209],[-75.5860561,5.7403411],[-75.5860438,5.7403512],[-75.586029,5.7403694],[-75.5860213,5.7403713],[-75.5860103,5.7403654],[-75.5859934,5.740345],[-75.5859834,5.7403375],[-75.5859554,5.7403245],[-75.5859157,5.740311],[-75.5858671,5.7402993],[-75.5857592,5.7402897],[-75.5857239,5.7402805],[-75.5857097,5.7402692],[-75.5856847,5.7402352],[-75.5856436,5.7402072],[-75.585645,5.7402001],[-75.5856676,5.7401903],[-75.5857484,5.7401653],[-75.5857846,5.740139],[-75.5859016,5.7400866],[-75.585968,5.7400447],[-75.586002,5.7400137],[-75.5860297,5.7399768],[-75.5860759,5.7399246],[-75.5861903,5.73984],[-75.5862335,5.7398014],[-75.586308,5.7397152],[-75.5863234,5.7396926],[-75.5863313,5.739688],[-75.5864552,5.7397288],[-75.5864881,5.7397445],[-75.5866334,5.7397789],[-75.5867031,5.7398051],[-75.5867365,5.7398135],[-75.5867767,5.7398161],[-75.5868151,5.739811],[-75.5868575,5.7397974],[-75.5869021,5.7397762],[-75.5870642,5.7396812],[-75.5872715,5.739565],[-75.5873346,5.7395207],[-75.5873816,5.7394748],[-75.5874876,5.7393549],[-75.5875433,5.7393026],[-75.5876171,5.7392401],[-75.5876488,5.7392038],[-75.5876796,5.7391493],[-75.5877114,5.7391135],[-75.5877229,5.7391121],[-75.5877393,5.7391154],[-75.5878306,5.7391504],[-75.5878915,5.7391639],[-75.587966,5.7391667],[-75.5880901,5.7391628],[-75.5881976,5.739175],[-75.5882817,5.7392033],[-75.5884274,5.7392736],[-75.5884909,5.7392894],[-75.5885159,5.7392905],[-75.5885791,5.7392746],[-75.5886196,5.7392566],[-75.5886554,5.7392356],[-75.5887952,5.7391225],[-75.5889106,5.7390466],[-75.5889541,5.739002],[-75.5889577,5.7389921],[-75.5889554,5.7389867],[-75.5889378,5.7389782],[-75.5888291,5.7389522],[-75.5887185,5.7389388],[-75.5886454,5.7389225],[-75.5885681,5.7388965],[-75.5885081,5.738866],[-75.5884643,5.7388334],[-75.588407,5.7387772],[-75.5883709,5.7387369],[-75.588342,5.7386977],[-75.5882945,5.738624],[-75.5882293,5.7384995],[-75.5882005,5.7384599],[-75.5881825,5.7384419],[-75.5881378,5.7384089],[-75.5880828,5.7383792],[-75.5880496,5.7383684],[-75.5880316,5.7383589],[-75.5880013,5.7383389],[-75.5879169,5.7382735],[-75.5878872,5.7382542],[-75.5878384,5.7382309],[-75.5877571,5.738204],[-75.5877203,5.7381873],[-75.5876862,5.7381664],[-75.5876131,5.7381131],[-75.5875796,5.7380928],[-75.5875176,5.738065],[-75.5874338,5.7380398],[-75.5873854,5.738021],[-75.5873441,5.7380002],[-75.587219,5.737926],[-75.5871735,5.7379041],[-75.5871369,5.7378918],[-75.5870991,5.7378867],[-75.5870657,5.7378894],[-75.5870428,5.737896],[-75.5869661,5.7379273],[-75.586931,5.7379341],[-75.5869142,5.7379331],[-75.5869008,5.7379167],[-75.5868884,5.7378922],[-75.5868676,5.7378035],[-75.5868512,5.7377659],[-75.5868243,5.7377345],[-75.5867786,5.7377045],[-75.5867335,5.7376867],[-75.5866942,5.7376844],[-75.5866539,5.7376929],[-75.5865804,5.7377242],[-75.5865531,5.7377325],[-75.5865202,5.7377366],[-75.586482,5.7377311],[-75.5864465,5.7377121],[-75.5864408,5.7377012],[-75.5864441,5.7376821],[-75.5864672,5.7376167],[-75.5864672,5.7376021],[-75.5864615,5.7375829],[-75.5864509,5.7375625],[-75.5864349,5.7375425],[-75.5863993,5.7375157],[-75.5863333,5.7374854],[-75.5862563,5.7374589],[-75.5862027,5.737449],[-75.5859969,5.7374217],[-75.5859506,5.7374114],[-75.5859153,5.7373955],[-75.5858911,5.7373748],[-75.5858856,5.7373623],[-75.5858894,5.7373494],[-75.5859144,5.7373159],[-75.5859231,5.7372938],[-75.585923,5.7372669],[-75.5859069,5.7372406],[-75.5858366,5.7371702],[-75.5858104,5.7371478],[-75.5856769,5.7370639],[-75.5856369,5.7370323],[-75.5856146,5.7370095],[-75.5855951,5.7369841],[-75.5855411,5.7368798],[-75.5855246,5.7368553],[-75.5855073,5.7368362],[-75.585403,5.736751],[-75.5853015,5.7366484],[-75.5852467,5.7366003],[-75.5851991,5.7365664],[-75.5851541,5.7365444],[-75.5851035,5.7365305],[-75.5850246,5.7365242],[-75.5849914,5.7365186],[-75.5848746,5.7364808],[-75.5848083,5.7364698],[-75.584723,5.736468],[-75.5846132,5.7364721],[-75.584559,5.7364816],[-75.5844997,5.7365022],[-75.5844458,5.736529],[-75.5844115,5.7365539],[-75.5843304,5.7366454],[-75.5842601,5.7367172],[-75.5842409,5.7367426],[-75.5842294,5.736765],[-75.5842222,5.7367869],[-75.5842095,5.7368474],[-75.5841996,5.7368687],[-75.5841302,5.7369312],[-75.5840422,5.7370416],[-75.5840281,5.7370535],[-75.584016,5.7370536],[-75.583938,5.7369737],[-75.5839017,5.7369242],[-75.5838735,5.7368677],[-75.5838572,5.7368178],[-75.5838528,5.7367884],[-75.5838559,5.7367743],[-75.5838659,5.7367583],[-75.5838864,5.7367124],[-75.5839434,5.7366264],[-75.5839738,5.7365714],[-75.5840099,5.7364903],[-75.5840276,5.7364289],[-75.5840352,5.7363875],[-75.5840378,5.7363503],[-75.5840328,5.7363116],[-75.584023,5.7362847],[-75.5840081,5.7362626],[-75.5839846,5.7362407],[-75.5839598,5.7362263],[-75.5839081,5.7362126],[-75.5838035,5.7362061],[-75.5837515,5.736192],[-75.5837383,5.7361841],[-75.5837361,5.7361764],[-75.5837374,5.7361306],[-75.583752,5.7360143],[-75.5837537,5.7359228],[-75.5837454,5.735855],[-75.5837221,5.7357987],[-75.5837148,5.7357871],[-75.5836638,5.7357575],[-75.5836181,5.7357403],[-75.5834646,5.7357048],[-75.5833399,5.7356673],[-75.5832797,5.735645],[-75.5831853,5.7355994],[-75.5830814,5.7355336],[-75.5830346,5.7355084],[-75.5829624,5.7354929],[-75.5829039,5.7354932],[-75.5828963,5.7354832],[-75.5828761,5.7354356],[-75.5828566,5.7354012],[-75.582821,5.7353189],[-75.5827482,5.735211],[-75.5827203,5.7351801],[-75.58268,5.7351525],[-75.5825872,5.735078],[-75.582557,5.7350682],[-75.5825261,5.7350628],[-75.5824427,5.7350669],[-75.5824227,5.7350714],[-75.5823772,5.7350908],[-75.5823306,5.735106],[-75.5822986,5.7350701],[-75.582205,5.7350063],[-75.5821521,5.7349726],[-75.5819777,5.7348726],[-75.5819088,5.7348279],[-75.5818394,5.7347722],[-75.5816601,5.7346086],[-75.5814928,5.7345097],[-75.5814558,5.734483],[-75.5814139,5.7344171],[-75.5813275,5.7342215],[-75.5812621,5.7340975],[-75.5812407,5.7340651],[-75.5812277,5.7340507],[-75.5811886,5.7340223],[-75.581164,5.7340092],[-75.5811279,5.7339998],[-75.5811015,5.7339979],[-75.5810372,5.734001],[-75.5809733,5.7340119],[-75.5808733,5.7340422],[-75.5808326,5.7340607],[-75.5807744,5.7340946],[-75.5807285,5.7341388],[-75.5806842,5.7341761],[-75.5804333,5.7343683],[-75.5803805,5.7344153],[-75.580351,5.7344479],[-75.5803079,5.7344872],[-75.5802767,5.7345276],[-75.580253,5.7345721],[-75.5802222,5.7346672],[-75.5802125,5.7347127],[-75.5802031,5.7347355],[-75.5801967,5.7347436],[-75.580186,5.7347444],[-75.5801186,5.734722],[-75.5800467,5.734694],[-75.5800051,5.7346818],[-75.5799602,5.7346819],[-75.57991,5.7346886],[-75.5798656,5.7346997],[-75.5798441,5.7347109],[-75.5797405,5.734815],[-75.5796791,5.7348882],[-75.5796413,5.7349407],[-75.5796142,5.7349863],[-75.5795529,5.7350724],[-75.5795305,5.7351174],[-75.5795175,5.7351644],[-75.57949,5.7353806],[-75.5794813,5.7353925],[-75.5794726,5.7353926],[-75.5794614,5.7353869],[-75.5793674,5.7353266],[-75.5793133,5.7352816],[-75.579274,5.7352441],[-75.5792026,5.7351618],[-75.5791585,5.7351199],[-75.579011,5.7349923],[-75.5789492,5.7349461],[-75.5789124,5.7349228],[-75.5788921,5.7349126],[-75.5788588,5.7349021],[-75.5788131,5.7348939],[-75.5787384,5.7348907],[-75.5787109,5.7348947],[-75.5786723,5.734906],[-75.5786488,5.7349045],[-75.5785866,5.7348797],[-75.5785191,5.734841],[-75.5784994,5.7348238],[-75.5784614,5.7347799],[-75.5784481,5.7347532],[-75.5784323,5.7347087],[-75.5784136,5.7346787],[-75.5783655,5.7346364],[-75.5783175,5.7346073],[-75.5783136,5.7345967],[-75.5783135,5.7345374],[-75.5782964,5.734428],[-75.578295,5.7343836],[-75.57828,5.7342916],[-75.578293,5.7342022],[-75.5782871,5.7341203],[-75.5782799,5.7340925],[-75.5782705,5.7340699],[-75.578206,5.7339486],[-75.5781287,5.7338406],[-75.5780027,5.7336315],[-75.5779566,5.7335149],[-75.5779407,5.7334946],[-75.5778992,5.7334512],[-75.5778394,5.7333974],[-75.5777918,5.7333594],[-75.5777567,5.7333357],[-75.5776347,5.7332679],[-75.577481,5.7332145],[-75.5773676,5.7331888],[-75.5772573,5.7331561],[-75.5772484,5.7331503],[-75.5772294,5.7330884],[-75.5772176,5.7330309],[-75.5772101,5.733012],[-75.5771947,5.7329864],[-75.5771429,5.7329151],[-75.5771139,5.7328541],[-75.5770427,5.732753],[-75.576998,5.7326714],[-75.5769607,5.7326141],[-75.5769366,5.7325844],[-75.5769086,5.7325216],[-75.5768936,5.7324792],[-75.576889,5.7324451],[-75.5768837,5.7323894],[-75.5768845,5.7323438],[-75.5768785,5.7323099],[-75.5768815,5.7322227],[-75.5768785,5.732211],[-75.5768744,5.7322074],[-75.5768614,5.7322074],[-75.5767862,5.7322319],[-75.576747,5.7322387],[-75.5767044,5.7322334],[-75.5766639,5.7322241],[-75.576591,5.732193],[-75.5764495,5.7321134],[-75.5763516,5.7320674],[-75.5763068,5.7320534],[-75.5762463,5.7320478],[-75.576217,5.7320529],[-75.5761803,5.7320685],[-75.5761539,5.7320846],[-75.5760999,5.7321278],[-75.5760634,5.7321507],[-75.5760441,5.7321576],[-75.5759311,5.7321769],[-75.5756305,5.7322559],[-75.5755518,5.7322687],[-75.5754307,5.7322783],[-75.5753704,5.7322721],[-75.5752113,5.7322296],[-75.5751961,5.7322235],[-75.5751119,5.7321754],[-75.5750845,5.7321632],[-75.5750508,5.7321532],[-75.5750083,5.7321475],[-75.5749548,5.7321462],[-75.5749083,5.7321498],[-75.5747664,5.7321816],[-75.574647,5.732193],[-75.5745194,5.7322265],[-75.5744441,5.7322332],[-75.5743603,5.7322287],[-75.5742225,5.7322164],[-75.5740442,5.7321855],[-75.573878,5.7321488],[-75.5738083,5.7321428],[-75.5736931,5.7321576],[-75.5736535,5.7321703],[-75.5736089,5.7321947],[-75.5735631,5.7322285],[-75.5735356,5.7322548],[-75.573506,5.732292],[-75.5734562,5.732366],[-75.5734356,5.7323893],[-75.5733927,5.7324247],[-75.5733749,5.7324348],[-75.5733485,5.7324445],[-75.5733201,5.7324486],[-75.5732761,5.7324459],[-75.573145,5.7324109],[-75.5731066,5.7324059],[-75.5730702,5.7324064],[-75.5730216,5.7324146],[-75.5729779,5.7324267],[-75.5728234,5.7324876],[-75.5727659,5.7324946],[-75.5727344,5.7324943],[-75.5727039,5.7324994],[-75.5726914,5.7324989],[-75.5726665,5.7324769],[-75.5726457,5.7324741],[-75.572617,5.7324592],[-75.5725799,5.7324283],[-75.5725423,5.7324027],[-75.5725353,5.7323917],[-75.5725255,5.7323565],[-75.5725217,5.7323194],[-75.5725212,5.7322788],[-75.5725255,5.7322562],[-75.5725451,5.7322021],[-75.5725935,5.7320975],[-75.5726446,5.731976],[-75.572675,5.7318792],[-75.572683,5.7318343],[-75.5726847,5.731788],[-75.5726787,5.7317321],[-75.572667,5.7316777],[-75.57262,5.731526],[-75.5726008,5.7314818],[-75.5725871,5.7314581],[-75.5725532,5.7314155],[-75.5725133,5.7313786],[-75.5724757,5.7313486],[-75.5724206,5.7313176],[-75.5724124,5.7313082],[-75.5724223,5.7312178],[-75.5724213,5.7311805],[-75.5724259,5.7311537],[-75.572415,5.7310911],[-75.5723997,5.731031],[-75.5723605,5.7309102],[-75.5722569,5.7306518],[-75.5722159,5.7305397],[-75.5721748,5.7304674],[-75.5721398,5.7304302],[-75.5721135,5.7304117],[-75.5720954,5.7304033],[-75.5720616,5.7303959],[-75.5720251,5.730396],[-75.5719395,5.7304191],[-75.5717951,5.7304748],[-75.5717746,5.7304794],[-75.5717516,5.7304801],[-75.5716966,5.7304697],[-75.571663,5.7304701],[-75.5716459,5.7304666],[-75.5715666,5.7304185],[-75.5715209,5.730401],[-75.5714588,5.7303891],[-75.5712854,5.7303761],[-75.5712488,5.730368],[-75.5712162,5.7303552],[-75.5711912,5.7303396],[-75.5711431,5.7302934],[-75.5710786,5.7301953],[-75.571058,5.7301568],[-75.5710339,5.7301222],[-75.5710225,5.7301111],[-75.570966,5.730073],[-75.5709271,5.7300529],[-75.5708658,5.7300293],[-75.5708185,5.7300174],[-75.5707638,5.7300098],[-75.5707279,5.7300126],[-75.5707136,5.7300215],[-75.5706777,5.7300573],[-75.5706427,5.7300817],[-75.5706199,5.7300915],[-75.570575,5.7301003],[-75.5705484,5.7300992],[-75.570449,5.7300817],[-75.5704159,5.7300847],[-75.5703144,5.7300779],[-75.5702396,5.7300587],[-75.5701719,5.7300313],[-75.5701164,5.729996],[-75.5700508,5.7299396],[-75.5699302,5.7298206],[-75.5698756,5.7297756],[-75.569821,5.7297397],[-75.569774,5.729716],[-75.5697013,5.7296896],[-75.5696385,5.7296801],[-75.5695518,5.7296755],[-75.5695184,5.7296682],[-75.56949,5.7296571],[-75.5694642,5.7296419],[-75.5694371,5.7296198],[-75.5693729,5.7295526],[-75.5693381,5.7295235],[-75.5692797,5.7294878],[-75.5692441,5.7294696],[-75.5691959,5.7294367],[-75.5691739,5.7294353],[-75.5691462,5.7294419],[-75.5691065,5.7294613],[-75.5690714,5.7294896],[-75.5690471,5.7295145],[-75.5690281,5.7295418],[-75.5690135,5.7295695],[-75.5690039,5.7296141],[-75.5690018,5.7296166],[-75.5689961,5.729615],[-75.5689674,5.7295672],[-75.5689506,5.7295154],[-75.5689451,5.729464],[-75.5689335,5.7294111],[-75.5689348,5.7293607],[-75.5689087,5.7291701],[-75.5688927,5.729116],[-75.5688761,5.7290734],[-75.5688557,5.7290358],[-75.5688378,5.7290128],[-75.568812,5.7289894],[-75.56879,5.7289747],[-75.568747,5.7289502],[-75.5687165,5.7289392],[-75.568692,5.7289343],[-75.5686451,5.7289379],[-75.5685923,5.7289358],[-75.5684766,5.7289226],[-75.5684108,5.7289037],[-75.5683776,5.7288872],[-75.5683362,5.728861],[-75.5682946,5.7288267],[-75.5682335,5.7287602],[-75.5680501,5.7285241],[-75.5680067,5.7284495],[-75.5679782,5.7284152],[-75.567954,5.7283946],[-75.5679269,5.7283767],[-75.5678493,5.7283419],[-75.567823,5.7283267],[-75.5677738,5.7282903],[-75.5676875,5.7282186],[-75.5676093,5.7281672]]},"properties":{"OBJECTID":101,"CNIdentif":"053906001101","CNAltura":725,"CNTipo":1,"RuleID":1}},{"type":"Feature","id":108,"geometry":{"type":"LineString","coordinates":[[-75.6092815,5.804492],[-75.6092519,5.8044869],[-75.6092169,5.8044851],[-75.6091943,5.8044767],[-75.6091563,5.8044705],[-75.6091409,5.8044706],[-75.6091387,5.8044743],[-75.6091409,5.8044847],[-75.6091493,5.8044945],[-75.6091633,5.8045028],[-75.6091661,5.80451],[-75.6091591,5.8045198],[-75.6091363,5.8045339],[-75.6091222,5.8045532],[-75.609102,5.8045624],[-75.6090728,5.8045671],[-75.6090515,5.804565],[-75.6090341,5.8045524],[-75.6090263,5.8045589],[-75.6090053,5.8046014],[-75.6089963,5.8046546],[-75.6089996,5.8047396],[-75.6090065,5.8047849],[-75.609016,5.8048196],[-75.609044,5.8048864],[-75.609089,5.8049729],[-75.6091013,5.8049916],[-75.6091184,5.8050286],[-75.6091305,5.8050627],[-75.609143,5.8051469],[-75.6091527,5.805186],[-75.6091616,5.8052096],[-75.6091719,5.805225],[-75.609185,5.8052388],[-75.6092594,5.8052954],[-75.6093106,5.8053435],[-75.6093468,5.8053885],[-75.6093901,5.8054579],[-75.6094334,5.8055156],[-75.6095865,5.8056877],[-75.6096295,5.8057252],[-75.6096684,5.8057508],[-75.6096855,5.8057528],[-75.6097063,5.8057477],[-75.6097336,5.8057331],[-75.609753,5.8057148],[-75.6098358,5.8055937],[-75.609948,5.8054619],[-75.609992,5.8054017],[-75.6100075,5.8053752],[-75.6100222,5.8053316],[-75.6100283,5.8052614],[-75.6100576,5.8050781],[-75.6100705,5.8050401],[-75.610104,5.8049723],[-75.6101316,5.8049365],[-75.6101624,5.8049105],[-75.6102079,5.8048848],[-75.6103018,5.8048419],[-75.6103292,5.8048261],[-75.610349,5.8048097],[-75.6103696,5.8047869],[-75.6103794,5.8047642],[-75.6103791,5.804735],[-75.6103703,5.8047025],[-75.6103513,5.8046682],[-75.6103316,5.8046438],[-75.6101678,5.8044864],[-75.6100905,5.8044008],[-75.6100491,5.8043479],[-75.6100146,5.80431],[-75.6099879,5.8042867],[-75.6099623,5.804271],[-75.6099343,5.8042592],[-75.6099161,5.8042548],[-75.6098761,5.8042505],[-75.6098272,5.8042519],[-75.6097838,5.8042584],[-75.6097447,5.8042698],[-75.6096727,5.8043025],[-75.6096131,5.8043408],[-75.6094779,5.8044498],[-75.6094251,5.8044869],[-75.6093969,5.8044962],[-75.6093672,5.8044998],[-75.6093279,5.8044983],[-75.6092815,5.804492]]},"properties":{"OBJECTID":108,"CNIdentif":"053906001108","CNAltura":750,"CNTipo":1,"RuleID":1}},{"type":"Feature","id":109,"geometry":{"type":"LineString","coordinates":[[-75.6096381,5.8014851],[-75.6096406,5.8015196],[-75.6096463,5.8015484],[-75.6096529,5.8015679],[-75.609663,5.8015855],[-75.6096739,5.8015975],[-75.6096962,5.8016114],[-75.609718,5.8016206],[-75.6097418,5.8016241],[-75.6097695,5.8016213],[-75.6098047,5.8016111],[-75.6099253,5.8015633],[-75.6099815,5.8015295],[-75.6100063,5.8015004],[-75.6100239,5.8014905],[-75.610031,5.8014805],[-75.6100272,5.8014733],[-75.6100117,5.8014651],[-75.6100021,5.8014432],[-75.6099914,5.801431],[-75.6099615,5.8014114],[-75.6099308,5.8013964],[-75.6098964,5.801385],[-75.6098514,5.801376],[-75.6097888,5.8013671],[-75.6097571,5.8013655],[-75.6096988,5.8013741],[-75.6096813,5.8013851],[-75.6096613,5.8014095],[-75.6096491,5.8014307],[-75.6096416,5.8014537],[-75.6096381,5.8014851]]},"properties":{"OBJECTID":109,"CNIdentif":"053906001109","CNAltura":750,"CNTipo":1,"RuleID":1}},{"type":"Feature","id":135,"geometry":{"type":"LineString","coordinates":[[-75.5931355,5.8024956],[-75.593145,5.8024947],[-75.5931905,5.8024673],[-75.5932355,5.8024556],[-75.5932944,5.802467],[-75.5934158,5.8025032],[-75.5935125,5.8025371],[-75.5935517,5.8025471],[-75.5935775,5.8025507],[-75.5936223,5.8025511],[-75.5936778,5.8025388],[-75.5937284,5.8025094],[-75.5937579,5.802484],[-75.5937847,5.802449],[-75.5938148,5.802389],[-75.5938426,5.8023527],[-75.5939023,5.802286],[-75.5939642,5.8022374],[-75.5940185,5.8022051],[-75.5940554,5.8021905],[-75.5940966,5.8021821],[-75.5941413,5.8021554],[-75.5942218,5.8021249],[-75.5942317,5.8021173],[-75.5942505,5.8020629],[-75.5942639,5.8020521],[-75.5942772,5.8020503],[-75.5943076,5.8020622],[-75.5943486,5.8020696],[-75.5943548,5.8020781],[-75.594354,5.8020923],[-75.5943384,5.8021477],[-75.5943273,5.8021766],[-75.5943273,5.8021946],[-75.5943387,5.8022249],[-75.5943613,5.8022616],[-75.594409,5.8023129],[-75.5944175,5.802326],[-75.5944371,5.8023702],[-75.5944787,5.8024209],[-75.5944847,5.8024318],[-75.5944895,5.8024725],[-75.5944875,5.8025212],[-75.5944808,5.8025542],[-75.5944689,5.8025774],[-75.5944351,5.8026159],[-75.5944068,5.8026591],[-75.5943857,5.8026848],[-75.5943466,5.8027119],[-75.5943067,5.8027521],[-75.5942744,5.802772],[-75.5941933,5.8028143],[-75.5941518,5.8028279],[-75.5941038,5.8028338],[-75.5939946,5.8028365],[-75.5939134,5.8028501],[-75.5938991,5.8028587],[-75.5938867,5.802873],[-75.5938787,5.8028869],[-75.5938675,5.8029178],[-75.5938596,5.8029271],[-75.5938416,5.8029417],[-75.5938237,5.8029499],[-75.5937849,5.8029525],[-75.5937765,5.802959],[-75.5937752,5.8029678],[-75.5937826,5.8029867],[-75.5937968,5.8030002],[-75.5938215,5.8030154],[-75.5938778,5.8030407],[-75.5939132,5.8030644],[-75.5940151,5.8031556],[-75.5940627,5.8032032],[-75.5941069,5.803254],[-75.5941302,5.803295],[-75.5941613,5.8033621],[-75.5942247,5.8035342],[-75.5942733,5.8036354],[-75.5942891,5.8036779],[-75.5943079,5.8037136],[-75.5943339,5.8037467],[-75.5943466,5.8037523],[-75.594382,5.8037577],[-75.5944181,5.8037486],[-75.5944407,5.8037355],[-75.594476,5.8037087],[-75.5945191,5.8036624],[-75.5945478,5.8036107],[-75.5945749,5.8035381],[-75.5945971,5.8034079],[-75.5946102,5.8033756],[-75.5946588,5.8033068],[-75.5947305,5.8032233],[-75.5947668,5.8031892],[-75.5948189,5.8031533],[-75.5948441,5.8031434],[-75.5948846,5.803135],[-75.5950169,5.803119],[-75.5952629,5.8031062],[-75.595376,5.8031039],[-75.5954516,5.8030957],[-75.5954824,5.8030961],[-75.595508,5.8031006],[-75.5955622,5.8031186],[-75.5956028,5.803141],[-75.5957434,5.803253],[-75.5958152,5.8032938],[-75.5958842,5.8033236],[-75.595954,5.8033484],[-75.59612,5.8033998],[-75.5961903,5.8034244],[-75.5963051,5.8034717],[-75.5963532,5.8034953],[-75.5963899,5.8035171],[-75.5964808,5.8035887],[-75.5965811,5.8036871],[-75.5966131,5.8037232],[-75.5966455,5.8037671],[-75.5966766,5.8038134],[-75.5967178,5.8038848],[-75.5967408,5.8039165],[-75.5967707,5.8039455],[-75.5968092,5.8039658],[-75.5968445,5.8039783],[-75.5968813,5.8039844],[-75.5969132,5.803985],[-75.5969513,5.8039812],[-75.5970114,5.8039667],[-75.5970606,5.8039513],[-75.5972134,5.8038934],[-75.5972269,5.8038932],[-75.5972316,5.8039011],[-75.5972359,5.8039562],[-75.5972469,5.804005],[-75.5972679,5.8040512],[-75.5972936,5.8040935],[-75.5973159,5.8041199],[-75.5973984,5.8041962],[-75.5974789,5.8042821],[-75.5975679,5.8043925],[-75.5976827,5.8045448],[-75.5978604,5.8047463],[-75.5979222,5.8048292],[-75.5979739,5.804932],[-75.5980184,5.8050007],[-75.5980409,5.8050451],[-75.5980789,5.8051468],[-75.5981338,5.8052686],[-75.5981857,5.8053531],[-75.5982249,5.8054041],[-75.5982843,5.8054623],[-75.5983202,5.8054895],[-75.5983545,5.8055085],[-75.5983808,5.8055191],[-75.5984208,5.8055296],[-75.5985422,5.8055478],[-75.5985721,5.8055585],[-75.5986191,5.8055828],[-75.5986715,5.8056346],[-75.5987273,5.8057325],[-75.598774,5.8057899],[-75.5987867,5.8058122],[-75.5988521,5.8058597],[-75.5988844,5.8058767],[-75.5989369,5.8058924],[-75.5989734,5.8058971],[-75.5990229,5.8058969],[-75.5990947,5.8058818],[-75.5991447,5.8058632],[-75.5992261,5.8058411],[-75.5992798,5.805833],[-75.5993371,5.8058346],[-75.5994251,5.8058482],[-75.5995773,5.8058806],[-75.5996271,5.8058982],[-75.5996696,5.8058999],[-75.5997146,5.8059093],[-75.5997803,5.8059131],[-75.599827,5.8059192],[-75.5998841,5.8059336],[-75.5999715,5.8059458],[-75.6000207,5.8059597],[-75.6001112,5.8060045],[-75.6001525,5.8060311],[-75.6002036,5.8060695],[-75.6002208,5.8060845],[-75.6002379,5.8061086],[-75.6002653,5.8061303],[-75.6003003,5.806149],[-75.6003278,5.8061554],[-75.6003456,5.8061557],[-75.600375,5.8061502],[-75.6003863,5.8061457],[-75.6003953,5.8061379],[-75.6004021,5.806116],[-75.6004642,5.8059895],[-75.6004979,5.8059507],[-75.6005489,5.8059253],[-75.6005664,5.8059113],[-75.6005896,5.8058804],[-75.6006072,5.8058392],[-75.6006142,5.8058019],[-75.6006175,5.8057641],[-75.6006131,5.805698],[-75.6005972,5.8056224],[-75.6005734,5.8055503],[-75.6005724,5.8055057],[-75.6005536,5.8054568],[-75.6005305,5.805418],[-75.60053,5.8054148],[-75.6005366,5.8054113],[-75.6006038,5.8054227],[-75.6006383,5.8054163],[-75.6006602,5.8054173],[-75.6007435,5.8054041],[-75.6007889,5.8054022],[-75.6008309,5.8054081],[-75.6008823,5.8054706],[-75.600923,5.8055151],[-75.6009473,5.8055315],[-75.6010649,5.8055943],[-75.6011255,5.8056333],[-75.6011752,5.8056739],[-75.6012372,5.8057347],[-75.6013482,5.8058575],[-75.601394,5.805902],[-75.601464,5.8059505],[-75.6015106,5.8059754],[-75.6015481,5.8059907],[-75.601602,5.8059998],[-75.6016822,5.8059926],[-75.6017367,5.8060006],[-75.6017592,5.8060009],[-75.6018034,5.8059931],[-75.601832,5.8059795],[-75.6018569,5.8059591],[-75.6018837,5.8059235],[-75.6019001,5.8058792],[-75.6019062,5.8058408],[-75.60189,5.8057498],[-75.601836,5.8055906],[-75.6018103,5.8054993],[-75.6018006,5.8054273],[-75.6018082,5.805405],[-75.6018259,5.8053716],[-75.6018641,5.805327],[-75.6019044,5.8052917],[-75.6019404,5.8052677],[-75.6019856,5.8052314],[-75.6020309,5.805208],[-75.6020753,5.8051764],[-75.6021064,5.8051602],[-75.602157,5.8051227],[-75.6021657,5.8051135],[-75.6021919,5.8050731],[-75.6022244,5.8050456],[-75.602246,5.8050129],[-75.6022855,5.8049802],[-75.6023183,5.8049618],[-75.6024128,5.8049225],[-75.6024715,5.8048947],[-75.6025352,5.8048598],[-75.6025942,5.8048181],[-75.6026313,5.8047827],[-75.6026646,5.8047444],[-75.602734,5.8046444],[-75.6027706,5.8045969],[-75.6027921,5.8045745],[-75.6028134,5.8045639],[-75.6028587,5.8045572],[-75.6029095,5.8045645],[-75.6030612,5.8046126],[-75.6031528,5.8046461],[-75.6032013,5.8046576],[-75.6032831,5.8046606],[-75.6034102,5.8046352],[-75.6034635,5.804637],[-75.6034901,5.8046467],[-75.6035277,5.8046677],[-75.6036218,5.8047448],[-75.6036532,5.8047636],[-75.6036806,5.8047725],[-75.6037347,5.8047629],[-75.6038154,5.804729],[-75.6039155,5.804695],[-75.6039547,5.8046843],[-75.6039937,5.804679],[-75.604109,5.8046749],[-75.6042068,5.8046542],[-75.6042446,5.8046511],[-75.6042777,5.8046573],[-75.6043001,5.8046644],[-75.6043217,5.8046778],[-75.6043581,5.8046912],[-75.6043929,5.8047151],[-75.6044354,5.8047395],[-75.604458,5.8047576],[-75.6044755,5.8047764],[-75.6045126,5.8048252],[-75.6045266,5.8048533],[-75.6045368,5.8048883],[-75.6045859,5.80496],[-75.6045991,5.8049838],[-75.604611,5.8049944],[-75.6046511,5.8050164],[-75.6047068,5.8050377],[-75.6047521,5.8050371],[-75.6047767,5.8050427],[-75.6048281,5.8050383],[-75.6048868,5.805042],[-75.604969,5.805036],[-75.6050178,5.8050177],[-75.6051075,5.8049663],[-75.6051617,5.8049551],[-75.6051796,5.8049559],[-75.6052268,5.8049669],[-75.6052544,5.8049842],[-75.6052975,5.8050175],[-75.6053218,5.805048],[-75.6053627,5.8050874],[-75.6054667,5.8051742],[-75.6055322,5.8052001],[-75.6055671,5.8052009],[-75.6055932,5.8052101],[-75.6056027,5.8052109],[-75.6056687,5.8051825],[-75.6056994,5.8051522],[-75.6058184,5.8050746],[-75.605855,5.8050407],[-75.6058834,5.804992],[-75.6058907,5.8049642],[-75.6058883,5.8048927],[-75.6058475,5.8047422],[-75.6058344,5.8046798],[-75.6058361,5.8046026],[-75.605849,5.8045756],[-75.6058913,5.8045304],[-75.6060354,5.8044444],[-75.6060576,5.8044356],[-75.6060857,5.8044306],[-75.6061119,5.8044125],[-75.6061537,5.8043664],[-75.606166,5.8043492],[-75.6061872,5.8043078],[-75.6061968,5.8042806],[-75.6062037,5.8041941],[-75.6062029,5.8041805],[-75.6061997,5.8041737],[-75.6061569,5.8041436],[-75.6060829,5.8041108],[-75.6060389,5.8040996],[-75.6059783,5.8040953],[-75.6057987,5.8041028],[-75.60567,5.8040902],[-75.6055962,5.8040751],[-75.6053699,5.8040043],[-75.6051882,5.8039526],[-75.6051457,5.803931],[-75.6050129,5.8038428],[-75.6049946,5.8038248],[-75.6049898,5.8038163],[-75.6049886,5.803749],[-75.6049804,5.8037125],[-75.604971,5.8036948],[-75.6049447,5.8036624],[-75.6049171,5.8036354],[-75.6048425,5.8035876],[-75.6048214,5.8035689],[-75.6047932,5.8035337],[-75.6047463,5.8034904],[-75.6047273,5.8034599],[-75.6046946,5.8034201],[-75.6046312,5.8032611],[-75.6046223,5.8032238],[-75.6046141,5.8031416],[-75.6046064,5.8031041],[-75.604597,5.8030729],[-75.6045717,5.8030133],[-75.6045412,5.8029616],[-75.604504,5.8029123],[-75.6044547,5.802864],[-75.6044185,5.8028372],[-75.6043897,5.8028201],[-75.6043652,5.8028095],[-75.6043298,5.8028],[-75.6043031,5.8027989],[-75.604268,5.8028033],[-75.604178,5.8028241],[-75.6041477,5.8028211],[-75.6041238,5.8028243],[-75.6040065,5.8028678],[-75.6039643,5.8028647],[-75.6039485,5.8028606],[-75.6039446,5.8028552],[-75.6039507,5.8028444],[-75.6040158,5.802783],[-75.6040813,5.8027128],[-75.6041097,5.8026891],[-75.6041461,5.8026683],[-75.6041862,5.8026364],[-75.6042267,5.8026154],[-75.6043033,5.8025963],[-75.6043258,5.8025855],[-75.6043481,5.8025638],[-75.6043635,5.8025312],[-75.6043776,5.8025119],[-75.6043918,5.8024985],[-75.6044109,5.8024874],[-75.6044378,5.8024803],[-75.6044655,5.8024784],[-75.6045104,5.8024787],[-75.6045519,5.8024862],[-75.604568,5.8024813],[-75.6046001,5.8024655],[-75.6046274,5.8024446],[-75.6046545,5.8024177],[-75.6047062,5.8023493],[-75.6047404,5.8023133],[-75.6047547,5.8022912],[-75.6047834,5.8022633],[-75.6047967,5.8022563],[-75.6048689,5.8022369],[-75.6049236,5.8022113],[-75.6049867,5.8021881],[-75.6050262,5.8021566],[-75.6050798,5.8020895],[-75.6050804,5.8020807],[-75.605073,5.8020482],[-75.605058,5.8020127],[-75.6050508,5.8020018],[-75.6049552,5.8019128],[-75.6049314,5.8018955],[-75.6048965,5.8018795],[-75.6048848,5.8018771],[-75.6048766,5.8018801],[-75.6048501,5.8018934],[-75.6047732,5.8019408],[-75.6046914,5.8019571],[-75.6046421,5.8019481],[-75.6046156,5.8019378],[-75.6045947,5.8019231],[-75.6045456,5.8018762],[-75.6045151,5.8018133],[-75.6045095,5.8017672],[-75.6044883,5.8016983],[-75.6044461,5.8015997],[-75.6044419,5.8015792],[-75.6044499,5.8015348],[-75.6044462,5.8014956],[-75.6044284,5.8014458],[-75.6044112,5.8014178],[-75.6044109,5.8014092],[-75.6044147,5.801405],[-75.604424,5.8014034],[-75.6045037,5.8014258],[-75.6045494,5.8014241],[-75.6045883,5.8014262],[-75.6046401,5.8014115],[-75.6046592,5.8013962],[-75.6046673,5.8013802],[-75.6046598,5.8013613],[-75.6046306,5.8013185],[-75.6046028,5.8012921],[-75.604578,5.8012626],[-75.6045228,5.8012185],[-75.6044951,5.801183],[-75.6044626,5.8011656],[-75.6044317,5.8011381],[-75.6044038,5.8011028],[-75.6044021,5.8010968],[-75.604405,5.8010892],[-75.604422,5.8010768],[-75.6044568,5.8010646],[-75.6045308,5.8010598],[-75.6046033,5.80105],[-75.6046438,5.8010316],[-75.6046833,5.801025],[-75.6047373,5.8010096],[-75.6049176,5.8009453],[-75.6049766,5.8009279],[-75.6050177,5.8009113],[-75.6050571,5.8009054],[-75.6051068,5.8008681],[-75.6051743,5.8008354],[-75.6052235,5.8008059],[-75.6052486,5.8008007],[-75.6052959,5.8007963],[-75.6054439,5.800788],[-75.605459,5.8007832],[-75.6055,5.8007627],[-75.6055145,5.8007452],[-75.6055135,5.8007346],[-75.6055066,5.8007232],[-75.6054596,5.8006622],[-75.6053208,5.8005534],[-75.6052392,5.8004815],[-75.6051984,5.8004545],[-75.605129,5.8004234],[-75.6050958,5.8004032],[-75.6050493,5.8003646],[-75.6049745,5.8002895],[-75.6049389,5.8002616],[-75.6048644,5.80022],[-75.604804,5.8001955],[-75.6047864,5.8001855],[-75.6047761,5.8001731],[-75.6047698,5.8001562],[-75.6047654,5.8000971],[-75.6047605,5.8000709],[-75.6047916,5.7999663],[-75.6048095,5.7999254],[-75.6048261,5.7998987],[-75.6048285,5.7998747],[-75.6048257,5.7998444],[-75.6048369,5.7998024],[-75.6048381,5.7997615],[-75.6048491,5.79974],[-75.6048636,5.7997292],[-75.6048894,5.7997219],[-75.6049087,5.7997198],[-75.6049525,5.7997219],[-75.6049671,5.7997194],[-75.604993,5.7997064],[-75.6050702,5.7996832],[-75.605083,5.7996747],[-75.6050946,5.799658],[-75.6051126,5.7995994],[-75.6051347,5.7994978],[-75.6051564,5.7993824],[-75.6051632,5.7993315],[-75.6051648,5.7992738],[-75.605171,5.7992296],[-75.605173,5.7991705],[-75.6051708,5.7991027],[-75.6051598,5.7989825],[-75.6051613,5.798947],[-75.6052045,5.7988417],[-75.6052254,5.7987222],[-75.6052456,5.7986576],[-75.6052939,5.7985525],[-75.6053448,5.7984216],[-75.6053803,5.7983449],[-75.6054257,5.7982778],[-75.6054879,5.7982046],[-75.6055158,5.798179],[-75.6055464,5.7981609],[-75.6055949,5.7981461],[-75.6056392,5.7981382],[-75.6057107,5.7981392],[-75.6058066,5.7981295],[-75.6058893,5.7981048],[-75.6060063,5.798058],[-75.6060321,5.798055],[-75.6060701,5.7980596],[-75.6060985,5.7980557],[-75.6061184,5.7980622],[-75.6061372,5.7980746],[-75.6061521,5.7980909],[-75.60616,5.7981094],[-75.6061503,5.7981285],[-75.6061449,5.7981564],[-75.6061118,5.7982148],[-75.6060986,5.7982623],[-75.6060975,5.7982846],[-75.6061017,5.7983191],[-75.6061168,5.7983753],[-75.6061342,5.7984135],[-75.6061551,5.7984373],[-75.6062405,5.7985159],[-75.6062993,5.7985633],[-75.6063175,5.7985719],[-75.6063613,5.7985822],[-75.6063922,5.7985797],[-75.606411,5.7985724],[-75.6064329,5.7985524],[-75.6064471,5.7985293],[-75.6064726,5.7984527],[-75.606477,5.7984484],[-75.6064996,5.7984485],[-75.6065221,5.7984434],[-75.6065372,5.7984367],[-75.6065495,5.7984253],[-75.6065676,5.7983994],[-75.6065616,5.7983902],[-75.6065468,5.7983786],[-75.6065417,5.7983683],[-75.6065392,5.798292],[-75.6065359,5.7982673],[-75.6065407,5.7982594],[-75.6065524,5.7982511],[-75.6065697,5.7982443],[-75.6065832,5.798243],[-75.6065951,5.7982464],[-75.6066409,5.7982822],[-75.6066577,5.7983012],[-75.6066755,5.7983341],[-75.606713,5.7984314],[-75.6067235,5.7984846],[-75.6067294,5.7985589],[-75.606739,5.798594],[-75.6067576,5.7986195],[-75.6067824,5.7986398],[-75.6068238,5.7986595],[-75.6068753,5.7986588],[-75.6069115,5.7986497],[-75.6069695,5.7986279],[-75.6070073,5.7986058],[-75.6070282,5.7985861],[-75.6070574,5.7985461],[-75.6070726,5.7985183],[-75.6070821,5.7984914],[-75.6070863,5.7984638],[-75.6070887,5.7983807],[-75.6070939,5.7983512],[-75.6071032,5.7983237],[-75.6071359,5.7982602],[-75.6071521,5.7982061],[-75.6071546,5.7981707],[-75.6071532,5.7981357],[-75.6071435,5.7981101],[-75.6071324,5.7980954],[-75.6071156,5.7980801],[-75.6071017,5.7980761],[-75.6070977,5.798071],[-75.607074,5.7980686],[-75.6070597,5.7980613],[-75.6069382,5.798061],[-75.6069167,5.798062],[-75.60689,5.7980686],[-75.6068582,5.7980717],[-75.6067279,5.7981052],[-75.606642,5.798118],[-75.6066098,5.7981255],[-75.606572,5.7981291],[-75.6065471,5.7981245],[-75.6065352,5.7981174],[-75.6065345,5.7981051],[-75.6065432,5.7980909],[-75.6066395,5.7979806],[-75.6067092,5.7979048],[-75.6067418,5.7978744],[-75.6067633,5.7978608],[-75.6068623,5.7978139],[-75.6069034,5.7977991],[-75.6069167,5.7977892],[-75.6069313,5.7977875],[-75.6069318,5.7978053],[-75.6069364,5.797808],[-75.6069499,5.7978116],[-75.6069735,5.7978241],[-75.6069951,5.7978295],[-75.6070368,5.797851],[-75.6070639,5.7978599],[-75.6070793,5.7978625],[-75.6071154,5.7978615],[-75.6071424,5.7978505],[-75.6071577,5.797835],[-75.6071666,5.7978169],[-75.6071691,5.7977627],[-75.6071571,5.7977202],[-75.6071389,5.7976842],[-75.6071262,5.7976697],[-75.6071171,5.7976517],[-75.6071142,5.7976183],[-75.6071178,5.7976011],[-75.607142,5.7975766],[-75.6071646,5.7975692],[-75.6071716,5.7975375],[-75.6071779,5.7975312],[-75.607186,5.7975284],[-75.6072041,5.7975274],[-75.6072194,5.7975301],[-75.6072466,5.797539],[-75.6072701,5.7975516],[-75.6072918,5.7975569],[-75.6073225,5.7975712],[-75.6073397,5.7975711],[-75.6073478,5.7975684],[-75.6073595,5.7975539],[-75.607363,5.7975385],[-75.6073512,5.797515],[-75.6073392,5.7974726],[-75.607339,5.7974274],[-75.607347,5.7973912],[-75.6073468,5.7973559],[-75.6073358,5.7973216],[-75.6073177,5.7973036],[-75.6073105,5.7973018],[-75.6072753,5.797302],[-75.6072482,5.7973094],[-75.6072121,5.7973113],[-75.607158,5.7973224],[-75.607122,5.7973398],[-75.6070977,5.7973571],[-75.6070807,5.7973834],[-75.607078,5.7973924],[-75.6070775,5.7974919],[-75.6070723,5.7975181],[-75.6070778,5.7975551],[-75.6070743,5.7975723],[-75.6070681,5.7975786],[-75.6070543,5.7975812],[-75.6070473,5.7975777],[-75.6070277,5.7975516],[-75.6069909,5.7975254],[-75.6069443,5.7974996],[-75.6069119,5.7974734],[-75.6068969,5.7974568],[-75.6069027,5.7973884],[-75.6069097,5.7973804],[-75.6069369,5.7973645],[-75.6069385,5.7973566],[-75.6069079,5.7973223],[-75.6068929,5.797315],[-75.6068876,5.7973021],[-75.6068742,5.7972891],[-75.6068741,5.7972809],[-75.6069182,5.7972212],[-75.606972,5.7971395],[-75.6069909,5.7971034],[-75.6070585,5.7969546],[-75.6070781,5.7969213],[-75.6070944,5.7969018],[-75.6071342,5.7968697],[-75.6071499,5.7968654],[-75.6071716,5.7968671],[-75.6072552,5.7968902],[-75.6072972,5.7968865],[-75.6073309,5.7968739],[-75.6073401,5.7968663],[-75.6073529,5.7968424],[-75.6073624,5.796837],[-75.6073765,5.7968358],[-75.6073905,5.7968395],[-75.6074003,5.7968519],[-75.6074036,5.7968581],[-75.6074037,5.796875],[-75.6074219,5.7968806],[-75.6074635,5.796876],[-75.6075534,5.7968515],[-75.6075844,5.7968529],[-75.607613,5.7968591],[-75.6076491,5.7968777],[-75.607675,5.7968972],[-75.6076843,5.796906],[-75.6076895,5.7969188],[-75.6076947,5.7969226],[-75.6077006,5.796942],[-75.6077048,5.796942],[-75.6077151,5.7969256],[-75.60772,5.7969106],[-75.6077222,5.7968594],[-75.6077303,5.7968284],[-75.6077243,5.7967402],[-75.6077245,5.7967221],[-75.6077283,5.7967128],[-75.6077464,5.7967026],[-75.6078055,5.7966878],[-75.607831,5.7966736],[-75.6078426,5.7966769],[-75.6078606,5.7966943],[-75.6078997,5.796656],[-75.6079315,5.7966387],[-75.6080497,5.7966209],[-75.6080805,5.7966098],[-75.6081039,5.7965912],[-75.6081189,5.7965643],[-75.6081356,5.7965287],[-75.6081382,5.7965106],[-75.6081372,5.7964753],[-75.6081262,5.7964501],[-75.6081001,5.796418],[-75.608063,5.796393],[-75.6080426,5.796385],[-75.6080234,5.7963821],[-75.6080116,5.7963756],[-75.6079961,5.7963735],[-75.6079817,5.7963662],[-75.6079338,5.796354],[-75.607851,5.7963201],[-75.6078201,5.7962929],[-75.6078103,5.7962755],[-75.6078042,5.7962474],[-75.6078058,5.7962193],[-75.6078136,5.7961788],[-75.6078224,5.796147],[-75.6078356,5.7961141],[-75.6078607,5.7960687],[-75.607896,5.7960138],[-75.6079217,5.7959769],[-75.6079817,5.7959008],[-75.6080039,5.7958648],[-75.6080458,5.7957664],[-75.6080769,5.7956695],[-75.6080797,5.795645],[-75.6080766,5.7955925],[-75.6080533,5.7955002],[-75.6080468,5.7954263],[-75.6080331,5.7954047],[-75.6080049,5.7953792],[-75.60798,5.7953627],[-75.6079749,5.7953541],[-75.6080229,5.7952265],[-75.6080244,5.7952115],[-75.6080216,5.7951945],[-75.6080105,5.7951594],[-75.6079977,5.7951353],[-75.607971,5.795066],[-75.607965,5.795042],[-75.6079542,5.7950206],[-75.6079294,5.7949916],[-75.6078973,5.7949465],[-75.6078595,5.7948806],[-75.6078331,5.7948524],[-75.6077995,5.7948226],[-75.6077765,5.7947928],[-75.6077568,5.7947485],[-75.6077157,5.7947074],[-75.6076786,5.7946591],[-75.6076517,5.794636],[-75.6076226,5.7946213],[-75.6075488,5.7946077],[-75.6074698,5.7945793],[-75.6074193,5.7945493],[-75.6072885,5.7944448],[-75.6072534,5.7944123],[-75.6072437,5.7943994],[-75.60722,5.7943551],[-75.6072155,5.7943512],[-75.6072067,5.7943513],[-75.6071843,5.794362],[-75.6071444,5.7943897],[-75.6070723,5.7944],[-75.6070048,5.7944322],[-75.606947,5.794469],[-75.6069074,5.794501],[-75.6068776,5.7945347],[-75.606826,5.7945666],[-75.606774,5.7946117],[-75.6067438,5.7946455],[-75.60668,5.7947328],[-75.6066236,5.7947874],[-75.6066048,5.7947998],[-75.6065638,5.7948177],[-75.6065397,5.7948191],[-75.6065129,5.7948102],[-75.6064707,5.7948028],[-75.6064072,5.7947665],[-75.6063636,5.7947633],[-75.606331,5.7947667],[-75.6062983,5.794776],[-75.6062618,5.7947925],[-75.6062259,5.7948154],[-75.6061835,5.7948547],[-75.6061602,5.7948841],[-75.6061465,5.7949067],[-75.6061107,5.7949924],[-75.6060836,5.7950736],[-75.6060555,5.7951326],[-75.6060162,5.795201],[-75.6059735,5.7952488],[-75.6059485,5.7952704],[-75.6059323,5.7952736],[-75.6058772,5.7952651],[-75.6058533,5.7952694],[-75.6057861,5.7953083],[-75.6057497,5.7953418],[-75.6057119,5.7953833],[-75.6056901,5.795419],[-75.6056804,5.795447],[-75.6056621,5.7955371],[-75.6056519,5.7955637],[-75.6056335,5.7955866],[-75.6056247,5.7955929],[-75.6055664,5.7956132],[-75.6054534,5.7956736],[-75.6053454,5.7957235],[-75.6052642,5.7957744],[-75.605246,5.7957793],[-75.6052386,5.7957718],[-75.6052272,5.7957477],[-75.6052146,5.7957057],[-75.6052135,5.7956835],[-75.6052201,5.795653],[-75.6052206,5.7956299],[-75.6052135,5.7955839],[-75.6052013,5.7955398],[-75.6052006,5.7955222],[-75.6052042,5.7955118],[-75.6052128,5.7955022],[-75.6052278,5.7954947],[-75.6053021,5.795491],[-75.6053349,5.7954806],[-75.6053459,5.7954734],[-75.6053831,5.7954256],[-75.6054071,5.795384],[-75.6054201,5.7953523],[-75.60543,5.7953112],[-75.6054383,5.7952571],[-75.6054481,5.7952304],[-75.6054926,5.7951675],[-75.6056176,5.7950216],[-75.605656,5.7949675],[-75.6057081,5.7948857],[-75.6057196,5.7948576],[-75.6057371,5.7947708],[-75.6057535,5.7947219],[-75.6057644,5.7946953],[-75.6057963,5.7946413],[-75.6058266,5.7946077],[-75.6059183,5.7945482],[-75.6060301,5.7944544],[-75.6060642,5.7944214],[-75.6061109,5.7943682],[-75.606169,5.7942908],[-75.6062463,5.7942143],[-75.6062889,5.7941763],[-75.6063156,5.79414],[-75.6063849,5.7940775],[-75.6063997,5.7940707],[-75.6064198,5.7940665],[-75.6064336,5.7940584],[-75.6064556,5.7940327],[-75.6064769,5.7940012],[-75.6064924,5.793964],[-75.6065017,5.7939326],[-75.6065094,5.7938948],[-75.6065149,5.7938192],[-75.6064996,5.7936416],[-75.6064992,5.7935602],[-75.6065143,5.7933893],[-75.6065059,5.7932533],[-75.6064997,5.7932252],[-75.6064939,5.7932227],[-75.6064791,5.7932306],[-75.6064219,5.7932817],[-75.6063939,5.7932995],[-75.6063364,5.7933455],[-75.6062194,5.7934018],[-75.6061284,5.7934339],[-75.6060926,5.7934428],[-75.606056,5.793444],[-75.606,5.7934563],[-75.6059491,5.7934593],[-75.6058897,5.7934521],[-75.6058682,5.7934466],[-75.6058294,5.7934302],[-75.6057902,5.7934253],[-75.6057495,5.7934348],[-75.6056319,5.793473],[-75.6055611,5.7934883],[-75.6055344,5.7934967],[-75.6055168,5.7934956],[-75.6054977,5.7934983],[-75.6054646,5.793492],[-75.6053538,5.7934885],[-75.6053174,5.7934799],[-75.6052691,5.7934785],[-75.605175,5.7934854],[-75.6051498,5.7934823],[-75.6051086,5.7934841],[-75.6050781,5.7934817],[-75.6050109,5.7934897],[-75.6049562,5.7934913],[-75.6049225,5.7934881],[-75.6049145,5.7934844],[-75.6049058,5.7934744],[-75.6048824,5.793435],[-75.6048678,5.7933989],[-75.604857,5.7933878],[-75.6048381,5.7933796],[-75.6048019,5.7933751],[-75.6047767,5.7933631],[-75.6047636,5.7933511],[-75.6047291,5.7933082],[-75.6046901,5.7932746],[-75.604671,5.7932626],[-75.6046386,5.79325],[-75.6045822,5.7932369],[-75.6045481,5.7932417],[-75.6044638,5.7932645],[-75.6044135,5.7932822],[-75.6042899,5.793281],[-75.6042532,5.7932923],[-75.6041744,5.7932598],[-75.6040519,5.7932388],[-75.6040333,5.793245],[-75.6039943,5.793251],[-75.6039749,5.7932568],[-75.6038988,5.793294],[-75.603859,5.7933208],[-75.6038358,5.7933298],[-75.6038004,5.7933515],[-75.6037861,5.7933531],[-75.6037657,5.7933473],[-75.6037545,5.793348],[-75.6036643,5.7933915],[-75.6036519,5.7933963],[-75.6036449,5.7933959],[-75.6036438,5.7933889],[-75.6036498,5.7933722],[-75.6037291,5.7932488],[-75.6037442,5.7932129],[-75.6038394,5.79305],[-75.6038894,5.7929552],[-75.6039898,5.7927148],[-75.6041416,5.7923797],[-75.6041659,5.7923161],[-75.6041763,5.7922763],[-75.6041792,5.7922475],[-75.6041797,5.7921524],[-75.6041749,5.792114],[-75.6041673,5.7921],[-75.60411,5.7920582],[-75.604082,5.7920417],[-75.6040296,5.7920294],[-75.6039841,5.7920116],[-75.6039036,5.791993],[-75.6038453,5.7919756],[-75.6038395,5.7919662],[-75.6038379,5.7919357],[-75.6038252,5.7918695],[-75.6038325,5.7918296],[-75.603862,5.7917565],[-75.6038832,5.7917159],[-75.6039126,5.7916739],[-75.6039687,5.7916121],[-75.6039994,5.7915842],[-75.6040542,5.7915445],[-75.6040687,5.7915311],[-75.6040786,5.7915152],[-75.6041011,5.7914174],[-75.6040972,5.7913334],[-75.6041123,5.7912438],[-75.6041099,5.7912228],[-75.6040942,5.7912066],[-75.6040657,5.7911898],[-75.6039952,5.7911608],[-75.6039613,5.7911549],[-75.6039128,5.7911615],[-75.6038309,5.7911967],[-75.6037958,5.7912076],[-75.6036243,5.7912156],[-75.6035141,5.7912338],[-75.6035014,5.7912338],[-75.6034966,5.79123],[-75.6034947,5.7912217],[-75.6034996,5.7911643],[-75.6034971,5.7911113],[-75.6035047,5.791085],[-75.6035048,5.791076],[-75.6034984,5.791056],[-75.6034815,5.791027],[-75.6034276,5.7909773],[-75.6033991,5.7909472],[-75.6032943,5.7908621],[-75.6032382,5.7908188],[-75.6031662,5.7907737],[-75.603102,5.7907426],[-75.6030432,5.7907249],[-75.6030016,5.7907185],[-75.6028575,5.7907184],[-75.6027613,5.7906849],[-75.6027561,5.7906869],[-75.6027568,5.790698],[-75.6027674,5.7907408],[-75.6027866,5.7907883],[-75.6027858,5.7907971],[-75.6027704,5.7907951],[-75.6027081,5.790765],[-75.6026852,5.790757],[-75.6026244,5.7907613],[-75.6025845,5.7907606],[-75.6024961,5.7907419],[-75.6024444,5.7907253],[-75.602404,5.7907045],[-75.6022767,5.7905967],[-75.6022223,5.7905425],[-75.602215,5.7905327],[-75.6022142,5.7905244],[-75.6022172,5.7905155],[-75.6022175,5.7904831],[-75.6022273,5.7904658],[-75.6022762,5.7904666],[-75.6022998,5.7904615],[-75.6023216,5.7904618],[-75.6023454,5.7904686],[-75.6024237,5.7904746],[-75.6024856,5.7904689],[-75.6025137,5.7904599],[-75.6025364,5.7904472],[-75.6025577,5.7904277],[-75.6025746,5.7904073],[-75.6026074,5.7903515],[-75.6026822,5.7902462],[-75.6027562,5.7901662],[-75.6027752,5.7901493],[-75.6028188,5.7901187],[-75.6029723,5.7900399],[-75.603048,5.7899962],[-75.6031612,5.7899201],[-75.6032367,5.7898605],[-75.6032838,5.7898164],[-75.6033286,5.7897621],[-75.6033611,5.7897067],[-75.6033772,5.7896618],[-75.6033829,5.7896287],[-75.6033844,5.7895786],[-75.6033798,5.7895262],[-75.603358,5.789448],[-75.6033288,5.7893926],[-75.6033106,5.7893391],[-75.6032819,5.7892042],[-75.6032412,5.7889303],[-75.6032291,5.7888932],[-75.6032106,5.7888618],[-75.6031873,5.7888401],[-75.6031706,5.7888305],[-75.6031051,5.7888109],[-75.6030673,5.7887938],[-75.6030022,5.7887502],[-75.6029505,5.7887063],[-75.6029431,5.7886959],[-75.6029486,5.7886855],[-75.6029799,5.7886694],[-75.603046,5.7886666],[-75.6030741,5.7886586],[-75.6031094,5.7886356],[-75.6031318,5.7886132],[-75.6031907,5.7885365],[-75.6032182,5.788487],[-75.6032275,5.7884568],[-75.6032328,5.788427],[-75.6032343,5.788399],[-75.6032315,5.7883826],[-75.6032202,5.7883523],[-75.6032034,5.7883245],[-75.6031836,5.7883037],[-75.6031632,5.7882914],[-75.6031293,5.788287],[-75.6031062,5.7882894],[-75.6030612,5.7882804],[-75.6029825,5.7882931],[-75.6029734,5.7882931],[-75.6029646,5.7882887],[-75.6029646,5.7882765],[-75.6029775,5.7882258],[-75.602978,5.7881847],[-75.6029751,5.7881592],[-75.6029682,5.7881263],[-75.6029446,5.7880507],[-75.6029369,5.7880351],[-75.6029158,5.788008],[-75.6029462,5.7879642],[-75.6029678,5.7879045],[-75.6029848,5.7878414],[-75.6029979,5.7878051],[-75.6030621,5.7876884],[-75.6031005,5.7875836],[-75.6031065,5.7875538],[-75.6031082,5.7874801],[-75.6031607,5.7872223],[-75.6031638,5.7871575],[-75.6031573,5.787072],[-75.6031476,5.7870233],[-75.6031228,5.7869331],[-75.6031045,5.7868476],[-75.6031021,5.7868232],[-75.6031102,5.7868153],[-75.6031424,5.7868147],[-75.6031842,5.7868068],[-75.6032368,5.7867893],[-75.6032422,5.7867781],[-75.6032365,5.7867577],[-75.6032368,5.7867418],[-75.6032544,5.7867114],[-75.6032605,5.7866914],[-75.603254,5.7866482],[-75.6032047,5.7865567],[-75.6031749,5.7864901],[-75.6031683,5.7864528],[-75.6031706,5.7864258],[-75.6031729,5.7864227],[-75.6031799,5.7864229],[-75.6032092,5.7864379],[-75.6032365,5.7864456],[-75.6033353,5.7864559],[-75.6033622,5.7864561],[-75.6034799,5.7864351],[-75.6035057,5.7864245],[-75.6035132,5.7864163],[-75.6035162,5.7864075],[-75.6035213,5.7863601],[-75.6035291,5.7863198],[-75.6035288,5.7863065],[-75.6035061,5.7862465],[-75.6034707,5.7861911],[-75.6034583,5.7861515],[-75.6034372,5.7861262],[-75.6034352,5.786109],[-75.6034453,5.7860725],[-75.6034433,5.7860459],[-75.6034481,5.7860078],[-75.6034351,5.7859735],[-75.6034017,5.7859132],[-75.603394,5.7858899],[-75.603394,5.7858489],[-75.6034074,5.785779],[-75.6034131,5.7857718],[-75.6034224,5.7857734],[-75.6034849,5.7858374],[-75.6035051,5.7858535],[-75.6035213,5.7858604],[-75.6035576,5.785869],[-75.6035952,5.7858738],[-75.6036853,5.7858741],[-75.6037202,5.7858678],[-75.6037615,5.7858541],[-75.603792,5.7858392],[-75.6038225,5.7858163],[-75.6038494,5.7857887],[-75.6038825,5.7857478],[-75.603923,5.7856903],[-75.6039529,5.7856399],[-75.6039696,5.7856032],[-75.6039857,5.7855539],[-75.6039924,5.7855145],[-75.6039971,5.785399],[-75.6039841,5.7853282],[-75.6039795,5.7853193],[-75.6039562,5.7852926],[-75.6039199,5.7852386],[-75.6038539,5.7851738],[-75.6037987,5.7851296],[-75.603724,5.7850472],[-75.6037197,5.7850361],[-75.6037204,5.7850268],[-75.6037318,5.784985],[-75.6037498,5.7849396],[-75.6037509,5.7849212],[-75.6037432,5.7849041],[-75.6037191,5.7848735],[-75.6036882,5.7847932],[-75.6036904,5.7847428],[-75.6036954,5.7847137],[-75.6037068,5.7846749],[-75.6037282,5.7846241],[-75.6037455,5.7845963],[-75.6037887,5.7845396],[-75.6038435,5.784478],[-75.6038775,5.7844507],[-75.6038954,5.7844158],[-75.6039035,5.7843851],[-75.6039097,5.7843241],[-75.6039062,5.7842487],[-75.6038984,5.784204],[-75.6038745,5.7841319],[-75.6038575,5.7840925],[-75.6038089,5.7839938],[-75.603784,5.7839548],[-75.6037767,5.7839196],[-75.6037695,5.7838556],[-75.6037391,5.7837762],[-75.6037119,5.7837219],[-75.6036972,5.7836567],[-75.6036095,5.7834777],[-75.603561,5.7833088],[-75.6035413,5.7831965],[-75.6035285,5.7831403],[-75.6035019,5.7830767],[-75.6034654,5.7830141],[-75.6033852,5.782932],[-75.6032634,5.7828328],[-75.6031412,5.7827196],[-75.6031059,5.7826961],[-75.6030459,5.782663],[-75.6030437,5.7826482],[-75.6030523,5.7825925],[-75.6030538,5.7825648],[-75.6030543,5.7824959],[-75.6030492,5.7824669],[-75.6030331,5.7824254],[-75.6030228,5.782408],[-75.6029747,5.7823477],[-75.602928,5.7823041],[-75.6027911,5.7821928],[-75.6026233,5.7820712],[-75.6025595,5.7820324],[-75.6024521,5.7819812],[-75.6023838,5.7819547],[-75.602307,5.7819333],[-75.6021651,5.7819388],[-75.6021144,5.7819309],[-75.6020628,5.7819351],[-75.6020546,5.7819332],[-75.6020505,5.7819277],[-75.6020722,5.7818384],[-75.6020741,5.7818055],[-75.6020855,5.781729],[-75.6020825,5.7816699],[-75.6020766,5.7816478],[-75.6020699,5.7816366],[-75.6020168,5.7816],[-75.6019679,5.7815763],[-75.6019062,5.7815597],[-75.6018485,5.7815486],[-75.6017763,5.7815304],[-75.6016199,5.7814735],[-75.6015655,5.7814469],[-75.6015315,5.7814266],[-75.601449,5.7813648],[-75.6013245,5.7812455],[-75.6012723,5.7812078],[-75.6012203,5.7811791],[-75.6011716,5.781159],[-75.6011162,5.7811443],[-75.6010561,5.7811369],[-75.6009992,5.7811376],[-75.6009631,5.7811437],[-75.6008863,5.7811651],[-75.6007738,5.7812093],[-75.6007302,5.7812222],[-75.6006957,5.7812285],[-75.6006354,5.7812302],[-75.6005392,5.7812488],[-75.6005305,5.7812449],[-75.6005157,5.7812315],[-75.600491,5.7812029],[-75.6004507,5.7811661],[-75.6004269,5.7811404],[-75.6003423,5.7810793],[-75.6003378,5.7810722],[-75.6003412,5.7810643],[-75.6003576,5.7810566],[-75.6004186,5.7810516],[-75.6004488,5.7810425],[-75.6004854,5.7810204],[-75.6005152,5.7809948],[-75.6005873,5.7808999],[-75.6006079,5.7807997],[-75.6006196,5.7807771],[-75.600627,5.7807752],[-75.6006383,5.780777],[-75.6006894,5.7808063],[-75.6007041,5.7808107],[-75.6007275,5.7808086],[-75.6007759,5.7808107],[-75.6008403,5.7807993],[-75.6009028,5.7807821],[-75.6009528,5.7807609],[-75.6009983,5.780727],[-75.6010617,5.7806731],[-75.6011332,5.7806201],[-75.6011687,5.7806014],[-75.601201,5.7805884],[-75.6012445,5.7805758],[-75.6012864,5.7805674],[-75.6013897,5.7805531],[-75.6015391,5.7805239],[-75.6018302,5.7804548],[-75.6019205,5.7804278],[-75.6020255,5.7804015],[-75.6020375,5.7803879],[-75.602059,5.7803464],[-75.6021111,5.7802193],[-75.6021854,5.779975],[-75.6022032,5.7798968],[-75.6022094,5.7798208],[-75.6022007,5.7797393],[-75.6021731,5.7796397],[-75.6021487,5.7795946],[-75.6021599,5.779586],[-75.6021935,5.7795812],[-75.6022379,5.7795663],[-75.6023058,5.7795269],[-75.602343,5.7794961],[-75.6023994,5.7794352],[-75.6024138,5.779423],[-75.6024449,5.7794038],[-75.6025083,5.7793849],[-75.6025363,5.7793647],[-75.6025659,5.7793375],[-75.6025978,5.7793194],[-75.6026195,5.7793128],[-75.6026669,5.7793066],[-75.6027524,5.7793152],[-75.6027974,5.7793128],[-75.6028422,5.779304],[-75.6028904,5.7792829],[-75.6029287,5.7792582],[-75.6029696,5.7792203],[-75.6029942,5.779185],[-75.6030267,5.7791212],[-75.6030254,5.7791082],[-75.6030201,5.7791008],[-75.6029511,5.7790385],[-75.6029339,5.7790294],[-75.6028497,5.7790086],[-75.6027781,5.7790262],[-75.6027025,5.7790332],[-75.6026845,5.779032],[-75.6025927,5.7789914],[-75.6025438,5.7789545],[-75.602517,5.7789228],[-75.6025091,5.7789075],[-75.6025073,5.7788952],[-75.6025249,5.7788529],[-75.6025304,5.7788286],[-75.6025271,5.7787806],[-75.6025286,5.7787664],[-75.6025844,5.7786262],[-75.6026135,5.7785682],[-75.6026217,5.7785356],[-75.6026229,5.7784648],[-75.602601,5.7783762],[-75.6025724,5.7782865],[-75.6025558,5.7782127],[-75.6025394,5.7781737],[-75.6025005,5.7781098],[-75.6024693,5.7780217],[-75.6024499,5.7779918],[-75.6024381,5.777981],[-75.6024208,5.7779707],[-75.6023498,5.7779482],[-75.6022944,5.7779221],[-75.6022686,5.7779061],[-75.6022401,5.7778769],[-75.6022167,5.7778461],[-75.6021902,5.7777961],[-75.6021939,5.7777692],[-75.6022122,5.7777187],[-75.6022214,5.7777049],[-75.6022333,5.7777023],[-75.6022533,5.7777083],[-75.602288,5.7777109],[-75.6023025,5.7777092],[-75.6023116,5.7777046],[-75.6023099,5.7776935],[-75.6022706,5.7776553],[-75.6022607,5.7776423],[-75.6022558,5.7776263],[-75.6022579,5.7776115],[-75.6022781,5.7775875],[-75.6023192,5.7775521],[-75.6023372,5.7775414],[-75.6023877,5.7775234],[-75.6023993,5.7775108],[-75.6024105,5.7774848],[-75.6024254,5.777428],[-75.6024511,5.7773608],[-75.6024793,5.7773014],[-75.6024994,5.7772708],[-75.6025101,5.7772262],[-75.6025351,5.77717],[-75.6025648,5.777116],[-75.6026319,5.7770474],[-75.6026675,5.7769935],[-75.6026874,5.7769535],[-75.6027126,5.7768662],[-75.6027409,5.7767994],[-75.6027517,5.7767803],[-75.6028019,5.7767127],[-75.6028166,5.7766859],[-75.6028513,5.7765913],[-75.6028664,5.7765157],[-75.602864,5.7764837],[-75.6028237,5.7764289],[-75.6027783,5.7763837],[-75.6027436,5.7763417],[-75.602708,5.7763128],[-75.6026888,5.7763115],[-75.602629,5.7763177],[-75.6025248,5.7763365],[-75.6024938,5.776336],[-75.6024558,5.776329],[-75.6024518,5.7763181],[-75.6024554,5.7763025],[-75.6024699,5.7762766],[-75.6024849,5.7762361],[-75.6024913,5.7761983],[-75.602498,5.7761768],[-75.6024986,5.7761493],[-75.6024963,5.776132],[-75.6024908,5.7761169],[-75.6024395,5.7760261],[-75.6024245,5.7760058],[-75.6024098,5.7759946],[-75.6023365,5.7759873],[-75.6023016,5.7759872],[-75.6022548,5.775981],[-75.6022308,5.7759699],[-75.6022209,5.7759588],[-75.6022198,5.7759367],[-75.6022286,5.7758694],[-75.6022295,5.7757799],[-75.6022589,5.775704],[-75.6022738,5.7756452],[-75.6022894,5.775612],[-75.6023284,5.7755445],[-75.6023551,5.7754874],[-75.6023512,5.7754582],[-75.6023269,5.7754155],[-75.6023101,5.7753614],[-75.6023228,5.7753004],[-75.6023281,5.7752567],[-75.6023375,5.7752203],[-75.6023335,5.7751322],[-75.6023433,5.7751137],[-75.6023549,5.7750997],[-75.6023983,5.7750647],[-75.602443,5.7750454],[-75.6024871,5.7750357],[-75.6025064,5.7750284],[-75.6024885,5.7750102],[-75.602429,5.7749707],[-75.6023943,5.7749421],[-75.6023081,5.7748382],[-75.60227,5.774786],[-75.602206,5.7747106],[-75.6021701,5.77466],[-75.6021132,5.7745905],[-75.6020616,5.7745334],[-75.6020225,5.7744963],[-75.6019974,5.774476],[-75.6019693,5.7744597],[-75.6019446,5.7744378],[-75.6019156,5.7744174],[-75.6018526,5.7743813],[-75.6018265,5.7743483],[-75.601773,5.7743076],[-75.6017508,5.7742992],[-75.601702,5.7742915],[-75.6016949,5.7742864],[-75.6016934,5.7742795],[-75.6016997,5.7742722],[-75.6017174,5.7742628],[-75.6018121,5.7742351],[-75.6018343,5.7742223],[-75.6018703,5.7741915],[-75.6019154,5.7741681],[-75.6019699,5.774154],[-75.6020206,5.7741465],[-75.6020875,5.7741278],[-75.6021226,5.7741135],[-75.6021469,5.7741102],[-75.602252,5.7741331],[-75.6023313,5.7741701],[-75.6023571,5.7741775],[-75.6023824,5.7741808],[-75.6024308,5.7742148],[-75.6025309,5.7742627],[-75.6025544,5.7742701],[-75.6025861,5.7742695],[-75.6026147,5.7742779],[-75.602647,5.7742916],[-75.6027285,5.7743362],[-75.6028134,5.7743947],[-75.6028458,5.7744004],[-75.602874,5.7743974],[-75.6028916,5.7743922],[-75.6029181,5.7743779],[-75.6029272,5.7743665],[-75.6029459,5.7743218],[-75.6029959,5.7742673],[-75.6030451,5.7742268],[-75.6031487,5.774131],[-75.6031835,5.774103],[-75.6032271,5.7740736],[-75.6032595,5.7740431],[-75.6032867,5.7740254],[-75.6033445,5.7739662],[-75.6034033,5.773913],[-75.6034025,5.7738883],[-75.6034295,5.773853],[-75.6034351,5.77384],[-75.6034392,5.773807],[-75.6034541,5.7737488],[-75.6034538,5.7737307],[-75.6034578,5.7737103],[-75.6034546,5.7736802],[-75.6034709,5.7736268],[-75.6034703,5.7736141],[-75.6034182,5.7735674],[-75.6033716,5.7735357],[-75.6032879,5.7734851],[-75.6032301,5.7734431],[-75.6032018,5.773426],[-75.6031927,5.7734158],[-75.6032163,5.7734069],[-75.6032743,5.7734045],[-75.6033029,5.7734093],[-75.6033457,5.7734234],[-75.6033734,5.7734226],[-75.6034411,5.7733951],[-75.6034503,5.7733869],[-75.6034684,5.7733599],[-75.6034895,5.7733363],[-75.6034949,5.7733205],[-75.6034965,5.7733012],[-75.6034941,5.7732073],[-75.6035049,5.7731656],[-75.6035087,5.7731119],[-75.6035209,5.773076],[-75.6035257,5.7730377],[-75.6035363,5.7729957],[-75.6035341,5.7729195],[-75.6035277,5.7728779],[-75.6035071,5.7727999],[-75.603481,5.7727478],[-75.6034463,5.7726977],[-75.6033706,5.772629],[-75.603285,5.7725838],[-75.6032434,5.7725577],[-75.6032368,5.7725499],[-75.6032181,5.7724867],[-75.6031984,5.772454],[-75.6031854,5.7724215],[-75.6031257,5.772359],[-75.6030496,5.7722274],[-75.6030162,5.7721248],[-75.6029942,5.7720335],[-75.6029928,5.7720201],[-75.6029985,5.7720105],[-75.6030083,5.7720078],[-75.6030517,5.7720123],[-75.6030876,5.7720126],[-75.6031497,5.7720241],[-75.6031746,5.7720177],[-75.6031965,5.7720061],[-75.6032239,5.7719834],[-75.6032859,5.7719185],[-75.6033462,5.7718721],[-75.6033806,5.7718418],[-75.6034391,5.7717978],[-75.6034791,5.7717752],[-75.6035761,5.7717034],[-75.6036078,5.7716708],[-75.6036346,5.7716343],[-75.6036724,5.7715971],[-75.6036835,5.7715785],[-75.6037028,5.7715296],[-75.6037123,5.7715222],[-75.603795,5.7715327],[-75.6038248,5.77154],[-75.6038486,5.7715509],[-75.603888,5.771585],[-75.6039187,5.7715965],[-75.6039304,5.7715952],[-75.6039531,5.7715866],[-75.6040118,5.7715536],[-75.6040553,5.7715387],[-75.6040685,5.771539],[-75.6041011,5.771546],[-75.6041494,5.7715393],[-75.6041746,5.7715436],[-75.6042563,5.7715422],[-75.6043118,5.7715496],[-75.604326,5.7715589],[-75.6043484,5.7715866],[-75.6043614,5.7716129],[-75.6043782,5.7716649],[-75.6043978,5.7716905],[-75.6044231,5.7717152],[-75.6044503,5.7717331],[-75.6044837,5.7717482],[-75.6045077,5.7717531],[-75.6045279,5.7717483],[-75.6045397,5.7717408],[-75.604551,5.771728],[-75.6045711,5.7716878],[-75.6046051,5.7716339],[-75.6046233,5.7715794],[-75.6046486,5.7715163],[-75.6046649,5.7714603],[-75.6047124,5.7713573],[-75.6047219,5.771299],[-75.6047372,5.7712394],[-75.6047464,5.7712165],[-75.60476,5.7712061],[-75.6048239,5.7712038],[-75.6049,5.771186],[-75.6049273,5.7711764],[-75.6049982,5.7711794],[-75.6050573,5.7711691],[-75.6050715,5.771173],[-75.6050916,5.7712248],[-75.6051008,5.7712924],[-75.6051097,5.7713158],[-75.6051301,5.7713316],[-75.6052009,5.7713697],[-75.6052088,5.7713788],[-75.6052347,5.7714617],[-75.6052526,5.7715897],[-75.6052621,5.7716136],[-75.605271,5.771613],[-75.6053296,5.7715629],[-75.6053783,5.7715384],[-75.6053995,5.7715159],[-75.6054261,5.7714672],[-75.6054516,5.7714045],[-75.6054627,5.771359],[-75.6054876,5.7713171],[-75.6055033,5.7712806],[-75.6055096,5.7712576],[-75.6055131,5.7712205],[-75.6054939,5.7711515],[-75.6053964,5.7709437],[-75.6053733,5.7708781],[-75.6053575,5.7708115],[-75.6053504,5.7707581],[-75.6053492,5.7707224],[-75.6053532,5.7706846],[-75.6053445,5.770589],[-75.605346,5.7705569],[-75.6053556,5.7705114],[-75.6053546,5.7704485],[-75.6053501,5.7704053],[-75.6053199,5.7703447],[-75.6052781,5.7702877],[-75.6052227,5.7702303],[-75.6051487,5.7701635],[-75.6050836,5.7701119],[-75.6050038,5.7700554],[-75.604914,5.7700007],[-75.604835,5.7699679],[-75.6047483,5.7699244],[-75.6046848,5.7698706],[-75.6046292,5.7698183],[-75.6045627,5.7697711],[-75.604541,5.7697424],[-75.6045047,5.7697069],[-75.6044968,5.7696915],[-75.6044744,5.7696209],[-75.6044638,5.7695675],[-75.6044416,5.7695146],[-75.6044334,5.769456],[-75.6044219,5.7694174],[-75.6044266,5.7693963],[-75.6044696,5.7693322],[-75.60448,5.7693099],[-75.6044848,5.7692702],[-75.6045114,5.7691527],[-75.6045123,5.7691036],[-75.6045067,5.769029],[-75.6045132,5.7689761],[-75.6045195,5.768953],[-75.6045312,5.7689255],[-75.604546,5.7688983],[-75.6045637,5.7688762],[-75.6045825,5.768864],[-75.6046086,5.7688617],[-75.6046357,5.7688498],[-75.6046543,5.7688337],[-75.6046837,5.7688231],[-75.6047306,5.7687904],[-75.6047486,5.768781],[-75.6047972,5.7687626],[-75.6048569,5.7687467],[-75.6048896,5.7687433],[-75.6049335,5.7687461],[-75.6049621,5.7687529],[-75.6050023,5.7687694],[-75.6050107,5.7687689],[-75.6050176,5.7687628],[-75.605019,5.768747],[-75.6050037,5.768691],[-75.6049929,5.7685702],[-75.6049839,5.7685339],[-75.6049723,5.7685033],[-75.604953,5.7684727],[-75.6049296,5.7684429],[-75.60484,5.7683555],[-75.6047969,5.7683212],[-75.6047445,5.7682925],[-75.6047328,5.7682823],[-75.6047146,5.7682496],[-75.6047057,5.768213],[-75.6046855,5.7681849],[-75.6046738,5.7681743],[-75.6046451,5.7681627],[-75.6046234,5.7681611],[-75.604519,5.7681809],[-75.6044419,5.7681917],[-75.6044274,5.7681927],[-75.6044161,5.7681855],[-75.6044426,5.7681124],[-75.6044452,5.7680908],[-75.6044389,5.7680712],[-75.6043784,5.7679686],[-75.6043737,5.7679547],[-75.6043741,5.7679456],[-75.6043797,5.7679366],[-75.6043875,5.7679315],[-75.6044322,5.7679311],[-75.6044745,5.7679148],[-75.6045051,5.7679073],[-75.6045145,5.7679002],[-75.6045302,5.7678781],[-75.604542,5.7678675],[-75.6045448,5.7678596],[-75.604538,5.7678397],[-75.6045137,5.7678087],[-75.6044575,5.7677612],[-75.6043779,5.7676825],[-75.6043489,5.7676579],[-75.6043313,5.7676485],[-75.6043191,5.7676532],[-75.604294,5.767697],[-75.6042731,5.7677508],[-75.6042591,5.7677617],[-75.6042432,5.7677959],[-75.6042266,5.7677982],[-75.6041505,5.7677412],[-75.604101,5.7677228],[-75.6040437,5.7676938],[-75.6040058,5.7676692],[-75.6039447,5.7676387],[-75.6038021,5.76758],[-75.6037728,5.7675635],[-75.6037251,5.7675477],[-75.603682,5.7675051],[-75.6036567,5.7674666],[-75.603612,5.7674174],[-75.6036004,5.7674143],[-75.603503,5.7674197],[-75.6034716,5.7674104],[-75.603429,5.7673887],[-75.6034266,5.7673831],[-75.603428,5.7673705],[-75.6034506,5.7672942],[-75.6034456,5.7671657],[-75.6034583,5.7670229],[-75.6034591,5.7669321],[-75.6034498,5.7668689],[-75.603438,5.7668339],[-75.6034166,5.7667926],[-75.6034101,5.7667707],[-75.6034072,5.7667441],[-75.6034079,5.7667005],[-75.6035063,5.766662],[-75.6035759,5.766617],[-75.6036228,5.7665567],[-75.6036603,5.7664974],[-75.6036687,5.7664798],[-75.6036683,5.7664699],[-75.6036495,5.7664482],[-75.6036366,5.766438],[-75.6035591,5.7664038],[-75.603537,5.7664026],[-75.603505,5.7664224],[-75.6034903,5.766424],[-75.6034763,5.7664188],[-75.6034559,5.7664027],[-75.6033749,5.7663719],[-75.6033425,5.7663543],[-75.6033243,5.766341],[-75.603229,5.7662556],[-75.6031887,5.7662144],[-75.6031703,5.7661832],[-75.6031297,5.7660431],[-75.6031079,5.7659913],[-75.6030966,5.7659719],[-75.6030267,5.7658962],[-75.6029872,5.7658236],[-75.6029713,5.765803],[-75.6029438,5.7657804],[-75.6028816,5.7657488],[-75.6028737,5.7657418],[-75.602871,5.7657342],[-75.6028767,5.7657002],[-75.602895,5.7656505],[-75.602959,5.765425],[-75.6029755,5.7653796],[-75.6030144,5.7652983],[-75.6030393,5.7652348],[-75.6030567,5.7651438],[-75.6030596,5.7650503],[-75.6030498,5.7649873],[-75.6030463,5.7648982],[-75.6030402,5.764879],[-75.6030129,5.7648248],[-75.6029934,5.7647946],[-75.6029929,5.7647857],[-75.6029988,5.7647828],[-75.603024,5.7647869],[-75.603132,5.7648185],[-75.6031747,5.7648285],[-75.6032171,5.7648344],[-75.6033237,5.7648367],[-75.603336,5.7648318],[-75.6033408,5.7648217],[-75.6033226,5.7647358],[-75.6033294,5.7646598],[-75.6033043,5.7646308],[-75.603276,5.7646138],[-75.6031847,5.7645798],[-75.6031631,5.7645687],[-75.6031272,5.7645684],[-75.6030865,5.764551],[-75.6030443,5.7645458],[-75.6030106,5.7645471],[-75.6030035,5.7645394],[-75.6030042,5.7645299],[-75.6030518,5.7644337],[-75.6030706,5.7643704],[-75.6030913,5.7643394],[-75.6031207,5.7642762],[-75.6031514,5.7642311],[-75.6032373,5.7641218],[-75.603282,5.7640762],[-75.6033499,5.7640305],[-75.6034036,5.7640048],[-75.603422,5.7639899],[-75.6034516,5.7639572],[-75.6034883,5.763938],[-75.6034974,5.7639299],[-75.6035001,5.7639247],[-75.6034992,5.7639167],[-75.6034844,5.7638949],[-75.6034574,5.7638677],[-75.6033776,5.7638068],[-75.6033703,5.7637915],[-75.6033775,5.7637743],[-75.6033936,5.7637618],[-75.6034262,5.7637508],[-75.6034478,5.7637397],[-75.6034842,5.7637327],[-75.6035014,5.7637255],[-75.6035119,5.763714],[-75.6035147,5.7637007],[-75.6034992,5.7635773],[-75.6034998,5.7635499],[-75.6034966,5.7635375],[-75.6034824,5.7635065],[-75.6034625,5.7634774],[-75.6034425,5.7634607],[-75.603411,5.7634425],[-75.6033783,5.7634303],[-75.6033456,5.763424],[-75.603231,5.7634181],[-75.6031785,5.7634239],[-75.6031537,5.7634296],[-75.6030371,5.7634734],[-75.6030295,5.7634734],[-75.6030261,5.7634679],[-75.6030277,5.7634306],[-75.6030145,5.7633287],[-75.6029874,5.763279],[-75.6029766,5.7632403],[-75.6029609,5.7632015],[-75.6029555,5.7631771],[-75.6029543,5.7631553],[-75.6029606,5.7631203],[-75.602961,5.7630929],[-75.6029539,5.7630378],[-75.6029478,5.7629188],[-75.6029559,5.7628336],[-75.6029763,5.7627366],[-75.602999,5.7626072],[-75.6030093,5.7625904],[-75.6030363,5.7625635],[-75.6030571,5.7625231],[-75.6030632,5.7624698],[-75.603062,5.7624134],[-75.6030718,5.7623875],[-75.6030675,5.7623504],[-75.6030548,5.7622934],[-75.6030105,5.7621571],[-75.6030115,5.7621517],[-75.6030192,5.7621426],[-75.6030712,5.7621146],[-75.6030813,5.7620976],[-75.603092,5.7620702],[-75.6030998,5.76206],[-75.60316,5.7620158],[-75.603214,5.7619707],[-75.6032453,5.7619517],[-75.6033085,5.7619203],[-75.6033549,5.7618893],[-75.6034092,5.761836],[-75.6034399,5.7618122],[-75.6034703,5.7617974],[-75.6035213,5.7617899],[-75.6035649,5.7617778],[-75.6035837,5.7617681],[-75.6036163,5.7617434],[-75.6036538,5.7617007],[-75.6036685,5.7616699],[-75.6036747,5.7616256],[-75.6036633,5.7615759],[-75.6036195,5.7614911],[-75.6035911,5.7614438],[-75.6035531,5.7613967],[-75.6035096,5.7613535],[-75.6034963,5.7613357],[-75.6034906,5.7613312],[-75.6034823,5.76133],[-75.6034666,5.7613421],[-75.6034579,5.7613622],[-75.6034276,5.7613855],[-75.603397,5.7614185],[-75.6033822,5.7614452],[-75.6033415,5.7615355],[-75.6033073,5.7615902],[-75.6032674,5.7616413],[-75.6032213,5.7616936],[-75.6031859,5.7617261],[-75.6031679,5.7617387],[-75.6031582,5.7617414],[-75.6031503,5.7617395],[-75.6031303,5.7617146],[-75.6030967,5.7617076],[-75.6030773,5.7616758],[-75.6030503,5.7616867],[-75.6030146,5.7616683],[-75.6029871,5.7616457],[-75.6029335,5.7616399],[-75.6029234,5.7616413],[-75.6029182,5.7616452],[-75.6029145,5.7616539],[-75.6029149,5.7616779],[-75.6029264,5.7617606],[-75.6029161,5.7619296],[-75.6029022,5.7618857],[-75.6028792,5.7618546],[-75.6028645,5.7618428],[-75.6028247,5.761824],[-75.6027907,5.7618192],[-75.6027569,5.7618251],[-75.6027516,5.7618286],[-75.6027341,5.7618654],[-75.6027176,5.7618738],[-75.6026956,5.761876],[-75.6026716,5.7618736],[-75.6026273,5.7618507],[-75.6026092,5.761837],[-75.6025751,5.7618279],[-75.6025458,5.7618482],[-75.6025183,5.7618601],[-75.6023745,5.7619559],[-75.6022752,5.7620079],[-75.6022399,5.7620217],[-75.6022278,5.7620223],[-75.602222,5.7620092],[-75.6022,5.7618838],[-75.6022019,5.7618697],[-75.6022174,5.7618248],[-75.6022177,5.7618157],[-75.6021964,5.7617854],[-75.6021934,5.7617751],[-75.6022132,5.7617403],[-75.6022241,5.7616947],[-75.602247,5.761538],[-75.602261,5.761504],[-75.6022619,5.7614673],[-75.6022723,5.7614124],[-75.6022689,5.7613957],[-75.6022503,5.7613461],[-75.6022259,5.7612896],[-75.6021958,5.7611881],[-75.6021695,5.7611551],[-75.6021258,5.7611266],[-75.6021002,5.7610932],[-75.6020618,5.7610515],[-75.6020099,5.7610118],[-75.6019765,5.7609968],[-75.6019218,5.7609643],[-75.6018924,5.7609358],[-75.6018414,5.7608967],[-75.6018103,5.7608776],[-75.6017874,5.7608693],[-75.6016794,5.760851],[-75.6016715,5.7608459],[-75.6016678,5.7608349],[-75.6016745,5.7607931],[-75.6016875,5.7607568],[-75.6016951,5.7607076],[-75.6017004,5.7606972],[-75.6017093,5.7606913],[-75.6017684,5.7606705],[-75.6018624,5.7606468],[-75.6019312,5.7606508],[-75.6019398,5.7606562],[-75.6019544,5.7606734],[-75.6019636,5.7606754],[-75.6020206,5.7606511],[-75.6020659,5.7606251],[-75.6020916,5.7606173],[-75.6021097,5.7606173],[-75.6021409,5.7606273],[-75.6021881,5.7606319],[-75.6022498,5.7606447],[-75.6023059,5.7606397],[-75.6024044,5.7606227],[-75.6024276,5.7606215],[-75.6024782,5.7606282],[-75.6025993,5.7606751],[-75.6027126,5.7606729],[-75.6027643,5.760679],[-75.602821,5.7606728],[-75.6028472,5.7606628],[-75.6028873,5.7606419],[-75.6029176,5.7606092],[-75.6029462,5.7605908],[-75.6029668,5.7605866],[-75.6029819,5.7605797],[-75.6030186,5.760542],[-75.6030423,5.7605261],[-75.6030473,5.7605124],[-75.6030436,5.7604818],[-75.6030448,5.7604702],[-75.6030629,5.7604403],[-75.6030606,5.7604009],[-75.6030462,5.7603536],[-75.6030425,5.7603286],[-75.6030358,5.7603199],[-75.6029791,5.7602909],[-75.6029105,5.7602641],[-75.6028359,5.7602229],[-75.6028304,5.7602145],[-75.6028367,5.7602056],[-75.6028613,5.7601846],[-75.6028731,5.760169],[-75.60289,5.7601322],[-75.6029132,5.7600635],[-75.6029198,5.7600541],[-75.6029345,5.7600417],[-75.6029565,5.7600002],[-75.6029731,5.7599812],[-75.6030007,5.7599566],[-75.6030511,5.7599267],[-75.6030817,5.7599164],[-75.6031213,5.75991],[-75.6031687,5.7599136],[-75.6032988,5.759905],[-75.6033808,5.7599125],[-75.603426,5.759908],[-75.6034747,5.7598871],[-75.6035026,5.7598808],[-75.6035204,5.7598736],[-75.6036071,5.7598096],[-75.6036328,5.7597977],[-75.603652,5.7597821],[-75.603673,5.7597737],[-75.6036864,5.7597617],[-75.603709,5.7597478],[-75.6037365,5.7597364],[-75.6037637,5.75972],[-75.6037915,5.7597106],[-75.6038489,5.7596842],[-75.603907,5.7596503],[-75.6039254,5.7596483],[-75.6039703,5.7596581],[-75.6040029,5.7596559],[-75.604028,5.759651],[-75.6040918,5.7596304],[-75.6041161,5.7596267],[-75.6041336,5.7596277],[-75.6041524,5.7596326],[-75.6041991,5.7596494],[-75.6042282,5.7596645],[-75.6042664,5.7596988],[-75.6042906,5.759733],[-75.6043471,5.7597945],[-75.6044055,5.7598441],[-75.6044352,5.7598561],[-75.6044687,5.7598611],[-75.6044953,5.7598623],[-75.6045284,5.7598584],[-75.6045626,5.7598482],[-75.6046,5.7598307],[-75.6046178,5.7598128],[-75.6046322,5.7597904],[-75.6046484,5.7597488],[-75.6046575,5.7597008],[-75.6046553,5.759652],[-75.604646,5.7596114],[-75.6046209,5.759553],[-75.6045842,5.7594954],[-75.6045259,5.7594322],[-75.6043678,5.7592873],[-75.604301,5.7592007],[-75.6042662,5.7591495],[-75.6042313,5.7591073],[-75.6042114,5.7590731],[-75.6041147,5.7589297],[-75.6040722,5.7588827],[-75.6040512,5.7588664],[-75.6040225,5.7588498],[-75.6039738,5.7588289],[-75.6039145,5.7588204],[-75.60386,5.7588226],[-75.6037914,5.7588343],[-75.6036663,5.7588678],[-75.6035613,5.7588862],[-75.6034485,5.7589228],[-75.6034072,5.7589439],[-75.6033452,5.7589945],[-75.6033257,5.759003],[-75.6033134,5.7589953],[-75.6032862,5.7589594],[-75.6032685,5.7589449],[-75.6031825,5.7589143],[-75.6030292,5.7588368],[-75.6029561,5.7588111],[-75.6029114,5.7588011],[-75.6028572,5.7588017],[-75.6028383,5.7588063],[-75.6028062,5.758823],[-75.6027666,5.7588535],[-75.6027393,5.7588615],[-75.6027035,5.7588804],[-75.6026438,5.7588873],[-75.6025997,5.7588859],[-75.602573,5.7588758],[-75.6025592,5.7588582],[-75.602545,5.7588046],[-75.6025476,5.7587669],[-75.6025434,5.7587421],[-75.602531,5.7587009],[-75.6025033,5.7586382],[-75.6024673,5.7585836],[-75.6024583,5.7585745],[-75.6024456,5.7585689],[-75.6024211,5.7585654],[-75.6024106,5.7585681],[-75.6024007,5.7585751],[-75.6023005,5.7586654],[-75.6022336,5.7587103],[-75.6021698,5.7587602],[-75.6021128,5.7588207],[-75.6020132,5.7589517],[-75.6019857,5.7589829],[-75.6019582,5.7590078],[-75.6018916,5.7590482],[-75.6018506,5.7590828],[-75.6018273,5.7591142],[-75.6018128,5.7591481],[-75.6018128,5.7591621],[-75.6018228,5.7592069],[-75.6018229,5.7592157],[-75.6018193,5.7592229],[-75.601802,5.759225],[-75.6017645,5.7592089],[-75.6017423,5.7592085],[-75.6017303,5.7592117],[-75.6017034,5.7592267],[-75.601685,5.7592424],[-75.6016399,5.7593105],[-75.601624,5.7593433],[-75.6016195,5.7593774],[-75.6015985,5.7594333],[-75.6015863,5.7594764],[-75.6015805,5.7595241],[-75.6015625,5.759574],[-75.6015514,5.7596419],[-75.6015447,5.7596526],[-75.6015398,5.7596548],[-75.601493,5.7596409],[-75.6014339,5.7596332],[-75.6013588,5.7596304],[-75.6013302,5.7596332],[-75.6012806,5.7596288],[-75.6012559,5.7596293],[-75.6011909,5.7596138],[-75.6011413,5.7596055],[-75.6011131,5.7595895],[-75.6010549,5.7595705],[-75.6010343,5.7595673],[-75.6010023,5.7595678],[-75.6009813,5.7595586],[-75.6009632,5.7595409],[-75.600943,5.7595116],[-75.6009394,5.7595004],[-75.6009457,5.7594349],[-75.600955,5.759392],[-75.6009548,5.7593283],[-75.6009648,5.7592925],[-75.6009624,5.7592661],[-75.6009535,5.7592467],[-75.600932,5.7592229],[-75.6008958,5.7592],[-75.6008733,5.7591776],[-75.6008519,5.7591703],[-75.6008047,5.7591795],[-75.6007774,5.7591964],[-75.6007563,5.7592195],[-75.6007502,5.7592332],[-75.6007458,5.7592563],[-75.6007206,5.7592865],[-75.6006782,5.7593224],[-75.6006483,5.7593351],[-75.600619,5.7593412],[-75.6005882,5.7593424],[-75.6005478,5.7593392],[-75.6004467,5.7593244],[-75.6003843,5.759324],[-75.6003168,5.7593342],[-75.6002953,5.7593483],[-75.6002361,5.7593778],[-75.6001858,5.7594083],[-75.6001778,5.7594311],[-75.6001677,5.7594471],[-75.6001468,5.7595116],[-75.6001202,5.7595521],[-75.6000589,5.7596167],[-75.6000309,5.7596381],[-75.6000128,5.7596471],[-75.5999997,5.759647],[-75.5999891,5.7596401],[-75.5999704,5.7596233],[-75.5999255,5.7595724],[-75.5998897,5.7595449],[-75.599867,5.7595322],[-75.5998219,5.759496],[-75.5998076,5.759491],[-75.5996806,5.759472],[-75.5996328,5.7594503],[-75.5996054,5.7594418],[-75.599592,5.7594418],[-75.5995506,5.7594548],[-75.5995111,5.7594732],[-75.5994741,5.7595108],[-75.599411,5.7595501],[-75.5993588,5.7595885],[-75.5992891,5.7596537],[-75.5992728,5.7596643],[-75.5992411,5.7596798],[-75.5992051,5.7597024],[-75.5991558,5.7597206],[-75.5991058,5.7597465],[-75.5990038,5.7597755],[-75.5989487,5.7597782],[-75.5987999,5.7597596],[-75.5987383,5.7597566],[-75.5987023,5.759758],[-75.5986543,5.759745],[-75.5986187,5.7597435],[-75.5985743,5.7597307],[-75.598556,5.7597215],[-75.5985458,5.7597098],[-75.5985269,5.7596602],[-75.5985178,5.7596507],[-75.5985095,5.7596503],[-75.5984972,5.7596635],[-75.5984892,5.7596812],[-75.5984824,5.759713],[-75.5984751,5.759777],[-75.5984208,5.7598958],[-75.5982928,5.7597967],[-75.5982741,5.7597754],[-75.5982448,5.7597501],[-75.59822,5.759716],[-75.5981722,5.7596599],[-75.5981381,5.7596047],[-75.5981259,5.7595568],[-75.5980662,5.75939],[-75.5980551,5.7593825],[-75.5980089,5.7593624],[-75.5979735,5.7593382],[-75.5979312,5.7593037],[-75.5978779,5.7592719],[-75.5978239,5.759245],[-75.5977627,5.7592248],[-75.5977089,5.7592289],[-75.5976361,5.7592448],[-75.5975873,5.7592656],[-75.5975154,5.7593107],[-75.5974551,5.7593643],[-75.5974425,5.7593821],[-75.597384,5.7594467],[-75.5973624,5.7594787],[-75.5972898,5.7595684],[-75.5972278,5.7596196],[-75.5972155,5.7596227],[-75.59718,5.7596221],[-75.597175,5.7596186],[-75.5971708,5.7596101],[-75.5971479,5.7595494],[-75.5971439,5.7595289],[-75.597152,5.7594793],[-75.5971447,5.7594383],[-75.5971597,5.7593758],[-75.5971636,5.7593198],[-75.5971443,5.7591097],[-75.5971429,5.7590356],[-75.5971491,5.759024],[-75.5971712,5.7590017],[-75.5971812,5.7589833],[-75.5972178,5.758933],[-75.5972178,5.7589065],[-75.5972282,5.75887],[-75.5972293,5.7588512],[-75.5972213,5.7588098],[-75.597219,5.7587793],[-75.5971975,5.7587367],[-75.5971831,5.7586979],[-75.5971739,5.7586617],[-75.5971738,5.7586434],[-75.5971776,5.7586348],[-75.5971876,5.7586239],[-75.5971971,5.758619],[-75.5972132,5.758616],[-75.5972549,5.7586207],[-75.5972999,5.7586205],[-75.597377,5.7586374],[-75.5973861,5.7586363],[-75.5973905,5.7586328],[-75.5973949,5.7586231],[-75.597389,5.7585755],[-75.5973901,5.758525],[-75.5973945,5.7584982],[-75.5974016,5.7584799],[-75.5974122,5.7584666],[-75.5974546,5.7584356],[-75.5975011,5.7583898],[-75.59752,5.7583578],[-75.5975286,5.7583517],[-75.5975563,5.758346],[-75.5975653,5.7583389],[-75.5975723,5.7583278],[-75.5975785,5.7583078],[-75.597624,5.7582533],[-75.5976583,5.7581978],[-75.5976637,5.7581858],[-75.5976679,5.7581257],[-75.5976779,5.758108],[-75.5976799,5.7580979],[-75.5976661,5.7580501],[-75.5976553,5.7579877],[-75.5976533,5.757935],[-75.5976598,5.757867],[-75.5976577,5.7578554],[-75.5976535,5.7578541],[-75.5976354,5.7578782],[-75.5976138,5.7578919],[-75.5975856,5.7578963],[-75.5975592,5.7578853],[-75.597548,5.7578904],[-75.597525,5.7579219],[-75.5974876,5.7579563],[-75.597462,5.7579932],[-75.5974186,5.7580328],[-75.5974094,5.758046],[-75.5973773,5.7581092],[-75.5973577,5.7581357],[-75.5973156,5.7581685],[-75.5973028,5.7581731],[-75.5972667,5.7581771],[-75.5972076,5.7581599],[-75.5970952,5.7581593],[-75.5970533,5.7581469],[-75.5970399,5.7581379],[-75.5971217,5.758109],[-75.5971549,5.7580843],[-75.5971855,5.7580469],[-75.5971901,5.7580299],[-75.5971891,5.7580107],[-75.5971713,5.7579154],[-75.5971211,5.7577963],[-75.5971049,5.7577404],[-75.5970833,5.7576455],[-75.5970706,5.7576085],[-75.5970598,5.757528],[-75.5970513,5.757496],[-75.5970406,5.7574109],[-75.597033,5.7573739],[-75.5970189,5.7573334],[-75.5969898,5.7572686],[-75.5969534,5.7572182],[-75.5969107,5.7571704],[-75.5968528,5.7571254],[-75.5967886,5.757093],[-75.5967462,5.7570791],[-75.5967083,5.7570736],[-75.5966749,5.7570769],[-75.5966304,5.7570672],[-75.596542,5.7570077],[-75.5964573,5.7569704],[-75.5963648,5.7569044],[-75.5963069,5.7568582],[-75.5962665,5.7568368],[-75.5962466,5.756832],[-75.5962232,5.7568331],[-75.5961863,5.7568442],[-75.5961468,5.7568601],[-75.5961275,5.756863],[-75.5961114,5.7568606],[-75.5961093,5.756858],[-75.5961106,5.756849],[-75.5961275,5.7568132],[-75.5961407,5.756768],[-75.5961542,5.7566954],[-75.5961676,5.7566416],[-75.596167,5.7565957],[-75.5961584,5.7565773],[-75.5961441,5.7565736],[-75.5961137,5.7565804],[-75.5960867,5.7565804],[-75.596067,5.7565847],[-75.596059,5.7565832],[-75.5959706,5.7564951],[-75.595915,5.7564638],[-75.5958576,5.756442],[-75.5958424,5.7564284],[-75.5958127,5.7563911],[-75.5957922,5.7563712],[-75.5957139,5.7563273],[-75.5956281,5.7562641],[-75.5955699,5.7562324],[-75.5955497,5.7562174],[-75.5955255,5.7562118],[-75.5954671,5.7562097],[-75.5954426,5.7561928],[-75.5954066,5.7561748],[-75.5953801,5.7561514],[-75.5953435,5.7561248],[-75.5952624,5.7560882],[-75.5952075,5.7560764],[-75.5951795,5.7560752],[-75.5951084,5.7560539],[-75.5950644,5.7560306],[-75.5950195,5.7560126],[-75.5948196,5.7559544],[-75.5947277,5.755922],[-75.5946602,5.7558945],[-75.5946188,5.755872],[-75.5945646,5.7558321],[-75.5944491,5.7557666],[-75.5944228,5.7557435],[-75.5943749,5.7557099],[-75.5943407,5.755676],[-75.5942898,5.7556415],[-75.5942227,5.7556097],[-75.5941145,5.7555739],[-75.5940918,5.7555598],[-75.5940734,5.7555428],[-75.5940445,5.7554945],[-75.594027,5.7554712],[-75.5939699,5.75531],[-75.5939308,5.7552326],[-75.593888,5.7551706],[-75.5938484,5.7551396],[-75.5938182,5.7550876],[-75.5937898,5.7550567],[-75.5937501,5.7549973],[-75.593723,5.7549702],[-75.5936672,5.7548906],[-75.5936456,5.7548579],[-75.5936008,5.7547764],[-75.5935886,5.7547465],[-75.5935406,5.754655],[-75.5934958,5.7546046],[-75.5934321,5.7545511],[-75.593272,5.7544491],[-75.5932353,5.7544191],[-75.5931586,5.7543746],[-75.5931301,5.7543603],[-75.5931164,5.7543601],[-75.5930698,5.7543739],[-75.5930422,5.7543891],[-75.5930215,5.754405],[-75.5929396,5.7545042],[-75.5928546,5.7546181],[-75.5928175,5.7546523],[-75.592792,5.7546946],[-75.5927697,5.7547223],[-75.5927056,5.7547851],[-75.5926648,5.7548338],[-75.5925614,5.7549301],[-75.5925356,5.7549583],[-75.5925203,5.7549799],[-75.592512,5.7549856],[-75.5924903,5.7549537],[-75.5924222,5.754882],[-75.5923526,5.7548021],[-75.5923295,5.7547676],[-75.5923218,5.7547488],[-75.5923243,5.754716],[-75.5923132,5.7546646],[-75.5922841,5.7545817],[-75.5922732,5.7545381],[-75.592251,5.754472],[-75.5922429,5.754395],[-75.5922346,5.7542632],[-75.5922399,5.7541974],[-75.5922395,5.7541613],[-75.5922204,5.7538849],[-75.5922249,5.7538467],[-75.5922376,5.7538113],[-75.5922638,5.7537577],[-75.5922591,5.7537485],[-75.5922357,5.7537457],[-75.5921886,5.75375],[-75.592163,5.7537489],[-75.5920369,5.7537223],[-75.5919921,5.7537099],[-75.5919131,5.7536695],[-75.5918537,5.7536438],[-75.5917877,5.7536061],[-75.5917004,5.7535446],[-75.5916354,5.7535108],[-75.5916092,5.7535001],[-75.591476,5.75346],[-75.5914176,5.7534501],[-75.5913633,5.7534504],[-75.5913094,5.7534594],[-75.5912065,5.7534856],[-75.5911634,5.75349],[-75.5911246,5.7534881],[-75.5910702,5.7534796],[-75.5908753,5.7534739],[-75.590849,5.7534708],[-75.5907721,5.7534539],[-75.5907338,5.7534401],[-75.5907011,5.7534328],[-75.5906215,5.7534036],[-75.5905675,5.7533737],[-75.5905246,5.7533347],[-75.5905041,5.7533197],[-75.5904589,5.7532929],[-75.5904272,5.7532783],[-75.5903996,5.7532694],[-75.5903782,5.7532658],[-75.5903558,5.7532663],[-75.5903301,5.7532724],[-75.5902945,5.7532918],[-75.5902582,5.7533274],[-75.590243,5.7533599],[-75.5902317,5.7534009],[-75.5902302,5.7534159],[-75.590248,5.7535159],[-75.590271,5.7535814],[-75.5902766,5.753628],[-75.590286,5.7536396],[-75.590313,5.7536577],[-75.5903259,5.753676],[-75.5903399,5.753732],[-75.590342,5.753758],[-75.5903394,5.7537691],[-75.590329,5.7537762],[-75.5903091,5.7537711],[-75.5902949,5.7537629],[-75.5902679,5.7537355],[-75.5902512,5.7537244],[-75.5902043,5.7537036],[-75.5901391,5.7536871],[-75.5901098,5.7536821],[-75.5900873,5.7536824],[-75.5900663,5.7536887],[-75.5900525,5.7536994],[-75.5900362,5.7537318],[-75.5900236,5.7537793],[-75.5900136,5.7538387],[-75.5900112,5.7538716],[-75.5900146,5.7539379],[-75.5899978,5.7539876],[-75.5899772,5.7540297],[-75.5899419,5.7540847],[-75.5899111,5.7541177],[-75.5898688,5.7541521],[-75.5898338,5.7541748],[-75.5897607,5.7542111],[-75.5897262,5.7542319],[-75.5896559,5.7543025],[-75.5896472,5.7543197],[-75.5896419,5.7543483],[-75.5896448,5.7544739],[-75.589642,5.7545295],[-75.5896331,5.7545702],[-75.5896262,5.7545873],[-75.5896131,5.7546044],[-75.5895885,5.7546261],[-75.5895502,5.7546679],[-75.589471,5.7547342],[-75.5894393,5.7547549],[-75.5894263,5.7547585],[-75.5894153,5.7547471],[-75.5893891,5.7546952],[-75.5893586,5.754578],[-75.5893455,5.7545536],[-75.5891891,5.7543893],[-75.5890898,5.7542529],[-75.5890344,5.7541643],[-75.5890042,5.754123],[-75.5889735,5.754094],[-75.5889521,5.7540615],[-75.5888796,5.7539985],[-75.5888536,5.7539651],[-75.5888338,5.7539451],[-75.5888017,5.7538908],[-75.5887798,5.7538452],[-75.5887495,5.7537631],[-75.5887356,5.7537203],[-75.5887267,5.7536745],[-75.5887261,5.7536387],[-75.5887355,5.7536024],[-75.588737,5.7535792],[-75.5887331,5.7535076],[-75.5887217,5.7534467],[-75.5887064,5.7534052],[-75.5886607,5.7533156],[-75.5886418,5.7532898],[-75.5885749,5.7532124],[-75.5884946,5.7531345],[-75.588435,5.7530529],[-75.5884149,5.7530332],[-75.5883595,5.7529893],[-75.5883117,5.7529374],[-75.5882869,5.752923],[-75.5882433,5.7529112],[-75.5881768,5.7529005],[-75.5881193,5.7528972],[-75.5880446,5.7529124],[-75.588004,5.7529302],[-75.5879824,5.7529366],[-75.5879647,5.7529375],[-75.5879445,5.7529332],[-75.5878921,5.7529383],[-75.5878059,5.7529585],[-75.5877656,5.7529651],[-75.587706,5.7529915],[-75.5876637,5.7530288],[-75.5876249,5.7530722],[-75.587567,5.7531586],[-75.5875425,5.7531891],[-75.587537,5.753192],[-75.5875299,5.7531889],[-75.5875101,5.7531221],[-75.5874933,5.7530841],[-75.5874687,5.7530542],[-75.5874428,5.7530382],[-75.5874098,5.7530311],[-75.5873869,5.7530314],[-75.5873499,5.7530448],[-75.5872824,5.7530781],[-75.5872693,5.7530804],[-75.5872685,5.7530689],[-75.5872807,5.7530341],[-75.5873323,5.7529203],[-75.5873438,5.7529013],[-75.5874026,5.752825],[-75.5874146,5.7528026],[-75.5874242,5.752776],[-75.5874373,5.7527017],[-75.5874204,5.7525928],[-75.5874212,5.752565],[-75.5874267,5.752544],[-75.5874961,5.7524763],[-75.5875283,5.7524364],[-75.5875456,5.7524087],[-75.5875714,5.752353],[-75.5875941,5.7523216],[-75.5876079,5.7523126],[-75.5876723,5.7522982],[-75.587726,5.7522785],[-75.5878428,5.7522217],[-75.58796,5.7521698],[-75.5880102,5.7521319],[-75.5880589,5.7521041],[-75.5881037,5.7520714],[-75.5881319,5.7520459],[-75.5881481,5.7520217],[-75.588183,5.7519485],[-75.588195,5.751883],[-75.5881917,5.7518252],[-75.5881794,5.7517229],[-75.5881808,5.7516862],[-75.5881784,5.7516465],[-75.5881619,5.7515188],[-75.5881616,5.7514693],[-75.5881663,5.751444],[-75.5881783,5.7514112],[-75.588228,5.7513301],[-75.5882643,5.7512866],[-75.5883088,5.7512488],[-75.5883409,5.7512261],[-75.5883573,5.7512069],[-75.588377,5.7511901],[-75.5883987,5.7511606],[-75.5884285,5.7511337],[-75.5884598,5.7510848],[-75.5884735,5.7510548],[-75.5884788,5.7510497],[-75.5884886,5.7510529],[-75.5885077,5.7510814],[-75.5885243,5.7510972],[-75.5885671,5.7511233],[-75.5885961,5.7511336],[-75.5886071,5.7511162],[-75.5886153,5.7510853],[-75.5886166,5.7510256],[-75.5886092,5.7509569],[-75.5886126,5.750938],[-75.5886217,5.75092],[-75.588635,5.7509069],[-75.5886527,5.7508973],[-75.5886868,5.7508901],[-75.58873,5.7508855],[-75.5887546,5.7508693],[-75.5887673,5.7508487],[-75.5887872,5.7508035],[-75.5888001,5.7507832],[-75.5888816,5.7506834],[-75.588964,5.7505765],[-75.5889859,5.7505438],[-75.5890001,5.7505082],[-75.5890156,5.7504297],[-75.5890282,5.7503905],[-75.5890864,5.7502725],[-75.5891185,5.7502187],[-75.5891269,5.7501875],[-75.589128,5.7501641],[-75.5891338,5.7501428],[-75.5891379,5.7501093],[-75.5891607,5.7500431],[-75.5891634,5.7500149],[-75.5891593,5.7498127],[-75.589163,5.7497749],[-75.5891724,5.7497433],[-75.5891917,5.7497127],[-75.5892477,5.7496606],[-75.5892569,5.7496549],[-75.5892939,5.7496484],[-75.5893243,5.7496369],[-75.5893509,5.7496191],[-75.589366,5.7495978],[-75.5893912,5.749542],[-75.5894345,5.7493929],[-75.5894617,5.7492754],[-75.5894724,5.7492532],[-75.5894864,5.7492414],[-75.5894983,5.7492374],[-75.589572,5.7492315],[-75.5895892,5.749223],[-75.5896005,5.7492086],[-75.5896004,5.7491958],[-75.5895891,5.7491632],[-75.5895888,5.7491435],[-75.5896698,5.7488245],[-75.5896698,5.7487705],[-75.5896646,5.7487431],[-75.5896575,5.7487263],[-75.5896151,5.7486778],[-75.5895874,5.7486556],[-75.5895629,5.7486406],[-75.5895218,5.7486235],[-75.5894741,5.7486112],[-75.5894136,5.7485876],[-75.5893295,5.7485665],[-75.5892963,5.7485512],[-75.5892729,5.7485369],[-75.5892321,5.7484981],[-75.5891838,5.7484324],[-75.5891524,5.7484056],[-75.5891091,5.7483349],[-75.5891002,5.7483267],[-75.589092,5.7483286],[-75.5890837,5.748337],[-75.5890621,5.7483739],[-75.5890511,5.7484454],[-75.5890375,5.7484881],[-75.5889899,5.7485387],[-75.5889678,5.7485509],[-75.588958,5.7485526],[-75.5889466,5.7485492],[-75.588887,5.7485103],[-75.5888018,5.7484738],[-75.588766,5.7484498],[-75.5887279,5.7484301],[-75.5886804,5.7483963],[-75.5886019,5.7483305],[-75.5884306,5.7481676],[-75.5883912,5.7481346],[-75.5883291,5.7480885],[-75.5882076,5.7480112],[-75.588158,5.7479708],[-75.5881264,5.7479393],[-75.5881031,5.7479129],[-75.5880909,5.7478941],[-75.5880575,5.7478273],[-75.5880206,5.7477375],[-75.5879993,5.7477048],[-75.5879753,5.7476561],[-75.587932,5.7475943],[-75.5878944,5.747547],[-75.5878611,5.7475077],[-75.5878484,5.7474981],[-75.5877632,5.7474795],[-75.5876921,5.7474781],[-75.5876578,5.7474834],[-75.5875857,5.7475025],[-75.5874328,5.7475284],[-75.5873915,5.7475397],[-75.5873199,5.7475669],[-75.5872987,5.7475821],[-75.5872908,5.7475967],[-75.587298,5.7476301],[-75.5872963,5.7476529],[-75.5872845,5.7476767],[-75.58728,5.7476815],[-75.5872708,5.7476842],[-75.5872505,5.7476711],[-75.5872104,5.7476246],[-75.5871834,5.747603],[-75.5871573,5.7475876],[-75.5870693,5.7475448],[-75.5870165,5.7475135],[-75.5869684,5.7474794],[-75.586937,5.7474472],[-75.5869182,5.7474077],[-75.5869071,5.7473916],[-75.5868556,5.7473527],[-75.5868171,5.7473064],[-75.5867758,5.7472465],[-75.5866828,5.7470913],[-75.5866465,5.7470373],[-75.5865983,5.746995],[-75.5865193,5.7469435],[-75.5864668,5.7469012],[-75.5864155,5.7468531],[-75.5863735,5.7468047],[-75.5863262,5.7467351],[-75.5862456,5.7465709],[-75.5862316,5.7465476],[-75.5862081,5.7465179],[-75.5861845,5.7464963],[-75.5861426,5.7464705],[-75.5860707,5.7464472],[-75.5860142,5.7464239],[-75.585968,5.7464005],[-75.585942,5.7463819],[-75.5859136,5.7463558],[-75.5858478,5.7462691],[-75.5857102,5.7460585],[-75.5856776,5.7460132],[-75.5856198,5.7459588],[-75.5855493,5.7459031],[-75.5855297,5.7458827],[-75.5854551,5.7457446],[-75.5854218,5.7457001],[-75.5853925,5.7456708],[-75.5853569,5.7456432],[-75.5852339,5.7455592],[-75.5851529,5.7454993],[-75.5850917,5.7454481],[-75.585051,5.7454076],[-75.5848723,5.7451883],[-75.584764,5.7450211],[-75.5847099,5.7449444],[-75.5846457,5.7448455],[-75.5845877,5.7447678],[-75.5845106,5.7446781],[-75.5844584,5.7446261],[-75.5843998,5.7445767],[-75.5843419,5.7445394],[-75.5843136,5.7445268],[-75.5842849,5.7445186],[-75.5842594,5.7445159],[-75.5842379,5.7445172],[-75.584215,5.7445234],[-75.5841925,5.7445347],[-75.5841662,5.7445537],[-75.5841537,5.744568],[-75.5841351,5.7446038],[-75.5841157,5.7446531],[-75.5840675,5.7448166],[-75.5840569,5.7448716],[-75.5840517,5.7449516],[-75.584045,5.7449878],[-75.5840268,5.7450281],[-75.5840149,5.7450428],[-75.5840009,5.7450541],[-75.5839656,5.745072],[-75.5839201,5.745088],[-75.5838273,5.7451079],[-75.5837802,5.7451119],[-75.5836038,5.7451139],[-75.5835238,5.7451203],[-75.583475,5.7451281],[-75.5834383,5.7451383],[-75.5834103,5.7451503],[-75.5833317,5.7452002],[-75.5833258,5.7452191],[-75.583329,5.7453264],[-75.5833451,5.7454412],[-75.5833581,5.7455021],[-75.5833688,5.745542],[-75.5833877,5.7455818],[-75.5834079,5.7456152],[-75.5834537,5.7456779],[-75.5834747,5.7457239],[-75.5834868,5.7457859],[-75.5834791,5.7458397],[-75.5834645,5.7458862],[-75.5834086,5.7460306],[-75.5833679,5.7461215],[-75.5833521,5.7461489],[-75.5833281,5.7461788],[-75.5832798,5.7462303],[-75.5832563,5.7462703],[-75.5832321,5.7463006],[-75.5831494,5.7463706],[-75.5831044,5.7464031],[-75.5831108,5.7463868],[-75.5831751,5.7462943],[-75.5831892,5.7462625],[-75.5831975,5.7462313],[-75.583198,5.7462129],[-75.5831951,5.7461967],[-75.5831821,5.7461712],[-75.5831721,5.7461401],[-75.5831627,5.7460316],[-75.5831473,5.7459607],[-75.58312,5.7458973],[-75.5830867,5.7458439],[-75.5830345,5.7457792],[-75.5829301,5.7456666],[-75.5828974,5.7456222],[-75.5828869,5.7456004],[-75.5828774,5.745569],[-75.5828767,5.7455463],[-75.5828832,5.7455112],[-75.5828826,5.7454987],[-75.5828746,5.7454552],[-75.5828609,5.7454232],[-75.5828508,5.7454058],[-75.5828006,5.7453391],[-75.5827019,5.7452346],[-75.5826959,5.745221],[-75.5826952,5.7452033],[-75.5826976,5.7451841],[-75.582703,5.7451704],[-75.5827733,5.7450797],[-75.5828037,5.7450261],[-75.5828712,5.7448892],[-75.5828833,5.7448542],[-75.5829212,5.7447762],[-75.5829716,5.7446815],[-75.5829956,5.7446507],[-75.583019,5.7446286],[-75.5830638,5.7446026],[-75.5832219,5.7445554],[-75.5832859,5.7445318],[-75.5833051,5.7445186],[-75.5833325,5.7444922],[-75.5833579,5.7444579],[-75.5833671,5.7444364],[-75.5833708,5.7444038],[-75.5833615,5.744336],[-75.5833426,5.744255],[-75.5833318,5.7441513],[-75.5833339,5.7441429],[-75.5833464,5.7441393],[-75.5833821,5.7441495],[-75.5834344,5.7441428],[-75.5834825,5.7441249],[-75.5835238,5.744096],[-75.5835632,5.7440598],[-75.5836038,5.7440136],[-75.5836263,5.7439822],[-75.583682,5.7438927],[-75.5837366,5.743822],[-75.5837873,5.7437726],[-75.5838594,5.7437158],[-75.5839223,5.7436712],[-75.5839859,5.7436318],[-75.5840305,5.7436103],[-75.5840813,5.7435961],[-75.5841378,5.7435945],[-75.5842737,5.7436109],[-75.5843365,5.7436115],[-75.584392,5.7436034],[-75.5845417,5.7435696],[-75.5845925,5.7435658],[-75.5847157,5.7435638],[-75.5847472,5.7435558],[-75.5847709,5.7435462],[-75.5847982,5.7435253],[-75.5848212,5.7434968],[-75.5848264,5.743485],[-75.5848323,5.7434373],[-75.584833,5.7433121],[-75.5848421,5.743267],[-75.5848566,5.7432258],[-75.5848779,5.7431809],[-75.5849031,5.7431405],[-75.584931,5.7431078],[-75.5849584,5.743085],[-75.5849983,5.7430641],[-75.5850242,5.7430575],[-75.5850522,5.7430546],[-75.585101,5.7430566],[-75.5852034,5.7430764],[-75.5852552,5.7430726],[-75.5852778,5.7430633],[-75.5852983,5.7430492],[-75.585378,5.7429699],[-75.5854267,5.7429457],[-75.5855342,5.7429184],[-75.5855806,5.7429033],[-75.5857646,5.7428195],[-75.5858149,5.742805],[-75.5859139,5.7427871],[-75.5859502,5.7427757],[-75.5859858,5.7427602],[-75.5860431,5.7427261],[-75.5861213,5.7426695],[-75.5864085,5.7424324],[-75.5865087,5.7423431],[-75.5865525,5.7423096],[-75.5866694,5.7422371],[-75.5867562,5.742166],[-75.5867987,5.7421351],[-75.5868404,5.7421113],[-75.5869667,5.7420514],[-75.5869941,5.7420345],[-75.5870203,5.7420136],[-75.5870418,5.7419903],[-75.587057,5.741969],[-75.5870695,5.7419461],[-75.5870802,5.7419168],[-75.5870912,5.741854],[-75.587101,5.741744],[-75.5871131,5.7416747],[-75.5871441,5.7415383],[-75.5871789,5.7414207],[-75.587201,5.7413668],[-75.5872239,5.7413215],[-75.5873217,5.7411795],[-75.5873449,5.74114],[-75.5873699,5.7410591],[-75.587377,5.7410266],[-75.5873942,5.7409858],[-75.587396,5.7409754],[-75.5873909,5.7409719],[-75.587382,5.7409715],[-75.5873413,5.7409806],[-75.5872787,5.7409886],[-75.5869709,5.7410103],[-75.5866979,5.7410078],[-75.5866462,5.7410019],[-75.5865973,5.7409921],[-75.5863107,5.7409069],[-75.5862656,5.740898],[-75.5862305,5.7408953],[-75.5862087,5.7408967],[-75.5861856,5.740903],[-75.5861007,5.7409481],[-75.5860852,5.7409533],[-75.5860669,5.7409539],[-75.5860458,5.7409467],[-75.5859904,5.7409077],[-75.5859589,5.7408892],[-75.5858805,5.7408579],[-75.5855398,5.7407682],[-75.585476,5.7407547],[-75.5854167,5.7407474],[-75.5853804,5.7407388],[-75.5853276,5.7407356],[-75.5852734,5.7407442],[-75.5852283,5.7407658],[-75.5851733,5.7408015],[-75.5851294,5.7408365],[-75.5850494,5.7408437],[-75.5850124,5.7408366],[-75.5849798,5.7408204],[-75.5848901,5.7407655],[-75.5848216,5.740708],[-75.5847841,5.7406821],[-75.5847396,5.7406596],[-75.584689,5.740643],[-75.5846306,5.7406342],[-75.5845618,5.7406356],[-75.5845131,5.7406439],[-75.5843998,5.7406723],[-75.5843735,5.7406708],[-75.5843364,5.7406636],[-75.584288,5.7406623],[-75.5842419,5.740655],[-75.5842319,5.7406465],[-75.5842177,5.7405908],[-75.584192,5.7405355],[-75.5841659,5.7404988],[-75.5841288,5.7404546],[-75.5841042,5.7404337],[-75.5840764,5.740416],[-75.5839786,5.740376],[-75.5839397,5.740355],[-75.5838941,5.7403195],[-75.5838585,5.7402783],[-75.5838283,5.740231],[-75.5837712,5.7401259],[-75.5836471,5.7399465],[-75.5836059,5.7398806],[-75.5835316,5.7397191],[-75.583499,5.7396328],[-75.5834819,5.7396004],[-75.5834586,5.7395698],[-75.5834183,5.7395382],[-75.5834007,5.7395291],[-75.5833704,5.7395196],[-75.58331,5.7395134],[-75.5832547,5.7395226],[-75.5831698,5.7395433],[-75.5831281,5.7395452],[-75.5830915,5.7395375],[-75.5830474,5.7395225],[-75.5829688,5.7394845],[-75.5828095,5.73939],[-75.5827546,5.7393607],[-75.5827212,5.7393475],[-75.5826688,5.739334],[-75.5825519,5.7393257],[-75.5823604,5.7393636],[-75.5822901,5.7393626],[-75.5822155,5.7393187],[-75.5821538,5.7392631],[-75.5820127,5.7391654],[-75.5819543,5.7391143],[-75.581944,5.739102],[-75.581948,5.7390963],[-75.5819553,5.7390931],[-75.5819764,5.7390937],[-75.5820387,5.7391116],[-75.5820695,5.7391258],[-75.5821039,5.7391465],[-75.5821513,5.7391837],[-75.5822308,5.7392273],[-75.5822831,5.73925],[-75.5823437,5.7392645],[-75.5823637,5.7392637],[-75.5823921,5.7392566],[-75.5824144,5.7392437],[-75.5824318,5.7392273],[-75.582485,5.7391409],[-75.5825253,5.7391093],[-75.5825523,5.7390818],[-75.5825976,5.7390052],[-75.5826545,5.7389305],[-75.5826829,5.7389099],[-75.5827319,5.7388879],[-75.58276,5.7388592],[-75.5827668,5.7388612],[-75.5828007,5.7388908],[-75.5828354,5.7389058],[-75.5828483,5.7389152],[-75.5829538,5.7390356],[-75.5829937,5.7390771],[-75.5830316,5.7391112],[-75.5830583,5.7391299],[-75.5830897,5.7391398],[-75.5831162,5.7391409],[-75.5831442,5.7391336],[-75.5832433,5.7390789],[-75.5832974,5.7390524],[-75.5833434,5.7390355],[-75.5833739,5.7390288],[-75.5834253,5.7390242],[-75.5835108,5.7390255],[-75.5836161,5.7390395],[-75.583661,5.7390486],[-75.5836869,5.739058],[-75.5837201,5.7390748],[-75.5837684,5.7391197],[-75.5838476,5.7392314],[-75.5839635,5.7394143],[-75.5839843,5.7394433],[-75.5840038,5.7394639],[-75.5840311,5.7394861],[-75.5840615,5.7395059],[-75.5841883,5.7395685],[-75.584233,5.7395959],[-75.5842727,5.739628],[-75.5843699,5.739725],[-75.5844035,5.7397536],[-75.5844368,5.739776],[-75.5844733,5.7397939],[-75.5845204,5.7398073],[-75.5845413,5.7398051],[-75.5845827,5.7397879],[-75.5845939,5.7397864],[-75.584675,5.7398043],[-75.5848405,5.7398075],[-75.5849372,5.7398034],[-75.5850144,5.7397926],[-75.5851247,5.7397685],[-75.585174,5.739751],[-75.5852186,5.7397255],[-75.5852639,5.7397059],[-75.585313,5.7396891],[-75.5853848,5.7396716],[-75.5854189,5.739667],[-75.5854734,5.739666],[-75.58563,5.7396758],[-75.585693,5.7396762],[-75.5857519,5.7396662],[-75.5858003,5.7396463],[-75.5858354,5.7396224],[-75.5858677,5.7395916],[-75.5858998,5.7395516],[-75.585928,5.7395064],[-75.5859363,5.7394886],[-75.5859656,5.7393881],[-75.5859804,5.7393471],[-75.585994,5.7393205],[-75.5860301,5.739269],[-75.5860586,5.739151],[-75.586069,5.7391241],[-75.5860773,5.7391159],[-75.5860868,5.7391153],[-75.5860967,5.7391197],[-75.5862016,5.7391744],[-75.5862807,5.7392193],[-75.5863685,5.7392571],[-75.5864541,5.7392992],[-75.5864862,5.7393106],[-75.586563,5.7393559],[-75.5865997,5.7393732],[-75.5866306,5.7393821],[-75.5866608,5.7393852],[-75.5866937,5.7393815],[-75.5867198,5.7393722],[-75.5867513,5.7393527],[-75.5867905,5.739319],[-75.5869115,5.7391971],[-75.5869763,5.7391258],[-75.5870681,5.7390018],[-75.587145,5.7388795],[-75.5872109,5.7388002],[-75.5872821,5.7387462],[-75.5873575,5.7387083],[-75.5874707,5.7386274],[-75.5875249,5.7385986],[-75.5875305,5.7385909],[-75.5875253,5.7385799],[-75.5874099,5.7384915],[-75.5873044,5.7384168],[-75.5871958,5.738312],[-75.5871713,5.7382961],[-75.5871238,5.738273],[-75.5870968,5.7382644],[-75.5870664,5.7382624],[-75.5870208,5.7382726],[-75.5869396,5.7383014],[-75.5868891,5.7383114],[-75.5867955,5.7383189],[-75.5867602,5.738317],[-75.5867315,5.7383113],[-75.5866829,5.7382912],[-75.5866721,5.7382837],[-75.5866638,5.7382733],[-75.5866424,5.7382319],[-75.586626,5.7381609],[-75.5866136,5.7381253],[-75.5865986,5.7381036],[-75.5865746,5.738082],[-75.5865346,5.7380709],[-75.5864167,5.7380636],[-75.5862975,5.7380531],[-75.5862541,5.7380463],[-75.5862067,5.7380332],[-75.5861615,5.7380094],[-75.5861462,5.7379979],[-75.5861378,5.7379877],[-75.5861147,5.7379396],[-75.5861068,5.7379027],[-75.5860961,5.7377768],[-75.5860883,5.7377533],[-75.5860745,5.7377343],[-75.5860429,5.7377114],[-75.5860069,5.7376996],[-75.5859726,5.7376955],[-75.5858598,5.7376965],[-75.585821,5.7376936],[-75.5857798,5.7376837],[-75.5857595,5.7376755],[-75.5857462,5.7376665],[-75.5857225,5.7376449],[-75.5856983,5.7376154],[-75.5856297,5.737497],[-75.5855527,5.7373901],[-75.5852793,5.7370533],[-75.585237,5.7370054],[-75.5851762,5.7369474],[-75.5851227,5.7369076],[-75.5850446,5.7368672],[-75.5849679,5.7368372],[-75.5849,5.73682],[-75.5848393,5.7368082],[-75.5847759,5.7367999],[-75.5847231,5.7367966],[-75.5846599,5.7367971],[-75.584622,5.7368014],[-75.5845867,5.736811],[-75.5845597,5.736826],[-75.5845349,5.7368548],[-75.5845249,5.7368824],[-75.5845204,5.737021],[-75.5845149,5.7370568],[-75.5845026,5.7370845],[-75.5844869,5.7371054],[-75.5844632,5.7371266],[-75.5844261,5.7371487],[-75.5843361,5.7371929],[-75.5842922,5.737227],[-75.5842557,5.7372629],[-75.5842062,5.7373212],[-75.5841765,5.7373627],[-75.5841518,5.7374074],[-75.5841372,5.7374601],[-75.5841204,5.737502],[-75.5841114,5.7375138],[-75.5840988,5.7375147],[-75.5840432,5.7374813],[-75.5839533,5.7374444],[-75.5838711,5.7374042],[-75.5838213,5.7373687],[-75.583776,5.7373106],[-75.5836576,5.7371853],[-75.5836151,5.7371453],[-75.5835868,5.7371244],[-75.583558,5.7371078],[-75.5834698,5.7370743],[-75.5834438,5.7370546],[-75.5834348,5.7370408],[-75.5834295,5.7370115],[-75.5834328,5.7369858],[-75.5835027,5.7368084],[-75.5835239,5.7367329],[-75.5835391,5.736641],[-75.5835381,5.7365849],[-75.5835304,5.7365544],[-75.5835114,5.7365195],[-75.5834931,5.7364973],[-75.5834485,5.7364559],[-75.583403,5.7363837],[-75.5833894,5.7363433],[-75.5833829,5.7362654],[-75.5833718,5.736212],[-75.5833587,5.736183],[-75.5833289,5.7361408],[-75.5832943,5.7361247],[-75.5832488,5.7361133],[-75.5832115,5.7361103],[-75.5831747,5.736112],[-75.5831132,5.7361244],[-75.5829917,5.7361628],[-75.5828771,5.7361947],[-75.5828034,5.7362071],[-75.5827333,5.7362126],[-75.582676,5.7362099],[-75.5826091,5.736197],[-75.5825587,5.7361797],[-75.5824801,5.7361409],[-75.5824686,5.7361301],[-75.5824182,5.7360384],[-75.5823987,5.7359961],[-75.5823853,5.7359503],[-75.5823827,5.7359016],[-75.5823938,5.7358373],[-75.5823966,5.7357818],[-75.5823859,5.7357191],[-75.5823778,5.7357034],[-75.5823617,5.7356926],[-75.5823332,5.7356814],[-75.5823018,5.7356631],[-75.5822598,5.7356566],[-75.582234,5.7356574],[-75.5822164,5.7356544],[-75.582133,5.7356298],[-75.5821033,5.7356183],[-75.5820783,5.7356061],[-75.5820074,5.7355599],[-75.5818352,5.7354616],[-75.5817621,5.7354085],[-75.5816325,5.7352805],[-75.5814133,5.7350892],[-75.5813696,5.7350557],[-75.5812761,5.7349917],[-75.5811659,5.7349303],[-75.5811097,5.7348871],[-75.58101,5.7347763],[-75.5809992,5.7347772],[-75.5809309,5.7348029],[-75.5808875,5.7348145],[-75.5808355,5.7348201],[-75.5806865,5.7348216],[-75.5806511,5.7348299],[-75.5806247,5.7348463],[-75.5805967,5.7348781],[-75.5805886,5.734896],[-75.5805831,5.7349194],[-75.5805942,5.7349998],[-75.5806126,5.7350721],[-75.5806168,5.7351184],[-75.5806139,5.7352029],[-75.5805978,5.7352783],[-75.5805904,5.7352815],[-75.5805826,5.735279],[-75.5805331,5.7352391],[-75.5805016,5.7352236],[-75.580469,5.7352165],[-75.5803784,5.7352082],[-75.5803504,5.73521],[-75.5803106,5.7352179],[-75.5802554,5.7352213],[-75.5802205,5.7352376],[-75.5801712,5.7352689],[-75.5801309,5.7353015],[-75.5800875,5.7353564],[-75.580003,5.7354898],[-75.5799198,5.7356136],[-75.5798137,5.7357685],[-75.5797779,5.7358143],[-75.5797293,5.7358648],[-75.5797092,5.7358816],[-75.5796689,5.7359062],[-75.5795969,5.7359432],[-75.5795491,5.7359754],[-75.5795075,5.7360232],[-75.5794784,5.7360665],[-75.5794309,5.736128],[-75.5794179,5.7361407],[-75.5794075,5.7361447],[-75.5793992,5.7361394],[-75.5793683,5.7360968],[-75.5793209,5.7360188],[-75.5792906,5.7359409],[-75.5792656,5.7359024],[-75.5792135,5.7358502],[-75.5791188,5.7357641],[-75.5790754,5.735731],[-75.5790268,5.7357025],[-75.5789695,5.7356798],[-75.5789134,5.7356674],[-75.5788755,5.7356625],[-75.5787824,5.7356592],[-75.5787135,5.7356536],[-75.5786471,5.7356415],[-75.578595,5.7356276],[-75.5785038,5.7355921],[-75.5784489,5.735578],[-75.5783598,5.7355765],[-75.5782066,5.7355858],[-75.5781756,5.7355837],[-75.5781386,5.735575],[-75.578115,5.7355615],[-75.5780869,5.7355357],[-75.5780625,5.7355062],[-75.578005,5.7354232],[-75.5779827,5.7353958],[-75.5779502,5.7353654],[-75.577906,5.7353328],[-75.5778302,5.735299],[-75.5776802,5.7352435],[-75.5775538,5.7352206],[-75.5775513,5.7352136],[-75.57756,5.7351727],[-75.5775629,5.7351396],[-75.5775557,5.7351071],[-75.5775488,5.735047],[-75.5775402,5.7350016],[-75.5774928,5.7348464],[-75.5774481,5.7347369],[-75.5774234,5.7346941],[-75.5773513,5.734608],[-75.5773011,5.7345589],[-75.5771904,5.7344619],[-75.5771564,5.7344285],[-75.5771298,5.734396],[-75.577098,5.7343466],[-75.5770791,5.7343109],[-75.5770179,5.7341605],[-75.5769895,5.7341069],[-75.576947,5.7340406],[-75.5768134,5.7339022],[-75.5766816,5.7337322],[-75.5766129,5.733656],[-75.5765118,5.7335539],[-75.5764257,5.7334864],[-75.5763904,5.7334541],[-75.5763446,5.733405],[-75.5762858,5.7333328],[-75.5762547,5.7333006],[-75.5762227,5.7332736],[-75.5761982,5.7332584],[-75.5761854,5.7332584],[-75.5761589,5.7332707],[-75.5761152,5.7332713],[-75.5760782,5.7332828],[-75.5760684,5.73328],[-75.5760465,5.7332652],[-75.5760087,5.7332685],[-75.575969,5.7332673],[-75.5759367,5.7332595],[-75.5759282,5.733264],[-75.5759175,5.7332787],[-75.575912,5.7332815],[-75.5758346,5.7332912],[-75.575766,5.7333173],[-75.575712,5.7333317],[-75.5755951,5.7333727],[-75.5755352,5.7333892],[-75.5754903,5.733398],[-75.5753839,5.7334004],[-75.575312,5.7333848],[-75.57527,5.7333695],[-75.5751634,5.7333195],[-75.5750711,5.7332799],[-75.5750172,5.7332522],[-75.5749604,5.7332104],[-75.5748561,5.7331247],[-75.5746261,5.7329255],[-75.5745354,5.7328626],[-75.5744083,5.7327879],[-75.5743095,5.7327368],[-75.5742591,5.7327194],[-75.5742148,5.732716],[-75.5741646,5.7327268],[-75.5740805,5.732756],[-75.5740317,5.7327678],[-75.5738883,5.7327752],[-75.5738042,5.7327908],[-75.5737289,5.7328259],[-75.5735936,5.7329144],[-75.573576,5.7329225],[-75.5735309,5.7329337],[-75.5734937,5.7329362],[-75.5734717,5.7329349],[-75.5733542,5.7329126],[-75.5733139,5.7329077],[-75.5732655,5.7329061],[-75.5732185,5.7329092],[-75.5731523,5.732925],[-75.5730199,5.7329678],[-75.57288,5.7330027],[-75.5728361,5.7330183],[-75.5727605,5.7330522],[-75.572695,5.7330771],[-75.5726118,5.7330986],[-75.5725386,5.7331102],[-75.5723964,5.7331067],[-75.5723318,5.7331089],[-75.5722936,5.733114],[-75.5722495,5.7331253],[-75.5722272,5.7331356],[-75.5722063,5.7331503],[-75.572186,5.7331746],[-75.5721554,5.7331983],[-75.5721274,5.7332249],[-75.5720909,5.7332673],[-75.5720301,5.7333708],[-75.5719962,5.7334442],[-75.5719425,5.7335463],[-75.5719349,5.7335562],[-75.5719264,5.733558],[-75.5719077,5.7335348],[-75.5718854,5.7334934],[-75.571791,5.7332796],[-75.5717716,5.7332226],[-75.5717548,5.7331429],[-75.5717512,5.7330673],[-75.5717392,5.7330011],[-75.5717357,5.7329624],[-75.5717347,5.7328452],[-75.5717592,5.7327013],[-75.5717714,5.7326041],[-75.5717875,5.7325277],[-75.5717985,5.732495],[-75.571812,5.7324676],[-75.5718407,5.7324273],[-75.5719161,5.7323421],[-75.5719812,5.7322509],[-75.5719988,5.7322336],[-75.5720423,5.7322048],[-75.5721194,5.7321639],[-75.5721463,5.7321454],[-75.5721872,5.7321046],[-75.5722319,5.7320497],[-75.572236,5.7320385],[-75.5722202,5.7319194],[-75.5722144,5.7319039],[-75.5721995,5.7318865],[-75.572141,5.7318364],[-75.5721119,5.7318156],[-75.5719823,5.7317553],[-75.5719185,5.731739],[-75.5717846,5.7317184],[-75.5715668,5.7316755],[-75.5715038,5.7316587],[-75.5714996,5.7316541],[-75.5714978,5.7316462],[-75.5715111,5.7315729],[-75.5715138,5.731498],[-75.571507,5.7314514],[-75.5714971,5.7314247],[-75.5714856,5.7314037],[-75.5714397,5.7313465],[-75.5713828,5.7312861],[-75.5712836,5.7311955],[-75.5711934,5.7311277],[-75.5711428,5.7311027],[-75.571096,5.7310883],[-75.5709039,5.7310581],[-75.5708044,5.7310498],[-75.5706363,5.7310428],[-75.5705681,5.731035],[-75.5704656,5.7310149],[-75.5702441,5.7309627],[-75.5701648,5.7309486],[-75.5700661,5.7309389],[-75.5698841,5.73093],[-75.5697971,5.7309188],[-75.5695682,5.7308622],[-75.5693658,5.7308054],[-75.56925,5.7307798],[-75.5692166,5.730775],[-75.5691708,5.7307735],[-75.569158,5.7307699],[-75.569118,5.7307416],[-75.5690457,5.7306692],[-75.568998,5.7306267],[-75.5689363,5.7305803],[-75.5688614,5.7305374],[-75.5686916,5.7304644],[-75.5686444,5.7304347],[-75.5685992,5.7303988],[-75.5685608,5.7303603],[-75.5685191,5.7303113],[-75.5684885,5.7302659],[-75.5684419,5.7301853],[-75.5683754,5.7300883],[-75.5683359,5.7300384],[-75.568309,5.7299971],[-75.5682809,5.7299709],[-75.5682687,5.729952],[-75.5682461,5.7299286],[-75.5682225,5.7298983],[-75.5681358,5.7298094],[-75.5681045,5.7297866],[-75.568076,5.72977],[-75.5680464,5.7297582],[-75.5680267,5.7297526],[-75.5679922,5.7297485]]},"properties":{"OBJECTID":135,"CNIdentif":"053906001135","CNAltura":775,"CNTipo":1,"RuleID":1}},{"type":"Feature","id":137,"geometry":{"type":"LineString","coordinates":[[-75.6064874,5.7982088],[-75.6064896,5.7981996],[-75.6065039,5.7981931],[-75.6065132,5.7981985],[-75.6065165,5.7982136],[-75.6065114,5.7982231],[-75.6065027,5.7982266],[-75.6064925,5.7982198],[-75.6064874,5.7982088]]},"properties":{"OBJECTID":137,"CNIdentif":"053906001137","CNAltura":775,"CNTipo":1,"RuleID":1}},{"type":"Feature","id":138,"geometry":{"type":"LineString","coordinates":[[-75.6076268,5.797191],[-75.607634,5.7971928],[-75.6076386,5.7972063],[-75.607674,5.7972432],[-75.607684,5.7972513],[-75.6077012,5.7972594],[-75.6077066,5.7972584],[-75.6077119,5.7972476],[-75.6077092,5.7972349],[-75.6077118,5.7972186],[-75.6077181,5.7972123],[-75.6077352,5.7972086],[-75.6077894,5.7972083],[-75.6078047,5.797211],[-75.6078138,5.79722],[-75.6078202,5.7972407],[-75.6078347,5.7972443],[-75.6078699,5.797245],[-75.6078771,5.7972468],[-75.6078862,5.7972558],[-75.607889,5.7972711],[-75.6078854,5.7972883],[-75.6078396,5.7973365],[-75.6078387,5.7973419],[-75.6078469,5.79735],[-75.6078596,5.7973554],[-75.6078695,5.7973635],[-75.6079693,5.7974624],[-75.6079775,5.7974723],[-75.6079957,5.7975084],[-75.6079985,5.7975238],[-75.6079982,5.7976594],[-75.6079875,5.7977047],[-75.6079562,5.7977681],[-75.6079393,5.7978134],[-75.6079377,5.7978486],[-75.6079395,5.7978559],[-75.6079477,5.7978658],[-75.6079576,5.7978739],[-75.6079757,5.7978819],[-75.6079829,5.7978819],[-75.6080091,5.7978727],[-75.6080271,5.7978582],[-75.6080513,5.7978309],[-75.6080692,5.7978037],[-75.6080925,5.7977584],[-75.608167,5.7976677],[-75.6081857,5.7976133],[-75.6081883,5.7975952],[-75.6081879,5.7974867],[-75.6081759,5.7974353],[-75.6081667,5.7974082],[-75.608154,5.7973847],[-75.6081485,5.7973631],[-75.6081175,5.7973035],[-75.608112,5.7972819],[-75.6080901,5.7972404],[-75.6080846,5.7972187],[-75.6080445,5.7971411],[-75.6080418,5.7971258],[-75.6080443,5.7970896],[-75.6080631,5.7970443],[-75.6080864,5.797018],[-75.6081134,5.7970016],[-75.6081765,5.7969787],[-75.6082026,5.7969614],[-75.6082098,5.7969532],[-75.6082187,5.7969351],[-75.6082213,5.796917],[-75.6082185,5.7968926],[-75.6081732,5.7968476],[-75.6080882,5.7968245],[-75.6080104,5.7967941],[-75.6079779,5.7967907],[-75.6079653,5.7967853],[-75.6079341,5.7967805],[-75.6079074,5.7967723],[-75.6078752,5.796755],[-75.607869,5.7967543],[-75.6078657,5.7967642],[-75.6078657,5.7968229],[-75.6078712,5.7968386],[-75.6078845,5.7968598],[-75.6078869,5.7968736],[-75.6078883,5.7971265],[-75.6078848,5.7971437],[-75.607874,5.7971564],[-75.6078669,5.7971799],[-75.6078606,5.7971863],[-75.6078435,5.79719],[-75.6077442,5.7971904],[-75.6077288,5.7971878],[-75.6077206,5.7971796],[-75.6077185,5.7971701],[-75.6077153,5.7971028],[-75.6077123,5.7970943],[-75.6076958,5.7970759],[-75.6076696,5.7970615],[-75.6076642,5.7970661],[-75.6076382,5.7971186],[-75.6076276,5.7971548],[-75.6076268,5.797191]]},"properties":{"OBJECTID":138,"CNIdentif":"053906001138","CNAltura":775,"CNTipo":1,"RuleID":1}},{"type":"Feature","id":141,"geometry":{"type":"LineString","coordinates":[[-75.5930952,5.8015755],[-75.5931282,5.8015531],[-75.5931374,5.8015334],[-75.5931506,5.8015165],[-75.5931477,5.8015083],[-75.5931387,5.801498],[-75.5931617,5.8014945],[-75.5931733,5.8015001],[-75.593181,5.8015],[-75.5932043,5.8014784],[-75.5932281,5.8014466],[-75.5932527,5.8013985],[-75.5932877,5.801343],[-75.5933236,5.8012936],[-75.5933469,5.8012527],[-75.5933564,5.8012226],[-75.5933557,5.8011696],[-75.5933461,5.8011346],[-75.593336,5.8011134],[-75.5933189,5.8010844],[-75.5932996,5.8010596],[-75.593277,5.8010367],[-75.5932322,5.8010004],[-75.5932027,5.8009837],[-75.5931828,5.8009593],[-75.5930629,5.800858],[-75.5930408,5.8008348],[-75.5930217,5.8008083],[-75.5930055,5.8007751],[-75.592999,5.8007471],[-75.5929999,5.8007237],[-75.5930084,5.8006743],[-75.5930057,5.8006437],[-75.5929922,5.800606],[-75.5929641,5.8005541],[-75.5929564,5.8005196],[-75.5929637,5.8005102],[-75.592991,5.800495],[-75.5930766,5.8004628],[-75.5932587,5.8004231],[-75.5933147,5.8004185],[-75.5933516,5.8004051],[-75.5933772,5.8003871],[-75.5934018,5.8003578],[-75.5934234,5.800312],[-75.5934514,5.800272],[-75.5934602,5.800248],[-75.5934761,5.8002463],[-75.5935051,5.8002608],[-75.5935311,5.8002941],[-75.5935497,5.8003297],[-75.5935908,5.8004245],[-75.5936318,5.8005012],[-75.5936598,5.8005363],[-75.593698,5.8005701],[-75.5937422,5.8006797],[-75.5937698,5.8007194],[-75.5938018,5.8007522],[-75.5938485,5.8007905],[-75.5938912,5.8008196],[-75.5939349,5.8008345],[-75.5939843,5.800859],[-75.5940329,5.8008708],[-75.5942114,5.8009416],[-75.5942731,5.8009757],[-75.594319,5.8010146],[-75.5943373,5.8010415],[-75.5943649,5.8010732],[-75.5943933,5.8011342],[-75.5944386,5.801257],[-75.5944836,5.8014263],[-75.5944993,5.8014635],[-75.5945118,5.8014784],[-75.59453,5.8014914],[-75.5946185,5.8015193],[-75.5946455,5.8015382],[-75.5946615,5.801563],[-75.5946656,5.8016239],[-75.5946744,5.8016456],[-75.5946848,5.801662],[-75.5947207,5.8016984],[-75.594828,5.8017858],[-75.5948569,5.8018191],[-75.5948686,5.8018432],[-75.5948715,5.8018643],[-75.5948674,5.8019069],[-75.5948403,5.8020483],[-75.5948429,5.8021143],[-75.5948531,5.8021953],[-75.5948709,5.8022725],[-75.5949133,5.8023892],[-75.5949288,5.8024741],[-75.5949593,5.8025245],[-75.5949907,5.8025561],[-75.5950519,5.8026022],[-75.5951069,5.8026376],[-75.5951444,5.8026549],[-75.5952072,5.8026727],[-75.5952888,5.8026776],[-75.5955067,5.8026564],[-75.5955645,5.8026577],[-75.5956219,5.8026712],[-75.595671,5.8026901],[-75.5957107,5.8027142],[-75.5958004,5.8027779],[-75.5958361,5.8027962],[-75.5958662,5.8028055],[-75.5959256,5.8028141],[-75.5959814,5.8028161],[-75.5960449,5.8028153],[-75.5961234,5.8028034],[-75.596134,5.802804],[-75.5961543,5.8028115],[-75.5961618,5.8028161],[-75.5961715,5.8028293],[-75.596187,5.8028652],[-75.5961979,5.8029251],[-75.5962078,5.8029509],[-75.5962257,5.8029788],[-75.5962557,5.8030118],[-75.5964615,5.8031462],[-75.5965373,5.8031909],[-75.5966284,5.8032354],[-75.5967301,5.80327],[-75.596858,5.8033035],[-75.5969542,5.8033184],[-75.5970178,5.8033251],[-75.5972185,5.8033062],[-75.5973976,5.8032803],[-75.5974477,5.8032873],[-75.5974745,5.803381],[-75.5974855,5.8033854],[-75.5975795,5.8034022],[-75.5975908,5.8034028],[-75.5976141,5.8033958],[-75.5976205,5.803399],[-75.597632,5.8034519],[-75.5976297,5.8035209],[-75.5976356,5.8035663],[-75.597672,5.8036747],[-75.5977029,5.8037558],[-75.5977349,5.8038254],[-75.5977888,5.8039112],[-75.5978458,5.8040206],[-75.5979464,5.8042325],[-75.5979829,5.8043228],[-75.5980109,5.8043624],[-75.5980301,5.8043784],[-75.5980849,5.8044109],[-75.5981483,5.8044591],[-75.5982017,5.8044866],[-75.5982533,5.8045006],[-75.5983228,5.8045055],[-75.5983993,5.804523],[-75.5984347,5.8045339],[-75.5984717,5.8045505],[-75.5984951,5.8045643],[-75.5985252,5.8045876],[-75.5986016,5.8046694],[-75.5986695,5.8047237],[-75.5987094,5.8047456],[-75.5988371,5.8047952],[-75.5989077,5.8048356],[-75.5989416,5.8048485],[-75.5989773,5.804849],[-75.5989972,5.8048443],[-75.5990135,5.8048356],[-75.5990402,5.8048102],[-75.5990919,5.8047445],[-75.5991136,5.8047217],[-75.5991451,5.8046995],[-75.5991788,5.8046871],[-75.5992026,5.8046844],[-75.5992368,5.8046874],[-75.5993389,5.8047146],[-75.5994283,5.8047292],[-75.599502,5.8047247],[-75.5995406,5.804713],[-75.5995779,5.8046954],[-75.5996454,5.804646],[-75.5997164,5.8046065],[-75.5997515,5.804572],[-75.5997731,5.8045238],[-75.5998189,5.8043695],[-75.5998387,5.8043338],[-75.5998512,5.8043194],[-75.599864,5.8043117],[-75.5998814,5.8043123],[-75.5998955,5.8043239],[-75.5999214,5.8043944],[-75.5999357,5.8044146],[-75.6000121,5.8044576],[-75.6000789,5.8044843],[-75.6001432,5.8045315],[-75.6001742,5.8045476],[-75.6002013,5.8045502],[-75.6002397,5.8045448],[-75.6003267,5.8045233],[-75.6003716,5.8045047],[-75.6004271,5.8044671],[-75.6004645,5.8044325],[-75.6004896,5.8044036],[-75.6005195,5.8043569],[-75.6005703,5.8042484],[-75.6005902,5.8042244],[-75.6006223,5.8041936],[-75.6006485,5.8041743],[-75.6007523,5.804113],[-75.6008175,5.8040454],[-75.6008357,5.8040173],[-75.6008484,5.8039658],[-75.600877,5.8038756],[-75.6008872,5.803852],[-75.6008942,5.8038477],[-75.6009188,5.8038532],[-75.6009235,5.8038569],[-75.6009442,5.8039719],[-75.6009547,5.8040116],[-75.600969,5.8040525],[-75.6009987,5.8041078],[-75.6010238,5.8041648],[-75.6010792,5.8042399],[-75.6011767,5.804361],[-75.6012094,5.8043951],[-75.6012408,5.8044224],[-75.6012501,5.8044358],[-75.6012594,5.804441],[-75.6012961,5.8044391],[-75.601439,5.8043868],[-75.6014683,5.8043816],[-75.6015091,5.8043821],[-75.6015157,5.8043853],[-75.6015297,5.8044077],[-75.6015595,5.8044857],[-75.6015764,5.8045194],[-75.6015861,5.8045319],[-75.6015991,5.8045414],[-75.6016297,5.804551],[-75.6016708,5.8045555],[-75.6016976,5.8045488],[-75.6017713,5.8044886],[-75.6017828,5.8044835],[-75.6018513,5.8044819],[-75.6020106,5.8044962],[-75.602052,5.8044957],[-75.6021093,5.8044859],[-75.6021763,5.8044666],[-75.6022168,5.8044481],[-75.6022398,5.8044306],[-75.6022726,5.8043903],[-75.6022805,5.8043728],[-75.6022885,5.8043399],[-75.6022903,5.8042955],[-75.6022815,5.8041554],[-75.6022798,5.8040335],[-75.6022827,5.8040095],[-75.602295,5.8039774],[-75.6023138,5.803983],[-75.6024127,5.8039742],[-75.602519,5.8039782],[-75.6025873,5.8039763],[-75.6026631,5.803968],[-75.6027913,5.8039426],[-75.6029461,5.8039697],[-75.6030087,5.8039711],[-75.6030693,5.8039668],[-75.6031141,5.8039568],[-75.603131,5.8039502],[-75.6031984,5.8039207],[-75.6033462,5.8038458],[-75.6033788,5.8038321],[-75.6034155,5.8038208],[-75.6034608,5.8038117],[-75.6035174,5.8038066],[-75.603609,5.803804],[-75.603672,5.803795],[-75.6037025,5.8037999],[-75.6037061,5.8037916],[-75.6037072,5.8037723],[-75.6037213,5.8037463],[-75.6037031,5.8037324],[-75.6036701,5.8036918],[-75.6036558,5.8036179],[-75.6036602,5.8036089],[-75.6036937,5.8035786],[-75.6037075,5.8035767],[-75.6037247,5.8035878],[-75.6037384,5.8035918],[-75.60374,5.8035749],[-75.6037293,5.8035502],[-75.6037118,5.8035223],[-75.6036736,5.8034716],[-75.6036514,5.803448],[-75.603617,5.80342],[-75.6035222,5.8033655],[-75.6034805,5.8033344],[-75.6032469,5.8031402],[-75.603231,5.8031192],[-75.6032118,5.8030852],[-75.603173,5.8029923],[-75.6031334,5.8029173],[-75.6031031,5.8028396],[-75.6030933,5.8028227],[-75.6030759,5.8028034],[-75.6030621,5.8027951],[-75.6030387,5.8027882],[-75.6029633,5.8027855],[-75.6029238,5.8027723],[-75.6029044,5.8027829],[-75.6028947,5.8027825],[-75.6028953,5.8027728],[-75.6029044,5.8027558],[-75.6028982,5.8027191],[-75.6028975,5.8025111],[-75.6028935,5.8024749],[-75.6028849,5.8024506],[-75.6028759,5.802438],[-75.6028646,5.8024277],[-75.6028469,5.8024188],[-75.6028029,5.8024171],[-75.602697,5.8024208],[-75.6026223,5.8024182],[-75.6025799,5.8024114],[-75.6025355,5.8023953],[-75.6025051,5.8023769],[-75.6024782,5.8023542],[-75.6024522,5.802325],[-75.6024328,5.8022956],[-75.6024236,5.8022777],[-75.6024186,5.8022598],[-75.6024141,5.8022333],[-75.6024138,5.8022042],[-75.6024215,5.8021229],[-75.6024413,5.8020519],[-75.6024663,5.8019975],[-75.6024915,5.8019717],[-75.6024988,5.8019535],[-75.6025063,5.8019502],[-75.602512,5.8019521],[-75.6025228,5.8019631],[-75.6025345,5.8019659],[-75.6026718,5.8019621],[-75.6027049,5.8019673],[-75.6027422,5.8019781],[-75.6029017,5.8020432],[-75.6029122,5.8020504],[-75.602935,5.8020596],[-75.6030511,5.8021477],[-75.6031222,5.8021931],[-75.6031691,5.8022193],[-75.6031818,5.8022215],[-75.6032098,5.802201],[-75.6032094,5.8021765],[-75.6032025,5.802153],[-75.6031938,5.8020893],[-75.6031948,5.8020118],[-75.6031896,5.8019241],[-75.6031786,5.8018657],[-75.6031703,5.801841],[-75.6031619,5.8018262],[-75.603141,5.8018129],[-75.6031243,5.8018116],[-75.6031079,5.8018156],[-75.6030406,5.8018534],[-75.6029719,5.8019002],[-75.6029491,5.8019108],[-75.6029419,5.8019089],[-75.6029281,5.8018897],[-75.6029167,5.801885],[-75.602899,5.8018846],[-75.6028728,5.8018928],[-75.6028486,5.8018702],[-75.6028362,5.8018482],[-75.6028229,5.8017968],[-75.6028179,5.8017396],[-75.6028116,5.801703],[-75.6028033,5.8016802],[-75.6027918,5.8016664],[-75.6027891,5.8016481],[-75.6027424,5.8016016],[-75.6026921,5.8015803],[-75.6026634,5.8015625],[-75.6026662,5.8015346],[-75.6027276,5.8015004],[-75.6027633,5.8014588],[-75.6027752,5.8014513],[-75.6028484,5.8014124],[-75.6029104,5.8013874],[-75.6029605,5.8013705],[-75.6029939,5.8013643],[-75.6030641,5.8013582],[-75.603176,5.8013605],[-75.6032774,5.8013458],[-75.6033042,5.8013374],[-75.6033309,5.8013239],[-75.6033532,5.8013061],[-75.6033692,5.8012875],[-75.6033948,5.8012254],[-75.6034187,5.8010557],[-75.6034311,5.8009993],[-75.6034493,5.8009358],[-75.6034595,5.8008718],[-75.6034599,5.8008354],[-75.6034547,5.8007768],[-75.6034472,5.8007469],[-75.6033956,5.8006685],[-75.603336,5.8005926],[-75.6033314,5.8005787],[-75.6033345,5.8005648],[-75.6033426,5.8005549],[-75.6033987,5.8005143],[-75.6034324,5.8004842],[-75.6034882,5.8003969],[-75.6035067,5.8003562],[-75.6035236,5.8003293],[-75.603642,5.8001889],[-75.6036502,5.8001746],[-75.6036548,5.8001567],[-75.6036566,5.8001013],[-75.6036597,5.8000932],[-75.6036773,5.8000707],[-75.6036893,5.8000641],[-75.6037355,5.8000617],[-75.6037631,5.8000566],[-75.6037887,5.8000454],[-75.6038154,5.8000275],[-75.6039594,5.799883],[-75.6040223,5.7998104],[-75.6040654,5.7997536],[-75.6041143,5.7996703],[-75.6041311,5.79963],[-75.6041559,5.7995271],[-75.6041679,5.79938],[-75.6041757,5.7993491],[-75.604192,5.7993045],[-75.6042062,5.7992771],[-75.6042261,5.7992487],[-75.6043117,5.7991617],[-75.6043316,5.7991364],[-75.6043418,5.7991192],[-75.6043565,5.7990764],[-75.6043603,5.7990243],[-75.6043528,5.798974],[-75.60434,5.7989371],[-75.6043088,5.7988783],[-75.6042988,5.7988655],[-75.6042736,5.7988452],[-75.6041996,5.7988023],[-75.604146,5.7987834],[-75.604123,5.7987797],[-75.6041291,5.7987383],[-75.6041248,5.798718],[-75.6041175,5.7987039],[-75.6041046,5.7987052],[-75.6040288,5.7987548],[-75.6040114,5.7987758],[-75.6040054,5.7987898],[-75.6040053,5.7987989],[-75.6039963,5.7988051],[-75.6039418,5.7988138],[-75.6039062,5.7988127],[-75.603853,5.7988011],[-75.6037973,5.7987964],[-75.603707,5.7987732],[-75.6036552,5.7987562],[-75.603529,5.7987023],[-75.6035183,5.7986917],[-75.6034964,5.7986823],[-75.6034926,5.7986664],[-75.6034931,5.7986569],[-75.6034972,5.7986488],[-75.6035354,5.7986368],[-75.6035707,5.7986018],[-75.6036529,5.798586],[-75.6037063,5.7985646],[-75.603743,5.7985431],[-75.6037678,5.7985221],[-75.6037902,5.7984983],[-75.6038214,5.7984593],[-75.603845,5.7984247],[-75.6038764,5.7983515],[-75.6039218,5.7982028],[-75.6039466,5.7981111],[-75.6039744,5.7979852],[-75.6040012,5.797881],[-75.6040378,5.7978089],[-75.6040622,5.7977683],[-75.6041316,5.7976687],[-75.6041722,5.7975956],[-75.6042131,5.7975043],[-75.6042331,5.7974264],[-75.6042336,5.7973782],[-75.6042157,5.7973089],[-75.6041992,5.7972764],[-75.6041645,5.7972299],[-75.6041167,5.7971786],[-75.6040408,5.7971098],[-75.6039649,5.7970603],[-75.6038871,5.7970288],[-75.6038781,5.7970203],[-75.6038738,5.7970099],[-75.6038774,5.7969721],[-75.6039163,5.7968343],[-75.6039477,5.7966507],[-75.603981,5.7965164],[-75.6040215,5.7963007],[-75.6040257,5.7962172],[-75.6040205,5.7961159],[-75.6040095,5.7960488],[-75.6039904,5.7959859],[-75.6039647,5.7959293],[-75.6039349,5.7958868],[-75.6039003,5.7958493],[-75.6038541,5.7958093],[-75.6038182,5.7957602],[-75.6037932,5.795735],[-75.6037841,5.7957397],[-75.6037645,5.7957638],[-75.6037483,5.7957717],[-75.6036933,5.7957676],[-75.6035946,5.7957538],[-75.6035847,5.7957464],[-75.6035952,5.795723],[-75.6036166,5.7956997],[-75.6036811,5.795655],[-75.6037014,5.7956372],[-75.6037204,5.795626],[-75.6037196,5.7956141],[-75.6037019,5.7955579],[-75.6037001,5.7955301],[-75.6037101,5.7954731],[-75.6037291,5.7954329],[-75.6037546,5.7954047],[-75.603833,5.7953479],[-75.6038758,5.7953092],[-75.6039182,5.7952549],[-75.6039436,5.7952099],[-75.6039794,5.7951194],[-75.6040343,5.7949532],[-75.6040661,5.7948106],[-75.6040681,5.7947567],[-75.6040632,5.7947213],[-75.6040499,5.7946795],[-75.60404,5.7946586],[-75.604021,5.7946323],[-75.6039901,5.7946044],[-75.6039586,5.7945863],[-75.6039181,5.7945683],[-75.6037174,5.7944857],[-75.6036369,5.7944399],[-75.6035926,5.7944109],[-75.6035135,5.7943515],[-75.6035057,5.7943506],[-75.603501,5.7943531],[-75.6034842,5.7943716],[-75.603469,5.7943794],[-75.6034046,5.7943822],[-75.6033648,5.7943888],[-75.6033594,5.7943802],[-75.6033614,5.7943476],[-75.6033642,5.794341],[-75.6033797,5.7943263],[-75.6033814,5.7943146],[-75.6033793,5.794309],[-75.6032934,5.7943054],[-75.6032604,5.7942995],[-75.6032115,5.7942977],[-75.6031921,5.7942905],[-75.6031254,5.7942821],[-75.6031041,5.7942827],[-75.603067,5.7942913],[-75.6030325,5.7943058],[-75.6029833,5.7943364],[-75.6029403,5.7943725],[-75.6029144,5.7944],[-75.6029013,5.7944193],[-75.6028915,5.7944406],[-75.6028865,5.7944744],[-75.6028837,5.7945534],[-75.6028707,5.7946004],[-75.6028368,5.7946579],[-75.6028078,5.7946903],[-75.6027846,5.7947115],[-75.602759,5.7947269],[-75.6027331,5.7947288],[-75.6026782,5.7947217],[-75.6026302,5.7947089],[-75.6024648,5.7946473],[-75.6023433,5.7946067],[-75.6023037,5.7945873],[-75.6022807,5.79457],[-75.602261,5.7945494],[-75.6022259,5.7945029],[-75.6021787,5.7944329],[-75.6021534,5.7943895],[-75.6021395,5.7943454],[-75.6021183,5.7942974],[-75.6020977,5.7942381],[-75.602088,5.7941886],[-75.6020599,5.7941444],[-75.6020297,5.7940884],[-75.6020113,5.7940616],[-75.60195,5.7940008],[-75.6019325,5.7939878],[-75.601897,5.7939789],[-75.6018346,5.7939721],[-75.6017879,5.7939556],[-75.6017874,5.7939451],[-75.6017989,5.7939321],[-75.60183,5.7939092],[-75.6018578,5.7938933],[-75.6019404,5.7938817],[-75.6019488,5.7938829],[-75.6019602,5.79389],[-75.6019652,5.7938886],[-75.6020233,5.7938304],[-75.6021466,5.7936827],[-75.6021721,5.7936643],[-75.6022345,5.7936356],[-75.6022606,5.7936255],[-75.6023293,5.7936079],[-75.6023827,5.7935982],[-75.6024293,5.7935927],[-75.6024421,5.7936036],[-75.6024498,5.7936052],[-75.602478,5.7935814],[-75.6024836,5.7935804],[-75.602496,5.7935892],[-75.6025024,5.7935906],[-75.6025278,5.7935705],[-75.6025579,5.7935615],[-75.6026999,5.793556],[-75.6027685,5.7935439],[-75.602793,5.793532],[-75.6028092,5.793515],[-75.6028274,5.7934796],[-75.6028972,5.7933884],[-75.6029021,5.7933747],[-75.6028999,5.7933619],[-75.6029029,5.7933533],[-75.6030063,5.7932765],[-75.6030652,5.7932273],[-75.6030988,5.7931938],[-75.6031223,5.7931614],[-75.603139,5.7931251],[-75.6031529,5.7930839],[-75.6031694,5.7930082],[-75.6031751,5.7929371],[-75.6031674,5.7928825],[-75.6031477,5.7928446],[-75.6031227,5.7928193],[-75.6031029,5.7928087],[-75.6030877,5.7928059],[-75.6030619,5.792795],[-75.6029959,5.7927922],[-75.602984,5.7927883],[-75.6029461,5.792758],[-75.6029247,5.7927336],[-75.6029072,5.7927064],[-75.6028972,5.7926706],[-75.6028944,5.7926217],[-75.6029141,5.7925575],[-75.6029399,5.7925026],[-75.6029516,5.7924662],[-75.6029611,5.7923888],[-75.6029562,5.7923289],[-75.6029464,5.7922988],[-75.6029293,5.7922696],[-75.6029006,5.7922407],[-75.6028755,5.7922242],[-75.6028282,5.7922103],[-75.6027956,5.7922127],[-75.6027609,5.792223],[-75.6027118,5.7922549],[-75.6026858,5.7922831],[-75.6026537,5.7923271],[-75.6026316,5.7923637],[-75.6026116,5.7924129],[-75.6025911,5.7924948],[-75.6025929,5.7925344],[-75.6026074,5.792618],[-75.6026056,5.7926455],[-75.6025926,5.7926673],[-75.6025568,5.7927036],[-75.6025245,5.7927248],[-75.6025096,5.7927298],[-75.6024645,5.7927375],[-75.6024288,5.7927544],[-75.6024029,5.7927764],[-75.6023562,5.7928296],[-75.602337,5.7928662],[-75.602323,5.7928772],[-75.6022924,5.7928766],[-75.602262,5.7928645],[-75.6022407,5.7928619],[-75.6022253,5.7928555],[-75.6022014,5.7928602],[-75.6021291,5.7928211],[-75.6021095,5.7928041],[-75.6021035,5.7927868],[-75.6021039,5.7927774],[-75.6021079,5.7927686],[-75.6021418,5.7927337],[-75.6021544,5.7927263],[-75.6021715,5.7927231],[-75.6021784,5.7927139],[-75.602187,5.7926586],[-75.6022171,5.7925745],[-75.6022278,5.7925207],[-75.6022265,5.7924802],[-75.6022068,5.7924269],[-75.6022357,5.7922837],[-75.6022247,5.7922299],[-75.602185,5.7921727],[-75.6021813,5.7921548],[-75.6021884,5.792144],[-75.602217,5.7921259],[-75.6022953,5.7921029],[-75.6023379,5.792099],[-75.602368,5.792091],[-75.6023858,5.792076],[-75.6023937,5.7920604],[-75.6023946,5.7920538],[-75.60239,5.7920488],[-75.6023853,5.7920301],[-75.6023759,5.7920122],[-75.6023565,5.7919876],[-75.6023469,5.7919796],[-75.602334,5.7919812],[-75.6023286,5.7919889],[-75.6023288,5.7919976],[-75.6023398,5.79202],[-75.6023368,5.7920341],[-75.6023305,5.7920404],[-75.6023224,5.7920432],[-75.6023071,5.7920414],[-75.6022889,5.7920234],[-75.6022879,5.7920085],[-75.6022907,5.7920007],[-75.6023081,5.7919725],[-75.6023099,5.7919441],[-75.6023043,5.7919203],[-75.6022736,5.7918537],[-75.6022673,5.7918092],[-75.6022741,5.7917729],[-75.6022993,5.791723],[-75.602418,5.7915467],[-75.6024397,5.7915062],[-75.6024554,5.7914698],[-75.6024671,5.7914293],[-75.6024731,5.7913809],[-75.6024646,5.7913312],[-75.6024562,5.7913038],[-75.6023946,5.7911987],[-75.6023613,5.7911563],[-75.6023333,5.7911334],[-75.6023043,5.7911182],[-75.6022509,5.7910986],[-75.6021209,5.7910612],[-75.6020212,5.7910261],[-75.6019322,5.7909708],[-75.6018859,5.7909358],[-75.601866,5.7909159],[-75.6018539,5.790897],[-75.601809,5.7907794],[-75.6017838,5.7907357],[-75.6017538,5.7907078],[-75.601657,5.7906458],[-75.6016354,5.7906271],[-75.6016207,5.79061],[-75.60161,5.7905901],[-75.6016031,5.7905674],[-75.6016012,5.7905312],[-75.601638,5.7903799],[-75.6016412,5.7903479],[-75.6016372,5.7903256],[-75.6016093,5.790273],[-75.6016038,5.7902538],[-75.6016269,5.7901476],[-75.6016278,5.7900969],[-75.6016229,5.7900764],[-75.6016143,5.7900579],[-75.6015729,5.7900043],[-75.6015526,5.7899666],[-75.6015434,5.7899582],[-75.6015184,5.7899458],[-75.6014415,5.7899234],[-75.6014108,5.7899091],[-75.6014005,5.7898972],[-75.6013979,5.789864],[-75.6013896,5.7898449],[-75.6013321,5.7897888],[-75.6012739,5.7897434],[-75.6012211,5.7897094],[-75.6011514,5.7896766],[-75.6010954,5.7896425],[-75.6009668,5.7895312],[-75.6008983,5.7894777],[-75.6008406,5.7894368],[-75.6008039,5.7894139],[-75.6007705,5.7893993],[-75.6007242,5.7893827],[-75.6006815,5.7893753],[-75.6006687,5.7893692],[-75.6006671,5.7893573],[-75.6006859,5.7893183],[-75.6006844,5.7892913],[-75.6005877,5.7890735],[-75.6005551,5.7890129],[-75.6005281,5.7889804],[-75.6004926,5.7889524],[-75.6004532,5.7889381],[-75.6003948,5.7889245],[-75.6003568,5.7889045],[-75.6003363,5.7888883],[-75.6003231,5.7888737],[-75.6003129,5.7888577],[-75.600308,5.7888438],[-75.6003084,5.7888343],[-75.600314,5.7888242],[-75.6003309,5.7888137],[-75.6003396,5.7888118],[-75.6003487,5.7888166],[-75.6003776,5.7888421],[-75.6003991,5.7888523],[-75.600435,5.7888564],[-75.6005104,5.7888499],[-75.6005453,5.7888512],[-75.6006254,5.7888721],[-75.6006704,5.7888871],[-75.600692,5.7888965],[-75.6007196,5.788914],[-75.6007551,5.7889417],[-75.6008096,5.788991],[-75.6008174,5.7890032],[-75.6008191,5.7890225],[-75.6008241,5.7890357],[-75.6008364,5.7890502],[-75.6008497,5.7890562],[-75.6008765,5.789048],[-75.6009337,5.7890599],[-75.6009906,5.7890537],[-75.6010365,5.789043],[-75.6010898,5.7890261],[-75.6011443,5.7890054],[-75.6012108,5.7889751],[-75.6012601,5.7889655],[-75.6012709,5.7889659],[-75.6012974,5.788975],[-75.6013646,5.7890113],[-75.6014131,5.7890449],[-75.601527,5.7891425],[-75.6015893,5.7891921],[-75.60169,5.7892905],[-75.6018138,5.7894202],[-75.6018744,5.7894775],[-75.602097,5.7896472],[-75.6021458,5.7896885],[-75.6021712,5.7897171],[-75.6021997,5.7897568],[-75.6022183,5.7897752],[-75.6022403,5.7898158],[-75.6022679,5.7898375],[-75.6022857,5.7898832],[-75.6023067,5.7899072],[-75.6023225,5.7899367],[-75.6023782,5.7900113],[-75.6024097,5.7900444],[-75.6024487,5.7900725],[-75.6024873,5.7900909],[-75.6024938,5.7900901],[-75.6025015,5.7900816],[-75.6025223,5.7900329],[-75.6025297,5.7899789],[-75.6025288,5.7899257],[-75.6025197,5.7898834],[-75.6025216,5.7898525],[-75.6025197,5.7898194],[-75.6025048,5.7897248],[-75.6024811,5.7896234],[-75.6024674,5.78959],[-75.6024331,5.7895344],[-75.6024026,5.7894925],[-75.6023713,5.7894605],[-75.6023453,5.7894412],[-75.6023204,5.7894308],[-75.602296,5.7894283],[-75.602274,5.7894311],[-75.6021932,5.7894589],[-75.6021659,5.7894644],[-75.602131,5.7894615],[-75.6021129,5.7894538],[-75.6020938,5.7894371],[-75.6019841,5.7893215],[-75.6019667,5.7892975],[-75.6019486,5.7892659],[-75.6019372,5.7892419],[-75.6019307,5.7892189],[-75.6019302,5.7891933],[-75.6019475,5.789062],[-75.6019583,5.7889276],[-75.6019601,5.7888317],[-75.6019577,5.7887195],[-75.6019458,5.788546],[-75.6019318,5.7884837],[-75.6019078,5.7884219],[-75.601907,5.7884107],[-75.6019188,5.7883583],[-75.6019451,5.7882727],[-75.6019916,5.7880682],[-75.6020036,5.7880034],[-75.6020072,5.787906],[-75.6019923,5.7877417],[-75.6019933,5.7877141],[-75.6019999,5.7876789],[-75.6020202,5.7876154],[-75.6020367,5.7875835],[-75.602065,5.7875433],[-75.6020906,5.7874971],[-75.6021039,5.7874531],[-75.6021071,5.7874208],[-75.6020984,5.787357],[-75.602064,5.7872476],[-75.6020117,5.787172],[-75.6019749,5.7871051],[-75.6019565,5.7870603],[-75.6019457,5.787009],[-75.6019452,5.7869728],[-75.601958,5.7869162],[-75.6019738,5.7868697],[-75.6020019,5.7868022],[-75.6020205,5.7867395],[-75.6020312,5.7866844],[-75.6020331,5.7866425],[-75.6020289,5.7866086],[-75.6020087,5.7865342],[-75.602006,5.7865116],[-75.6020058,5.7864795],[-75.6020164,5.7863973],[-75.602015,5.7863348],[-75.6019908,5.7862897],[-75.6019579,5.7862569],[-75.601938,5.7862285],[-75.6019082,5.7861695],[-75.6019015,5.7861355],[-75.6019058,5.7861278],[-75.6019135,5.7861245],[-75.6019791,5.786122],[-75.602001,5.7861186],[-75.6020294,5.7861075],[-75.6020611,5.7860899],[-75.6020916,5.7860656],[-75.6021198,5.7860301],[-75.6021512,5.786011],[-75.6021959,5.7859658],[-75.602213,5.785942],[-75.6022231,5.7859153],[-75.602227,5.7858875],[-75.602225,5.7858569],[-75.602221,5.7858398],[-75.6022053,5.7858083],[-75.6021927,5.7857956],[-75.6021662,5.7857769],[-75.6021645,5.7857654],[-75.6022131,5.7857218],[-75.602312,5.7856239],[-75.602329,5.7856112],[-75.6023399,5.7856063],[-75.6023474,5.78561],[-75.6023567,5.785624],[-75.6023574,5.7856443],[-75.6023603,5.7856516],[-75.6023909,5.7856771],[-75.6024127,5.7856893],[-75.602436,5.7857077],[-75.6024975,5.7857775],[-75.602513,5.7857872],[-75.6025209,5.7857857],[-75.602526,5.7857786],[-75.6025373,5.7857547],[-75.6025473,5.7856938],[-75.6025363,5.7856302],[-75.6025095,5.78557],[-75.6024955,5.7855615],[-75.6024596,5.7855522],[-75.6023556,5.7855481],[-75.6023469,5.7855435],[-75.6023269,5.7855237],[-75.6022843,5.7855073],[-75.6022453,5.785498],[-75.6021382,5.7854816],[-75.6021253,5.7854716],[-75.60213,5.7854481],[-75.6021963,5.7854159],[-75.6023285,5.7853736],[-75.6024505,5.7853282],[-75.6024805,5.7853117],[-75.6025108,5.7852883],[-75.6025673,5.7852269],[-75.6025793,5.785208],[-75.6025894,5.7851811],[-75.6026001,5.7851185],[-75.6026167,5.7850556],[-75.6026118,5.7849675],[-75.6026144,5.7849395],[-75.6026174,5.7849338],[-75.6026634,5.7848997],[-75.602744,5.7848087],[-75.6027728,5.7847826],[-75.6028038,5.7847597],[-75.6028351,5.7847415],[-75.6028848,5.784719],[-75.6029705,5.7846909],[-75.6029969,5.7846779],[-75.6030163,5.7846641],[-75.6030381,5.7846416],[-75.6031759,5.7844722],[-75.6031974,5.7844403],[-75.6032087,5.7844149],[-75.603226,5.7843553],[-75.6032359,5.7842892],[-75.6032408,5.7842267],[-75.6032403,5.7841737],[-75.6032363,5.78413],[-75.6032244,5.7840621],[-75.6032061,5.7839894],[-75.6031516,5.7838258],[-75.6031367,5.7837912],[-75.6030962,5.7836509],[-75.6030777,5.783606],[-75.6030516,5.7835635],[-75.6030186,5.7835248],[-75.602987,5.7834933],[-75.6029259,5.7834449],[-75.6028752,5.7834193],[-75.6027907,5.7833907],[-75.6027689,5.7833784],[-75.6027483,5.7833624],[-75.6027263,5.7833382],[-75.6027066,5.783309],[-75.6026311,5.7831769],[-75.602533,5.7830576],[-75.6024892,5.7830153],[-75.6024143,5.7829516],[-75.6023914,5.7829363],[-75.6023463,5.7829181],[-75.6023346,5.7829065],[-75.6023345,5.7828898],[-75.6023609,5.7828632],[-75.6023631,5.7828234],[-75.6023613,5.7828093],[-75.6023155,5.7827012],[-75.6022983,5.7826258],[-75.6022618,5.7825265],[-75.6022324,5.7824677],[-75.6022152,5.7824433],[-75.602191,5.7824173],[-75.6021479,5.7824019],[-75.6021414,5.7823964],[-75.602132,5.7823784],[-75.6020882,5.7823536],[-75.6019895,5.7823302],[-75.6018837,5.7823161],[-75.6018473,5.7823177],[-75.6016706,5.7823381],[-75.6015391,5.7823577],[-75.601493,5.7823692],[-75.6013204,5.7823909],[-75.6012171,5.782399],[-75.6010426,5.7823963],[-75.6009153,5.7823718],[-75.6007621,5.7823352],[-75.6005844,5.782276],[-75.6005516,5.7822691],[-75.6005227,5.7822683],[-75.6004779,5.7822552],[-75.6004559,5.7822433],[-75.6004491,5.7822323],[-75.6004467,5.7822151],[-75.600448,5.7821989],[-75.600457,5.7821768],[-75.6004784,5.7821628],[-75.6005156,5.7821513],[-75.6005978,5.7821394],[-75.6008206,5.7821173],[-75.6009082,5.7821144],[-75.6009439,5.7821037],[-75.6009864,5.7821092],[-75.601057,5.7821035],[-75.6010987,5.7821047],[-75.6011582,5.7820893],[-75.6011938,5.7820864],[-75.6012747,5.7820586],[-75.6012922,5.7820451],[-75.601306,5.7820136],[-75.6013161,5.782007],[-75.6013427,5.7819975],[-75.6013536,5.7819891],[-75.6013834,5.781937],[-75.6013915,5.7819137],[-75.6013943,5.7818828],[-75.6013922,5.7818613],[-75.601381,5.7818302],[-75.6013727,5.7818144],[-75.6013584,5.7817969],[-75.6012977,5.7817414],[-75.6012513,5.7817152],[-75.6011968,5.7816918],[-75.6011722,5.7816774],[-75.6011523,5.7816704],[-75.6011279,5.7816677],[-75.6010774,5.7816693],[-75.6010473,5.7816793],[-75.6010166,5.7816988],[-75.6009482,5.7817537],[-75.6009131,5.7817735],[-75.6008663,5.7817783],[-75.6007549,5.7817757],[-75.6007006,5.7817813],[-75.6006188,5.7817995],[-75.6005162,5.7818382],[-75.6004712,5.7818481],[-75.6004172,5.7818478],[-75.6003477,5.7818338],[-75.6003119,5.7818244],[-75.6002052,5.7817853],[-75.6001811,5.7817793],[-75.6001553,5.7817761],[-75.6000915,5.7817745],[-75.6000863,5.7817706],[-75.6000832,5.7817633],[-75.6000803,5.7816916],[-75.6000015,5.7815692],[-75.5999642,5.7815257],[-75.5998144,5.7814094],[-75.5997331,5.7813372],[-75.5996693,5.7812704],[-75.599624,5.7812346],[-75.5996098,5.7812305],[-75.5995958,5.781232],[-75.599524,5.7812671],[-75.5995032,5.7812713],[-75.599494,5.781266],[-75.5994555,5.7811875],[-75.5994365,5.7811612],[-75.599372,5.7811117],[-75.5993437,5.7810859],[-75.5992358,5.7809733],[-75.5992031,5.7809467],[-75.5991656,5.780921],[-75.599164,5.7809059],[-75.5991788,5.7808618],[-75.5991883,5.7808206],[-75.5992027,5.780791],[-75.5991995,5.7807831],[-75.5991665,5.7807423],[-75.5991367,5.7807193],[-75.5991081,5.780703],[-75.5990812,5.7806962],[-75.5990157,5.7806914],[-75.5989748,5.7806837],[-75.5989542,5.7806766],[-75.598942,5.7806691],[-75.5989335,5.7806553],[-75.5989373,5.7806395],[-75.5989857,5.7806368],[-75.5990102,5.780621],[-75.5990446,5.7806066],[-75.5990922,5.7805932],[-75.5991376,5.7805719],[-75.5991695,5.7805499],[-75.5992094,5.7805084],[-75.5992312,5.7804945],[-75.5992378,5.7804937],[-75.5992742,5.7805329],[-75.599319,5.7807021],[-75.5993454,5.7807723],[-75.599364,5.7808114],[-75.5994023,5.7808671],[-75.5994408,5.7809012],[-75.5994629,5.7809168],[-75.5994713,5.7809192],[-75.5995054,5.7809101],[-75.5995453,5.780894],[-75.5996079,5.7808577],[-75.5996801,5.7808109],[-75.5997166,5.7807922],[-75.5998831,5.7807499],[-75.6001945,5.7806638],[-75.6002574,5.7806338],[-75.600305,5.7805976],[-75.600352,5.7805445],[-75.6003905,5.7804806],[-75.6004275,5.7803767],[-75.6004567,5.7802643],[-75.6004668,5.7801868],[-75.6004704,5.780058],[-75.6004721,5.7800499],[-75.6004797,5.7800428],[-75.6005039,5.7800396],[-75.6005643,5.7800534],[-75.600603,5.7800549],[-75.6006345,5.7800486],[-75.600738,5.7800125],[-75.6007614,5.7800096],[-75.6007871,5.7800129],[-75.600801,5.7800177],[-75.6008279,5.7800357],[-75.6008801,5.7800874],[-75.600968,5.7801436],[-75.6010176,5.780189],[-75.6010249,5.7801991],[-75.6010153,5.7802308],[-75.601017,5.7802432],[-75.6010226,5.7802519],[-75.601032,5.780252],[-75.6010453,5.7802464],[-75.6010704,5.7802253],[-75.6011276,5.780227],[-75.6011759,5.7802146],[-75.6012211,5.7801959],[-75.6012568,5.7801734],[-75.6013414,5.7800959],[-75.6013888,5.7800455],[-75.6014208,5.7799931],[-75.601457,5.7798797],[-75.6014835,5.7798243],[-75.6015164,5.7797828],[-75.601588,5.7797185],[-75.6016163,5.7796758],[-75.6016209,5.7796565],[-75.6016209,5.7796431],[-75.6016165,5.7796184],[-75.6016078,5.7796001],[-75.6015607,5.7795264],[-75.6015233,5.7794826],[-75.6014993,5.7794376],[-75.6014883,5.7794223],[-75.6014519,5.7793911],[-75.6014248,5.7793778],[-75.6013522,5.7793554],[-75.6012872,5.7793481],[-75.6012839,5.7793427],[-75.6012801,5.7793024],[-75.6012934,5.7792883],[-75.6013383,5.7792648],[-75.6014389,5.7792218],[-75.6015514,5.7791938],[-75.6016229,5.7791858],[-75.6016536,5.7791878],[-75.601665,5.779193],[-75.6016708,5.7791914],[-75.601642,5.7791666],[-75.6016214,5.7791561],[-75.6015927,5.779127],[-75.6015277,5.7790741],[-75.6015122,5.7790631],[-75.6014866,5.7790518],[-75.601469,5.7790472],[-75.6014445,5.7790454],[-75.6013879,5.779051],[-75.601361,5.7790506],[-75.6012588,5.7790295],[-75.6012516,5.7790296],[-75.6012257,5.7790392],[-75.6012119,5.7790345],[-75.6012104,5.7790265],[-75.601224,5.7790032],[-75.6012445,5.7789274],[-75.6012474,5.7788987],[-75.6012461,5.7788677],[-75.6012402,5.7788434],[-75.6012314,5.7788243],[-75.6011787,5.7787547],[-75.6011755,5.7787224],[-75.6011776,5.7787046],[-75.6011849,5.7786816],[-75.6012015,5.7786457],[-75.6012081,5.7786242],[-75.6012112,5.7785866],[-75.6012074,5.7785294],[-75.6012091,5.77852],[-75.6012147,5.7785126],[-75.6012571,5.77848],[-75.6012923,5.7784366],[-75.6013143,5.7783972],[-75.6013394,5.7783299],[-75.6013425,5.7783069],[-75.6013367,5.7782008],[-75.6013395,5.7781724],[-75.6013458,5.7781527],[-75.6013554,5.7781356],[-75.6013634,5.7781288],[-75.6014373,5.778088],[-75.6014601,5.7780713],[-75.6014739,5.7780529],[-75.6014812,5.7780241],[-75.6014733,5.7779704],[-75.6014618,5.7779337],[-75.6014202,5.7778281],[-75.6014083,5.7777827],[-75.6014047,5.7777454],[-75.6014066,5.7775946],[-75.6013988,5.7775505],[-75.6013824,5.7775031],[-75.601361,5.7774545],[-75.6013253,5.7773938],[-75.6012736,5.7773226],[-75.6012704,5.7773139],[-75.6012712,5.7773032],[-75.601288,5.7772788],[-75.6013013,5.7772667],[-75.6013246,5.7772551],[-75.6013602,5.7772427],[-75.6013971,5.7772395],[-75.6014659,5.7772511],[-75.6014836,5.7772516],[-75.601511,5.7772481],[-75.6015562,5.7772299],[-75.6015604,5.777222],[-75.6015664,5.7771791],[-75.6015736,5.7771617],[-75.6015978,5.7771204],[-75.6016317,5.7770755],[-75.6016536,5.7770392],[-75.601669,5.7769904],[-75.6016933,5.7769443],[-75.6017029,5.7769185],[-75.6017021,5.7769002],[-75.6016937,5.7768852],[-75.6016407,5.7768426],[-75.6015958,5.7768119],[-75.6015597,5.7767969],[-75.6015391,5.776778],[-75.6014967,5.7767673],[-75.6014678,5.7767504],[-75.6014507,5.7767439],[-75.6014292,5.7767222],[-75.6014285,5.7767139],[-75.6014437,5.7766519],[-75.6014446,5.7766333],[-75.6014387,5.7765811],[-75.6014226,5.7764859],[-75.6014179,5.7764341],[-75.6014112,5.7764064],[-75.6014225,5.7763635],[-75.6014312,5.7763141],[-75.6014318,5.7762363],[-75.6014063,5.7761362],[-75.6013737,5.7760506],[-75.6013542,5.7759813],[-75.6013545,5.7759736],[-75.6013602,5.7759633],[-75.601399,5.7759313],[-75.6014094,5.7759194],[-75.6014406,5.7758473],[-75.6014704,5.7758044],[-75.6015001,5.7757717],[-75.6015495,5.7757297],[-75.6015898,5.7756898],[-75.6016217,5.7756509],[-75.6016333,5.7756291],[-75.6016393,5.7756105],[-75.6016448,5.7755756],[-75.6016419,5.7755443],[-75.6016235,5.7755031],[-75.6016035,5.7754778],[-75.6015628,5.7754409],[-75.6014678,5.7753697],[-75.6014158,5.7753224],[-75.6013907,5.7752933],[-75.6013698,5.7752742],[-75.6013701,5.7752637],[-75.601398,5.7751967],[-75.6014062,5.775151],[-75.6014178,5.7751232],[-75.6014368,5.7751007],[-75.6014345,5.7750954],[-75.6014043,5.7750952],[-75.6013337,5.775082],[-75.6012957,5.775087],[-75.6011527,5.7750932],[-75.6011049,5.7750904],[-75.6010452,5.7750917],[-75.6010072,5.7750875],[-75.6009604,5.7750887],[-75.6009423,5.7750658],[-75.6009012,5.7749978],[-75.6008481,5.7749466],[-75.6007921,5.7748811],[-75.6007389,5.7748259],[-75.600648,5.7747454],[-75.6005411,5.7746755],[-75.6005362,5.7746646],[-75.6005356,5.774615],[-75.6005323,5.7745853],[-75.6005177,5.7745457],[-75.600424,5.774454],[-75.6003968,5.7744179],[-75.6003767,5.7744025],[-75.6003481,5.7743885],[-75.6003441,5.7743794],[-75.6003669,5.7743765],[-75.600481,5.7743775],[-75.6005183,5.7743713],[-75.6005436,5.7743608],[-75.6005578,5.774337],[-75.6005832,5.7742695],[-75.600598,5.7741873],[-75.600602,5.7741796],[-75.600611,5.7741743],[-75.6007002,5.7741849],[-75.6007508,5.7741833],[-75.6008146,5.7742089],[-75.6008536,5.7742209],[-75.6008957,5.7742274],[-75.6009434,5.7742302],[-75.6009762,5.7742287],[-75.6010258,5.7742191],[-75.6010675,5.7742046],[-75.601104,5.7741836],[-75.6011242,5.7741657],[-75.6011286,5.7741566],[-75.6011205,5.7741317],[-75.6011023,5.7740954],[-75.6010721,5.7740446],[-75.6010391,5.7740047],[-75.6009773,5.7739624],[-75.6009664,5.7739512],[-75.6009572,5.7739336],[-75.6009615,5.7739235],[-75.6009766,5.773911],[-75.6010022,5.7738821],[-75.6010172,5.7738708],[-75.6010349,5.7738625],[-75.6010507,5.7738581],[-75.6010687,5.7738578],[-75.6011089,5.7738675],[-75.6011503,5.7738872],[-75.6012297,5.7739341],[-75.6012742,5.7739527],[-75.6013107,5.7739606],[-75.6013512,5.7739582],[-75.6013825,5.7739498],[-75.6014048,5.7739394],[-75.6014532,5.7739047],[-75.6014797,5.7738767],[-75.6015703,5.7737616],[-75.6015884,5.7737437],[-75.6016029,5.773735],[-75.601628,5.7737281],[-75.6016519,5.773726],[-75.6018057,5.7737338],[-75.6018841,5.7737303],[-75.6019289,5.7737202],[-75.6019591,5.7737011],[-75.6019568,5.7736984],[-75.6019426,5.7737044],[-75.6019397,5.7737033],[-75.6019333,5.7736902],[-75.6019297,5.7736284],[-75.6019318,5.7736124],[-75.60194,5.7735928],[-75.6019308,5.7735651],[-75.6019396,5.7735331],[-75.6019495,5.7735206],[-75.6019754,5.7735076],[-75.602011,5.7735123],[-75.602029,5.7735216],[-75.6020342,5.7735197],[-75.6020361,5.7735116],[-75.6020319,5.7734857],[-75.6020233,5.7734676],[-75.6020204,5.7734488],[-75.602002,5.7734087],[-75.6019881,5.7733862],[-75.601973,5.7733757],[-75.6019475,5.7733752],[-75.6019305,5.7733878],[-75.6019218,5.773389],[-75.6018871,5.7733778],[-75.6018665,5.7733642],[-75.6018541,5.7733491],[-75.6018394,5.7733231],[-75.6018026,5.7732422],[-75.6017536,5.7732145],[-75.6017365,5.7732001],[-75.601696,5.77315],[-75.6016327,5.7730814],[-75.6015904,5.7730242],[-75.6015799,5.7730035],[-75.6015842,5.7729925],[-75.6016225,5.7729349],[-75.6016547,5.7728752],[-75.6016799,5.7727987],[-75.601719,5.7727177],[-75.6017857,5.7726261],[-75.6018058,5.7726112],[-75.6018329,5.7725995],[-75.6018464,5.7725894],[-75.6018842,5.7725321],[-75.6019152,5.7724761],[-75.6019338,5.7724307],[-75.6019441,5.7723916],[-75.6019507,5.7723175],[-75.6019644,5.7722378],[-75.6019648,5.7722105],[-75.6019604,5.7721788],[-75.6019516,5.77216],[-75.6019408,5.772145],[-75.6019173,5.7721218],[-75.6019018,5.7721114],[-75.601877,5.7721013],[-75.6018122,5.7720873],[-75.601765,5.7720733],[-75.6017395,5.772061],[-75.6017196,5.7720454],[-75.6016608,5.7719831],[-75.6015902,5.7718894],[-75.6015622,5.7718594],[-75.601524,5.7718219],[-75.6014658,5.7717848],[-75.6014478,5.7717702],[-75.6014088,5.771728],[-75.6013861,5.771688],[-75.6013568,5.7716485],[-75.6013453,5.7716095],[-75.6013085,5.7715569],[-75.6013076,5.7715451],[-75.6013251,5.7715499],[-75.6013569,5.7715679],[-75.6013759,5.7715753],[-75.6014619,5.7715709],[-75.6015028,5.7715643],[-75.6016323,5.7715218],[-75.60175,5.7714705],[-75.6018208,5.7714257],[-75.6019019,5.7713457],[-75.6019578,5.7713025],[-75.6020328,5.7712523],[-75.6020644,5.7712416],[-75.6021068,5.7712353],[-75.6021997,5.7712382],[-75.6022773,5.7712545],[-75.6023281,5.7712601],[-75.6023777,5.7712613],[-75.6024155,5.7712575],[-75.6024493,5.77125],[-75.6024891,5.771231],[-75.6025066,5.7712172],[-75.6025379,5.7711855],[-75.6025645,5.7711453],[-75.6025787,5.7711089],[-75.6025962,5.7710318],[-75.602613,5.7709903],[-75.6026876,5.7708742],[-75.6027404,5.7707782],[-75.6027584,5.7707372],[-75.6027787,5.7707058],[-75.6027909,5.770655],[-75.6027973,5.7706424],[-75.6028021,5.7706384],[-75.6028117,5.7706362],[-75.6028326,5.77064],[-75.602847,5.7706387],[-75.6029191,5.7706132],[-75.6029554,5.7705969],[-75.602969,5.7705825],[-75.6029859,5.7705511],[-75.602991,5.7705371],[-75.6029947,5.7705112],[-75.6030082,5.7704819],[-75.6030166,5.7704706],[-75.603039,5.7704492],[-75.6030904,5.7704125],[-75.6031531,5.7703786],[-75.6032307,5.7703436],[-75.6032801,5.7703263],[-75.6033724,5.7703039],[-75.6034775,5.7702915],[-75.6035373,5.7702779],[-75.6036128,5.7702484],[-75.6036642,5.770222],[-75.603672,5.7702142],[-75.6036872,5.7701866],[-75.6036955,5.7701602],[-75.6036973,5.7701322],[-75.6036932,5.7700922],[-75.6036587,5.7699525],[-75.60362,5.7698573],[-75.6035921,5.7697682],[-75.603585,5.7697267],[-75.6035905,5.7696791],[-75.6036112,5.7695909],[-75.6036185,5.7695381],[-75.6036184,5.7695088],[-75.6036095,5.7694288],[-75.6036087,5.7693317],[-75.603605,5.7692954],[-75.6035935,5.7692605],[-75.6035679,5.7692146],[-75.6035218,5.7691564],[-75.6035061,5.769132],[-75.6034804,5.7691085],[-75.6034525,5.7690733],[-75.6034353,5.7690453],[-75.6034255,5.7690196],[-75.6034245,5.7689659],[-75.6034269,5.7689368],[-75.6034388,5.7688816],[-75.6034629,5.7687919],[-75.6034761,5.7687173],[-75.6034903,5.7685746],[-75.6034896,5.7685477],[-75.6034852,5.7685269],[-75.6034794,5.7685136],[-75.6034663,5.7684996],[-75.6034497,5.7684888],[-75.6034335,5.7684824],[-75.6032926,5.768458],[-75.6031989,5.7684469],[-75.6030807,5.7684225],[-75.603038,5.768409],[-75.6030197,5.7684005],[-75.6030005,5.7683847],[-75.6029913,5.7683713],[-75.6029833,5.768342],[-75.6029814,5.7683179],[-75.6029931,5.768242],[-75.6030102,5.7679886],[-75.6030158,5.7679604],[-75.6030316,5.7679236],[-75.6030355,5.7679078],[-75.6030324,5.76785],[-75.6030144,5.7677992],[-75.6030009,5.7677802],[-75.6029868,5.7677673],[-75.602897,5.7677037],[-75.6028941,5.7676985],[-75.6028983,5.7676507],[-75.6029079,5.7676143],[-75.6029085,5.7675957],[-75.6028881,5.7674524],[-75.6028576,5.767354],[-75.602843,5.7673315],[-75.6028182,5.7673117],[-75.6027172,5.7672802],[-75.602635,5.7672452],[-75.602602,5.7672389],[-75.6025335,5.7672411],[-75.6025134,5.7672371],[-75.6025029,5.7672303],[-75.6024711,5.767194],[-75.6024624,5.7671801],[-75.6024246,5.7670691],[-75.6024051,5.767035],[-75.6024003,5.7670194],[-75.6024069,5.7669208],[-75.6024033,5.7668503],[-75.6023949,5.7667957],[-75.6023753,5.7667151],[-75.6023721,5.7666897],[-75.6023759,5.7666607],[-75.6023956,5.7665848],[-75.6023982,5.7665361],[-75.6023929,5.7665068],[-75.6023839,5.7664797],[-75.6023701,5.7664509],[-75.602359,5.7664355],[-75.6023317,5.7664133],[-75.6022415,5.7663683],[-75.6021886,5.7663257],[-75.6021521,5.7662898],[-75.602115,5.7662461],[-75.6021044,5.7662075],[-75.6020945,5.7661899],[-75.602052,5.7661645],[-75.6020002,5.7660987],[-75.6019796,5.7660608],[-75.6019151,5.7660122],[-75.6018588,5.7659794],[-75.6018434,5.765974],[-75.6018145,5.76597],[-75.6017877,5.7659719],[-75.6017432,5.7660043],[-75.6017011,5.7660163],[-75.6016877,5.7660108],[-75.6016721,5.7659899],[-75.6016602,5.7659581],[-75.6016536,5.7658984],[-75.6016442,5.7658627],[-75.6016367,5.7658163],[-75.6016101,5.7657436],[-75.6015906,5.7656991],[-75.6015676,5.7656203],[-75.6015548,5.7655584],[-75.6015504,5.7654758],[-75.6015601,5.7654405],[-75.6015659,5.7654034],[-75.6015836,5.7653628],[-75.6015846,5.7653489],[-75.6015814,5.7653368],[-75.6015669,5.7653305],[-75.6015498,5.765331],[-75.6015061,5.7653429],[-75.6014789,5.7653542],[-75.601434,5.7653621],[-75.6014068,5.7653725],[-75.6013826,5.7653773],[-75.6013552,5.7653939],[-75.6013251,5.7653966],[-75.6012927,5.7654218],[-75.6012661,5.7654382],[-75.601226,5.7654598],[-75.6011897,5.7654732],[-75.6011627,5.7654888],[-75.6011353,5.7655093],[-75.6011192,5.7655289],[-75.6011096,5.7655463],[-75.6010876,5.7656186],[-75.6010815,5.7656272],[-75.6010777,5.7656275],[-75.6010735,5.7656235],[-75.6010428,5.7655007],[-75.6010198,5.765435],[-75.6010151,5.7653972],[-75.601017,5.765355],[-75.6010073,5.7653098],[-75.6009812,5.7652491],[-75.6009637,5.7652206],[-75.6009495,5.7651901],[-75.600926,5.7651147],[-75.6009022,5.7650693],[-75.6008748,5.7650267],[-75.6008683,5.7649913],[-75.600859,5.7649686],[-75.6008574,5.7649513],[-75.6008616,5.7649132],[-75.6008771,5.7648734],[-75.6008835,5.7648478],[-75.6008831,5.7648298],[-75.6008746,5.7648162],[-75.6008222,5.7647647],[-75.6008193,5.7647534],[-75.6008247,5.7647421],[-75.6008638,5.7647009],[-75.6009029,5.7646692],[-75.6009481,5.7646404],[-75.60097,5.7646328],[-75.6009966,5.7646169],[-75.6010361,5.7646001],[-75.6010835,5.7645855],[-75.601118,5.7645794],[-75.6011601,5.7645758],[-75.6012783,5.7645732],[-75.6013399,5.7645676],[-75.6013982,5.7645594],[-75.6015025,5.7645382],[-75.601596,5.764506],[-75.6016729,5.7644653],[-75.6017037,5.7644519],[-75.6018802,5.7643988],[-75.6019143,5.7643753],[-75.6019195,5.7643674],[-75.6019236,5.7643527],[-75.6019147,5.7643244],[-75.6019032,5.7643084],[-75.6018836,5.7642913],[-75.6018431,5.7642642],[-75.6017146,5.7641937],[-75.6016809,5.7641831],[-75.6015635,5.7641602],[-75.6015074,5.7641463],[-75.6014657,5.7641313],[-75.6014458,5.7641209],[-75.6014195,5.764102],[-75.6013974,5.7640792],[-75.6013729,5.7640492],[-75.6013618,5.7640213],[-75.6013431,5.7640318],[-75.6013304,5.7640315],[-75.6012961,5.7640223],[-75.601249,5.7640052],[-75.6012292,5.7639948],[-75.6011984,5.7639584],[-75.6011859,5.763948],[-75.6011713,5.7639409],[-75.6010954,5.7639316],[-75.6010552,5.7639224],[-75.6009965,5.7639154],[-75.6009026,5.7638975],[-75.6009481,5.7638808],[-75.6009926,5.7638596],[-75.6010478,5.7638527],[-75.6011864,5.7638117],[-75.6012366,5.7637891],[-75.6013091,5.7637474],[-75.6013534,5.7637266],[-75.6013724,5.7637112],[-75.6013893,5.7636873],[-75.6014508,5.76356],[-75.6014592,5.763518],[-75.6014585,5.7634823],[-75.6014516,5.7634565],[-75.6014426,5.7634382],[-75.6013862,5.7633601],[-75.6013564,5.7633076],[-75.6013443,5.7632728],[-75.6013295,5.76319],[-75.6013233,5.7631686],[-75.6013147,5.7631587],[-75.6013046,5.7631524],[-75.6012743,5.7631498],[-75.6012366,5.763154],[-75.6012007,5.7631624],[-75.6011158,5.7631884],[-75.6010975,5.7631892],[-75.6010643,5.7631835],[-75.6010184,5.7631668],[-75.6009848,5.7631469],[-75.6009171,5.763084],[-75.6008811,5.7630568],[-75.6008541,5.7630479],[-75.6008268,5.7630479],[-75.6007998,5.7630564],[-75.6007736,5.7630716],[-75.6006475,5.7631739],[-75.6006164,5.7631957],[-75.6005808,5.7632129],[-75.6005613,5.7632167],[-75.600544,5.7632151],[-75.600539,5.7632119],[-75.6005364,5.7632022],[-75.6005297,5.763194],[-75.6005062,5.7631853],[-75.6004391,5.7631725],[-75.6003859,5.7631705],[-75.6003228,5.7631774],[-75.6002733,5.7631867],[-75.6002413,5.7631975],[-75.6002176,5.7632102],[-75.6001688,5.76323],[-75.6001387,5.7632509],[-75.6001044,5.7632868],[-75.6000698,5.7633497],[-75.6000611,5.7633905],[-75.6000542,5.7634096],[-75.6000436,5.7634235],[-75.6000408,5.763424],[-75.6000366,5.763419],[-75.6000279,5.7633736],[-75.6000289,5.7632959],[-75.6000418,5.7632048],[-75.6000564,5.7631461],[-75.6000687,5.7631151],[-75.6000814,5.7631043],[-75.6001139,5.763084],[-75.6001325,5.7630762],[-75.6001415,5.7630687],[-75.6002133,5.7629204],[-75.600228,5.7628647],[-75.6002325,5.7628575],[-75.6003203,5.7628076],[-75.6003874,5.7627736],[-75.6004237,5.7627594],[-75.6004562,5.76274],[-75.6004876,5.7627099],[-75.600499,5.7626876],[-75.6005032,5.7626704],[-75.6005026,5.7626343],[-75.6004935,5.7626076],[-75.6004765,5.7625801],[-75.6004582,5.7625621],[-75.6004435,5.7625513],[-75.6004098,5.7625343],[-75.6003125,5.7625085],[-75.6002731,5.7624905],[-75.6002379,5.7624671],[-75.600182,5.7624155],[-75.6001188,5.7623431],[-75.6000846,5.7622942],[-75.6000563,5.7622375],[-75.6000484,5.7622027],[-75.6000472,5.7621853],[-75.6000506,5.7621613],[-75.6000563,5.762143],[-75.6000659,5.7621254],[-75.6000868,5.7621016],[-75.6001045,5.7620745],[-75.6001677,5.7620112],[-75.6002005,5.7619718],[-75.6002429,5.7619117],[-75.6002687,5.7618572],[-75.6002917,5.7618174],[-75.6003556,5.761739],[-75.6003973,5.7617024],[-75.6004137,5.7616801],[-75.6004323,5.7616447],[-75.6004332,5.7616142],[-75.6004245,5.7615964],[-75.6003531,5.7615286],[-75.6003342,5.7615019],[-75.6003141,5.7614592],[-75.6002931,5.7614521],[-75.6002617,5.7614519],[-75.6002531,5.7614486],[-75.600243,5.7614398],[-75.6002264,5.7614026],[-75.6002195,5.7614009],[-75.6002056,5.7614059],[-75.6001831,5.7614237],[-75.6001602,5.7614547],[-75.6001247,5.7614699],[-75.6000536,5.7615201],[-75.59999,5.7615528],[-75.599966,5.7615598],[-75.5999367,5.7615621],[-75.5999149,5.7615616],[-75.5998471,5.7615513],[-75.5998361,5.761552],[-75.5998182,5.7615589],[-75.5998033,5.7615754],[-75.5997758,5.7616515],[-75.5997551,5.7616824],[-75.5997249,5.7617075],[-75.5996204,5.7617567],[-75.5995815,5.761781],[-75.5995362,5.7618252],[-75.5994971,5.7618845],[-75.5994819,5.7618997],[-75.599455,5.7619095],[-75.5993926,5.7619165],[-75.5993365,5.7619337],[-75.599298,5.7619591],[-75.5992862,5.7619809],[-75.5992616,5.7619938],[-75.5992163,5.762039],[-75.5991921,5.7620509],[-75.5991429,5.7620583],[-75.5990609,5.7620512],[-75.5989994,5.7620382],[-75.5988404,5.7619866],[-75.5987389,5.7619647],[-75.598716,5.7619536],[-75.5986909,5.7619335],[-75.5986647,5.7619003],[-75.5986294,5.7618394],[-75.598614,5.7618018],[-75.5985844,5.7617581],[-75.5985579,5.7617306],[-75.5985282,5.7617114],[-75.5985102,5.7617066],[-75.5984525,5.7617052],[-75.5983936,5.7616964],[-75.5983465,5.7616767],[-75.5982622,5.7616491],[-75.5981721,5.7616255],[-75.5981164,5.7616049],[-75.5980867,5.7615893],[-75.5980627,5.7615687],[-75.5980381,5.7615401],[-75.5979671,5.7614065],[-75.5979293,5.7613504],[-75.5978715,5.7612897],[-75.597806,5.7612369],[-75.5977759,5.7612182],[-75.5977498,5.7612121],[-75.5977278,5.7612203],[-75.5977131,5.7612306],[-75.5976826,5.7612862],[-75.597682,5.7612947],[-75.5976868,5.7613096],[-75.5976841,5.7613177],[-75.5976754,5.7613268],[-75.597665,5.7613303],[-75.5976575,5.7613287],[-75.5976507,5.7613225],[-75.5976478,5.7613166],[-75.5976465,5.7612997],[-75.5976384,5.76129],[-75.5976244,5.761281],[-75.5976009,5.7612771],[-75.5975661,5.7612814],[-75.597528,5.7612698],[-75.5974603,5.7612431],[-75.5974104,5.7612281],[-75.5974064,5.7612199],[-75.5974063,5.7611888],[-75.5973967,5.7611122],[-75.5973968,5.7610565],[-75.5973909,5.7609532],[-75.5973835,5.7608935],[-75.5973718,5.7608493],[-75.5973235,5.7607076],[-75.5972964,5.760644],[-75.597265,5.7605954],[-75.5972287,5.7605629],[-75.5971637,5.7605389],[-75.597133,5.7605372],[-75.5971227,5.7605341],[-75.5970585,5.7604866],[-75.5970517,5.7604858],[-75.5970482,5.7604923],[-75.5970454,5.7605617],[-75.5970389,5.7605968],[-75.5970304,5.7606238],[-75.5969966,5.7606879],[-75.596962,5.7607372],[-75.5969317,5.7607725],[-75.5968722,5.7608154],[-75.5968455,5.7608282],[-75.5967998,5.7608385],[-75.5967233,5.7608384],[-75.5966861,5.7608314],[-75.596621,5.7608089],[-75.5965014,5.7607535],[-75.5964526,5.760739],[-75.5964196,5.7607334],[-75.5963627,5.7607298],[-75.5963126,5.7607304],[-75.5961672,5.7607427],[-75.5959662,5.7607486],[-75.5959092,5.7607447],[-75.5958696,5.7607382],[-75.5957867,5.7607193],[-75.5957589,5.7607101],[-75.5957547,5.7606993],[-75.5957589,5.760679],[-75.5957871,5.7606419],[-75.5958514,5.7606004],[-75.5959323,5.7605659],[-75.5959645,5.7605479],[-75.5959956,5.7605255],[-75.5960398,5.7604789],[-75.5960871,5.7604028],[-75.5960894,5.7603937],[-75.5960861,5.7603834],[-75.5960185,5.7603292],[-75.5960157,5.7603129],[-75.5960236,5.7602682],[-75.5960184,5.7602527],[-75.5960056,5.7602316],[-75.5960047,5.7602234],[-75.5960311,5.7601921],[-75.5960742,5.7601532],[-75.5961066,5.7601313],[-75.5961208,5.7601122],[-75.5961479,5.760092],[-75.5961838,5.7600557],[-75.5962111,5.7600185],[-75.5962294,5.7599737],[-75.5962337,5.7599352],[-75.596229,5.7598967],[-75.596179,5.7597321],[-75.5961687,5.7596918],[-75.5961633,5.7596534],[-75.5961652,5.7595984],[-75.5961714,5.7595522],[-75.5961807,5.759512],[-75.5961973,5.7594709],[-75.5962106,5.7594519],[-75.5962243,5.7594382],[-75.596247,5.7594225],[-75.5962647,5.7594141],[-75.596305,5.7594052],[-75.5964048,5.7594036],[-75.5964736,5.7593919],[-75.5965267,5.7593756],[-75.5965552,5.7593624],[-75.596568,5.7593514],[-75.5965739,5.759337],[-75.5965745,5.7593004],[-75.5965632,5.7592249],[-75.5965557,5.7591922],[-75.596545,5.759166],[-75.5965177,5.7591208],[-75.5964465,5.7590295],[-75.5964216,5.7590045],[-75.5963943,5.7589688],[-75.5963759,5.7589372],[-75.5963581,5.7588962],[-75.5963478,5.7588535],[-75.5963448,5.758819],[-75.5963483,5.7587469],[-75.5963545,5.7587008],[-75.5963547,5.7586687],[-75.5963496,5.7586399],[-75.5963382,5.7586163],[-75.5963257,5.7586022],[-75.5963127,5.7585957],[-75.5962671,5.758587],[-75.5962396,5.7585883],[-75.5961482,5.7586006],[-75.5960789,5.7586031],[-75.5960411,5.7585982],[-75.5960043,5.7586001],[-75.5958853,5.758587],[-75.5958484,5.7585787],[-75.5957792,5.7585814],[-75.5957462,5.7585663],[-75.5957253,5.7585628],[-75.5956636,5.7585687],[-75.5956259,5.758563],[-75.5956077,5.7585639],[-75.5955577,5.7585742],[-75.5954961,5.7585978],[-75.5954552,5.7586064],[-75.5954484,5.7586029],[-75.5954418,5.758583],[-75.5954394,5.7585481],[-75.5954569,5.7584848],[-75.5954587,5.7584657],[-75.5954563,5.7584489],[-75.5954434,5.7584177],[-75.5954405,5.7584023],[-75.5954351,5.7581971],[-75.5954419,5.7581205],[-75.5954365,5.7580554],[-75.5954376,5.7580143],[-75.5954534,5.7578476],[-75.5954888,5.7576575],[-75.5954923,5.7576149],[-75.5954902,5.7575843],[-75.5954938,5.7575595],[-75.5954862,5.757505],[-75.595476,5.7574799],[-75.5954619,5.7574588],[-75.5954415,5.7574416],[-75.5954206,5.7574379],[-75.5954071,5.7574411],[-75.5953946,5.7574539],[-75.5953714,5.7574939],[-75.5953555,5.7575136],[-75.5953412,5.7575237],[-75.595323,5.7575262],[-75.5953047,5.7575221],[-75.595247,5.7574887],[-75.5950526,5.7574138],[-75.5949772,5.7573682],[-75.5949435,5.7573373],[-75.5949247,5.7573117],[-75.5949174,5.7572897],[-75.5949193,5.7572757],[-75.5949363,5.7572427],[-75.5949609,5.7572073],[-75.5949639,5.7571852],[-75.5949611,5.7571732],[-75.5949509,5.7571622],[-75.5949311,5.7571517],[-75.5949008,5.7571405],[-75.5948557,5.7571316],[-75.5947597,5.7571184],[-75.594712,5.7571034],[-75.5946789,5.7570981],[-75.5944203,5.7570921],[-75.5943557,5.7570947],[-75.5943472,5.7570996],[-75.594328,5.757124],[-75.5943139,5.7571368],[-75.5942885,5.7571494],[-75.5942562,5.7571512],[-75.5942378,5.7571472],[-75.5942219,5.7571393],[-75.5941397,5.7570832],[-75.5940768,5.7570501],[-75.5940274,5.7570203],[-75.5939879,5.7569862],[-75.5939473,5.7569375],[-75.5938863,5.7568391],[-75.5938108,5.7567072],[-75.5937846,5.7566558],[-75.5937702,5.7566207],[-75.593758,5.7565775],[-75.5937481,5.7564969],[-75.5937382,5.7564442],[-75.5937293,5.756426],[-75.5937194,5.7564134],[-75.5937042,5.7564006],[-75.5936847,5.7563898],[-75.5936208,5.7563725],[-75.5935752,5.7563685],[-75.5934754,5.7563704],[-75.5933501,5.7563682],[-75.5933349,5.7563724],[-75.5933152,5.7563832],[-75.5932965,5.7563734],[-75.5932772,5.7563703],[-75.5931302,5.7563746],[-75.593066,5.7563657],[-75.593027,5.7563578],[-75.5930073,5.756351],[-75.5929368,5.75634],[-75.5929199,5.7563306],[-75.5929075,5.7563171],[-75.5928957,5.7562343],[-75.5928799,5.7561947],[-75.5928575,5.7561679],[-75.5928252,5.7561502],[-75.5927891,5.7561413],[-75.5927648,5.756141],[-75.5926716,5.7561652],[-75.5925644,5.7561809],[-75.5925057,5.7561818],[-75.5924327,5.7561744],[-75.5922866,5.7561418],[-75.592168,5.7561092],[-75.5920995,5.7560804],[-75.5920614,5.7560544],[-75.5920381,5.7560336],[-75.5920118,5.7560054],[-75.5919754,5.7559557],[-75.5919398,5.7558959],[-75.5919231,5.7558573],[-75.5918902,5.7556657],[-75.5918809,5.7555933],[-75.5918821,5.7555564],[-75.5918916,5.7555306],[-75.5919061,5.7555123],[-75.5919354,5.7554866],[-75.5919561,5.7554636],[-75.5919708,5.7554346],[-75.5919762,5.7554091],[-75.5919742,5.7553512],[-75.5919314,5.7552369],[-75.5919204,5.7551877],[-75.5919143,5.7551233],[-75.5919182,5.7550788],[-75.5919456,5.7549708],[-75.5919658,5.7548524],[-75.5919699,5.7547692],[-75.5919615,5.7547104],[-75.5919392,5.7546212],[-75.5918979,5.7544202],[-75.5918782,5.7543645],[-75.5918528,5.7543211],[-75.5917906,5.7542436],[-75.5917611,5.7541959],[-75.5917145,5.754135],[-75.5916873,5.7541079],[-75.5916665,5.7540935],[-75.5916476,5.754085],[-75.5916328,5.754082],[-75.5915876,5.7540824],[-75.5913995,5.7541322],[-75.5913419,5.7541427],[-75.5913146,5.754143],[-75.5912687,5.7541227],[-75.59123,5.754097],[-75.5911965,5.7540683],[-75.591161,5.7540269],[-75.5911142,5.753983],[-75.5910407,5.7539256],[-75.5909932,5.7539],[-75.5909553,5.7538854],[-75.590901,5.7538717],[-75.5908192,5.7538603],[-75.5908011,5.753862],[-75.5907659,5.7538723],[-75.5907386,5.7538841],[-75.5907165,5.7538996],[-75.5907004,5.7539178],[-75.5906928,5.7539434],[-75.5907163,5.7542032],[-75.5907132,5.7542388],[-75.5907084,5.7542524],[-75.5907012,5.7542622],[-75.5906833,5.7542716],[-75.5906174,5.7542774],[-75.5905779,5.7542901],[-75.5905513,5.7543162],[-75.5905204,5.7543656],[-75.5905012,5.7543882],[-75.5904759,5.7544084],[-75.5904435,5.7544256],[-75.590385,5.7544476],[-75.5903354,5.7544619],[-75.5902374,5.7544815],[-75.59017,5.7544903],[-75.5901497,5.7544962],[-75.590128,5.7545067],[-75.5901092,5.7545207],[-75.5900727,5.7545562],[-75.590023,5.7545961],[-75.5899999,5.7546184],[-75.5899722,5.754654],[-75.5899419,5.7547071],[-75.5899221,5.7547315],[-75.5898976,5.7547508],[-75.5898545,5.7547728],[-75.5898323,5.7547941],[-75.5898245,5.7548137],[-75.5898237,5.7548269],[-75.5898532,5.7549575],[-75.5898588,5.7550139],[-75.5898598,5.7550763],[-75.5898371,5.7553372],[-75.5898277,5.7553914],[-75.5898173,5.7554131],[-75.5898023,5.7554314],[-75.5897567,5.7554672],[-75.5897384,5.7554852],[-75.5897244,5.7555043],[-75.5897161,5.7555221],[-75.5897108,5.7555553],[-75.5897189,5.755614],[-75.5897187,5.755659],[-75.5896653,5.7558044],[-75.5896634,5.755832],[-75.5896519,5.7558295],[-75.5896175,5.7558105],[-75.5896053,5.7558078],[-75.5895955,5.755811],[-75.5895652,5.7558295],[-75.5895378,5.7558361],[-75.5895255,5.7558334],[-75.5895087,5.7558237],[-75.5894585,5.7557783],[-75.5893803,5.7557222],[-75.5893474,5.7556832],[-75.589302,5.7556203],[-75.5892747,5.7555754],[-75.5892571,5.7555382],[-75.5892543,5.7555145],[-75.5892594,5.75548],[-75.5892584,5.7554129],[-75.5892628,5.7553607],[-75.5892744,5.7553034],[-75.5893111,5.7552081],[-75.5893241,5.7551663],[-75.5893289,5.7551327],[-75.5893274,5.7551026],[-75.5893185,5.7550706],[-75.5892931,5.7550244],[-75.5892694,5.7549943],[-75.5892107,5.7549299],[-75.5892008,5.7549128],[-75.5891847,5.754861],[-75.5891638,5.7548142],[-75.5891392,5.754739],[-75.5891243,5.7547056],[-75.5890956,5.7546702],[-75.5890592,5.7546433],[-75.5889958,5.7546077],[-75.5889783,5.754603],[-75.5889589,5.7545912],[-75.5889293,5.7545786],[-75.5888935,5.7545481],[-75.5888434,5.7545308],[-75.5887755,5.7544889],[-75.5887467,5.7544598],[-75.5887356,5.7544523],[-75.5887074,5.7544439],[-75.5886248,5.7544331],[-75.5885999,5.754423],[-75.5885756,5.7544009],[-75.5885563,5.7543672],[-75.5885457,5.754333],[-75.5885389,5.7542907],[-75.5885371,5.7542009],[-75.5885402,5.7540908],[-75.5885343,5.7540354],[-75.5885233,5.7540045],[-75.5885099,5.7539489],[-75.5885013,5.7539301],[-75.5884821,5.7539008],[-75.5884566,5.7538759],[-75.5884355,5.7538624],[-75.5884055,5.753851],[-75.5883832,5.75385],[-75.5883646,5.7538556],[-75.588349,5.7538709],[-75.5883421,5.7538923],[-75.5883427,5.7539194],[-75.5883557,5.753955],[-75.5883473,5.753964],[-75.5883155,5.7539694],[-75.5882621,5.7539683],[-75.5882298,5.7539737],[-75.5882022,5.7539868],[-75.5881431,5.7540357],[-75.588122,5.7540482],[-75.5880727,5.7540651],[-75.5880053,5.7540776],[-75.5879864,5.7540748],[-75.5879584,5.7540485],[-75.5879336,5.7540397],[-75.5879029,5.7540398],[-75.5878607,5.7540515],[-75.5878468,5.7540526],[-75.5877027,5.7540306],[-75.5876688,5.7540228],[-75.5876431,5.754013],[-75.587612,5.7539947],[-75.5875541,5.7539436],[-75.5875266,5.7539259],[-75.5874948,5.7539171],[-75.5874539,5.7539178],[-75.5874043,5.7539334],[-75.5873364,5.7539687],[-75.5873086,5.7539998],[-75.5872646,5.7540376],[-75.5872438,5.7540612],[-75.5872002,5.7540983],[-75.5871925,5.7541021],[-75.5871899,5.7540999],[-75.5871892,5.7540912],[-75.5871966,5.7540602],[-75.5871977,5.7540368],[-75.5871951,5.7539792],[-75.5871875,5.7539107],[-75.5871675,5.7538393],[-75.5871543,5.7538127],[-75.5871058,5.7537709],[-75.5870897,5.7537608],[-75.5870672,5.7537518],[-75.5870136,5.7537446],[-75.5869357,5.7537456],[-75.5868574,5.7537356],[-75.5868554,5.7537304],[-75.5868569,5.7537227],[-75.5868719,5.7536905],[-75.5868924,5.753632],[-75.5869272,5.7535549],[-75.5869626,5.7534462],[-75.5869749,5.7534156],[-75.5869959,5.7533777],[-75.5870036,5.7533425],[-75.5870067,5.7533133],[-75.587013,5.7531337],[-75.587003,5.7530483],[-75.5869891,5.7529652],[-75.5869904,5.7528777],[-75.5869949,5.7528304],[-75.5870066,5.7527776],[-75.587047,5.7526635],[-75.5870422,5.7526496],[-75.5870246,5.752631],[-75.5870065,5.752604],[-75.586948,5.752545],[-75.5869205,5.7525268],[-75.5869177,5.7525213],[-75.5869233,5.7525145],[-75.5869596,5.7524979],[-75.5869899,5.7524757],[-75.5870201,5.7524442],[-75.5870534,5.7524017],[-75.5870671,5.7523655],[-75.5870921,5.7522791],[-75.5871072,5.7522433],[-75.5871303,5.752203],[-75.5871815,5.7521377],[-75.5871999,5.7520979],[-75.5872073,5.7520614],[-75.5872128,5.7519904],[-75.5872457,5.7519082],[-75.5872499,5.7518858],[-75.5872495,5.7518583],[-75.5872544,5.7518498],[-75.5872626,5.7518501],[-75.5872679,5.7518539],[-75.5872757,5.7518637],[-75.5872851,5.7518864],[-75.5873038,5.7518954],[-75.5873554,5.7518995],[-75.5874251,5.7518963],[-75.5874447,5.7518914],[-75.5874937,5.7518673],[-75.5875825,5.7518337],[-75.5876348,5.7518264],[-75.5877296,5.7518247],[-75.5877778,5.7518153],[-75.5878048,5.7518052],[-75.5878274,5.7517924],[-75.5878567,5.7517639],[-75.587869,5.7517394],[-75.5878769,5.7516986],[-75.5878665,5.7515729],[-75.5878733,5.7514613],[-75.5878725,5.7514026],[-75.5878663,5.7513572],[-75.5878288,5.7512156],[-75.5878227,5.7511789],[-75.5878273,5.7511494],[-75.5878458,5.7510916],[-75.5878648,5.7510546],[-75.5879026,5.750998],[-75.5879337,5.7509572],[-75.5880084,5.7508703],[-75.5880248,5.750832],[-75.5880442,5.7507421],[-75.5880518,5.7507296],[-75.5880993,5.7506743],[-75.5881196,5.7506382],[-75.5882004,5.750571],[-75.5882471,5.7505412],[-75.5882654,5.7505225],[-75.5883539,5.7504567],[-75.5884199,5.7503954],[-75.5884658,5.7503428],[-75.5884863,5.7503076],[-75.5885138,5.7502215],[-75.5885288,5.7501846],[-75.5885989,5.7500526],[-75.5886215,5.7500039],[-75.5886269,5.7499801],[-75.5886309,5.7498949],[-75.5886267,5.749849],[-75.5886211,5.7498274],[-75.5885894,5.7497476],[-75.588579,5.7497129],[-75.5885757,5.7496872],[-75.5885782,5.7496408],[-75.58859,5.7496065],[-75.5885868,5.7495727],[-75.5885974,5.7495094],[-75.5886096,5.7494754],[-75.588629,5.7494517],[-75.588657,5.7494352],[-75.5887147,5.7494096],[-75.5887391,5.7493908],[-75.5887514,5.7493668],[-75.5887561,5.7493242],[-75.5887517,5.7492994],[-75.5887401,5.749277],[-75.588707,5.7492323],[-75.5886593,5.7491855],[-75.5886405,5.74916],[-75.5886077,5.7490686],[-75.5885861,5.7489501],[-75.5885773,5.7489273],[-75.5885649,5.7489089],[-75.5885316,5.7488828],[-75.588463,5.7488439],[-75.5883897,5.7487938],[-75.5883742,5.7487742],[-75.5883789,5.7487477],[-75.5883771,5.7487397],[-75.5883708,5.7487314],[-75.5883663,5.7487291],[-75.588335,5.748729],[-75.5883275,5.748726],[-75.588295,5.7486822],[-75.5882772,5.7486633],[-75.588261,5.7486516],[-75.5882452,5.7486464],[-75.5882271,5.7486474],[-75.5881652,5.7486722],[-75.5881316,5.7486768],[-75.5880713,5.74867],[-75.5880127,5.7486527],[-75.587994,5.7486408],[-75.5878375,5.7485164],[-75.5877321,5.7484428],[-75.5876794,5.748415],[-75.5876522,5.7484064],[-75.5875923,5.7483996],[-75.5875562,5.7484],[-75.5874948,5.7484078],[-75.5874793,5.7484182],[-75.5874667,5.7484322],[-75.5874503,5.7484723],[-75.5874438,5.7484816],[-75.5874279,5.7484879],[-75.5873799,5.7484936],[-75.5873695,5.7484904],[-75.5873573,5.7484805],[-75.5873027,5.7484124],[-75.5872846,5.7483998],[-75.5872477,5.7483961],[-75.5871971,5.748407],[-75.5871788,5.7484077],[-75.5871525,5.7484009],[-75.5871256,5.7483829],[-75.5871106,5.7483543],[-75.5871031,5.7483245],[-75.5870962,5.748271],[-75.5870796,5.7481978],[-75.5870611,5.7481347],[-75.5870504,5.7481086],[-75.5870076,5.7480349],[-75.5869616,5.747963],[-75.5869204,5.747905],[-75.5868846,5.7478453],[-75.5868347,5.7477374],[-75.5867573,5.7475882],[-75.5866478,5.7473537],[-75.5865926,5.7472553],[-75.586556,5.7472015],[-75.5865296,5.7471688],[-75.5864988,5.7471372],[-75.5863921,5.7470491],[-75.5862929,5.7469546],[-75.5862477,5.7469046],[-75.5861668,5.7467998],[-75.586137,5.7467676],[-75.5861106,5.7467488],[-75.5860778,5.7467344],[-75.5860387,5.7467247],[-75.5859738,5.7467168],[-75.585933,5.7467082],[-75.5858908,5.746693],[-75.5858505,5.7466703],[-75.5858148,5.7466377],[-75.5857368,5.7465491],[-75.5855267,5.7463528],[-75.5854576,5.7462952],[-75.5853584,5.7462194],[-75.585279,5.7461445],[-75.5852507,5.7461105],[-75.5852232,5.7460659],[-75.5852057,5.7460289],[-75.585157,5.7459004],[-75.5851261,5.7458399],[-75.5851029,5.7458051],[-75.585031,5.7457188],[-75.5849953,5.7456693],[-75.584737,5.745248],[-75.584654,5.7450999],[-75.5846211,5.7450478],[-75.5845531,5.7449608],[-75.5844534,5.7448528],[-75.5844114,5.7448238],[-75.5843428,5.7447935],[-75.5843068,5.7447843],[-75.5842702,5.7447854],[-75.5842533,5.7447932],[-75.5842347,5.7448156],[-75.5842263,5.7448384],[-75.5842218,5.7448608],[-75.5842115,5.7450112],[-75.5842012,5.7450658],[-75.5841821,5.7451142],[-75.5841528,5.745152],[-75.5841109,5.7451831],[-75.5840022,5.7452434],[-75.5837948,5.7453343],[-75.5837563,5.7453617],[-75.5837289,5.7453951],[-75.5837185,5.7454193],[-75.583711,5.7454503],[-75.5837097,5.745478],[-75.583713,5.7455037],[-75.583723,5.745539],[-75.5837414,5.7455834],[-75.5838032,5.7456886],[-75.5838251,5.7457377],[-75.5838299,5.7457615],[-75.5838301,5.7457794],[-75.5838253,5.7458128],[-75.5838174,5.7458395],[-75.583789,5.7458934],[-75.5836762,5.7460524],[-75.5836237,5.7461425],[-75.5835997,5.7461966],[-75.5835701,5.7462873],[-75.5835621,5.7463186],[-75.5835558,5.7463738],[-75.5835346,5.7464015],[-75.583483,5.7464952],[-75.5834544,5.7465289],[-75.5834169,5.7465597],[-75.5833723,5.7465857],[-75.5832773,5.7466282],[-75.5832319,5.7466593],[-75.5832199,5.7466738],[-75.5832085,5.7467056],[-75.5831892,5.7467464],[-75.5831776,5.7467854],[-75.5831763,5.74684],[-75.5831806,5.7468563],[-75.5831948,5.7468811],[-75.5831959,5.7468893],[-75.5831877,5.7469089],[-75.5831688,5.7469393],[-75.5831515,5.7469574],[-75.5831348,5.7469698],[-75.5830573,5.7470048],[-75.5830433,5.7470089],[-75.5830079,5.7470051],[-75.5829628,5.7470172],[-75.5829137,5.7470376],[-75.5828547,5.7470768],[-75.5828455,5.7470791],[-75.5828371,5.747073],[-75.5827798,5.7470091],[-75.5827032,5.7469485],[-75.5826547,5.7469211],[-75.5826006,5.7468997],[-75.5825993,5.7468933],[-75.5826021,5.7468893],[-75.5826366,5.7468603],[-75.5826641,5.7468299],[-75.5826931,5.7467753],[-75.5827471,5.7466843],[-75.5827933,5.7466205],[-75.5829499,5.7463715],[-75.5829666,5.74634],[-75.5829741,5.7463173],[-75.5829777,5.7462879],[-75.5829762,5.7462617],[-75.5829577,5.7461893],[-75.5829408,5.7461467],[-75.5829237,5.7461135],[-75.5829033,5.7460853],[-75.5828401,5.7460166],[-75.5827936,5.7459598],[-75.5827391,5.7458739],[-75.5826742,5.7457579],[-75.5826618,5.7457278],[-75.5826492,5.7456837],[-75.582625,5.7455247],[-75.5826137,5.7454955],[-75.5825682,5.745442],[-75.5825197,5.7453777],[-75.582443,5.7453044],[-75.5823457,5.7452218],[-75.5823358,5.7452043],[-75.5823369,5.745178],[-75.5823444,5.7451582],[-75.5823561,5.7451418],[-75.5824033,5.7450988],[-75.5824381,5.745061],[-75.5824529,5.7450504],[-75.5824845,5.745036],[-75.5825035,5.745019],[-75.5825599,5.7449489],[-75.5826559,5.7448405],[-75.5827351,5.7447444],[-75.5827882,5.7446718],[-75.582817,5.7446232],[-75.5828289,5.7445921],[-75.5828498,5.7445139],[-75.5828575,5.7444967],[-75.5828703,5.7444784],[-75.5828875,5.7444617],[-75.5829066,5.7444484],[-75.5829964,5.7444056],[-75.5830139,5.7443907],[-75.5830272,5.7443739],[-75.583037,5.7443552],[-75.5830438,5.7443338],[-75.5830514,5.7442618],[-75.5830567,5.7442368],[-75.5830707,5.7441975],[-75.5830937,5.7441515],[-75.5831121,5.7440743],[-75.5831197,5.7440096],[-75.5831157,5.7439167],[-75.5831196,5.7438995],[-75.5831568,5.7439074],[-75.5832097,5.7439259],[-75.5832566,5.7439282],[-75.5832934,5.7439258],[-75.5833432,5.7439172],[-75.5833737,5.743908],[-75.5833965,5.7438974],[-75.5834215,5.7438782],[-75.5834433,5.7438548],[-75.5835296,5.74373],[-75.583589,5.743657],[-75.5836398,5.7436084],[-75.5837226,5.7435434],[-75.58379,5.7434958],[-75.5839398,5.7434055],[-75.5840795,5.7433378],[-75.5841867,5.7432945],[-75.5842282,5.743283],[-75.5842625,5.743278],[-75.5843062,5.7432782],[-75.5843441,5.7432854],[-75.5843952,5.7433051],[-75.5844856,5.7433679],[-75.5845353,5.7433948],[-75.5845816,5.7434056],[-75.5846135,5.743406],[-75.5846348,5.7434028],[-75.5846482,5.7433941],[-75.5846616,5.7433806],[-75.5846709,5.7433671],[-75.58468,5.7433452],[-75.5846967,5.7432799],[-75.5847182,5.7431686],[-75.5847323,5.7431226],[-75.5847555,5.7430683],[-75.5847813,5.7430224],[-75.5848006,5.7429964],[-75.5848229,5.7429742],[-75.5848538,5.7429509],[-75.5849208,5.7429197],[-75.5850473,5.7428824],[-75.5850966,5.7428734],[-75.5851887,5.7428702],[-75.5852246,5.7428599],[-75.585252,5.7428425],[-75.5852681,5.7428268],[-75.5853055,5.7427714],[-75.585328,5.7427466],[-75.5853443,5.7427334],[-75.5853666,5.7427211],[-75.5853988,5.7427085],[-75.5854986,5.7426789],[-75.585624,5.7426209],[-75.5856875,5.7425979],[-75.5857683,5.7425802],[-75.5858418,5.7425769],[-75.5858758,5.7425725],[-75.5859398,5.7425567],[-75.5860337,5.7425079],[-75.5861793,5.7424138],[-75.5862424,5.7423683],[-75.5862781,5.7423387],[-75.5864345,5.7421792],[-75.5866138,5.7420393],[-75.5866588,5.7419966],[-75.5867223,5.7419255],[-75.5868265,5.7418508],[-75.5868564,5.7418237],[-75.5868746,5.7418022],[-75.5868855,5.7417806],[-75.5869016,5.7417296],[-75.5869294,5.7415857],[-75.5869646,5.7414855],[-75.5869731,5.7414495],[-75.5869744,5.7414049],[-75.5869645,5.7413561],[-75.5869609,5.7413216],[-75.5869642,5.7412877],[-75.5869761,5.7412367],[-75.5869781,5.7412083],[-75.5869762,5.741196],[-75.5869708,5.7411834],[-75.5869571,5.7411696],[-75.5869419,5.7411593],[-75.5869157,5.7411495],[-75.5868787,5.7411417],[-75.5866746,5.7411155],[-75.5865278,5.7410877],[-75.5864784,5.7410808],[-75.5864416,5.7410807],[-75.5863888,5.7410902],[-75.5863531,5.7411037],[-75.5863097,5.7411382],[-75.5862621,5.7411893],[-75.5862525,5.7412088],[-75.5862463,5.7412301],[-75.5862432,5.7412814],[-75.5862501,5.7413214],[-75.5862675,5.7413592],[-75.5863342,5.7414583],[-75.5863787,5.741517],[-75.5863883,5.7415433],[-75.5863873,5.7415694],[-75.5863722,5.7415857],[-75.5863504,5.7415954],[-75.5862781,5.7416114],[-75.5861378,5.7416676],[-75.5861173,5.7416721],[-75.5860992,5.741672],[-75.5860871,5.7416689],[-75.5860532,5.741652],[-75.5860403,5.7416382],[-75.5860309,5.7416203],[-75.5860102,5.7415263],[-75.5859995,5.7414914],[-75.5859709,5.7414171],[-75.5859284,5.7413234],[-75.5858896,5.7412029],[-75.5858652,5.7411425],[-75.5858596,5.7411133],[-75.5858583,5.7410556],[-75.5858502,5.7410271],[-75.5858338,5.7410111],[-75.5858057,5.7409995],[-75.585729,5.74099],[-75.5856521,5.7409731],[-75.5856254,5.7409721],[-75.5856019,5.7409747],[-75.5855915,5.7409818],[-75.5855869,5.7409892],[-75.5855844,5.7410036],[-75.5855864,5.741021],[-75.5855948,5.7410438],[-75.5856277,5.7411044],[-75.585637,5.7411312],[-75.585641,5.7411564],[-75.5856422,5.7412235],[-75.5856516,5.7413096],[-75.5856454,5.7413466],[-75.5856348,5.7413681],[-75.5856228,5.741378],[-75.5856034,5.7413812],[-75.58557,5.7413765],[-75.5855227,5.7413624],[-75.5854873,5.7413429],[-75.5853893,5.7412782],[-75.5853424,5.7412397],[-75.5853151,5.7412219],[-75.5852903,5.7412121],[-75.5852576,5.7412058],[-75.5852444,5.7412063],[-75.5852295,5.7412109],[-75.5852152,5.7412213],[-75.585198,5.7412398],[-75.5851771,5.7412751],[-75.5851616,5.7412846],[-75.5851528,5.7412941],[-75.5850953,5.7413851],[-75.5850161,5.7414996],[-75.5849867,5.7415665],[-75.5849562,5.7416255],[-75.5849259,5.7417027],[-75.5849083,5.7417571],[-75.5848999,5.7417741],[-75.5848961,5.741776],[-75.5848892,5.741771],[-75.5848803,5.7417566],[-75.5848412,5.741679],[-75.5847942,5.7415624],[-75.5847811,5.7415053],[-75.584782,5.7414507],[-75.5847244,5.7412146],[-75.5847124,5.741178],[-75.584678,5.7410989],[-75.5846774,5.7410782],[-75.5846826,5.7410527],[-75.5847139,5.7409801],[-75.58472,5.740939],[-75.5847274,5.7409259],[-75.5847277,5.7409173],[-75.584704,5.7409046],[-75.5846632,5.7408723],[-75.5846203,5.7408535],[-75.5845476,5.7408387],[-75.5845073,5.7408373],[-75.5844661,5.7408398],[-75.5844337,5.7408458],[-75.5843933,5.7408593],[-75.5843296,5.7408884],[-75.5842718,5.7409214],[-75.5841687,5.7409565],[-75.5841003,5.7409932],[-75.5840924,5.7409952],[-75.5840862,5.7409924],[-75.5840633,5.7409571],[-75.5840627,5.7409185],[-75.5840591,5.7408927],[-75.5840221,5.7407892],[-75.5840179,5.740755],[-75.5840227,5.7406938],[-75.584022,5.7406533],[-75.5840144,5.7406211],[-75.5839995,5.7405893],[-75.5839797,5.7405649],[-75.5839446,5.7405408],[-75.5839136,5.7405264],[-75.5838313,5.740496],[-75.5837824,5.7404687],[-75.5837183,5.7404202],[-75.5836733,5.7403748],[-75.5836541,5.7403499],[-75.5836189,5.7402888],[-75.5835408,5.7401132],[-75.5834865,5.7400137],[-75.583442,5.7399411],[-75.5833618,5.7398225],[-75.583332,5.7397887],[-75.5833113,5.7397736],[-75.5832886,5.7397678],[-75.583265,5.7397695],[-75.5832281,5.7397803],[-75.5831509,5.7398094],[-75.5831256,5.7398151],[-75.5830841,5.7398167],[-75.5830385,5.7398092],[-75.5829786,5.7397861],[-75.5829052,5.7397421],[-75.5828548,5.7397038],[-75.5827691,5.7396312],[-75.5827319,5.7396052],[-75.5827139,5.7395963],[-75.5826841,5.7395867],[-75.5826369,5.7395825],[-75.5825876,5.7395896],[-75.5825415,5.7396059],[-75.5824873,5.739635],[-75.5824417,5.7396681],[-75.5823873,5.7396688],[-75.582326,5.7396791],[-75.582315,5.7396973],[-75.5823026,5.7397527],[-75.5822969,5.7397656],[-75.5822858,5.739773],[-75.5822374,5.7397812],[-75.5822272,5.7397744],[-75.582123,5.7396574],[-75.582083,5.7396198],[-75.5820475,5.7395699],[-75.5820162,5.7395382],[-75.5819822,5.7395183],[-75.5818318,5.739471],[-75.5817875,5.7394471],[-75.5817317,5.7394031],[-75.5816209,5.7392969],[-75.5815754,5.7392612],[-75.5815271,5.7392394],[-75.5813666,5.739205],[-75.5813142,5.7391884],[-75.5812498,5.7391628],[-75.5811849,5.7391489],[-75.581158,5.7391484],[-75.5811405,5.7391524],[-75.5811232,5.739166],[-75.5811136,5.739183],[-75.5811084,5.7392157],[-75.5811065,5.7393212],[-75.5811083,5.7393473],[-75.581114,5.7393696],[-75.5811298,5.7394045],[-75.581133,5.7394357],[-75.5811384,5.7394495],[-75.5811559,5.7394768],[-75.5812057,5.7395371],[-75.5812514,5.7396064],[-75.581259,5.7396222],[-75.5812483,5.7396206],[-75.5811097,5.7395563],[-75.5810931,5.7395536],[-75.5810472,5.7395551],[-75.5810164,5.7395619],[-75.580989,5.7395776],[-75.5809351,5.7396003],[-75.5808629,5.7396411],[-75.5808053,5.7396623],[-75.5807736,5.7396693],[-75.5807229,5.7396739],[-75.5806395,5.73967],[-75.580616,5.739663],[-75.5805944,5.7396613],[-75.5805421,5.7396426],[-75.580509,5.7396231],[-75.5804838,5.7396023],[-75.5803966,5.7395171],[-75.5803915,5.7395061],[-75.5803911,5.7394616],[-75.5803833,5.7394183],[-75.5803844,5.7394127],[-75.5803959,5.7394057],[-75.5804314,5.7394065],[-75.580452,5.7393991],[-75.5804858,5.7393711],[-75.5805089,5.7393359],[-75.5805217,5.7393268],[-75.5805356,5.7393272],[-75.5805608,5.7393471],[-75.5805851,5.7393595],[-75.5806284,5.739373],[-75.5806504,5.7393743],[-75.5806801,5.7393688],[-75.5807077,5.739357],[-75.5807331,5.7393363],[-75.5807555,5.7393069],[-75.5807712,5.739276],[-75.5807874,5.7392291],[-75.5807944,5.7391981],[-75.5807984,5.73916],[-75.5807995,5.7390729],[-75.5807935,5.7389903],[-75.5807732,5.7389187],[-75.5807685,5.7388895],[-75.5807669,5.7388543],[-75.5807728,5.7387968],[-75.5808042,5.7386741],[-75.5808221,5.738629],[-75.5808532,5.7385832],[-75.5808709,5.738565],[-75.5809092,5.7385393],[-75.5809925,5.7384385],[-75.5810209,5.7384081],[-75.5810326,5.7383996],[-75.5810398,5.7384002],[-75.5810655,5.7384195],[-75.581111,5.7384463],[-75.5811547,5.7384623],[-75.5811854,5.7384661],[-75.5812145,5.7385185],[-75.5812854,5.7386055],[-75.5813416,5.7386806],[-75.5814003,5.7387349],[-75.5814315,5.738753],[-75.5814655,5.7387629],[-75.5814989,5.7387685],[-75.5815672,5.7387754],[-75.5816208,5.7387761],[-75.5816861,5.7387723],[-75.5818151,5.7387477],[-75.5818472,5.7387463],[-75.5818819,5.7387487],[-75.5819583,5.7387697],[-75.5821207,5.7388392],[-75.5821586,5.7388492],[-75.582178,5.7388513],[-75.582204,5.7388466],[-75.5822317,5.7388267],[-75.5822912,5.7387503],[-75.5824383,5.738573],[-75.582496,5.7385129],[-75.5825509,5.738469],[-75.5826806,5.7383941],[-75.5827445,5.7383698],[-75.5827694,5.7383655],[-75.5828289,5.7383629],[-75.5828738,5.7383724],[-75.5828995,5.7383826],[-75.5829356,5.738409],[-75.5829652,5.738452],[-75.5829776,5.7384816],[-75.5829973,5.7385104],[-75.5830344,5.7385587],[-75.5830601,5.7385831],[-75.5830785,5.7386149],[-75.583133,5.7386911],[-75.5831611,5.7387215],[-75.5831876,5.7387448],[-75.5832266,5.7387699],[-75.5832432,5.7387729],[-75.5832931,5.7387734],[-75.5833639,5.7387664],[-75.5834235,5.7387548],[-75.5835574,5.7387209],[-75.5836121,5.7387103],[-75.5838024,5.7387075],[-75.5838419,5.7387101],[-75.5838694,5.7387183],[-75.5838978,5.7387351],[-75.5839313,5.7387652],[-75.5839866,5.7388226],[-75.5840257,5.738857],[-75.5841007,5.7389028],[-75.5841718,5.7389272],[-75.5842122,5.738936],[-75.5842939,5.738948],[-75.5843223,5.7389565],[-75.58434,5.7389656],[-75.5843649,5.7389848],[-75.5843907,5.7390127],[-75.5844072,5.7390429],[-75.5844173,5.7390761],[-75.584425,5.7391222],[-75.5844293,5.7391738],[-75.5844139,5.7392677],[-75.5844126,5.7393319],[-75.5844183,5.7393629],[-75.5844274,5.7393809],[-75.5844513,5.7394069],[-75.5844655,5.7394184],[-75.5844963,5.7394341],[-75.5845233,5.7394349],[-75.5845538,5.7394259],[-75.5845748,5.7394143],[-75.58462,5.7393796],[-75.5846406,5.7393565],[-75.5846642,5.7393132],[-75.5846712,5.739305],[-75.5846799,5.7393001],[-75.5847209,5.7392889],[-75.5847772,5.7392399],[-75.5847844,5.7392162],[-75.5847848,5.7392072],[-75.5847797,5.7391909],[-75.5847825,5.7391826],[-75.5848051,5.7391696],[-75.5848129,5.7391687],[-75.5848186,5.7391761],[-75.5848217,5.7392065],[-75.5848101,5.7392935],[-75.5848288,5.7393338],[-75.5848814,5.7394028],[-75.5849144,5.7394566],[-75.5849636,5.7395059],[-75.5849965,5.7395322],[-75.5850293,5.7395495],[-75.5850635,5.7395591],[-75.585084,5.7395607],[-75.5851234,5.7395591],[-75.5853298,5.7395091],[-75.5853932,5.7394992],[-75.5854719,5.7394955],[-75.5855623,5.739504],[-75.5856253,5.7395028],[-75.5856688,5.7394879],[-75.585708,5.7394596],[-75.5857255,5.7394416],[-75.5857367,5.7394255],[-75.5857817,5.7393389],[-75.5857989,5.7392937],[-75.5858159,5.7392338],[-75.5858252,5.7391672],[-75.5858254,5.7391054],[-75.5858116,5.7390492],[-75.5858094,5.7390096],[-75.5858148,5.738986],[-75.5858612,5.7389008],[-75.5858972,5.73881],[-75.5859741,5.7387249],[-75.5859799,5.7387215],[-75.5859864,5.7387222],[-75.5859938,5.7387288],[-75.5860212,5.7387649],[-75.5860495,5.7387948],[-75.5861107,5.7388419],[-75.5862,5.7389306],[-75.5862406,5.7389872],[-75.5862791,5.7390207],[-75.5863045,5.7390305],[-75.5863696,5.7390352],[-75.5864014,5.739044],[-75.5865955,5.7391366],[-75.5866282,5.7391414],[-75.5866518,5.7391393],[-75.5866682,5.7391343],[-75.5866831,5.7391233],[-75.586694,5.7391075],[-75.5867329,5.7389815],[-75.5867917,5.7388643],[-75.58686,5.7387049],[-75.5869441,5.7385653],[-75.5869491,5.7385408],[-75.5869425,5.7385131],[-75.5869352,5.7385033],[-75.5869142,5.7384931],[-75.5868955,5.7384906],[-75.5867967,5.7384988],[-75.5867523,5.7384971],[-75.5867068,5.7384893],[-75.5866617,5.7384758],[-75.5865907,5.7384422],[-75.5865288,5.738405],[-75.586478,5.7383671],[-75.5864085,5.7383049],[-75.5863552,5.7382715],[-75.586301,5.7382507],[-75.5861476,5.7382084],[-75.5860934,5.7381907],[-75.5860499,5.7381717],[-75.5860192,5.7381534],[-75.5859782,5.7381176],[-75.5859346,5.7380623],[-75.585901,5.7379962],[-75.585869,5.7379056],[-75.5858481,5.7378759],[-75.5858324,5.7378653],[-75.5858105,5.7378559],[-75.5856974,5.7378247],[-75.5856755,5.7378148],[-75.585659,5.7378036],[-75.5856248,5.7377664],[-75.5855674,5.7376744],[-75.5855357,5.7376341],[-75.5854898,5.7375894],[-75.5854045,5.737525],[-75.5853437,5.7374693],[-75.5851795,5.7372856],[-75.5851254,5.7372314],[-75.5850809,5.7371946],[-75.5850268,5.7371581],[-75.5849638,5.7371215],[-75.5849113,5.7370995],[-75.584886,5.7370964],[-75.584856,5.7371019],[-75.5848049,5.7371186],[-75.5847657,5.7371392],[-75.5847471,5.737156],[-75.5847316,5.7371774],[-75.5847236,5.7371956],[-75.5847094,5.7372468],[-75.5847002,5.7372634],[-75.5846783,5.7372853],[-75.584648,5.7373047],[-75.5846199,5.737317],[-75.5845989,5.7373223],[-75.5845108,5.7373279],[-75.5844664,5.7373353],[-75.5844132,5.7373527],[-75.5843731,5.7373731],[-75.5842794,5.7374476],[-75.5842511,5.7374741],[-75.5842311,5.7374984],[-75.5842004,5.7375553],[-75.5841982,5.7375692],[-75.5842011,5.7376128],[-75.5841958,5.737628],[-75.5841884,5.7376367],[-75.5841756,5.7376456],[-75.5841532,5.7376553],[-75.5840994,5.7376687],[-75.5840729,5.7376676],[-75.5840472,5.7376576],[-75.5839964,5.7376226],[-75.583965,5.7375833],[-75.5838553,5.7375424],[-75.5838234,5.7375256],[-75.5838005,5.7375077],[-75.5837639,5.7374721],[-75.5836944,5.7373942],[-75.5836322,5.7373336],[-75.5835729,5.7372562],[-75.583532,5.7372161],[-75.5835067,5.7372001],[-75.5834766,5.7371872],[-75.5833655,5.7371572],[-75.583338,5.7371399],[-75.5833167,5.7371155],[-75.583298,5.7370705],[-75.5832967,5.737035],[-75.5833062,5.7369994],[-75.5833795,5.7368011],[-75.5833875,5.7367525],[-75.5833855,5.7367021],[-75.5833769,5.7366689],[-75.5833576,5.7366297],[-75.5833313,5.7365925],[-75.5832739,5.7365238],[-75.583247,5.7364788],[-75.5832305,5.7364327],[-75.5832049,5.7363107],[-75.5831954,5.7362883],[-75.5831842,5.7362739],[-75.5831674,5.736263],[-75.5831482,5.7362571],[-75.5831252,5.7362575],[-75.5830995,5.7362645],[-75.5830544,5.7362858],[-75.582969,5.7363453],[-75.58287,5.7364026],[-75.5828308,5.7364161],[-75.5827359,5.7364348],[-75.5826524,5.7364406],[-75.5825732,5.7364333],[-75.5825093,5.7364153],[-75.5824316,5.7363798],[-75.5823596,5.7363348],[-75.582268,5.7362545],[-75.5822293,5.7362077],[-75.5822016,5.7361581],[-75.5821808,5.7361036],[-75.5821702,5.7360548],[-75.5821694,5.7359917],[-75.5821836,5.7359118],[-75.5821856,5.7358837],[-75.5821802,5.7358498],[-75.5821728,5.7358333],[-75.5821646,5.735823],[-75.5821504,5.7358148],[-75.5821297,5.7358104],[-75.5821043,5.7358113],[-75.5820292,5.7358227],[-75.581999,5.7358201],[-75.5819783,5.735812],[-75.5819228,5.7357589],[-75.5817717,5.7356438],[-75.5816529,5.7355459],[-75.5815347,5.7354432],[-75.5814083,5.735326],[-75.5813824,5.7353074],[-75.5812974,5.7352553],[-75.5812616,5.7352371],[-75.5812301,5.7352254],[-75.5812009,5.7352209],[-75.5811737,5.7352215],[-75.5810813,5.7352461],[-75.581051,5.7352464],[-75.5810328,5.7352419],[-75.5810245,5.7352367],[-75.5809926,5.7352055],[-75.5809579,5.7351645],[-75.5809404,5.7351549],[-75.5809185,5.7351546],[-75.5809108,5.7351583],[-75.5808988,5.7351715],[-75.5808539,5.7352531],[-75.5808086,5.7353162],[-75.5807695,5.7353778],[-75.5806962,5.7355145],[-75.5806821,5.7355313],[-75.5806643,5.7355319],[-75.5806326,5.7355235],[-75.5806031,5.735509],[-75.5805622,5.7354946],[-75.580535,5.735477],[-75.5804998,5.7354452],[-75.5804725,5.7354375],[-75.5804382,5.7354335],[-75.5804013,5.7354356],[-75.5803695,5.7354461],[-75.5802571,5.7355074],[-75.5802234,5.735537],[-75.5802018,5.7355671],[-75.580175,5.735621],[-75.5801221,5.7357522],[-75.5800997,5.7357895],[-75.5800628,5.7358359],[-75.5799836,5.7359201],[-75.5799245,5.7359779],[-75.5798714,5.7360244],[-75.5797714,5.7361049],[-75.5797187,5.7361519],[-75.5796601,5.736211],[-75.5796153,5.7362655],[-75.5795824,5.7363202],[-75.5795489,5.7363927],[-75.5795478,5.7364401],[-75.5795522,5.7365017],[-75.5795481,5.7365128],[-75.5794762,5.7365163],[-75.5793958,5.7365332],[-75.5793423,5.7365409],[-75.5793265,5.7365389],[-75.5792907,5.736485],[-75.5792512,5.736447],[-75.579231,5.7364229],[-75.5791724,5.7363316],[-75.5791659,5.7363124],[-75.5791548,5.7362408],[-75.5791423,5.7361976],[-75.5791164,5.7361336],[-75.579086,5.736079],[-75.578996,5.7359563],[-75.5789627,5.735926],[-75.5789339,5.7359093],[-75.5789055,5.7358981],[-75.5788703,5.7358911],[-75.5786518,5.735888],[-75.5786087,5.7358829],[-75.578506,5.7358646],[-75.578462,5.7358618],[-75.5783991,5.7358615],[-75.5783465,5.7358651],[-75.5782999,5.7358728],[-75.5782162,5.7358942],[-75.5781728,5.7359004],[-75.5780956,5.735902],[-75.578049,5.7358952],[-75.5779488,5.735857],[-75.5779351,5.735848],[-75.5779113,5.7358186],[-75.5778677,5.7357425],[-75.577848,5.7357137],[-75.5778198,5.7356836],[-75.5777848,5.7356593],[-75.5776895,5.7356201],[-75.5776093,5.7355693],[-75.5775661,5.7355502],[-75.577531,5.7355403],[-75.5774839,5.7355427],[-75.5773335,5.7355199],[-75.5773105,5.735512],[-75.577287,5.7354954],[-75.5772763,5.7354795],[-75.5772643,5.7354223],[-75.5772578,5.7353664],[-75.5772641,5.7353228],[-75.5772624,5.7353056],[-75.5772504,5.735269],[-75.5772231,5.7352147],[-75.5771887,5.7351628],[-75.5771307,5.7350908],[-75.5769816,5.734927],[-75.5769193,5.734854],[-75.5768808,5.7348018],[-75.5768143,5.7347017],[-75.5767883,5.7346685],[-75.5767044,5.7345897],[-75.5766342,5.7345337],[-75.576606,5.7345038],[-75.5765793,5.7344529],[-75.5765446,5.7343325],[-75.5765157,5.7342534],[-75.5764954,5.7342117],[-75.5764877,5.7341772],[-75.5764793,5.7341619],[-75.5764786,5.7341458],[-75.5764508,5.7340924],[-75.5764408,5.7340802],[-75.576425,5.7340676],[-75.5764131,5.7340642],[-75.5763938,5.7340668],[-75.5762493,5.7341128],[-75.5761685,5.7341316],[-75.5761448,5.7341333],[-75.576119,5.7341309],[-75.5760725,5.7341157],[-75.5758011,5.7339681],[-75.5755774,5.7338255],[-75.5755088,5.7337879],[-75.5754439,5.7337618],[-75.5753857,5.7337436],[-75.5752352,5.7337228],[-75.5752029,5.7337155],[-75.5751593,5.7336948],[-75.5750764,5.7336377],[-75.5750436,5.73362],[-75.5749811,5.7335988],[-75.5748829,5.7335791],[-75.5748351,5.7335581],[-75.5748067,5.7335381],[-75.5746646,5.7334187],[-75.5745572,5.7333357],[-75.5743518,5.7331985],[-75.5743254,5.7331756],[-75.5742491,5.7330982],[-75.5742275,5.7330827],[-75.5742082,5.7330754],[-75.5741799,5.73307],[-75.5741531,5.7330692],[-75.5741239,5.733073],[-75.574091,5.7330817],[-75.5740368,5.7331025],[-75.5738796,5.7331842],[-75.5737929,5.7332146],[-75.5737208,5.7332331],[-75.5736731,5.7332376],[-75.5736011,5.7332389],[-75.5735051,5.7332319],[-75.5734153,5.7332311],[-75.5733139,5.7332376],[-75.57318,5.7332613],[-75.5730043,5.7333071],[-75.5729357,5.7333187],[-75.5727039,5.733322],[-75.5726563,5.7333189],[-75.5725941,5.7333076],[-75.5725618,5.7333143],[-75.5725214,5.7333361],[-75.5724313,5.7333774],[-75.5723423,5.7334405],[-75.5723119,5.733472],[-75.5722877,5.733514],[-75.5722631,5.7335826],[-75.5722161,5.7336771],[-75.5721806,5.7337907],[-75.5721531,5.7338625],[-75.5721211,5.7339266],[-75.5720851,5.7339828],[-75.5720739,5.7339877],[-75.5720203,5.7339956],[-75.5719917,5.7340033],[-75.5719297,5.7340398],[-75.5718922,5.7340184],[-75.5718568,5.7340128],[-75.5718475,5.733991],[-75.5718378,5.7339472],[-75.5717923,5.7336541],[-75.5717808,5.7336052],[-75.571755,5.7335345],[-75.5717462,5.7335161],[-75.571738,5.7335063],[-75.5716948,5.7334776],[-75.5715992,5.7333887],[-75.5715601,5.7333592],[-75.5715263,5.7333385],[-75.5715154,5.7333271],[-75.5714969,5.733296],[-75.5714788,5.7332417],[-75.5714681,5.7331926],[-75.5714616,5.7331374],[-75.571444,5.7330961],[-75.5714445,5.7330828],[-75.5714535,5.733051],[-75.5714854,5.7329617],[-75.571575,5.7327672],[-75.5715948,5.7327071],[-75.5716048,5.732657],[-75.5716056,5.7326244],[-75.5716008,5.7325953],[-75.5715548,5.7324739],[-75.5715234,5.7323218],[-75.5715129,5.7322142],[-75.5715172,5.732207],[-75.5715323,5.7322013],[-75.5715414,5.7321941],[-75.5715452,5.7321845],[-75.5715431,5.732172],[-75.5715349,5.7321584],[-75.5715237,5.7321468],[-75.5715079,5.7321351],[-75.5714873,5.732125],[-75.571462,5.7320774],[-75.5714306,5.7320425],[-75.5713833,5.7320171],[-75.5712599,5.7319642],[-75.5712146,5.7319331],[-75.57118,5.7318997],[-75.571134,5.7318414],[-75.5710783,5.7317574],[-75.5710031,5.7316342],[-75.5709576,5.7315482],[-75.5709334,5.7315089],[-75.5708884,5.7314449],[-75.5708597,5.7314111],[-75.5708408,5.7313946],[-75.5707949,5.7313683],[-75.570748,5.7313511],[-75.5706975,5.7313394],[-75.5705295,5.7313142],[-75.5702804,5.7312621],[-75.5700446,5.7312297],[-75.5696868,5.7311971],[-75.5695207,5.7311873],[-75.5694431,5.7311798],[-75.5693967,5.7311679],[-75.5692345,5.7311103],[-75.569108,5.7310784],[-75.5690731,5.7310595],[-75.5687739,5.7308623],[-75.5686731,5.730792],[-75.5685608,5.7307233],[-75.5685238,5.7306976],[-75.5684532,5.7306375],[-75.5683628,5.7305691],[-75.5683059,5.7305179],[-75.568244,5.7304536],[-75.5681735,5.7303483],[-75.5681561,5.7303331],[-75.5681413,5.7303243],[-75.5681211,5.7303193]]},"properties":{"OBJECTID":141,"CNIdentif":"053906001141","CNAltura":800,"CNTipo":1,"RuleID":1}},{"type":"Feature","id":142,"geometry":{"type":"LineString","coordinates":[[-75.6040274,5.8022523],[-75.6040305,5.8022557],[-75.60404,5.8022546],[-75.6040662,5.8022431],[-75.6041023,5.8022067],[-75.6041197,5.802184],[-75.6041313,5.8021619],[-75.6041348,5.8021428],[-75.6041301,5.8021182],[-75.6041205,5.8021074],[-75.6040934,5.8021217],[-75.6040687,5.8021492],[-75.6040324,5.8022215],[-75.6040274,5.8022523]]},"properties":{"OBJECTID":142,"CNIdentif":"053906001142","CNAltura":800,"CNTipo":1,"RuleID":1}},{"type":"Feature","id":143,"geometry":{"type":"LineString","coordinates":[[-75.6035396,5.8023359],[-75.6035422,5.802346],[-75.6035559,5.8023541],[-75.603584,5.8023489],[-75.6036118,5.8023478],[-75.603647,5.8023347],[-75.6036836,5.8023115],[-75.6037452,5.8022622],[-75.6037667,5.8022393],[-75.6037741,5.8022165],[-75.6037863,5.8021964],[-75.6037854,5.8021868],[-75.6037756,5.8021694],[-75.6037567,5.8021534],[-75.6037273,5.8021501],[-75.6037095,5.8021555],[-75.6036769,5.8021846],[-75.603598,5.8022696],[-75.6035851,5.8022852],[-75.6035691,5.8023129],[-75.6035466,5.8023264],[-75.6035396,5.8023359]]},"properties":{"OBJECTID":143,"CNIdentif":"053906001143","CNAltura":800,"CNTipo":1,"RuleID":1}},{"type":"Feature","id":144,"geometry":{"type":"LineString","coordinates":[[-75.6023903,5.8017265],[-75.6023981,5.8016992],[-75.6024069,5.8016911],[-75.6024119,5.8016905],[-75.6024247,5.801704],[-75.6024291,5.8017196],[-75.602424,5.8017542],[-75.6024127,5.8018003],[-75.6024019,5.8017788],[-75.6023919,5.8017434],[-75.6023903,5.8017265]]},"properties":{"OBJECTID":144,"CNIdentif":"053906001144","CNAltura":800,"CNTipo":1,"RuleID":1}},{"type":"Feature","id":145,"geometry":{"type":"LineString","coordinates":[[-75.6072224,5.7958729],[-75.6072329,5.7958733],[-75.6072503,5.7958662],[-75.6072643,5.7958546],[-75.6072701,5.795843],[-75.6072601,5.7958398],[-75.6072453,5.7958459],[-75.6072312,5.7958577],[-75.6072224,5.7958729]]},"properties":{"OBJECTID":145,"CNIdentif":"053906001145","CNAltura":800,"CNTipo":1,"RuleID":1}},{"type":"Feature","id":146,"geometry":{"type":"LineString","coordinates":[[-75.6037904,5.7939844],[-75.6037946,5.7939985],[-75.6038031,5.7939902],[-75.6038077,5.7939762],[-75.6038129,5.7939332],[-75.6038104,5.7939226],[-75.6038039,5.7939234],[-75.6037997,5.7939306],[-75.6037904,5.7939844]]},"properties":{"OBJECTID":146,"CNIdentif":"053906001146","CNAltura":800,"CNTipo":1,"RuleID":1}},{"type":"Feature","id":149,"geometry":{"type":"LineString","coordinates":[[-75.5924436,5.7995842],[-75.5924944,5.7994572],[-75.5925185,5.7994031],[-75.5925297,5.7993848],[-75.5925487,5.79937],[-75.5926155,5.7993477],[-75.5926424,5.7993346],[-75.5926784,5.7993029],[-75.5926907,5.7992764],[-75.5926903,5.7992541],[-75.5926963,5.7992216],[-75.5926968,5.7991962],[-75.5926928,5.7991711],[-75.5926793,5.7991289],[-75.5926116,5.7989989],[-75.5925316,5.7988757],[-75.5925281,5.7988643],[-75.5925291,5.7988555],[-75.5925708,5.7988049],[-75.5926302,5.7987479],[-75.5926433,5.7986971],[-75.5926722,5.7986531],[-75.5927028,5.7986157],[-75.5927386,5.7985839],[-75.5927626,5.7985722],[-75.592775,5.7985706],[-75.5928143,5.7986431],[-75.592848,5.7987319],[-75.5928843,5.7987952],[-75.5929076,5.798822],[-75.5929386,5.7988675],[-75.593003,5.7989386],[-75.5930397,5.7989653],[-75.5930723,5.7989945],[-75.5931896,5.799021],[-75.5931985,5.7990287],[-75.5932143,5.799123],[-75.5932505,5.7991923],[-75.5932865,5.7992736],[-75.5933165,5.7993261],[-75.5933628,5.7993926],[-75.5934365,5.7994724],[-75.5934747,5.7995064],[-75.5935206,5.7995599],[-75.5935717,5.7995989],[-75.5936104,5.7996326],[-75.5936542,5.7996793],[-75.5936748,5.7997125],[-75.5936856,5.7997376],[-75.5936986,5.7997856],[-75.5937099,5.7998462],[-75.5937239,5.7998858],[-75.5937472,5.7999302],[-75.593773,5.7999588],[-75.5937933,5.7999748],[-75.5938411,5.7999995],[-75.5938822,5.800017],[-75.5939144,5.8000246],[-75.5939422,5.8000208],[-75.5940003,5.8000035],[-75.5940269,5.7999914],[-75.5940539,5.7999741],[-75.5940655,5.7999723],[-75.5941117,5.800023],[-75.5941726,5.8000299],[-75.5942443,5.800044],[-75.5942838,5.8000581],[-75.5942874,5.8000653],[-75.5942804,5.8000869],[-75.5942272,5.8002091],[-75.5942267,5.800295],[-75.5942083,5.8003193],[-75.594173,5.8003337],[-75.5941194,5.8003775],[-75.5941017,5.8003961],[-75.5940646,5.8004169],[-75.5940739,5.8004406],[-75.5941052,5.8004903],[-75.5941214,5.8005234],[-75.5941499,5.8005628],[-75.5941757,5.8005874],[-75.5942928,5.8006597],[-75.5943378,5.800691],[-75.5943646,5.8007141],[-75.5943996,5.8007378],[-75.5944624,5.8007877],[-75.5945259,5.8008416],[-75.5945714,5.8008865],[-75.5946053,5.8009253],[-75.5946297,5.8009587],[-75.5946851,5.8010484],[-75.5947112,5.801081],[-75.5947373,5.8011094],[-75.5947704,5.801136],[-75.5947906,5.8011464],[-75.5948173,5.8011516],[-75.5949162,5.8011428],[-75.5950105,5.8011427],[-75.5950926,5.8011774],[-75.5951261,5.8011978],[-75.5951282,5.8012045],[-75.5951261,5.8012141],[-75.5950943,5.8012715],[-75.5950812,5.8013047],[-75.5950753,5.8013308],[-75.5950709,5.8013782],[-75.595081,5.8014374],[-75.5950972,5.8014819],[-75.5951212,5.801525],[-75.5952064,5.8016163],[-75.5952345,5.8016565],[-75.5952621,5.8017194],[-75.5952717,5.8017587],[-75.5952729,5.8018058],[-75.5952638,5.8018592],[-75.5952149,5.8020121],[-75.595189,5.8021114],[-75.5951849,5.8021495],[-75.5951849,5.8021997],[-75.5952149,5.8022658],[-75.5952655,5.8023241],[-75.595301,5.802343],[-75.5953916,5.8023786],[-75.5954373,5.8023911],[-75.5955241,5.8024086],[-75.5955487,5.8024071],[-75.5955727,5.8023956],[-75.5955955,5.8023729],[-75.5956009,5.8023637],[-75.5956053,5.8023354],[-75.5956125,5.8023181],[-75.5956272,5.8022969],[-75.5956492,5.8022764],[-75.5956711,5.8022638],[-75.5956893,5.8022586],[-75.5957171,5.8022566],[-75.5957523,5.8022589],[-75.5958504,5.8022879],[-75.5959182,5.8023174],[-75.5959959,5.8023712],[-75.5960288,5.8024012],[-75.5960492,5.8024139],[-75.5960958,5.8024299],[-75.5961675,5.8024491],[-75.5962418,5.8024617],[-75.5963134,5.802463],[-75.5963578,5.8024552],[-75.5964421,5.8024481],[-75.5964908,5.8024338],[-75.5965081,5.8024341],[-75.5965224,5.8024474],[-75.5965303,5.8024705],[-75.5965384,5.8024815],[-75.5966206,5.8025392],[-75.5966481,5.8025515],[-75.5967099,5.802572],[-75.5968117,5.8026279],[-75.5968715,5.8026548],[-75.5969362,5.802674],[-75.5969936,5.8026811],[-75.5970511,5.802674],[-75.5970819,5.8026614],[-75.5971182,5.8026335],[-75.5972468,5.8025182],[-75.5973019,5.8024825],[-75.5973476,5.8024383],[-75.5974129,5.8023855],[-75.5974678,5.8023524],[-75.5974901,5.8023424],[-75.597521,5.802334],[-75.5975501,5.8023295],[-75.5975723,5.8023304],[-75.5976124,5.8023403],[-75.5976453,5.8023566],[-75.5977209,5.802417],[-75.5977554,5.802455],[-75.5978106,5.8025262],[-75.5978481,5.8025609],[-75.597881,5.8025815],[-75.5979179,5.8025985],[-75.597965,5.8026118],[-75.5980077,5.8026167],[-75.5980464,5.802614],[-75.5980867,5.8026041],[-75.5981325,5.802582],[-75.5981683,5.8025552],[-75.5981931,5.8025294],[-75.5982263,5.8024826],[-75.5982758,5.8023829],[-75.5982856,5.8023694],[-75.598299,5.8023604],[-75.5983083,5.8023713],[-75.598333,5.802444],[-75.598373,5.8025205],[-75.5985079,5.8026884],[-75.5985218,5.8027159],[-75.5985514,5.8028005],[-75.5985643,5.802844],[-75.5985745,5.8028928],[-75.598587,5.802982],[-75.5985981,5.803117],[-75.5986037,5.8032408],[-75.5986153,5.8033256],[-75.5986171,5.8033609],[-75.5986251,5.803379],[-75.5987597,5.8034556],[-75.5989128,5.8035195],[-75.5989788,5.8035405],[-75.5990128,5.8035452],[-75.5990621,5.8035457],[-75.5991305,5.8035156],[-75.599166,5.8034867],[-75.5991778,5.8034837],[-75.5992067,5.8035172],[-75.5992459,5.8035773],[-75.5992859,5.8036197],[-75.5993125,5.803656],[-75.5993344,5.8036746],[-75.5993688,5.8036938],[-75.5994069,5.8037082],[-75.5995038,5.8037282],[-75.59954,5.8037274],[-75.5995785,5.8037218],[-75.5996315,5.8037023],[-75.5997208,5.8036409],[-75.5998076,5.8035649],[-75.599853,5.8035198],[-75.5998749,5.8034919],[-75.599879,5.8034784],[-75.5998805,5.8034501],[-75.599892,5.8033787],[-75.5999169,5.8033196],[-75.5999234,5.8033122],[-75.5999287,5.8033107],[-75.5999466,5.8033191],[-75.599968,5.8033341],[-75.6000001,5.8033649],[-75.6000472,5.803426],[-75.6000717,5.8034707],[-75.6001018,5.8034981],[-75.6001278,5.8035354],[-75.6001543,5.8035541],[-75.600163,5.8035636],[-75.6001997,5.8036128],[-75.6002677,5.8037255],[-75.6002731,5.8037299],[-75.6002767,5.8037295],[-75.6002927,5.8037129],[-75.6003384,5.8036336],[-75.6003524,5.8036188],[-75.600543,5.8035415],[-75.6005687,5.8035194],[-75.6006016,5.803501],[-75.6006504,5.8034656],[-75.6007412,5.8033863],[-75.6007812,5.8033652],[-75.6008296,5.8033284],[-75.6009058,5.8032514],[-75.6009338,5.8032158],[-75.6009823,5.8031728],[-75.601033,5.8031388],[-75.6010856,5.8031229],[-75.6011329,5.8031183],[-75.6012092,5.8031276],[-75.6012524,5.8031228],[-75.6012664,5.8031237],[-75.6012768,5.803133],[-75.6013,5.8031769],[-75.6013008,5.8031928],[-75.6012895,5.8032262],[-75.6012886,5.8032584],[-75.6012991,5.8033031],[-75.6012983,5.8033577],[-75.6013025,5.8034773],[-75.6013151,5.8035256],[-75.6013191,5.8035563],[-75.6013178,5.8035829],[-75.6013374,5.8036206],[-75.6013421,5.8036796],[-75.6013534,5.8037373],[-75.6013565,5.8037407],[-75.6013695,5.8037113],[-75.601414,5.8036433],[-75.6014465,5.8036081],[-75.6015186,5.8035446],[-75.6015589,5.8035028],[-75.6016579,5.8033788],[-75.6017029,5.8033306],[-75.6017332,5.8033071],[-75.6017691,5.8032849],[-75.6018503,5.8032467],[-75.6018999,5.8032158],[-75.6019311,5.803203],[-75.6019853,5.8031346],[-75.6019987,5.8031116],[-75.6020114,5.8030696],[-75.6020192,5.8030108],[-75.6020118,5.8029383],[-75.6019991,5.8028668],[-75.6019741,5.8028048],[-75.6019379,5.8027414],[-75.6019027,5.8026899],[-75.6018729,5.8026527],[-75.6018414,5.8026249],[-75.6018031,5.8025962],[-75.6017649,5.8025764],[-75.6017457,5.8025693],[-75.6016613,5.8025492],[-75.6016235,5.8025329],[-75.6015827,5.8025063],[-75.6015617,5.8024856],[-75.6015463,5.8024655],[-75.6015182,5.8024124],[-75.601502,5.8023569],[-75.6015,5.8023217],[-75.6015085,5.8021729],[-75.601506,5.8021557],[-75.6014855,5.8020992],[-75.6014535,5.8020552],[-75.6014296,5.8020334],[-75.6013973,5.8020115],[-75.6013701,5.8019986],[-75.6013489,5.8019955],[-75.6012308,5.8020375],[-75.601213,5.8020478],[-75.6011815,5.8020746],[-75.6011414,5.802088],[-75.601105,5.8021043],[-75.6010964,5.8021061],[-75.6010887,5.8021042],[-75.60108,5.8020907],[-75.6010406,5.8019822],[-75.6010238,5.8019477],[-75.6010144,5.8019064],[-75.6010053,5.8018479],[-75.6010108,5.8017498],[-75.6010385,5.8016453],[-75.6010663,5.8014976],[-75.6010854,5.8014669],[-75.6011302,5.8014402],[-75.6011469,5.8014157],[-75.6011732,5.8013569],[-75.601182,5.8013295],[-75.601189,5.801283],[-75.6011846,5.8012635],[-75.6011383,5.8012552],[-75.6011122,5.8012419],[-75.6010889,5.801211],[-75.6010604,5.8011806],[-75.6010281,5.801136],[-75.6010044,5.8011185],[-75.6009302,5.8009437],[-75.6008933,5.8008944],[-75.6008605,5.8008689],[-75.600804,5.800846],[-75.6007835,5.8008421],[-75.6007654,5.8008424],[-75.6007161,5.8008484],[-75.6006203,5.8008663],[-75.6005364,5.8008955],[-75.6005073,5.8008994],[-75.6005009,5.800897],[-75.6004998,5.8008938],[-75.6005016,5.8008754],[-75.6005083,5.8008584],[-75.6005536,5.8008047],[-75.6006467,5.8007435],[-75.6007101,5.800713],[-75.6007315,5.8006935],[-75.6007542,5.8006798],[-75.6008319,5.8006226],[-75.600854,5.8006119],[-75.6008998,5.8005976],[-75.6010117,5.8005484],[-75.6010842,5.8005211],[-75.6011374,5.8004918],[-75.6011644,5.8004482],[-75.6011741,5.8004255],[-75.6011941,5.8003659],[-75.6012231,5.8002585],[-75.6012395,5.8001484],[-75.6012411,5.8001057],[-75.6012323,5.8000382],[-75.6012168,5.799987],[-75.6011942,5.7998871],[-75.6011749,5.7998344],[-75.6011216,5.799719],[-75.6010906,5.799661],[-75.6010323,5.7995689],[-75.6010061,5.7995138],[-75.6009793,5.7994277],[-75.6009772,5.7993791],[-75.6009608,5.7993057],[-75.6009351,5.7992193],[-75.6009116,5.7991553],[-75.6008664,5.7990648],[-75.6008248,5.7989985],[-75.6007879,5.7989537],[-75.6007515,5.7989179],[-75.6007132,5.7988853],[-75.6006775,5.7988602],[-75.6006313,5.7988338],[-75.6005679,5.7988068],[-75.6005384,5.7988029],[-75.6005273,5.7987988],[-75.6004946,5.7987727],[-75.6004595,5.7987594],[-75.6004137,5.7987328],[-75.6003723,5.7987283],[-75.6003415,5.7987183],[-75.6003316,5.7987113],[-75.600321,5.7986903],[-75.6002992,5.7986304],[-75.6002797,5.7985903],[-75.600254,5.7985085],[-75.6002129,5.7983992],[-75.6001756,5.7983193],[-75.6001539,5.7982103],[-75.600132,5.7981581],[-75.600119,5.7981369],[-75.6001076,5.7981067],[-75.600083,5.798073],[-75.6000374,5.7980282],[-75.5999598,5.7979929],[-75.5998482,5.7979053],[-75.5998255,5.7978927],[-75.5997856,5.7978773],[-75.5997975,5.7978693],[-75.5998312,5.7978629],[-75.5999057,5.7978402],[-75.5999657,5.7978369],[-75.5999807,5.7978329],[-75.6000013,5.7978217],[-75.6000241,5.7978186],[-75.6000333,5.7978228],[-75.6000424,5.7978361],[-75.6000501,5.797855],[-75.6000519,5.7978758],[-75.6000574,5.797879],[-75.6000663,5.7978784],[-75.6000758,5.7978739],[-75.6000839,5.7978645],[-75.6001061,5.7978091],[-75.6001235,5.7977814],[-75.6001262,5.7977668],[-75.6001259,5.7977348],[-75.6001144,5.7976593],[-75.6001137,5.7976324],[-75.6001242,5.7975958],[-75.6001574,5.7975244],[-75.6001592,5.7975097],[-75.6001552,5.7974576],[-75.6001454,5.7974136],[-75.6001324,5.7973783],[-75.600107,5.7973262],[-75.6000619,5.7972447],[-75.6000511,5.7972019],[-75.6000617,5.7971689],[-75.6000542,5.7971425],[-75.6000327,5.7970887],[-75.6000331,5.7970733],[-75.600146,5.7970786],[-75.6002054,5.7970869],[-75.6002407,5.7970988],[-75.6002694,5.7970895],[-75.6002825,5.7970892],[-75.6003424,5.7971099],[-75.6004253,5.7971506],[-75.6004573,5.7971596],[-75.600573,5.7971631],[-75.6006358,5.7971546],[-75.6006803,5.7971414],[-75.6007836,5.7971042],[-75.6008603,5.7970823],[-75.6009204,5.7970699],[-75.6010012,5.797061],[-75.6010645,5.7970604],[-75.6011845,5.7970732],[-75.601221,5.7970723],[-75.6012525,5.7970648],[-75.6012892,5.797049],[-75.6013199,5.7970292],[-75.6013496,5.7970041],[-75.6013745,5.7969754],[-75.6013965,5.7969439],[-75.6014242,5.7968941],[-75.6014333,5.7968673],[-75.6014367,5.7968264],[-75.6014343,5.7967734],[-75.6014297,5.7967574],[-75.6014152,5.7967338],[-75.6014109,5.7967219],[-75.6013926,5.7966223],[-75.6013913,5.7965776],[-75.6014001,5.7965053],[-75.6013993,5.7964966],[-75.6013902,5.7964785],[-75.6013873,5.7964664],[-75.6013888,5.7964247],[-75.6014121,5.7963154],[-75.6014427,5.7962162],[-75.6014574,5.7961797],[-75.6014936,5.7961119],[-75.601502,5.7961026],[-75.6015115,5.7960971],[-75.6015263,5.7960714],[-75.6015307,5.7960585],[-75.6015326,5.7960347],[-75.6015281,5.7960119],[-75.6015225,5.7959996],[-75.601518,5.7959975],[-75.6015056,5.7960035],[-75.6014987,5.7960013],[-75.6014714,5.7959653],[-75.6014471,5.7959395],[-75.6014274,5.7958968],[-75.6014007,5.7958599],[-75.6013793,5.7958134],[-75.6013614,5.795759],[-75.6013534,5.7957221],[-75.6013498,5.7956651],[-75.6013516,5.7956143],[-75.6013637,5.7955204],[-75.601372,5.7954838],[-75.6013828,5.7954532],[-75.6013993,5.7954255],[-75.6014698,5.7953393],[-75.6014968,5.7952936],[-75.6015044,5.7952745],[-75.6015066,5.7951909],[-75.6015286,5.7950672],[-75.6015375,5.7949585],[-75.601587,5.7947836],[-75.6016019,5.7946899],[-75.6015959,5.7946161],[-75.6015703,5.7945341],[-75.6015463,5.7944999],[-75.6015255,5.7944796],[-75.6015141,5.7944593],[-75.6015001,5.7944424],[-75.6014876,5.7944178],[-75.6014753,5.794403],[-75.6014652,5.7943961],[-75.6013686,5.7943552],[-75.601303,5.7943431],[-75.6012389,5.7943262],[-75.6011437,5.7943177],[-75.6010806,5.7943178],[-75.6008226,5.7943381],[-75.6007756,5.7943251],[-75.6007088,5.794323],[-75.6006164,5.7943105],[-75.6005858,5.7943029],[-75.6005697,5.7942928],[-75.6005616,5.7942839],[-75.6005677,5.7942806],[-75.6005892,5.7942838],[-75.6006027,5.7942825],[-75.600635,5.7942725],[-75.6006678,5.7942584],[-75.6007166,5.7942209],[-75.6007653,5.7941927],[-75.600789,5.7941728],[-75.6008335,5.7941518],[-75.6008609,5.794135],[-75.6008796,5.7941181],[-75.6008933,5.7940975],[-75.6008984,5.7940768],[-75.600896,5.7940542],[-75.6008649,5.7940033],[-75.6008431,5.7939423],[-75.6008146,5.793909],[-75.6008057,5.7938903],[-75.6007961,5.7938554],[-75.6007969,5.7938236],[-75.6008045,5.793805],[-75.6008173,5.7937859],[-75.6008544,5.7937552],[-75.6008812,5.7937416],[-75.6009393,5.7937221],[-75.6009507,5.7937218],[-75.6009672,5.7937271],[-75.6009818,5.7937242],[-75.6010031,5.7937137],[-75.6010241,5.7936942],[-75.6010322,5.7936826],[-75.6010392,5.7936646],[-75.6010366,5.793599],[-75.6010386,5.7935822],[-75.6010537,5.7935457],[-75.6010754,5.793511],[-75.601084,5.7934754],[-75.6010871,5.7934106],[-75.6010768,5.7933522],[-75.6010356,5.7932325],[-75.6010198,5.7931693],[-75.6009904,5.7930894],[-75.6009998,5.7930853],[-75.6010397,5.7930964],[-75.6010623,5.7930968],[-75.6010995,5.7930848],[-75.6011444,5.7930797],[-75.6011946,5.7930618],[-75.601216,5.7930473],[-75.6012302,5.7930298],[-75.6012447,5.7929986],[-75.6012521,5.7929706],[-75.6012538,5.7929322],[-75.6012495,5.7928932],[-75.6012084,5.7927371],[-75.6012108,5.7926548],[-75.6012009,5.7925917],[-75.6011878,5.7925641],[-75.6011714,5.7925444],[-75.6011416,5.79252],[-75.6010448,5.7924581],[-75.6010238,5.7924352],[-75.6009859,5.7923832],[-75.6009696,5.7923358],[-75.6009604,5.7922816],[-75.6009598,5.7922425],[-75.6009655,5.7921717],[-75.6009588,5.7921028],[-75.6009522,5.7920654],[-75.600941,5.7920235],[-75.6008826,5.791892],[-75.6008478,5.7918275],[-75.6008107,5.7917829],[-75.6007837,5.7917556],[-75.6007428,5.7917272],[-75.6006744,5.7916702],[-75.6006133,5.791631],[-75.6005953,5.7915952],[-75.6005736,5.791563],[-75.60057,5.7915486],[-75.6005807,5.7915378],[-75.6006415,5.7915196],[-75.6006522,5.7915052],[-75.6006734,5.7914477],[-75.6006702,5.7912898],[-75.6006808,5.7912743],[-75.6006944,5.7912626],[-75.6007081,5.7912564],[-75.6007395,5.7912506],[-75.6007667,5.79124],[-75.6007812,5.7912296],[-75.6007927,5.7912149],[-75.6008022,5.7911974],[-75.6008113,5.7911707],[-75.6008135,5.791071],[-75.6008183,5.7910506],[-75.6008283,5.791034],[-75.6008422,5.7910214],[-75.6008535,5.7910191],[-75.6009331,5.7910408],[-75.6009554,5.7910395],[-75.6009642,5.7910341],[-75.6009773,5.7910197],[-75.601014,5.7909935],[-75.6010491,5.7909779],[-75.6010596,5.7909677],[-75.6010594,5.790957],[-75.6010355,5.7909289],[-75.6010305,5.7909156],[-75.6010305,5.7908885],[-75.601024,5.7908597],[-75.6010264,5.7908272],[-75.6010199,5.7907305],[-75.601016,5.7907174],[-75.6009972,5.7906862],[-75.6009551,5.7906505],[-75.6009359,5.7906297],[-75.6009272,5.7906111],[-75.6009108,5.7905863],[-75.6009023,5.7905592],[-75.6008829,5.7905238],[-75.600876,5.7905046],[-75.600873,5.7904876],[-75.6008823,5.79042],[-75.6008816,5.7903701],[-75.6008872,5.7903508],[-75.6009064,5.790312],[-75.6009001,5.7902568],[-75.6008954,5.7902407],[-75.6008841,5.7902195],[-75.600871,5.7902088],[-75.6008387,5.7901972],[-75.6008124,5.7901784],[-75.6007941,5.7901515],[-75.6007641,5.7900854],[-75.6007353,5.7900424],[-75.6007013,5.7900086],[-75.6006179,5.7899468],[-75.600579,5.7899099],[-75.6005426,5.789865],[-75.6004659,5.7897472],[-75.6004282,5.7897032],[-75.6004071,5.789684],[-75.600376,5.7896695],[-75.6003355,5.7896603],[-75.6003133,5.7896506],[-75.6002699,5.7896378],[-75.6002341,5.7896314],[-75.6001674,5.7896083],[-75.6000897,5.7895931],[-75.5999829,5.7895773],[-75.5999086,5.7895606],[-75.5998326,5.7895294],[-75.5998084,5.7895134],[-75.5997817,5.7894772],[-75.599776,5.789462],[-75.5997776,5.7894481],[-75.5997858,5.7894302],[-75.5998034,5.7894036],[-75.5998769,5.7893246],[-75.5998946,5.7893129],[-75.5999232,5.7893073],[-75.5999861,5.7892821],[-75.6000709,5.7892591],[-75.6000817,5.7892514],[-75.6000794,5.7892391],[-75.5999443,5.7890618],[-75.599925,5.7890404],[-75.5998985,5.7890264],[-75.5998331,5.7889802],[-75.5997916,5.7889439],[-75.5997715,5.7889326],[-75.5997466,5.788911],[-75.5997199,5.7888928],[-75.5996889,5.7888568],[-75.5996259,5.7888071],[-75.5994192,5.7887027],[-75.5993809,5.7886775],[-75.5993765,5.7886676],[-75.5993827,5.7886576],[-75.5994528,5.7886064],[-75.5994994,5.7885543],[-75.5995172,5.7885267],[-75.5995334,5.7884946],[-75.5995477,5.7884363],[-75.5995361,5.7882293],[-75.5995234,5.7881621],[-75.5995101,5.7881244],[-75.5994928,5.788088],[-75.5994312,5.7879784],[-75.5994211,5.7879385],[-75.5993944,5.7878796],[-75.59939,5.7878451],[-75.5993918,5.787836],[-75.5993959,5.7878328],[-75.5994436,5.7878451],[-75.5994954,5.7878404],[-75.5995507,5.7878464],[-75.5996253,5.7878596],[-75.5996677,5.7878702],[-75.5997154,5.7878949],[-75.5998383,5.7879933],[-75.5999455,5.7880703],[-75.5999828,5.788093],[-75.6000218,5.788112],[-75.6000584,5.7881232],[-75.6000942,5.7881224],[-75.60012,5.7881304],[-75.6002273,5.7881464],[-75.6002608,5.7881477],[-75.6003439,5.7881733],[-75.6003764,5.7881902],[-75.6004261,5.7882091],[-75.6005172,5.7882153],[-75.6005577,5.7882054],[-75.6006251,5.788168],[-75.600645,5.7881525],[-75.6006762,5.7881197],[-75.600682,5.7881103],[-75.6006881,5.7880835],[-75.6006963,5.7880803],[-75.600708,5.7880845],[-75.600724,5.7881104],[-75.6007415,5.7881288],[-75.6007887,5.788163],[-75.600831,5.7882205],[-75.6008434,5.7882265],[-75.6009807,5.788115],[-75.6010483,5.7880734],[-75.6010627,5.7880535],[-75.6010851,5.7880085],[-75.601102,5.7879817],[-75.6011484,5.7879229],[-75.6011848,5.7878873],[-75.6012181,5.7878363],[-75.6012289,5.787809],[-75.6012423,5.7877499],[-75.6012534,5.7877181],[-75.6013085,5.7876231],[-75.601334,5.7875543],[-75.6013528,5.7874678],[-75.6013581,5.7874286],[-75.6013573,5.7873565],[-75.601341,5.7872513],[-75.6013422,5.7872237],[-75.6013554,5.7871489],[-75.6013504,5.7871018],[-75.6013249,5.7870578],[-75.6013218,5.7870393],[-75.6013256,5.7870053],[-75.6013311,5.7869855],[-75.6013466,5.7869587],[-75.6013567,5.7869317],[-75.6013773,5.7868996],[-75.6014058,5.7868287],[-75.60141,5.7867862],[-75.6014071,5.786742],[-75.6013988,5.7867103],[-75.6013833,5.7866683],[-75.6013491,5.7865976],[-75.6013242,5.7865588],[-75.6012701,5.7864904],[-75.6012372,5.7864429],[-75.6011223,5.7862272],[-75.6011045,5.7861813],[-75.6010705,5.7860653],[-75.6010212,5.7859257],[-75.6009992,5.7858977],[-75.6009565,5.7858643],[-75.6009358,5.785839],[-75.6009145,5.7857999],[-75.6009029,5.7857501],[-75.6008883,5.7857122],[-75.6008574,5.7856834],[-75.6008248,5.7856636],[-75.6008194,5.7856564],[-75.6008193,5.7856438],[-75.6008265,5.785622],[-75.6008299,5.7855895],[-75.6008282,5.7855295],[-75.6008087,5.7854731],[-75.6008019,5.7854443],[-75.6007958,5.7853616],[-75.6007866,5.7853214],[-75.6007849,5.7852448],[-75.6007912,5.7851922],[-75.6008383,5.7850051],[-75.6008315,5.784954],[-75.6008345,5.7849258],[-75.6008317,5.7848408],[-75.6008159,5.7848029],[-75.6007815,5.7847462],[-75.6007671,5.7847149],[-75.6006821,5.7846055],[-75.6006501,5.7845565],[-75.6006001,5.7844662],[-75.6005806,5.7844142],[-75.600579,5.7843846],[-75.600572,5.7843413],[-75.6005874,5.7843124],[-75.6005843,5.7842729],[-75.6005533,5.7841776],[-75.6005278,5.7841204],[-75.6005252,5.7841031],[-75.6005128,5.7840691],[-75.6005074,5.7840382],[-75.6005075,5.7840116],[-75.6005115,5.7839878],[-75.6005261,5.783961],[-75.6005432,5.7839155],[-75.6005564,5.7838974],[-75.6005913,5.7838601],[-75.6006086,5.7838243],[-75.6006525,5.7837578],[-75.6006598,5.7837185],[-75.6006436,5.7836676],[-75.6006324,5.7836113],[-75.6005907,5.7835584],[-75.6005594,5.7835309],[-75.6005448,5.783524],[-75.6005149,5.7835174],[-75.6005017,5.7835116],[-75.6003745,5.7834277],[-75.6002771,5.7833816],[-75.6002139,5.7833454],[-75.6001635,5.7833127],[-75.6000626,5.7832387],[-75.5999446,5.7831854],[-75.5999093,5.7831667],[-75.5998888,5.7831509],[-75.5998753,5.7831324],[-75.599853,5.7830872],[-75.5998429,5.7830617],[-75.5998346,5.7830294],[-75.5998321,5.7829999],[-75.5998383,5.7829607],[-75.5998383,5.7829245],[-75.5998361,5.78288],[-75.5998299,5.7828486],[-75.5997997,5.7827904],[-75.5997779,5.7827687],[-75.5997605,5.7827589],[-75.5997171,5.7827434],[-75.5996775,5.782735],[-75.5996536,5.7827355],[-75.5996353,5.7827391],[-75.5995033,5.7827785],[-75.5994519,5.7827908],[-75.599417,5.7827895],[-75.5993015,5.7827637],[-75.5992726,5.7827471],[-75.5992643,5.7827376],[-75.5992522,5.7826867],[-75.5992415,5.7826242],[-75.5992302,5.7826088],[-75.5992047,5.7825896],[-75.5991488,5.7825642],[-75.5990932,5.7825242],[-75.5990464,5.7824993],[-75.5989459,5.7824199],[-75.5988965,5.7823957],[-75.598861,5.7823828],[-75.5988372,5.7823783],[-75.5988299,5.7823732],[-75.5988175,5.7823408],[-75.5988114,5.7823052],[-75.5988009,5.7822853],[-75.5987794,5.782224],[-75.59873,5.782124],[-75.5986913,5.7820328],[-75.598665,5.7819418],[-75.5986566,5.7818825],[-75.5986529,5.781808],[-75.5986464,5.7817737],[-75.5986528,5.781663],[-75.5986604,5.7815955],[-75.5986609,5.7815408],[-75.5986533,5.781503],[-75.5986278,5.7814593],[-75.5986125,5.7814441],[-75.5985294,5.7813947],[-75.5984682,5.781372],[-75.598462,5.7813651],[-75.5984647,5.7813532],[-75.5984834,5.7813126],[-75.5984878,5.7812708],[-75.5985099,5.7812126],[-75.5985208,5.7811933],[-75.5985572,5.7811485],[-75.598589,5.7810947],[-75.5985997,5.7810643],[-75.5986103,5.7810138],[-75.5986119,5.7809768],[-75.598635,5.7808566],[-75.5986353,5.7808111],[-75.5986267,5.7807789],[-75.5986074,5.7807401],[-75.5985713,5.7806952],[-75.5985406,5.7806715],[-75.5984483,5.7806102],[-75.5983974,5.7805621],[-75.598386,5.7805202],[-75.5983765,5.7804439],[-75.598367,5.7803989],[-75.5983594,5.7803739],[-75.5983504,5.7803603],[-75.5983146,5.7803234],[-75.5982766,5.7802993],[-75.598256,5.7802827],[-75.5981752,5.7802556],[-75.5981312,5.7802372],[-75.598107,5.7802199],[-75.5980972,5.7802078],[-75.5980959,5.7802017],[-75.5981071,5.7801962],[-75.5982826,5.7801879],[-75.5983377,5.7801768],[-75.5983646,5.7801653],[-75.5984402,5.780116],[-75.5984886,5.7800997],[-75.5985168,5.7800965],[-75.598535,5.7801005],[-75.5985569,5.7801101],[-75.5986106,5.7801556],[-75.5986777,5.7801911],[-75.5988152,5.7802401],[-75.5988526,5.780247],[-75.5988655,5.7802451],[-75.5989103,5.7802171],[-75.5989597,5.7801935],[-75.5989826,5.7801757],[-75.5990313,5.7801249],[-75.5990921,5.7800431],[-75.5991253,5.7799893],[-75.5991481,5.7799394],[-75.5991558,5.7798992],[-75.5991513,5.7798522],[-75.5991526,5.7798181],[-75.5991581,5.7798003],[-75.5991688,5.7797974],[-75.5991995,5.7798091],[-75.5992656,5.7798477],[-75.5993127,5.7798699],[-75.5994246,5.7799067],[-75.5994592,5.7799248],[-75.5994735,5.7799378],[-75.5994973,5.7799679],[-75.5995246,5.7800126],[-75.5995494,5.7801121],[-75.599611,5.7802761],[-75.5996188,5.7803126],[-75.5996598,5.780431],[-75.599688,5.7804973],[-75.5997111,5.7805333],[-75.599731,5.7805768],[-75.5997415,5.7805807],[-75.5997785,5.7805693],[-75.5998361,5.780564],[-75.5998733,5.7805502],[-75.5999184,5.7805281],[-75.6000078,5.7804731],[-75.6000522,5.7804362],[-75.6000854,5.7803975],[-75.6001132,5.7803556],[-75.6001282,5.7803094],[-75.6001386,5.780253],[-75.6001406,5.7802295],[-75.6001394,5.7801626],[-75.6001446,5.7801194],[-75.6001636,5.7800749],[-75.6002006,5.7800025],[-75.6002127,5.7799666],[-75.6002279,5.7798499],[-75.6002205,5.7797314],[-75.6002258,5.7796954],[-75.6002343,5.779688],[-75.6002945,5.7796594],[-75.6003207,5.7796414],[-75.6003422,5.7796376],[-75.6003601,5.7796302],[-75.6003829,5.7796274],[-75.6004007,5.7796188],[-75.6004609,5.7795663],[-75.6004856,5.7795307],[-75.6004942,5.7794754],[-75.6004915,5.7794176],[-75.6004835,5.7793808],[-75.6004636,5.7793365],[-75.6004613,5.7793239],[-75.6004726,5.7792959],[-75.6004826,5.779232],[-75.6004802,5.779088],[-75.6004853,5.7790657],[-75.600521,5.7789759],[-75.6005288,5.7789333],[-75.6005359,5.7788607],[-75.6005367,5.7787518],[-75.6005241,5.7785855],[-75.6005218,5.7785186],[-75.6005261,5.7784814],[-75.6005473,5.7784372],[-75.6005595,5.778382],[-75.6005559,5.7783431],[-75.6005437,5.7782901],[-75.6005436,5.7782678],[-75.6005477,5.778243],[-75.6005462,5.7782026],[-75.6005541,5.7781891],[-75.6005987,5.7781551],[-75.6006184,5.7781366],[-75.6006337,5.7781154],[-75.6006648,5.778083],[-75.6006837,5.778048],[-75.6007013,5.7780301],[-75.6008582,5.7779814],[-75.6008816,5.7779694],[-75.6009224,5.7779252],[-75.6009647,5.7778684],[-75.6009721,5.7778468],[-75.6009733,5.7778282],[-75.6009724,5.7777923],[-75.6009656,5.7777542],[-75.6009527,5.7777115],[-75.6009213,5.777633],[-75.6009071,5.7776123],[-75.6008742,5.7775774],[-75.6008544,5.7775479],[-75.6008053,5.7774877],[-75.6007888,5.777473],[-75.6007506,5.7774514],[-75.6007232,5.7774305],[-75.6006215,5.7773695],[-75.6005866,5.7773415],[-75.60055,5.7773276],[-75.6005358,5.7773195],[-75.6005033,5.7772892],[-75.6004911,5.7772745],[-75.6004889,5.777267],[-75.6004999,5.7772551],[-75.6005708,5.7772238],[-75.6006649,5.7771652],[-75.6007067,5.7771344],[-75.6007648,5.7770844],[-75.6008164,5.777028],[-75.600852,5.7769805],[-75.6009204,5.7768445],[-75.600942,5.7767651],[-75.600944,5.7767369],[-75.6009419,5.7766928],[-75.6009381,5.7766678],[-75.6009302,5.7766447],[-75.6009154,5.7766185],[-75.6008971,5.7766003],[-75.6008963,5.7765918],[-75.6009159,5.7765908],[-75.6009293,5.7765852],[-75.6009698,5.776559],[-75.6009836,5.7765454],[-75.6010136,5.7764995],[-75.6010373,5.7764182],[-75.6010455,5.7763688],[-75.6010468,5.7763045],[-75.6010311,5.7762252],[-75.6009987,5.7761205],[-75.6009933,5.7760828],[-75.6009832,5.7760472],[-75.600982,5.7760294],[-75.6009852,5.7759979],[-75.601009,5.7758935],[-75.6010375,5.7758347],[-75.6010671,5.7757854],[-75.6010727,5.7757702],[-75.6010743,5.7757546],[-75.6010696,5.7757454],[-75.6010485,5.7757343],[-75.6010172,5.7757125],[-75.6009888,5.775699],[-75.6009458,5.7756668],[-75.6008946,5.7756443],[-75.600885,5.7756364],[-75.6008742,5.7756124],[-75.6008473,5.7755067],[-75.6008217,5.7754317],[-75.6008019,5.7753889],[-75.600773,5.7753457],[-75.6007287,5.7752903],[-75.6006954,5.7752551],[-75.6005762,5.7751488],[-75.6005049,5.7750897],[-75.6004659,5.7750522],[-75.6004034,5.7749742],[-75.6003234,5.7748642],[-75.6002513,5.7747829],[-75.6002239,5.7747561],[-75.6001984,5.7747367],[-75.60014,5.7747091],[-75.6000727,5.7746868],[-75.5999812,5.7746657],[-75.5998813,5.7746491],[-75.5998605,5.774642],[-75.5998551,5.7746293],[-75.5998525,5.7745945],[-75.5998368,5.7745026],[-75.5998258,5.7744764],[-75.5997921,5.7744209],[-75.5997634,5.7743903],[-75.599725,5.7743615],[-75.5996868,5.7743408],[-75.5996056,5.7743049],[-75.5995273,5.7742619],[-75.5995112,5.7742502],[-75.5994589,5.7741998],[-75.5994411,5.7741634],[-75.5994179,5.7741353],[-75.5993783,5.7740718],[-75.599374,5.7740566],[-75.599381,5.7740487],[-75.5993864,5.774047],[-75.5994694,5.7740329],[-75.599522,5.7740274],[-75.5995371,5.7740231],[-75.5996037,5.7739701],[-75.5996441,5.7739466],[-75.5996716,5.7739254],[-75.5997043,5.7739125],[-75.5997309,5.7739134],[-75.5997671,5.7739099],[-75.5997695,5.773903],[-75.5997681,5.7738946],[-75.5997185,5.7738282],[-75.5996965,5.7737853],[-75.5996382,5.7736095],[-75.5996383,5.7735947],[-75.5997498,5.7736494],[-75.5998184,5.7736731],[-75.5999636,5.7737072],[-75.5999895,5.7737102],[-75.6000172,5.7737082],[-75.6000363,5.7737031],[-75.600081,5.7736818],[-75.6001121,5.7736705],[-75.6001309,5.7736599],[-75.6001616,5.7736332],[-75.6001715,5.7736149],[-75.6001796,5.7736059],[-75.6002344,5.7735612],[-75.6002578,5.773531],[-75.6003324,5.7734874],[-75.6003615,5.7734631],[-75.6003732,5.7734471],[-75.6003809,5.7734166],[-75.6004087,5.77337],[-75.6004129,5.7733379],[-75.600449,5.7731979],[-75.6004576,5.7731702],[-75.6004802,5.7731212],[-75.6004838,5.7730572],[-75.6005101,5.7729657],[-75.6005088,5.7729524],[-75.6005005,5.772933],[-75.6004565,5.7728779],[-75.6004602,5.7728681],[-75.6004695,5.7728588],[-75.6004919,5.7728491],[-75.6005466,5.7728451],[-75.6006047,5.7728365],[-75.6006378,5.7728424],[-75.6006991,5.7728468],[-75.6007729,5.7728606],[-75.6008084,5.7728623],[-75.6008447,5.7728573],[-75.6008622,5.7728485],[-75.6008698,5.7728393],[-75.600872,5.7728232],[-75.6008675,5.7728071],[-75.6008306,5.7727489],[-75.6008105,5.772728],[-75.6007779,5.7726845],[-75.6007381,5.7726562],[-75.6007009,5.7726155],[-75.6006752,5.7725828],[-75.6006714,5.7725617],[-75.600674,5.7725111],[-75.600683,5.7724609],[-75.6006912,5.7724249],[-75.6007048,5.7723875],[-75.6007531,5.7723023],[-75.6008315,5.7721884],[-75.6008608,5.7721252],[-75.6008651,5.7721061],[-75.6008704,5.7720492],[-75.6008686,5.7720235],[-75.6008609,5.7719859],[-75.6008475,5.7719338],[-75.6008111,5.7718385],[-75.600794,5.7717825],[-75.600771,5.7717323],[-75.6007568,5.7717109],[-75.6007118,5.7716564],[-75.6006946,5.7716192],[-75.6006644,5.7715777],[-75.6005956,5.7715103],[-75.6005524,5.7714583],[-75.600541,5.7714323],[-75.6005352,5.7713941],[-75.6005349,5.7713671],[-75.6005393,5.7713395],[-75.6005684,5.7712766],[-75.6005782,5.7712369],[-75.6005909,5.7712127],[-75.6005991,5.7711895],[-75.6006115,5.7711408],[-75.6006166,5.7710808],[-75.6006288,5.771023],[-75.6006458,5.7709865],[-75.6006544,5.7709535],[-75.6007004,5.770873],[-75.6007087,5.7708631],[-75.6007187,5.7708598],[-75.6008032,5.7708926],[-75.6008308,5.7709005],[-75.6009071,5.7709108],[-75.6009514,5.7709119],[-75.6009841,5.7709183],[-75.6010161,5.7709177],[-75.6010347,5.7709214],[-75.6011286,5.7709667],[-75.6012386,5.7710414],[-75.6012642,5.7710533],[-75.6012917,5.7710614],[-75.6013261,5.7710641],[-75.6013603,5.7710595],[-75.6013872,5.7710504],[-75.6014186,5.7710326],[-75.601458,5.771003],[-75.6015245,5.7709441],[-75.6015459,5.7709205],[-75.6015707,5.7708823],[-75.6015921,5.7708375],[-75.6016072,5.7707967],[-75.60166,5.7706252],[-75.6016865,5.7705745],[-75.6017213,5.7705284],[-75.6017451,5.7705064],[-75.6017671,5.7704915],[-75.6018984,5.7704242],[-75.6019612,5.7703865],[-75.6020195,5.7703382],[-75.6020679,5.7702867],[-75.6021217,5.7702212],[-75.6021645,5.770159],[-75.6022199,5.7700694],[-75.6022969,5.7699746],[-75.6023591,5.7699106],[-75.6024064,5.7698668],[-75.6026412,5.7696584],[-75.6026927,5.7696022],[-75.6027254,5.7695577],[-75.6027404,5.7695207],[-75.6027468,5.7694812],[-75.6027407,5.7694211],[-75.6027284,5.7693726],[-75.6026699,5.7692135],[-75.6026546,5.7691606],[-75.6026419,5.7690718],[-75.6026465,5.7689472],[-75.6026609,5.7688317],[-75.602665,5.7687721],[-75.6026656,5.7686022],[-75.6026864,5.7684649],[-75.6026867,5.7684424],[-75.6026836,5.7684282],[-75.6026738,5.7684021],[-75.6026652,5.7683877],[-75.6026199,5.7683515],[-75.6025885,5.7683337],[-75.6025296,5.7683112],[-75.6024818,5.7682864],[-75.6023565,5.7682009],[-75.6022948,5.7681713],[-75.6021552,5.7681316],[-75.6021258,5.7681111],[-75.6021129,5.7680934],[-75.6021039,5.7680576],[-75.6021063,5.7680474],[-75.6021201,5.7680261],[-75.602121,5.7680135],[-75.602083,5.7679098],[-75.6020327,5.767759],[-75.6020138,5.767719],[-75.6019906,5.7676935],[-75.601957,5.767664],[-75.601913,5.7676085],[-75.6018993,5.7675953],[-75.6017679,5.7675053],[-75.6016718,5.7674475],[-75.6016513,5.7674399],[-75.6016229,5.7674346],[-75.6015909,5.7674353],[-75.6015556,5.7674245],[-75.6015239,5.767425],[-75.6014781,5.7674087],[-75.6014521,5.7674062],[-75.6014245,5.7674118],[-75.601365,5.7674382],[-75.6013196,5.7674531],[-75.6012074,5.767464],[-75.6011806,5.7674783],[-75.6011639,5.7674915],[-75.6011301,5.7675276],[-75.6010926,5.7675739],[-75.6010564,5.7676093],[-75.6010247,5.7676241],[-75.6010005,5.7676284],[-75.600987,5.7676278],[-75.6009671,5.7676203],[-75.6009602,5.7676086],[-75.6009602,5.7675768],[-75.600973,5.76753],[-75.6009703,5.767513],[-75.600955,5.7674688],[-75.6009149,5.767432],[-75.6008419,5.7673287],[-75.6007982,5.7672873],[-75.6007708,5.7672697],[-75.6007339,5.7672558],[-75.6006928,5.7672475],[-75.6006539,5.7672451],[-75.600634,5.7672491],[-75.6006211,5.7672585],[-75.6006111,5.7672711],[-75.6005996,5.7673019],[-75.6005935,5.7673097],[-75.6005855,5.7673111],[-75.6005756,5.7673031],[-75.6005463,5.7672468],[-75.6005089,5.7671395],[-75.6004846,5.7671086],[-75.6004625,5.7670632],[-75.6004309,5.7670172],[-75.6003949,5.7669302],[-75.6003683,5.7668575],[-75.6003259,5.7667655],[-75.6002023,5.766581],[-75.6001894,5.7665537],[-75.6001756,5.7665126],[-75.6001373,5.7664572],[-75.6001037,5.7663942],[-75.6000659,5.7663329],[-75.6000459,5.7662719],[-75.5999844,5.7661925],[-75.5998559,5.7660688],[-75.5998092,5.7660292],[-75.599775,5.7660053],[-75.5997572,5.7659819],[-75.5997397,5.7659449],[-75.599719,5.7658854],[-75.5997091,5.7658459],[-75.5996973,5.7657791],[-75.5996772,5.7657261],[-75.5996427,5.76568],[-75.5996198,5.7656623],[-75.5995886,5.7656435],[-75.5995832,5.7656371],[-75.5995842,5.7655415],[-75.5995811,5.765503],[-75.599561,5.7654404],[-75.59954,5.7653921],[-75.5995096,5.7652845],[-75.5994986,5.7652588],[-75.5994875,5.7652421],[-75.5994368,5.7651887],[-75.5993813,5.7651415],[-75.5993072,5.7650887],[-75.5992308,5.7650522],[-75.599211,5.7650402],[-75.5991664,5.7650033],[-75.5991307,5.7649624],[-75.5991002,5.7649447],[-75.5990669,5.7649397],[-75.5990294,5.7649428],[-75.5989901,5.7649559],[-75.5989131,5.7649982],[-75.5988777,5.7650132],[-75.598851,5.7650198],[-75.5987653,5.7650313],[-75.5987546,5.7650281],[-75.5987561,5.7650193],[-75.5987799,5.7649742],[-75.5987864,5.7649558],[-75.5987922,5.7649283],[-75.5987892,5.7648842],[-75.5988059,5.7648477],[-75.5988107,5.7648283],[-75.5988122,5.7648096],[-75.5988083,5.764707],[-75.5987668,5.7645072],[-75.5987583,5.764451],[-75.5987471,5.764339],[-75.5987011,5.7641219],[-75.5986917,5.7640588],[-75.5986734,5.764004],[-75.5986216,5.7638774],[-75.5985918,5.7637904],[-75.5985703,5.7637447],[-75.5985559,5.763694],[-75.5985296,5.7636621],[-75.5985177,5.7636298],[-75.5985091,5.7636155],[-75.5984711,5.7635763],[-75.5984229,5.7635342],[-75.5983929,5.7634954],[-75.5983872,5.7634795],[-75.5983813,5.7634144],[-75.5983767,5.7633988],[-75.5983476,5.7633466],[-75.5982981,5.7632703],[-75.5982767,5.7632414],[-75.5982508,5.763213],[-75.5982358,5.7631876],[-75.598164,5.7631239],[-75.5981276,5.763075],[-75.5981184,5.7630579],[-75.5981077,5.7630003],[-75.5980863,5.7629432],[-75.5980624,5.7628961],[-75.5980361,5.7628586],[-75.5979812,5.7627962],[-75.597945,5.7627599],[-75.597901,5.7627221],[-75.5978538,5.7626891],[-75.5977947,5.7626381],[-75.597572,5.7625101],[-75.5975667,5.7625006],[-75.5975584,5.7624678],[-75.597539,5.762415],[-75.5975039,5.7623558],[-75.5974845,5.7623302],[-75.5974389,5.7622856],[-75.5973184,5.7621892],[-75.5972405,5.7621229],[-75.5972155,5.762093],[-75.5971979,5.7620612],[-75.5971779,5.7620125],[-75.5971664,5.7619707],[-75.5971501,5.7618815],[-75.5971415,5.761858],[-75.5971303,5.7618455],[-75.5970604,5.7618253],[-75.5970112,5.7618296],[-75.5969906,5.7618215],[-75.5969658,5.7617805],[-75.5969502,5.7617369],[-75.596925,5.7617341],[-75.5968983,5.7617244],[-75.5968498,5.7617129],[-75.5968287,5.7617098],[-75.5967894,5.7617105],[-75.5966859,5.7616903],[-75.5965785,5.7616606],[-75.5964789,5.7616211],[-75.5963939,5.7615524],[-75.5961711,5.761351],[-75.5960673,5.7612737],[-75.5959974,5.7612322],[-75.5958757,5.7611961],[-75.5958338,5.7611897],[-75.5957936,5.7611886],[-75.5957367,5.7611949],[-75.5956736,5.7612108],[-75.5956104,5.7612369],[-75.5955203,5.7612818],[-75.5953581,5.7613666],[-75.5953085,5.7613966],[-75.595286,5.7614057],[-75.5952751,5.7614042],[-75.5952801,5.7613914],[-75.5953381,5.761292],[-75.5953587,5.7612469],[-75.5953653,5.761222],[-75.5953632,5.7611195],[-75.5953498,5.7610669],[-75.5953532,5.7610155],[-75.5953635,5.7609382],[-75.5953577,5.7608681],[-75.5953602,5.7608265],[-75.5953751,5.7608001],[-75.595403,5.7607658],[-75.5954751,5.7606935],[-75.5955076,5.7606684],[-75.5955265,5.7606454],[-75.5955355,5.7606272],[-75.595553,5.7605496],[-75.5955812,5.7604864],[-75.5955897,5.7604561],[-75.595596,5.7604167],[-75.595583,5.7603646],[-75.5955533,5.7603261],[-75.5955337,5.7603149],[-75.5955063,5.7602932],[-75.5955032,5.760287],[-75.5955048,5.7602787],[-75.5955159,5.7602652],[-75.5955374,5.7602502],[-75.5955566,5.7602425],[-75.5956002,5.7602314],[-75.5956185,5.7602224],[-75.5956363,5.760196],[-75.5956858,5.7601459],[-75.5957042,5.7601192],[-75.595771,5.7600768],[-75.595778,5.7600695],[-75.595778,5.7600624],[-75.5957268,5.7600109],[-75.5956513,5.7599182],[-75.5955838,5.7598286],[-75.5955453,5.7597721],[-75.5953659,5.7595363],[-75.595241,5.7593939],[-75.5951523,5.7592832],[-75.5951287,5.7592446],[-75.5951141,5.7592083],[-75.5950749,5.7591447],[-75.5950423,5.7590762],[-75.5950335,5.7590483],[-75.5950313,5.7589943],[-75.5950241,5.7589586],[-75.5950107,5.7589417],[-75.5949871,5.7589236],[-75.5949601,5.7588729],[-75.594898,5.7588091],[-75.5948431,5.7587282],[-75.5948164,5.7586967],[-75.5947823,5.7586631],[-75.5947601,5.7586263],[-75.5947317,5.7585917],[-75.5946689,5.7585323],[-75.5945404,5.7584359],[-75.5945029,5.7583922],[-75.5944865,5.7583634],[-75.5944784,5.7583424],[-75.5944724,5.7582764],[-75.5944773,5.7582622],[-75.5944908,5.7582399],[-75.5945367,5.7581798],[-75.5945381,5.7581708],[-75.5945326,5.7581609],[-75.5945026,5.7581493],[-75.5944622,5.758158],[-75.5944141,5.7581866],[-75.5943065,5.7582355],[-75.5942849,5.7582424],[-75.5942327,5.7582485],[-75.5942058,5.7582484],[-75.5941539,5.7582409],[-75.5941056,5.7582222],[-75.5940609,5.758213],[-75.5940353,5.7582006],[-75.5940175,5.7581969],[-75.5940002,5.7581978],[-75.5939631,5.7582063],[-75.5939091,5.7582101],[-75.5938735,5.7582185],[-75.5937883,5.7582254],[-75.593738,5.7582351],[-75.5937194,5.7582429],[-75.5936517,5.7582843],[-75.5936024,5.7583059],[-75.5935247,5.7583513],[-75.593436,5.758416],[-75.5933592,5.7584476],[-75.5933269,5.7584698],[-75.5932602,5.7585072],[-75.5932414,5.758514],[-75.5932269,5.7585152],[-75.5932231,5.7585073],[-75.5932495,5.7584297],[-75.5932552,5.7583993],[-75.5932482,5.7583302],[-75.5932385,5.7582993],[-75.593236,5.7582777],[-75.5932358,5.7582234],[-75.5932308,5.758181],[-75.5932328,5.7581527],[-75.5932291,5.7580045],[-75.5932235,5.7579393],[-75.5932128,5.7578924],[-75.5931852,5.7578388],[-75.5931485,5.7577988],[-75.5931058,5.7577651],[-75.5930385,5.7577388],[-75.5929184,5.757727],[-75.5928949,5.75772],[-75.5928607,5.7577157],[-75.5927514,5.7576908],[-75.5927218,5.7576869],[-75.5926359,5.7576873],[-75.5925102,5.7576956],[-75.5923399,5.7576853],[-75.5922857,5.7576855],[-75.5922507,5.7576903],[-75.5921786,5.7577174],[-75.5921185,5.7577323],[-75.5920246,5.7577629],[-75.5919926,5.7577701],[-75.5919353,5.757793],[-75.5919209,5.757795],[-75.5919089,5.7577931],[-75.5918751,5.7577282],[-75.5918611,5.7576873],[-75.5918486,5.7576267],[-75.5918369,5.7575277],[-75.5918479,5.7574798],[-75.5918768,5.7574028],[-75.5918989,5.757333],[-75.5919346,5.7571968],[-75.5919459,5.7571313],[-75.5919558,5.7570911],[-75.5919638,5.7570101],[-75.5919618,5.7569919],[-75.5918792,5.7568305],[-75.5918628,5.756805],[-75.5918322,5.7567683],[-75.5917549,5.756696],[-75.5916279,5.756561],[-75.5915894,5.7565093],[-75.591554,5.7564493],[-75.591517,5.7563645],[-75.5914701,5.7562765],[-75.5914507,5.7562051],[-75.591425,5.7561274],[-75.5914102,5.7560034],[-75.5913965,5.7559561],[-75.5913827,5.7559227],[-75.5913709,5.7559035],[-75.5913342,5.7558634],[-75.5912298,5.755783],[-75.5911368,5.7556897],[-75.5911088,5.755669],[-75.5910885,5.755649],[-75.5910217,5.7556029],[-75.5909801,5.7555865],[-75.5909563,5.7555722],[-75.5909152,5.7555376],[-75.5908948,5.7555127],[-75.5908343,5.755398],[-75.5908011,5.7553022],[-75.5907631,5.7552602],[-75.5907599,5.755232],[-75.5907536,5.7552105],[-75.5907451,5.7551957],[-75.5907206,5.755166],[-75.5907116,5.7551299],[-75.5907048,5.7551191],[-75.5907045,5.7551123],[-75.5907257,5.7551033],[-75.5907337,5.7550942],[-75.5907487,5.7550839],[-75.5907583,5.7550701],[-75.5907605,5.7550592],[-75.5907599,5.7550234],[-75.5907569,5.7550118],[-75.590752,5.7550082],[-75.5907084,5.7550242],[-75.590622,5.7550453],[-75.5906176,5.7550488],[-75.5906138,5.7550647],[-75.5906001,5.7550897],[-75.5905908,5.7550982],[-75.5905808,5.7551009],[-75.5904821,5.7550724],[-75.5904261,5.7550479],[-75.590392,5.7550264],[-75.5902997,5.754994],[-75.5902648,5.7549837],[-75.5902381,5.7549825],[-75.590184,5.7549953],[-75.5901664,5.7550043],[-75.5901296,5.7550358],[-75.5901012,5.7550778],[-75.5900925,5.7550991],[-75.5900862,5.7551426],[-75.5900961,5.7552689],[-75.5900976,5.755355],[-75.5900918,5.7554029],[-75.5900703,5.7555041],[-75.5900685,5.7555374],[-75.5900737,5.7555707],[-75.5900916,5.7556294],[-75.5901004,5.7556747],[-75.5901002,5.755725],[-75.5900944,5.7557823],[-75.5900974,5.7558197],[-75.5901069,5.7558551],[-75.5901461,5.7559327],[-75.5901544,5.7559556],[-75.5901604,5.7559982],[-75.5901552,5.7560546],[-75.5901318,5.7561121],[-75.5901001,5.7561624],[-75.5900453,5.7562622],[-75.5900295,5.7562861],[-75.5900203,5.7563064],[-75.5899617,5.7563453],[-75.5899392,5.7563794],[-75.5899128,5.7564043],[-75.589793,5.7565927],[-75.5897752,5.7566337],[-75.5897499,5.7567202],[-75.5897445,5.7567569],[-75.5897445,5.7567975],[-75.5897408,5.7568149],[-75.5897344,5.7568333],[-75.5897082,5.7568783],[-75.5896748,5.7569157],[-75.5896522,5.7569564],[-75.5896006,5.7570224],[-75.5895834,5.7570591],[-75.5895338,5.7571187],[-75.5894938,5.7571595],[-75.5894801,5.7571814],[-75.5894575,5.7572599],[-75.5894561,5.7573017],[-75.5894639,5.7573358],[-75.5894808,5.7573746],[-75.589536,5.7574449],[-75.5895471,5.7574685],[-75.589552,5.7574933],[-75.5895503,5.7575213],[-75.5895286,5.7575747],[-75.5895155,5.7575844],[-75.5895003,5.7575906],[-75.5894561,5.7575979],[-75.5894291,5.757609],[-75.5893698,5.7576752],[-75.58933,5.7577008],[-75.5892769,5.7577232],[-75.5892681,5.7577235],[-75.589253,5.7577175],[-75.5891942,5.7576815],[-75.589165,5.7576569],[-75.5891558,5.7576436],[-75.5891096,5.757545],[-75.5891017,5.7575131],[-75.5891011,5.7574588],[-75.589112,5.7574237],[-75.5891474,5.7573653],[-75.5891559,5.7573415],[-75.5891619,5.7572966],[-75.589157,5.757245],[-75.5891476,5.7572193],[-75.5891339,5.7571976],[-75.5891209,5.7571825],[-75.5890895,5.7571561],[-75.5890438,5.7570936],[-75.5890195,5.7570542],[-75.5889941,5.7570013],[-75.5889769,5.7569551],[-75.5889671,5.7569151],[-75.588966,5.7568797],[-75.5889753,5.7568282],[-75.5889838,5.7568093],[-75.5889964,5.7567914],[-75.5890182,5.7567677],[-75.5890668,5.7567346],[-75.5891373,5.756671],[-75.5891969,5.7566038],[-75.5892321,5.7565497],[-75.5892664,5.7564645],[-75.5893245,5.7563469],[-75.5893397,5.7563098],[-75.5893499,5.7562547],[-75.5893489,5.75621],[-75.5893372,5.756152],[-75.5893176,5.7561043],[-75.5892855,5.7560496],[-75.589203,5.7559424],[-75.5891767,5.7559014],[-75.5891053,5.7557537],[-75.5890617,5.7556438],[-75.5890046,5.755525],[-75.5889839,5.7554746],[-75.5889758,5.7554337],[-75.588979,5.755391],[-75.588995,5.7553409],[-75.5890372,5.7552488],[-75.589052,5.7552092],[-75.5890579,5.7551703],[-75.5890563,5.7551374],[-75.5890506,5.7551147],[-75.5890321,5.755079],[-75.5889607,5.7549699],[-75.5889428,5.7549292],[-75.5889076,5.7548246],[-75.5888965,5.7548035],[-75.5888812,5.7547832],[-75.5888516,5.7547537],[-75.5888201,5.7547308],[-75.5887427,5.7546914],[-75.5887066,5.7546772],[-75.5886555,5.7546676],[-75.588563,5.7546724],[-75.5885189,5.7546708],[-75.5884896,5.7546658],[-75.5884555,5.7546536],[-75.5884243,5.7546314],[-75.5884095,5.7546145],[-75.5884,5.7545925],[-75.5883844,5.7545413],[-75.5883712,5.7545118],[-75.5883494,5.7544845],[-75.5883316,5.7544707],[-75.5883118,5.7544599],[-75.5881951,5.7544144],[-75.5881672,5.7544068],[-75.5881417,5.7544036],[-75.5880729,5.7544058],[-75.5879854,5.7544193],[-75.587892,5.7544273],[-75.5878361,5.7544387],[-75.5878077,5.7544416],[-75.5877588,5.7544559],[-75.5876908,5.754483],[-75.5876536,5.7544804],[-75.5876132,5.7544895],[-75.5875787,5.7545041],[-75.587537,5.7545327],[-75.5875098,5.7545594],[-75.5874695,5.7546098],[-75.5874485,5.7546467],[-75.5874205,5.7547191],[-75.5873936,5.7547592],[-75.5873752,5.7547769],[-75.5873318,5.7548062],[-75.587268,5.7548417],[-75.58724,5.7548656],[-75.5872016,5.7549108],[-75.5871723,5.7549516],[-75.5871235,5.7550371],[-75.5871037,5.7550654],[-75.5870615,5.7551141],[-75.5870225,5.7551463],[-75.5870135,5.7551487],[-75.5870075,5.7551425],[-75.5869955,5.7551135],[-75.5869723,5.7550807],[-75.5869465,5.7550342],[-75.5868913,5.7549174],[-75.5867931,5.7546951],[-75.5867398,5.7546178],[-75.5866396,5.7544194],[-75.5866035,5.7543561],[-75.5865778,5.7543181],[-75.5865437,5.7542797],[-75.5865285,5.7542685],[-75.5864656,5.7542356],[-75.5863343,5.7541785],[-75.5862734,5.7541389],[-75.5861961,5.7540764],[-75.5861774,5.7540681],[-75.5861431,5.7540583],[-75.5861504,5.7540487],[-75.5861994,5.7540243],[-75.586322,5.7539486],[-75.5863933,5.7538921],[-75.5863978,5.7538834],[-75.5864092,5.7538248],[-75.5864243,5.7537744],[-75.5864555,5.7537062],[-75.5864889,5.7536466],[-75.5865278,5.7536028],[-75.5865491,5.7535842],[-75.5865811,5.7535605],[-75.5866441,5.7535204],[-75.5866686,5.7535003],[-75.5867009,5.7534569],[-75.5867288,5.7533933],[-75.5867372,5.7533416],[-75.5867481,5.7531862],[-75.5867464,5.7529202],[-75.586751,5.7527683],[-75.5867459,5.7527073],[-75.5867277,5.7526677],[-75.5866815,5.7526187],[-75.5866638,5.7526055],[-75.5865948,5.7525654],[-75.5865355,5.7525351],[-75.5865181,5.7525204],[-75.586515,5.7525117],[-75.5865185,5.7525041],[-75.5865354,5.7524894],[-75.5865804,5.7524608],[-75.5866254,5.7524368],[-75.5866568,5.7524258],[-75.5867154,5.7523989],[-75.5867516,5.7523765],[-75.5868002,5.7523218],[-75.5868249,5.7522593],[-75.5868355,5.7522088],[-75.5868402,5.7521213],[-75.5868532,5.7520548],[-75.5868642,5.7520179],[-75.5868922,5.7519492],[-75.5868994,5.7518864],[-75.5868935,5.751658],[-75.5868971,5.7516112],[-75.5869066,5.751561],[-75.5869072,5.7515203],[-75.5868948,5.7514491],[-75.5868664,5.7513641],[-75.5868625,5.7513398],[-75.5868698,5.7513334],[-75.5868846,5.7513303],[-75.586907,5.7513304],[-75.586945,5.7513368],[-75.5869547,5.7513346],[-75.5869594,5.7513304],[-75.5869664,5.7513042],[-75.5869734,5.7512374],[-75.5869881,5.7512075],[-75.587008,5.7511819],[-75.5870388,5.7511495],[-75.5871256,5.7510736],[-75.5871567,5.7510529],[-75.5872192,5.7510178],[-75.5872831,5.7509872],[-75.5873536,5.7509732],[-75.5873768,5.7509644],[-75.5874218,5.7509355],[-75.5874546,5.7509047],[-75.5874722,5.750876],[-75.5874793,5.7508497],[-75.5874781,5.7508048],[-75.5874664,5.750753],[-75.5874674,5.7507378],[-75.5874828,5.7507044],[-75.5875102,5.7506231],[-75.587547,5.7505416],[-75.5875866,5.750478],[-75.5876331,5.7504159],[-75.5876795,5.7503624],[-75.5877683,5.7502709],[-75.5878099,5.7502201],[-75.5878171,5.7502063],[-75.5878265,5.7501699],[-75.5878508,5.7501245],[-75.587901,5.7500471],[-75.587972,5.7499538],[-75.588014,5.7498796],[-75.5880201,5.7498641],[-75.5880221,5.7498433],[-75.5880559,5.7498012],[-75.5880662,5.7497792],[-75.5880557,5.749772],[-75.5879875,5.7497448],[-75.5879327,5.7497158],[-75.5878755,5.7496911],[-75.5878401,5.7496682],[-75.5877746,5.7496115],[-75.5877311,5.7495787],[-75.5876968,5.7495394],[-75.5876291,5.7494502],[-75.5875978,5.7494181],[-75.5875622,5.7493908],[-75.5874957,5.7493486],[-75.5874192,5.7492762],[-75.5873153,5.7492041],[-75.5872897,5.7491792],[-75.5872537,5.7491201],[-75.5872095,5.7490291],[-75.5871811,5.7489436],[-75.5871383,5.74878],[-75.5871241,5.7487429],[-75.5871101,5.7487168],[-75.58708,5.748679],[-75.5870433,5.7486527],[-75.587008,5.7486345],[-75.5869176,5.7486014],[-75.5868923,5.7485869],[-75.5868746,5.7485731],[-75.5868764,5.7485593],[-75.5868971,5.7485284],[-75.5869192,5.7484782],[-75.5869296,5.748437],[-75.58693,5.7483867],[-75.5869165,5.7483258],[-75.5868301,5.7481146],[-75.5866841,5.7478445],[-75.5866037,5.7476618],[-75.5865667,5.7475863],[-75.5865224,5.7475077],[-75.586485,5.7474507],[-75.5864137,5.7473634],[-75.5863461,5.7472914],[-75.5862584,5.7472116],[-75.5860984,5.7470739],[-75.5860422,5.7470306],[-75.5860093,5.7470094],[-75.585967,5.746988],[-75.5858633,5.7469426],[-75.5858144,5.7469115],[-75.5857905,5.746885],[-75.5857781,5.7468668],[-75.5857469,5.7467842],[-75.5857265,5.746745],[-75.5856913,5.7466945],[-75.5856584,5.7466556],[-75.585597,5.746604],[-75.5854717,5.7465175],[-75.585394,5.7464593],[-75.585327,5.7464001],[-75.5852738,5.7463448],[-75.5851733,5.7462233],[-75.5850935,5.7461048],[-75.5849994,5.7459498],[-75.5849383,5.7458299],[-75.5848139,5.7456072],[-75.5847115,5.7454509],[-75.5845556,5.7452361],[-75.5845055,5.7451927],[-75.584452,5.7451647],[-75.5844339,5.7451583],[-75.5844245,5.7451657],[-75.5843918,5.7452489],[-75.5843648,5.745294],[-75.5843098,5.7453715],[-75.5842644,5.7454163],[-75.5842378,5.7454485],[-75.584221,5.7454757],[-75.5842103,5.7455059],[-75.5842044,5.745549],[-75.5842098,5.7456008],[-75.5842289,5.7456577],[-75.5842489,5.7456912],[-75.5842702,5.7457424],[-75.5842846,5.7457915],[-75.5842852,5.7458376],[-75.5842714,5.7458822],[-75.5842591,5.7458974],[-75.5840917,5.7460459],[-75.5839679,5.7461757],[-75.5838898,5.7462688],[-75.583847,5.7463264],[-75.583759,5.7464589],[-75.5837332,5.7465044],[-75.5837197,5.7465504],[-75.5837195,5.7465758],[-75.5837263,5.7465928],[-75.5837448,5.7466243],[-75.5837915,5.7466856],[-75.5838083,5.7467149],[-75.5838196,5.7467683],[-75.5838141,5.746789],[-75.5838032,5.7468119],[-75.5837751,5.7468479],[-75.5837197,5.7468914],[-75.583654,5.7469552],[-75.5836354,5.7469649],[-75.5835951,5.746974],[-75.5835534,5.7469887],[-75.5835038,5.7470265],[-75.5834682,5.7470648],[-75.5834401,5.7471189],[-75.5833883,5.7471838],[-75.5833446,5.7472309],[-75.5833063,5.7472643],[-75.5832577,5.7472973],[-75.5832272,5.7473326],[-75.583209,5.747348],[-75.5831581,5.7473869],[-75.5830645,5.7474473],[-75.5830386,5.7474692],[-75.5830187,5.7475011],[-75.5829763,5.7476069],[-75.5829679,5.7476613],[-75.5829603,5.7477786],[-75.5829548,5.7478133],[-75.5829478,5.7478331],[-75.5829374,5.7478306],[-75.5828589,5.747727],[-75.5828335,5.7476983],[-75.5828011,5.7476685],[-75.5827606,5.7476224],[-75.5827231,5.7475732],[-75.5826802,5.74749],[-75.5826278,5.7473535],[-75.5825966,5.7472835],[-75.582568,5.7472358],[-75.5825384,5.7471985],[-75.5825089,5.7471685],[-75.5824481,5.747117],[-75.5824146,5.7470826],[-75.5822557,5.747003],[-75.5821668,5.7469661],[-75.5821287,5.7469402],[-75.5820919,5.7469089],[-75.5820825,5.7468955],[-75.5820839,5.7468867],[-75.5820915,5.7468776],[-75.5821355,5.7468316],[-75.5821603,5.7468115],[-75.5821939,5.7467784],[-75.582218,5.7467508],[-75.5822537,5.7467241],[-75.5822885,5.7467036],[-75.5823806,5.7466335],[-75.5824578,5.7465672],[-75.5824994,5.7465352],[-75.5825682,5.7464689],[-75.5826104,5.7464139],[-75.5826189,5.7463933],[-75.5826387,5.74636],[-75.5826541,5.746324],[-75.5826558,5.7462839],[-75.5826513,5.7462589],[-75.5826356,5.7462082],[-75.5826074,5.7461561],[-75.5825708,5.7461071],[-75.5824539,5.7459799],[-75.5824176,5.7459255],[-75.5824045,5.7458945],[-75.582394,5.745859],[-75.582387,5.7458125],[-75.5823858,5.7456731],[-75.5823792,5.7456052],[-75.5823655,5.7455473],[-75.5823431,5.7454963],[-75.5823258,5.7454681],[-75.5823045,5.7454461],[-75.5821822,5.7453413],[-75.5820876,5.7452513],[-75.5820624,5.745217],[-75.582061,5.7452056],[-75.5821331,5.7451459],[-75.5822052,5.7450644],[-75.582378,5.7448118],[-75.5825057,5.7446517],[-75.5825448,5.7445892],[-75.582562,5.7445732],[-75.5825668,5.7445619],[-75.5825709,5.7445282],[-75.5825953,5.7444522],[-75.5826077,5.7443978],[-75.5826269,5.7443577],[-75.5826453,5.7443404],[-75.5826614,5.7443313],[-75.5827575,5.7443072],[-75.5827975,5.744291],[-75.5828319,5.7442638],[-75.5828542,5.7442338],[-75.5829305,5.7440748],[-75.5829542,5.7440032],[-75.5829613,5.743959],[-75.5829625,5.7439264],[-75.5829539,5.7437676],[-75.5829566,5.7437356],[-75.5829638,5.7437005],[-75.582976,5.7436936],[-75.5830178,5.7436922],[-75.583107,5.7437026],[-75.5831385,5.7437082],[-75.5831916,5.743723],[-75.5832381,5.7437284],[-75.5832818,5.7437226],[-75.5833041,5.743716],[-75.5833364,5.7436983],[-75.5833631,5.7436757],[-75.5834697,5.7435467],[-75.5835186,5.7434977],[-75.5835669,5.7434555],[-75.5836683,5.7433756],[-75.5837462,5.7433201],[-75.5838217,5.7432724],[-75.5838848,5.7432373],[-75.5839838,5.7431886],[-75.5840431,5.7431627],[-75.5841042,5.7431423],[-75.5841728,5.7431247],[-75.5842448,5.7431126],[-75.58432,5.7431052],[-75.5843753,5.7431032],[-75.5844857,5.7431085],[-75.5845252,5.7430977],[-75.5845478,5.7430826],[-75.5845723,5.7430571],[-75.5846063,5.7430057],[-75.5846596,5.7429061],[-75.5846852,5.7428643],[-75.5847174,5.7428241],[-75.5847494,5.742797],[-75.5847809,5.7427792],[-75.5848263,5.742761],[-75.5850605,5.7426874],[-75.5851008,5.7426693],[-75.585196,5.7426158],[-75.5852321,5.7425984],[-75.5853437,5.7425572],[-75.5854217,5.7425173],[-75.5854425,5.7425127],[-75.585465,5.7425018],[-75.5856008,5.7424539],[-75.5856127,5.7424438],[-75.5856248,5.7424141],[-75.5856383,5.7423626],[-75.5856363,5.7423413],[-75.5856209,5.7423213],[-75.5855504,5.7422554],[-75.5854201,5.7421516],[-75.5853314,5.742087],[-75.5852944,5.7420641],[-75.5852219,5.7420282],[-75.5851741,5.7420141],[-75.585136,5.7420088],[-75.5850703,5.7420236],[-75.5850653,5.7420268],[-75.5850386,5.7420595],[-75.5850047,5.7421099],[-75.5849708,5.7421478],[-75.5849174,5.7421932],[-75.5848731,5.7422191],[-75.5848101,5.74225],[-75.5847159,5.7422826],[-75.5845855,5.7423393],[-75.584555,5.7423466],[-75.5845377,5.7423445],[-75.584537,5.7423366],[-75.5845411,5.7423276],[-75.5845838,5.7422735],[-75.5845978,5.7422239],[-75.5845966,5.7421701],[-75.5845849,5.7420629],[-75.5845863,5.7419848],[-75.5845818,5.7419277],[-75.5845636,5.7418376],[-75.5845353,5.741743],[-75.5844151,5.7414645],[-75.5843963,5.7414332],[-75.5843706,5.7414051],[-75.5843559,5.7413783],[-75.5843428,5.7413643],[-75.5843216,5.7413502],[-75.5842831,5.7413342],[-75.5842548,5.7413315],[-75.5842372,5.7413347],[-75.5842286,5.7413391],[-75.5841617,5.7413898],[-75.584093,5.7414369],[-75.5839906,5.7415],[-75.5839726,5.7415086],[-75.5839592,5.7415111],[-75.5839551,5.741507],[-75.5839507,5.7414733],[-75.5839146,5.7413467],[-75.5838837,5.7412803],[-75.5838446,5.7412279],[-75.5838254,5.7412105],[-75.5837912,5.7411943],[-75.5836789,5.7411645],[-75.5836598,5.7411558],[-75.5836292,5.7411321],[-75.5835297,5.7410239],[-75.5835257,5.741009],[-75.5835313,5.740966],[-75.5835432,5.7409272],[-75.5835603,5.7408916],[-75.5835789,5.7408663],[-75.5836114,5.7408348],[-75.5837061,5.7407562],[-75.5837304,5.740719],[-75.5837358,5.7407033],[-75.5837354,5.7406897],[-75.5837112,5.740626],[-75.5836988,5.7406078],[-75.5836663,5.7405771],[-75.5835997,5.7405318],[-75.5835684,5.7405072],[-75.5835415,5.7404801],[-75.5835222,5.7404537],[-75.583497,5.7404072],[-75.5834771,5.7403585],[-75.5834142,5.7401364],[-75.583385,5.7400614],[-75.5833673,5.7400342],[-75.5833388,5.7400038],[-75.5833039,5.739981],[-75.5832788,5.7399697],[-75.5832382,5.7399607],[-75.5831977,5.7399606],[-75.5830592,5.7399852],[-75.5829866,5.7399862],[-75.582941,5.7399784],[-75.5828982,5.7399647],[-75.5828497,5.7399449],[-75.5827682,5.7399043],[-75.5827318,5.7398923],[-75.582686,5.7398851],[-75.5826435,5.7398876],[-75.5826292,5.7398908],[-75.5826064,5.7399025],[-75.5825919,5.7399133],[-75.582575,5.7399323],[-75.5825437,5.7399819],[-75.5825331,5.7400129],[-75.5825219,5.7400635],[-75.5825164,5.7401156],[-75.5825194,5.7401772],[-75.5825303,5.7402354],[-75.5825541,5.7403114],[-75.5825916,5.7403948],[-75.5825904,5.7404111],[-75.5825817,5.7404292],[-75.5825066,5.7403951],[-75.5824651,5.7403837],[-75.5824224,5.7403637],[-75.582274,5.7402815],[-75.5822193,5.7402187],[-75.5821682,5.7401336],[-75.5821255,5.740073],[-75.5819848,5.7399187],[-75.5818307,5.7397258],[-75.5818107,5.7397096],[-75.5817563,5.7396737],[-75.5817069,5.739651],[-75.5816264,5.7396225],[-75.5815579,5.739583],[-75.5815563,5.7396009],[-75.5815724,5.7397056],[-75.581582,5.7398006],[-75.5815644,5.739859],[-75.5815527,5.7399512],[-75.581526,5.7400371],[-75.5814974,5.7401451],[-75.5814886,5.7401913],[-75.5814807,5.7401992],[-75.5814191,5.7401603],[-75.5813631,5.7401111],[-75.5813131,5.7400495],[-75.5812434,5.7399423],[-75.5811983,5.7398927],[-75.5811292,5.739836],[-75.5810974,5.7398181],[-75.581076,5.7398121],[-75.5810066,5.7398118],[-75.5809326,5.7398246],[-75.5808811,5.7398283],[-75.5806216,5.7398328],[-75.5805516,5.7398293],[-75.5804536,5.7398184],[-75.5804078,5.7398107],[-75.5803544,5.7397973],[-75.5802784,5.7397987],[-75.5802272,5.739812],[-75.5801274,5.7398529],[-75.5800911,5.7398854],[-75.5800695,5.7399112],[-75.5800521,5.7399396],[-75.5800437,5.7399447],[-75.5799374,5.739933],[-75.5799008,5.739934],[-75.5798625,5.7399392],[-75.579844,5.7399435],[-75.5798173,5.7399546],[-75.5797665,5.7399879],[-75.5797562,5.7399913],[-75.5797477,5.7399879],[-75.5797285,5.7399707],[-75.5797101,5.7399623],[-75.579679,5.7399556],[-75.5796516,5.7399566],[-75.5796187,5.7399635],[-75.579588,5.7399736],[-75.5794566,5.7400368],[-75.5793659,5.7400697],[-75.579321,5.7400786],[-75.5792637,5.7400854],[-75.5791811,5.7400879],[-75.5791684,5.7400864],[-75.5791632,5.7400824],[-75.5791848,5.7400285],[-75.5792148,5.7399887],[-75.579262,5.7398834],[-75.5792841,5.7398565],[-75.5792939,5.7398338],[-75.5793375,5.7397609],[-75.5793997,5.7396663],[-75.5794511,5.7395759],[-75.5794695,5.7395495],[-75.5794953,5.7395249],[-75.5795263,5.7395056],[-75.5796338,5.7394612],[-75.5796787,5.7394242],[-75.5797525,5.7393466],[-75.5797962,5.7393071],[-75.5798324,5.7392829],[-75.5799082,5.7392464],[-75.5799412,5.7392262],[-75.5799845,5.739179],[-75.580023,5.7391175],[-75.5800652,5.7390604],[-75.5801024,5.7390174],[-75.5801345,5.7389862],[-75.5801694,5.7389618],[-75.5802057,5.7389433],[-75.5802266,5.7389373],[-75.5802641,5.7389339],[-75.5803355,5.7389359],[-75.5804061,5.7389467],[-75.5804469,5.7389633],[-75.5804758,5.7389832],[-75.5804818,5.7389844],[-75.580485,5.738982],[-75.5804918,5.7389026],[-75.5805035,5.7388743],[-75.5805157,5.7388329],[-75.5805783,5.7386073],[-75.5805848,5.7385749],[-75.5805932,5.7385026],[-75.5806033,5.738467],[-75.5806226,5.7384352],[-75.580677,5.7383812],[-75.5806943,5.7383584],[-75.5807604,5.7382239],[-75.5808161,5.7381502],[-75.5808291,5.7381275],[-75.5808329,5.7381093],[-75.5808377,5.7380351],[-75.5808244,5.7380094],[-75.5808222,5.7379696],[-75.5808123,5.7379296],[-75.5808238,5.7378966],[-75.580827,5.737869],[-75.5808361,5.7378521],[-75.5808449,5.7378445],[-75.5808906,5.7378208],[-75.5809059,5.7378162],[-75.5809627,5.7378107],[-75.5810452,5.737798],[-75.5811062,5.7377756],[-75.5811698,5.7377746],[-75.5811891,5.7377715],[-75.5812649,5.7377372],[-75.5813053,5.7377219],[-75.5813154,5.7377218],[-75.5813231,5.7377325],[-75.5813622,5.737819],[-75.5813766,5.7378654],[-75.5813883,5.7378922],[-75.5813865,5.7379041],[-75.5813574,5.7379313],[-75.5813334,5.7379665],[-75.581327,5.7379947],[-75.5813321,5.738024],[-75.5813874,5.7381454],[-75.581417,5.7382488],[-75.5814436,5.7383187],[-75.581473,5.7383793],[-75.581513,5.7384395],[-75.5815378,5.7384602],[-75.5815761,5.7384839],[-75.5815944,5.7384897],[-75.5816222,5.7384913],[-75.5816962,5.7384789],[-75.5817772,5.7384503],[-75.5818052,5.7384485],[-75.5819034,5.7384504],[-75.581941,5.7384438],[-75.5819614,5.7384321],[-75.5819687,5.7384215],[-75.5819829,5.7383798],[-75.5820157,5.7383243],[-75.5820427,5.7382972],[-75.5820787,5.7382517],[-75.5821289,5.7381801],[-75.5821595,5.7381309],[-75.5822191,5.7380763],[-75.582242,5.7380446],[-75.5822643,5.7380223],[-75.5823046,5.7379718],[-75.5823176,5.7379531],[-75.5823236,5.7379387],[-75.5823235,5.7379297],[-75.5823122,5.7378857],[-75.5822937,5.7378588],[-75.5822746,5.7378189],[-75.5822534,5.7377868],[-75.5822454,5.7377657],[-75.5822423,5.7377446],[-75.5822792,5.7375951],[-75.5823319,5.7374099],[-75.5823459,5.7373475],[-75.5823601,5.7372543],[-75.5823572,5.7371604],[-75.5823528,5.7371267],[-75.5823418,5.737078],[-75.5823124,5.7370013],[-75.5822846,5.7369513],[-75.5822268,5.7368823],[-75.5821639,5.7368188],[-75.5820882,5.7367501],[-75.5819059,5.7365983],[-75.5818594,5.7365544],[-75.5817997,5.7365057],[-75.5817526,5.7364535],[-75.5816804,5.736381],[-75.5814799,5.7361427],[-75.5813898,5.7360574],[-75.5813505,5.73603],[-75.5813248,5.7360189],[-75.5812926,5.7360108],[-75.5812648,5.7359937],[-75.5812154,5.7359851],[-75.5811878,5.7359696],[-75.5811704,5.735967],[-75.5811379,5.735968],[-75.581126,5.7359694],[-75.581105,5.7359795],[-75.5810576,5.7359959],[-75.5810186,5.7360231],[-75.5810044,5.7360292],[-75.5809305,5.7360418],[-75.5808499,5.7360499],[-75.5807661,5.736071],[-75.5807446,5.7360727],[-75.5806958,5.73607],[-75.5806223,5.7360544],[-75.5805947,5.7360561],[-75.5805485,5.7360699],[-75.5804317,5.7361158],[-75.5804004,5.736131],[-75.5803658,5.7361558],[-75.5803374,5.7361989],[-75.5803344,5.7362145],[-75.5803376,5.7362445],[-75.5803336,5.7362632],[-75.5803322,5.736292],[-75.5803159,5.7363322],[-75.580307,5.7363397],[-75.5802972,5.7363403],[-75.5802357,5.736328],[-75.5801386,5.736287],[-75.5800586,5.7362669],[-75.580033,5.7362648],[-75.5799799,5.7362714],[-75.5799318,5.7362869],[-75.5798813,5.7363221],[-75.5798651,5.7363419],[-75.5798467,5.7363731],[-75.5798389,5.7363923],[-75.5798364,5.7364078],[-75.5798348,5.7364463],[-75.5798367,5.7364978],[-75.5798594,5.7365634],[-75.5798939,5.7366332],[-75.5799143,5.7366853],[-75.5799414,5.73678],[-75.5799605,5.7368839],[-75.5799766,5.7370482],[-75.5799868,5.7372741],[-75.5799848,5.7373493],[-75.5799744,5.737379],[-75.5799665,5.7373853],[-75.5799416,5.7373795],[-75.5797999,5.7373108],[-75.5797435,5.7372972],[-75.5796883,5.7372904],[-75.5796645,5.7372928],[-75.5796123,5.7373079],[-75.579571,5.7373156],[-75.5795517,5.7373269],[-75.5795342,5.7373467],[-75.5795271,5.7373508],[-75.5794626,5.7373556],[-75.5794253,5.7373678],[-75.5793871,5.7373722],[-75.5793743,5.7373711],[-75.5793632,5.7373608],[-75.579336,5.7373157],[-75.5793264,5.7372579],[-75.5793,5.737192],[-75.5792707,5.7371548],[-75.5792478,5.7371184],[-75.5792176,5.7370856],[-75.5791386,5.7370285],[-75.5790738,5.7369669],[-75.5790279,5.7369045],[-75.5789261,5.7367459],[-75.578895,5.7366805],[-75.5788724,5.7366083],[-75.5788513,5.7365258],[-75.5788249,5.7364033],[-75.5787852,5.7362604],[-75.5787699,5.7362225],[-75.5787548,5.7361954],[-75.5787355,5.7361697],[-75.5787151,5.7361506],[-75.578679,5.7361265],[-75.5786406,5.7361108],[-75.5786123,5.7361042],[-75.5785387,5.7360976],[-75.5784306,5.7360976],[-75.5783647,5.7361042],[-75.5782207,5.7361274],[-75.5780943,5.7361317],[-75.5780533,5.7361371],[-75.5780092,5.7361489],[-75.5778863,5.7361916],[-75.577851,5.7361958],[-75.5778219,5.7361933],[-75.5777966,5.7361833],[-75.5777671,5.7361588],[-75.5777428,5.7361233],[-75.5777061,5.7360476],[-75.5776973,5.7360385],[-75.5776783,5.7360262],[-75.5776117,5.7359613],[-75.5775494,5.7359211],[-75.5774834,5.7358687],[-75.5774231,5.7358399],[-75.577281,5.7357636],[-75.5772692,5.7357602],[-75.577218,5.7357629],[-75.5771221,5.7357569],[-75.5770059,5.7357827],[-75.5769941,5.7357809],[-75.5769763,5.7357632],[-75.5769631,5.7357366],[-75.5769556,5.7357102],[-75.5769394,5.7356182],[-75.5769275,5.7355853],[-75.576907,5.735544],[-75.5767831,5.7353364],[-75.5766639,5.7351484],[-75.5765717,5.7350147],[-75.5764723,5.7348881],[-75.5763902,5.7347984],[-75.576285,5.7347051],[-75.5762257,5.7346644],[-75.5761777,5.7346415],[-75.5761431,5.7346296],[-75.5760757,5.7346192],[-75.5759012,5.7346187],[-75.5758579,5.7346142],[-75.5757804,5.7345925],[-75.5756953,5.7345518],[-75.5756388,5.7345133],[-75.5755533,5.7344404],[-75.5754829,5.7343533],[-75.5754222,5.7342964],[-75.5753085,5.7342064],[-75.5752052,5.7341298],[-75.5750592,5.7340421],[-75.574963,5.7339707],[-75.5749216,5.7339447],[-75.574871,5.7339182],[-75.5747447,5.7338682],[-75.5746806,5.7338336],[-75.57461,5.733786],[-75.5744142,5.7336308],[-75.5743192,5.7335677],[-75.5742136,5.7335117],[-75.5741779,5.7334967],[-75.5741491,5.7334882],[-75.5741192,5.7334842],[-75.5740826,5.7334854],[-75.5740286,5.7334954],[-75.5739392,5.7335204],[-75.5738838,5.7335328],[-75.5737684,5.733547],[-75.5736683,5.7335493],[-75.5735188,5.7335417],[-75.5734554,5.7335422],[-75.5733003,5.7335641],[-75.5732267,5.7335587],[-75.5731428,5.7335471],[-75.5730934,5.7335461],[-75.5730553,5.7335502],[-75.5730281,5.7335564],[-75.5729969,5.7335659],[-75.5729645,5.7335801],[-75.572911,5.7336156],[-75.5728351,5.7336929],[-75.5728063,5.7337168],[-75.5727629,5.7337469],[-75.5727125,5.7337649],[-75.5726196,5.7337846],[-75.5725275,5.733811],[-75.5724646,5.7338382],[-75.572424,5.7338698],[-75.5723912,5.733908],[-75.5723453,5.7339802],[-75.5722441,5.7341964],[-75.5722048,5.7342645],[-75.5721159,5.734405],[-75.5720929,5.7344323],[-75.572075,5.7344463],[-75.5720305,5.7344684],[-75.5719992,5.7344772],[-75.5719759,5.7344924],[-75.5719373,5.7345098],[-75.571895,5.73454],[-75.5718867,5.7345411],[-75.5718773,5.7345323],[-75.5718431,5.7344848],[-75.5717966,5.7344132],[-75.5717638,5.7343796],[-75.5717336,5.7343271],[-75.5717162,5.7342677],[-75.5716959,5.734224],[-75.5716782,5.7341692],[-75.5716233,5.7339479],[-75.5715958,5.7338578],[-75.5715683,5.7337902],[-75.5715313,5.7337242],[-75.5714747,5.7336594],[-75.5713804,5.7335773],[-75.5713069,5.7335371],[-75.5712397,5.7335065],[-75.5711716,5.7334893],[-75.5711539,5.7334831],[-75.5711475,5.7334769],[-75.5711486,5.7334647],[-75.5711858,5.7333744],[-75.5712045,5.7332898],[-75.571217,5.7332474],[-75.571245,5.7331792],[-75.5712615,5.7331298],[-75.5713186,5.7329075],[-75.5713286,5.7328555],[-75.5713305,5.7328276],[-75.5713269,5.7328103],[-75.571312,5.7327782],[-75.5712992,5.7327601],[-75.5712588,5.7327234],[-75.5712113,5.7326949],[-75.571094,5.7326347],[-75.5710407,5.7326041],[-75.5709801,5.7325608],[-75.5709371,5.7325176],[-75.5709067,5.7324758],[-75.5708732,5.7323973],[-75.5708519,5.7323314],[-75.5708214,5.7322614],[-75.5707972,5.7322141],[-75.5707294,5.7321046],[-75.5706675,5.7320129],[-75.5705938,5.73192],[-75.5705272,5.7318566],[-75.5705033,5.7318424],[-75.570447,5.7318191],[-75.5704177,5.7317982],[-75.5703841,5.7317596],[-75.5703418,5.7316836],[-75.5703044,5.7316312],[-75.5702599,5.7315949],[-75.5702034,5.7315647],[-75.5701438,5.7315393],[-75.5700717,5.7315169],[-75.5700006,5.7315013],[-75.5699337,5.731491],[-75.5697321,5.7314708],[-75.5695157,5.731471],[-75.5694356,5.7314645],[-75.5693705,5.7314456],[-75.5692632,5.7314077],[-75.5691828,5.7313875],[-75.5690366,5.7313562],[-75.5689907,5.7313332],[-75.5688356,5.7312173],[-75.5687554,5.7311622],[-75.5687045,5.7311353],[-75.5686102,5.731097],[-75.5685665,5.7310718],[-75.5685308,5.7310444],[-75.5684109,5.7309293],[-75.5683566,5.7308842],[-75.5682997,5.7308466],[-75.5682316,5.7308155]]},"properties":{"OBJECTID":149,"CNIdentif":"053906001149","CNAltura":825,"CNTipo":1,"RuleID":1}},{"type":"Feature","id":150,"geometry":{"type":"LineString","coordinates":[[-75.6028179,5.8005582],[-75.6028592,5.8004948],[-75.6028772,5.8004551],[-75.6028931,5.8004083],[-75.6029088,5.800344],[-75.6029142,5.8002827],[-75.6029135,5.8002378],[-75.6029111,5.8002225],[-75.6029015,5.8002052],[-75.6028932,5.8001807],[-75.6028517,5.8001326],[-75.6028113,5.8000598],[-75.6027888,5.8000061],[-75.6027828,5.7999982],[-75.602777,5.7999974],[-75.6027374,5.8000131],[-75.6026875,5.8000236],[-75.6026613,5.8000423],[-75.6026389,5.8000476],[-75.6026086,5.8000639],[-75.6025658,5.800092],[-75.6025367,5.8001173],[-75.602482,5.8001566],[-75.6024317,5.8002024],[-75.6023497,5.8003286],[-75.6022941,5.8003988],[-75.6022273,5.8004766],[-75.6022057,5.8005067],[-75.6022,5.8005312],[-75.6021896,5.800615],[-75.6021664,5.8006749],[-75.6021634,5.8006971],[-75.6021823,5.8007275],[-75.6022014,5.800744],[-75.6022275,5.800754],[-75.6022449,5.8007647],[-75.6022899,5.8007742],[-75.6022994,5.8007727],[-75.6023174,5.8007577],[-75.6023525,5.8007401],[-75.6023982,5.8007369],[-75.6024427,5.8007383],[-75.6025005,5.8007301],[-75.6025512,5.8007282],[-75.6026239,5.8007038],[-75.6026916,5.8006677],[-75.6027491,5.8006253],[-75.6028179,5.8005582]]},"properties":{"OBJECTID":150,"CNIdentif":"053906001150","CNAltura":825,"CNTipo":1,"RuleID":1}},{"type":"Feature","id":151,"geometry":{"type":"LineString","coordinates":[[-75.6025632,5.7985433],[-75.6025722,5.7985846],[-75.6025885,5.798614],[-75.6026054,5.7986335],[-75.6026436,5.7986589],[-75.6026681,5.7986664],[-75.6026948,5.798667],[-75.6027176,5.7986566],[-75.6027366,5.7986328],[-75.6027397,5.7986224],[-75.602737,5.7986149],[-75.6027047,5.7985917],[-75.6026367,5.798561],[-75.6025997,5.7985399],[-75.6025694,5.7985339],[-75.6025632,5.7985433]]},"properties":{"OBJECTID":151,"CNIdentif":"053906001151","CNAltura":825,"CNTipo":1,"RuleID":1}},{"type":"Feature","id":286,"geometry":{"type":"LineString","coordinates":[[-75.6024818,5.8097755],[-75.6024483,5.8097229],[-75.602435,5.8097096],[-75.602403,5.8096919],[-75.6023799,5.8096916],[-75.6023263,5.8097066],[-75.602295,5.8097206],[-75.6022643,5.809741],[-75.6022228,5.8097778],[-75.6021964,5.809793],[-75.6021615,5.8098024],[-75.6020735,5.8098165],[-75.6020382,5.8098293],[-75.6020058,5.80985],[-75.6019586,5.8098938],[-75.6019513,5.8098938],[-75.6019438,5.8098886],[-75.601939,5.8098741],[-75.6019429,5.8098558],[-75.6019529,5.8098374],[-75.6019069,5.8098357],[-75.6018627,5.8098235],[-75.601839,5.8098272],[-75.6018332,5.8098332],[-75.6018318,5.8098608],[-75.6018345,5.8098762],[-75.6018434,5.8098955],[-75.6018385,5.8099102],[-75.6018358,5.8099133],[-75.6018307,5.8099113],[-75.6018262,5.8099034],[-75.6018233,5.8098692],[-75.6018168,5.8098547],[-75.6018145,5.8098108],[-75.6018168,5.8097695],[-75.6018236,5.8097382],[-75.6018319,5.8097162],[-75.6018662,5.8096579],[-75.6018681,5.8096439],[-75.6018636,5.8096229],[-75.6018598,5.8096145],[-75.6018518,5.809609],[-75.6018146,5.8096024],[-75.6017309,5.8095742],[-75.601718,5.8095564],[-75.6017151,5.8095348],[-75.6017221,5.8094975],[-75.6017419,5.8094702],[-75.6017366,5.8094559],[-75.6017354,5.8094343],[-75.6016841,5.8094052],[-75.6016744,5.8093967],[-75.6016534,5.8093685],[-75.6016437,5.8093384],[-75.6016445,5.8092936],[-75.6016867,5.8091738],[-75.6017147,5.8091341],[-75.6017653,5.8090805],[-75.6017777,5.8090705],[-75.6017919,5.8090639],[-75.6018765,5.8090482],[-75.6019666,5.8090205],[-75.6020313,5.809008],[-75.6020712,5.808991],[-75.6020839,5.8089786],[-75.6020979,5.8089556],[-75.6021242,5.8088767],[-75.6021355,5.8088537],[-75.6021412,5.8088472],[-75.602162,5.8088413],[-75.6021728,5.8088434],[-75.6021979,5.8088562],[-75.6022412,5.8088698],[-75.6023406,5.8089288],[-75.6024051,5.8089624],[-75.6025809,5.8090215],[-75.6026202,5.8090402],[-75.602637,5.80905],[-75.6026724,5.8090835],[-75.6027069,5.8091029],[-75.602802,5.8091798],[-75.6028358,5.8092002],[-75.6028746,5.8092154],[-75.6029101,5.8092255],[-75.6029525,5.8092307],[-75.6029977,5.8092303],[-75.6030233,5.8092365],[-75.6030335,5.8092128],[-75.603061,5.8091879],[-75.6030868,5.8091539],[-75.6030684,5.8091192],[-75.6030657,5.809109],[-75.6030587,5.8090358],[-75.6030603,5.8090118],[-75.6030637,5.8090009],[-75.6030711,5.8089893],[-75.6031097,5.8089589],[-75.6031167,5.8089557],[-75.6031393,5.8089534],[-75.6031493,5.8089462],[-75.6031752,5.808865],[-75.6032114,5.8087882],[-75.6032384,5.8087202],[-75.6032777,5.8085845],[-75.6032885,5.8085572],[-75.6033281,5.8085078],[-75.6033914,5.8084449],[-75.6034111,5.808417],[-75.6034108,5.8084099],[-75.6033947,5.808394],[-75.6033825,5.8083687],[-75.6033733,5.8083139],[-75.6033835,5.8082005],[-75.6033989,5.808159],[-75.6034288,5.8081386],[-75.6034631,5.8081222],[-75.603503,5.808078],[-75.6035141,5.8080721],[-75.6035316,5.8080692],[-75.6035785,5.8080843],[-75.6035976,5.8080852],[-75.6036505,5.8080847],[-75.6036908,5.8080725],[-75.6037466,5.808067],[-75.603788,5.8080663],[-75.6038448,5.8080709],[-75.6038666,5.8080761],[-75.6038763,5.8080936],[-75.6038903,5.8081064],[-75.6039032,5.808108],[-75.6039189,5.8081025],[-75.6039269,5.8080932],[-75.6039299,5.8080735],[-75.6039258,5.8080615],[-75.6039103,5.8080463],[-75.6039104,5.8080388],[-75.603933,5.8080026],[-75.6039574,5.8079484],[-75.6039953,5.8078392],[-75.6040021,5.8078295],[-75.6040138,5.8078204],[-75.6040647,5.8078121],[-75.6040825,5.8078049],[-75.6041082,5.8077676],[-75.6041195,5.8077599],[-75.6041319,5.8077626],[-75.604202,5.8077948],[-75.6042373,5.8078043],[-75.6044082,5.807805],[-75.604608,5.8077921],[-75.6046617,5.8077928],[-75.6046961,5.807797],[-75.6047925,5.8078266],[-75.6049169,5.8078811],[-75.6049727,5.8079024],[-75.6052076,5.8079516],[-75.6052624,5.8079692],[-75.6053369,5.8080122],[-75.6054227,5.8080783],[-75.6054752,5.8081214],[-75.6055161,5.8081618],[-75.6055785,5.808217],[-75.6056423,5.8082659],[-75.6057687,5.8083741],[-75.6058173,5.8084113],[-75.6058628,5.8084523],[-75.6059736,5.8085351],[-75.6060419,5.80858],[-75.6061589,5.8086471],[-75.6063211,5.8087654],[-75.6063839,5.8088146],[-75.6064351,5.8088496],[-75.6064741,5.8088683],[-75.6065156,5.8088743],[-75.6065607,5.808868],[-75.6065619,5.8088447],[-75.6065749,5.8088353],[-75.6065821,5.8088374],[-75.6065971,5.8088542],[-75.6066195,5.8088483],[-75.6066543,5.8088289],[-75.6067446,5.8087572],[-75.606772,5.8087305],[-75.6067888,5.8087089],[-75.6068037,5.8086719],[-75.6068149,5.8086279],[-75.6068194,5.8086032],[-75.6068192,5.8085853],[-75.6068092,5.8085175],[-75.6067932,5.8084593],[-75.6067718,5.8084006],[-75.6067428,5.8083383],[-75.6066938,5.8082477],[-75.6066565,5.8081686],[-75.6066378,5.8081239],[-75.6066295,5.8080963],[-75.6066283,5.8080794],[-75.6066374,5.8080295],[-75.6066573,5.8079682],[-75.6067041,5.8078822],[-75.6067094,5.8078476],[-75.6067101,5.807792],[-75.6067164,5.8077675],[-75.6067352,5.8077392],[-75.6067763,5.8076997],[-75.6067955,5.8076591],[-75.6068125,5.8075917],[-75.6068048,5.807541],[-75.6068065,5.8075134],[-75.6068127,5.8075021],[-75.606827,5.8074934],[-75.6068359,5.8074932],[-75.6068475,5.8074977],[-75.60686,5.8075128],[-75.6068715,5.8075457],[-75.606978,5.8076251],[-75.607027,5.8076551],[-75.6070697,5.8076689],[-75.6070905,5.807671],[-75.607115,5.8076678],[-75.6071702,5.8076539],[-75.6072144,5.8076488],[-75.607296,5.807627],[-75.6073497,5.8076059],[-75.6073765,5.8075893],[-75.6074114,5.8075556],[-75.6074364,5.8075203],[-75.6074488,5.8074942],[-75.607467,5.8074351],[-75.6074773,5.8074136],[-75.6074969,5.8073988],[-75.6075282,5.8073969],[-75.6075372,5.8073939],[-75.6075531,5.8073533],[-75.6075604,5.8073453],[-75.607567,5.8073435],[-75.6075935,5.807352],[-75.6076127,5.8073686],[-75.6076263,5.8073877],[-75.6076321,5.8074164],[-75.6076399,5.8074261],[-75.6077089,5.8074495],[-75.6077956,5.807484],[-75.6078555,5.8075139],[-75.607843,5.8075452],[-75.6078436,5.8075587],[-75.6078481,5.8075702],[-75.6078752,5.8076064],[-75.6079051,5.8076272],[-75.6079173,5.8076302],[-75.6079263,5.8076253],[-75.6079333,5.8076172],[-75.6079595,5.8075681],[-75.6079594,5.8075593],[-75.6079422,5.80754],[-75.6079349,5.8075231],[-75.6079915,5.8074843],[-75.6080131,5.8074598],[-75.6080224,5.807441],[-75.6080303,5.8074143],[-75.6080375,5.8073722],[-75.6080371,5.8072834],[-75.6080469,5.8072196],[-75.6080601,5.8071944],[-75.6080718,5.8071809],[-75.6080936,5.8071858],[-75.6081683,5.8072394],[-75.6081961,5.807242],[-75.6083626,5.8072748],[-75.6083821,5.807281],[-75.6084095,5.8072948],[-75.6084621,5.8073408],[-75.6084935,5.8073777],[-75.6085313,5.8074302],[-75.6085844,5.8074855],[-75.6086714,5.8075615],[-75.6086991,5.8075784],[-75.6087631,5.807604],[-75.6088436,5.8076231],[-75.6088857,5.8076284],[-75.608937,5.8076259],[-75.6089727,5.8076349],[-75.6090104,5.8076544],[-75.6090448,5.8076795],[-75.6091076,5.8077427],[-75.6091381,5.8077834],[-75.6091561,5.8078107],[-75.6091649,5.8078296],[-75.6091852,5.8079034],[-75.6091957,5.8079882],[-75.6092072,5.8081639],[-75.6092163,5.8082091],[-75.6092258,5.8082406],[-75.6092448,5.8082808],[-75.6092892,5.8083577],[-75.6093313,5.8084149],[-75.609407,5.808493],[-75.609432,5.8085124],[-75.6094804,5.8085374],[-75.609513,5.8085483],[-75.6095465,5.808554],[-75.6095914,5.8085527],[-75.609614,5.8085709],[-75.6096495,5.8085825],[-75.6096589,5.8085807],[-75.609661,5.8085731],[-75.6096552,5.8085471],[-75.6096478,5.808536],[-75.6096304,5.8085262],[-75.609628,5.8085185],[-75.6097706,5.8083018],[-75.6097995,5.8082647],[-75.609832,5.8082296],[-75.6099609,5.8081061],[-75.6100693,5.807989],[-75.6101183,5.8079291],[-75.6101502,5.8078822],[-75.6102026,5.8078737],[-75.6102292,5.8078637],[-75.6102846,5.80787],[-75.6103218,5.8078662],[-75.6103749,5.8078461],[-75.6104372,5.8078087],[-75.6104427,5.8078097],[-75.6104544,5.8078202],[-75.6104617,5.8078217],[-75.610478,5.8078172],[-75.6105009,5.8077975],[-75.6105053,5.8077964],[-75.6105475,5.8078017],[-75.6105922,5.8078016],[-75.6106864,5.8077675],[-75.6107478,5.8077517],[-75.6107763,5.8077494],[-75.6108072,5.807751],[-75.6108568,5.8077595],[-75.610949,5.807783],[-75.6110155,5.8077849],[-75.6110866,5.807778],[-75.61116,5.8077657],[-75.6112287,5.8077445],[-75.6112718,5.8077214],[-75.6113262,5.807679],[-75.6113754,5.8076284],[-75.6114115,5.8075795],[-75.6114745,5.8074843],[-75.6116626,5.8072744],[-75.61169,5.8072389],[-75.6117295,5.8071794],[-75.6117976,5.8070944],[-75.6118268,5.8070408],[-75.6118771,5.8069667],[-75.6118863,5.8069441],[-75.6119096,5.8068492],[-75.611922,5.8067212],[-75.6119265,5.8067002],[-75.6119333,5.8066877],[-75.6119549,5.8066751],[-75.6119693,5.80668],[-75.6120084,5.806713],[-75.6120329,5.8067463],[-75.612056,5.8067652],[-75.6121038,5.8068164],[-75.6121217,5.8068255],[-75.612145,5.8068291],[-75.6121589,5.8068366],[-75.6121907,5.8068433],[-75.6122061,5.8068433],[-75.6122622,5.8068276],[-75.6122746,5.806819],[-75.6123046,5.8067852],[-75.6123195,5.8067616],[-75.6123221,5.806744],[-75.6123393,5.8067039],[-75.6124325,5.8063398],[-75.6124705,5.8062093],[-75.6125423,5.8060236],[-75.6125622,5.805989],[-75.6126021,5.8059479],[-75.6126375,5.8059217],[-75.6126949,5.8058914],[-75.6127712,5.8058607],[-75.6128329,5.8058454],[-75.6128933,5.8058412],[-75.6130421,5.8058409],[-75.6132506,5.8058566],[-75.6133184,5.8058532],[-75.6133805,5.8058431],[-75.6134218,5.8058258],[-75.6134526,5.8058014],[-75.6134852,5.8057626],[-75.613515,5.8057071],[-75.6135155,5.8056522],[-75.6135071,5.8056008],[-75.6134881,5.8055573],[-75.613468,5.8055247],[-75.6134066,5.8054723],[-75.6133341,5.8054276],[-75.6132627,5.8054003],[-75.6132169,5.8053858],[-75.6131963,5.8053827],[-75.6130888,5.8053906],[-75.6129738,5.8054222],[-75.6129479,5.8054212],[-75.6129116,5.8054126],[-75.6129061,5.8054065],[-75.6129063,5.805393],[-75.6129327,5.8053297],[-75.612944,5.8052935],[-75.6129473,5.8052728],[-75.6129454,5.8052144],[-75.6129313,5.8051084],[-75.6129282,5.8050327],[-75.6129298,5.8049687],[-75.612942,5.8048994],[-75.6129611,5.8048465],[-75.6129811,5.8048137],[-75.6130124,5.8047798],[-75.6130934,5.8047072],[-75.6131233,5.8046694],[-75.6131278,5.8046605],[-75.613129,5.8046457],[-75.6131237,5.8046317],[-75.6131095,5.8046104],[-75.6130701,5.8045717],[-75.6130308,5.8045441],[-75.6129567,5.8045068],[-75.6128723,5.8044722],[-75.6128036,5.8044531],[-75.6126814,5.8044372],[-75.6126251,5.8044184],[-75.612607,5.8044094],[-75.6125669,5.8043821],[-75.6125022,5.8043248],[-75.6124662,5.8042982],[-75.6123862,5.8042684],[-75.6123719,5.8042657],[-75.6123604,5.8042563],[-75.6123836,5.8042463],[-75.612404,5.8042321],[-75.6124154,5.8042285],[-75.6124572,5.8042206],[-75.6125059,5.8042177],[-75.6126324,5.8041984],[-75.612687,5.8041971],[-75.6127401,5.8041997],[-75.6128404,5.8042149],[-75.612876,5.8042249],[-75.6129033,5.8042244],[-75.6130272,5.804238],[-75.6131287,5.8042424],[-75.6131661,5.8042391],[-75.6132112,5.804227],[-75.6132336,5.8042164],[-75.6132487,5.8041986],[-75.6132561,5.804181],[-75.6132562,5.8041649],[-75.6132422,5.8041446],[-75.6132195,5.8041219],[-75.6132054,5.8041139],[-75.6131659,5.8041027],[-75.6131226,5.8040825],[-75.6130418,5.8040528],[-75.6129989,5.804031],[-75.612962,5.804005],[-75.6128617,5.8039247],[-75.6128282,5.8038953],[-75.6128172,5.8038792],[-75.6128229,5.8038629],[-75.6128301,5.8038557],[-75.6128388,5.8038527],[-75.612947,5.8038529],[-75.6129711,5.8038488],[-75.6129832,5.8038428],[-75.6130837,5.8037542],[-75.6131346,5.8036936],[-75.6131557,5.8036572],[-75.6131642,5.8036265],[-75.6131674,5.8035934],[-75.6131498,5.8035117],[-75.6131471,5.8034815],[-75.6131629,5.803396],[-75.6131642,5.8033368],[-75.6131591,5.8033122],[-75.6131471,5.8032819],[-75.6130801,5.8031684],[-75.6130811,5.8031576],[-75.6131062,5.8031377],[-75.6131131,5.8031226],[-75.6131082,5.8030936],[-75.6130901,5.8030712],[-75.6130914,5.8030661],[-75.6131001,5.8030597],[-75.6131142,5.8030582],[-75.6132479,5.8030602],[-75.6132629,5.8030565],[-75.6132723,5.8030493],[-75.613289,5.8030234],[-75.6132885,5.8029129],[-75.613299,5.8028662],[-75.6133133,5.8028446],[-75.6133312,5.8028409],[-75.6133563,5.8028623],[-75.613378,5.8029053],[-75.6133814,5.802917],[-75.613429,5.8029977],[-75.6134679,5.8030529],[-75.6135021,5.8030924],[-75.6135338,5.8031224],[-75.6135602,5.8031405],[-75.6136059,5.8031579],[-75.6136421,5.8031647],[-75.6136902,5.8031583],[-75.6137245,5.8031438],[-75.6137564,5.8031163],[-75.6137776,5.8030895],[-75.6138049,5.8030474],[-75.6138278,5.8030248],[-75.6138554,5.8030071],[-75.6139096,5.8029787],[-75.6139822,5.8029544],[-75.6140439,5.8029441],[-75.6141786,5.8029364],[-75.6142088,5.8029384],[-75.6143276,5.8029553],[-75.6143707,5.8029565],[-75.6144874,5.8029394],[-75.6145197,5.8029268],[-75.6145255,5.8029189],[-75.6145245,5.8029013],[-75.6145124,5.8028534],[-75.6145111,5.8028219],[-75.6145189,5.802791],[-75.6145174,5.8027833],[-75.614484,5.8027539],[-75.6144259,5.8027202],[-75.6143653,5.8027015],[-75.6143193,5.8026929],[-75.614282,5.8026895],[-75.6141697,5.8026891],[-75.6140735,5.8026832],[-75.6140657,5.8026866],[-75.6140521,5.8027035],[-75.6140443,5.8027061],[-75.614027,5.802705],[-75.6140139,5.8026965],[-75.6140071,5.802686],[-75.6140061,5.8026688],[-75.6139577,5.8026311],[-75.6139232,5.8025938],[-75.6138405,5.8024729],[-75.6138051,5.8024267],[-75.6137527,5.8023661],[-75.6137326,5.8023327],[-75.6137196,5.8022894],[-75.6137121,5.8022209],[-75.6137146,5.8021701],[-75.6137258,5.8020914],[-75.6137245,5.8020352],[-75.613718,5.8020003],[-75.6137069,5.8019657],[-75.6136862,5.8019256],[-75.6136555,5.8018908],[-75.6136044,5.8018536],[-75.6135473,5.8018197],[-75.6134418,5.8017727],[-75.6133398,5.8017065],[-75.6132837,5.801664],[-75.6131077,5.8015146],[-75.6130324,5.8014546],[-75.6130198,5.8014332],[-75.612998,5.8013652],[-75.6130015,5.8013329],[-75.6130265,5.8013256],[-75.6130839,5.8013325],[-75.6131472,5.8013452],[-75.6131642,5.8013414],[-75.6131863,5.8013415],[-75.6132602,5.8013602],[-75.6132924,5.8013644],[-75.6133241,5.8013639],[-75.6133508,5.8013585],[-75.6133907,5.8013387],[-75.6134319,5.8013091],[-75.613509,5.8012325],[-75.6135571,5.8011902],[-75.613598,5.8011591],[-75.6136525,5.8011273],[-75.613815,5.8010425],[-75.6138426,5.8010345],[-75.6138784,5.8010348],[-75.6139569,5.8010484],[-75.6140695,5.8010405],[-75.6141357,5.8010421],[-75.6141782,5.8010473],[-75.6142579,5.8010657],[-75.6143653,5.8010974],[-75.6144282,5.8011196],[-75.6144671,5.8011392],[-75.614518,5.801174],[-75.6145598,5.8012141],[-75.6146598,5.80134],[-75.6146923,5.8013937],[-75.6147122,5.8014426],[-75.6147267,5.8014984],[-75.6147309,5.801542],[-75.6147332,5.8016622],[-75.6147427,5.8017109],[-75.614761,5.80176],[-75.6148182,5.8018649],[-75.6148514,5.801947],[-75.6148615,5.8019629],[-75.6148889,5.8019939],[-75.6149299,5.8020208],[-75.6149624,5.8020318],[-75.6150507,5.8020539],[-75.6150772,5.8020668],[-75.6150972,5.8020831],[-75.6151145,5.802102],[-75.6151506,5.8021564],[-75.615173,5.8022103],[-75.6151982,5.80232],[-75.6152158,5.802426],[-75.6152245,5.8025057],[-75.6152571,5.8026526],[-75.6152637,5.8026725],[-75.615266,5.8026755],[-75.6152737,5.8026767],[-75.6152978,5.802664],[-75.6153117,5.8026525],[-75.6153862,5.8025439],[-75.6154142,5.802511],[-75.6155665,5.802383],[-75.6155836,5.8023648],[-75.6156019,5.8023384],[-75.6156235,5.8022856],[-75.6156299,5.8022576],[-75.6156327,5.8022224],[-75.61563,5.8021929],[-75.6155985,5.8020358],[-75.6156004,5.8019805],[-75.615608,5.8019497],[-75.615624,5.8019276],[-75.6156464,5.8019101],[-75.6157503,5.8018638],[-75.6157816,5.8018453],[-75.6158083,5.8018138],[-75.6158375,5.8017601],[-75.6158457,5.8017335],[-75.6158495,5.8017003],[-75.6158461,5.8016745],[-75.6158256,5.8016284],[-75.6157991,5.8015859],[-75.6157887,5.8015802],[-75.6157581,5.8016051],[-75.6157438,5.8016079],[-75.615731,5.8016058],[-75.6157186,5.8016007],[-75.6156799,5.8015759],[-75.6156785,5.8015647],[-75.6156828,5.8015533],[-75.6157022,5.8015285],[-75.6157313,5.8015039],[-75.6157429,5.8014998],[-75.6157698,5.8014978],[-75.6157857,5.8014565],[-75.615801,5.8014285],[-75.6158209,5.8014028],[-75.6158521,5.8013715],[-75.6159324,5.8012439],[-75.6159523,5.801218],[-75.6159739,5.8011966],[-75.6160081,5.8011748],[-75.6160495,5.801158],[-75.6161724,5.8011303],[-75.616234,5.8011068],[-75.6162597,5.8010915],[-75.6162705,5.8010671],[-75.6162916,5.8010584],[-75.6163012,5.8010434],[-75.6163137,5.8010118],[-75.6163193,5.800989],[-75.6163285,5.8009122],[-75.616357,5.8008305],[-75.6164028,5.8007478],[-75.6165158,5.8006176],[-75.6165198,5.8006039],[-75.6165115,5.8005764],[-75.6165145,5.8005589],[-75.6165253,5.8005524],[-75.6165396,5.8005516],[-75.6165505,5.8005559],[-75.6165642,5.8005676],[-75.6165711,5.8005683],[-75.6166028,5.8005507],[-75.6167012,5.8004764],[-75.6168041,5.8003898],[-75.6168646,5.8003322],[-75.6168849,5.8003083],[-75.6169158,5.8002583],[-75.6169225,5.8002409],[-75.6169259,5.8002216],[-75.6169217,5.8001508],[-75.6169068,5.800059],[-75.616908,5.8000223],[-75.6169154,5.7999866],[-75.6169333,5.7999414],[-75.6169692,5.7998694],[-75.6170617,5.799715],[-75.6170742,5.7996883],[-75.6170805,5.7996655],[-75.6170852,5.7995972],[-75.6170799,5.7995247],[-75.6170703,5.7994759],[-75.6170519,5.7994218],[-75.6170217,5.7993707],[-75.6169861,5.7993346],[-75.6169505,5.7993105],[-75.6169413,5.7992844],[-75.6169258,5.7992574],[-75.6169158,5.7992457],[-75.6169075,5.7992446],[-75.6169012,5.7992552],[-75.6168953,5.7992811],[-75.6169011,5.7993101],[-75.616899,5.7993171],[-75.6168711,5.7993404],[-75.6168537,5.7993595],[-75.6167887,5.7994664],[-75.6167033,5.7995689],[-75.616653,5.7996449],[-75.6166008,5.7997442],[-75.6165642,5.7998477],[-75.6165271,5.7999295],[-75.6165049,5.7999584],[-75.616468,5.7999927],[-75.6164331,5.8000218],[-75.6163827,5.8000567],[-75.6163382,5.8000743],[-75.6163048,5.8000788],[-75.6162611,5.800075],[-75.6162216,5.800056],[-75.616185,5.8000297],[-75.6161576,5.8000033],[-75.6161055,5.7999287],[-75.6160885,5.7998956],[-75.6160501,5.7998666],[-75.6160422,5.7998565],[-75.6160234,5.7998175],[-75.6159891,5.799783],[-75.6158641,5.7996948],[-75.6158289,5.7996761],[-75.6157895,5.7996667],[-75.6157456,5.7996678],[-75.6157358,5.799672],[-75.6157211,5.7996934],[-75.6157085,5.7997031],[-75.6156913,5.7997062],[-75.6156712,5.799694],[-75.6156551,5.7997028],[-75.6155825,5.7997896],[-75.6155555,5.7998168],[-75.615484,5.7998718],[-75.6153795,5.7999454],[-75.6153281,5.7999867],[-75.6152876,5.8000295],[-75.6151999,5.800148],[-75.6151307,5.8002317],[-75.6150871,5.8002777],[-75.6150438,5.80031],[-75.6148816,5.8004089],[-75.6148461,5.8004231],[-75.6147669,5.8004392],[-75.614719,5.8004445],[-75.6146465,5.8004456],[-75.6145447,5.8004424],[-75.6144445,5.800426],[-75.6142428,5.8003775],[-75.6141871,5.8003548],[-75.6141206,5.8003149],[-75.6137987,5.800102],[-75.6137487,5.8000635],[-75.6137021,5.8000193],[-75.6136714,5.7999858],[-75.6136256,5.7999229],[-75.6135775,5.7998229],[-75.613556,5.7998036],[-75.613527,5.7997864],[-75.6134959,5.7997748],[-75.6134643,5.799768],[-75.6134244,5.7997649],[-75.613379,5.7997656],[-75.613344,5.7997722],[-75.6132498,5.7998052],[-75.6131942,5.7998111],[-75.6131516,5.7998045],[-75.6131154,5.7997864],[-75.6130882,5.7997684],[-75.6130456,5.7997294],[-75.613009,5.7996852],[-75.6129907,5.7996531],[-75.6129227,5.7995126],[-75.6128843,5.799442],[-75.6127187,5.7991687],[-75.612674,5.7991139],[-75.612625,5.7990651],[-75.612567,5.7990134],[-75.612535,5.7989929],[-75.6124861,5.7989742],[-75.6124729,5.7989739],[-75.6124104,5.7989863],[-75.6123343,5.7990166],[-75.6121987,5.7990958],[-75.6121549,5.7991244],[-75.6121162,5.7991582],[-75.6120271,5.7992496],[-75.6120092,5.7992646],[-75.6119972,5.7992706],[-75.6119737,5.7992733],[-75.6119403,5.7992694],[-75.6118234,5.7992427],[-75.6117831,5.7992306],[-75.611739,5.7992288],[-75.6117313,5.799223],[-75.6117324,5.799216],[-75.6117393,5.799211],[-75.611784,5.7991965],[-75.6118011,5.7991862],[-75.6118189,5.7991599],[-75.6118822,5.7990967],[-75.6119407,5.7990431],[-75.6119869,5.7989939],[-75.6120749,5.7988888],[-75.6120959,5.7988578],[-75.6121167,5.7988432],[-75.6121389,5.7988204],[-75.6121691,5.7987957],[-75.6122072,5.7987719],[-75.6122289,5.7987616],[-75.6122788,5.7987457],[-75.6123685,5.7987104],[-75.6124688,5.7986801],[-75.6125347,5.7986567],[-75.6126474,5.7986137],[-75.612728,5.798576],[-75.6127737,5.7985496],[-75.6128048,5.7985269],[-75.612879,5.7984484],[-75.6129279,5.7984078],[-75.6129672,5.7983856],[-75.6130485,5.7983518],[-75.6130842,5.7983336],[-75.6131205,5.7983094],[-75.613234,5.7982245],[-75.6132679,5.7982031],[-75.6134171,5.7981477],[-75.6136644,5.7980483],[-75.6137107,5.7980349],[-75.6137535,5.7980294],[-75.6137942,5.7980312],[-75.6139067,5.798067],[-75.6139368,5.7980748],[-75.6139608,5.7980773],[-75.6139871,5.7980765],[-75.6140076,5.7980722],[-75.6140263,5.7980642],[-75.6140482,5.7980481],[-75.6141067,5.7979702],[-75.6141322,5.7979164],[-75.614148,5.7978753],[-75.614172,5.7977836],[-75.6141731,5.7977289],[-75.6141618,5.7976526],[-75.6141542,5.7976289],[-75.6141483,5.7976199],[-75.6141356,5.7976111],[-75.6141191,5.7975768],[-75.6140967,5.797559],[-75.6140827,5.7975545],[-75.6140574,5.7975504],[-75.6140332,5.7975547],[-75.6139515,5.7975918],[-75.6138577,5.7976426],[-75.6138069,5.797657],[-75.6137638,5.7976535],[-75.6137401,5.797656],[-75.6137323,5.7976541],[-75.613714,5.7976359],[-75.6137087,5.7976191],[-75.6137128,5.7976094],[-75.6137217,5.7976026],[-75.613737,5.7975987],[-75.6137765,5.7975977],[-75.613843,5.7975653],[-75.6138668,5.7975471],[-75.6139219,5.7974868],[-75.6139374,5.7974602],[-75.6139552,5.7974095],[-75.6139657,5.7973488],[-75.613979,5.7972377],[-75.6140152,5.7971065],[-75.6140542,5.7969897],[-75.6140837,5.7969345],[-75.614127,5.7968791],[-75.614179,5.7968347],[-75.6142364,5.7967965],[-75.6142821,5.7967714],[-75.6143189,5.796757],[-75.6143687,5.7967467],[-75.6144106,5.7967438],[-75.6144625,5.7967485],[-75.614571,5.7967702],[-75.6148067,5.7967873],[-75.6148153,5.7967961],[-75.6148198,5.796818],[-75.6148252,5.7968265],[-75.6148655,5.7968351],[-75.6148748,5.7968341],[-75.6148869,5.796828],[-75.6149103,5.7968008],[-75.614942,5.7967957],[-75.6150323,5.7967987],[-75.6152078,5.7967987],[-75.6153312,5.7968047],[-75.6154097,5.7967997],[-75.6154966,5.7967883],[-75.6155957,5.7967652],[-75.615663,5.7967372],[-75.6157711,5.7966739],[-75.6158116,5.796654],[-75.615847,5.7966441],[-75.6158746,5.796643],[-75.6158998,5.7966478],[-75.6159268,5.796657],[-75.6160523,5.7967117],[-75.6161191,5.796745],[-75.6161824,5.7967809],[-75.6163383,5.7968811],[-75.6163958,5.7969098],[-75.6164573,5.7969342],[-75.6164642,5.796941],[-75.6164796,5.7969675],[-75.6164911,5.7969703],[-75.616499,5.7969647],[-75.616509,5.7969486],[-75.6165392,5.7969388],[-75.6165541,5.7969296],[-75.616569,5.7969057],[-75.6165815,5.7968752],[-75.6165883,5.7968226],[-75.6165849,5.7966972],[-75.6165882,5.7966346],[-75.6165991,5.796572],[-75.616621,5.7965074],[-75.6166404,5.7964716],[-75.6166622,5.7964428],[-75.6167038,5.7964026],[-75.6167698,5.7963519],[-75.6167846,5.7963308],[-75.6167906,5.7963118],[-75.6167922,5.7962748],[-75.6167857,5.7962377],[-75.6167769,5.7962104],[-75.6167117,5.7960686],[-75.6166867,5.7960206],[-75.6166648,5.7959898],[-75.6166387,5.7959655],[-75.6165939,5.7959382],[-75.6165576,5.7959248],[-75.6165361,5.7959203],[-75.616504,5.7959207],[-75.6164261,5.795936],[-75.6163633,5.7959569],[-75.6162198,5.7960215],[-75.6161661,5.7960499],[-75.6161287,5.7960754],[-75.6160166,5.7961784],[-75.6159864,5.7961965],[-75.6159502,5.7962126],[-75.6159149,5.7962235],[-75.6158685,5.7962308],[-75.6157657,5.7962335],[-75.6157078,5.7962312],[-75.6156677,5.7962234],[-75.6156314,5.7962059],[-75.6156072,5.7961864],[-75.6155287,5.7961113],[-75.6155017,5.7960933],[-75.6154756,5.7960823],[-75.6154432,5.7960752],[-75.6154019,5.7960705],[-75.6152497,5.7960657],[-75.6150797,5.7960367],[-75.6149714,5.7960009],[-75.6149361,5.79598],[-75.6148906,5.7959737],[-75.6148562,5.79596],[-75.6148088,5.7959472],[-75.6147284,5.79592],[-75.6146781,5.7959004],[-75.6146013,5.7958667],[-75.614532,5.7958294],[-75.6143692,5.7957125],[-75.6143591,5.7956963],[-75.6142794,5.7956422],[-75.6141957,5.7956175],[-75.614158,5.7956009],[-75.6141454,5.7955884],[-75.6141452,5.7955591],[-75.6141618,5.7955213],[-75.614195,5.7954667],[-75.6142324,5.7954163],[-75.6143017,5.7953567],[-75.6143253,5.7953515],[-75.6143663,5.7953339],[-75.6145506,5.7952402],[-75.6146051,5.795202],[-75.6146414,5.7951853],[-75.6146688,5.7951603],[-75.6146686,5.7951503],[-75.6146466,5.7951359],[-75.6146434,5.79513],[-75.6146545,5.7950788],[-75.614656,5.7950602],[-75.6146507,5.7950079],[-75.6146424,5.7949808],[-75.6146304,5.7949527],[-75.6146118,5.7949218],[-75.6145857,5.7948888],[-75.6145324,5.7948104],[-75.6144978,5.7947733],[-75.6144624,5.7947459],[-75.6144288,5.7947264],[-75.6144098,5.7947184],[-75.614373,5.7947098],[-75.6143575,5.7947079],[-75.6143442,5.7947101],[-75.6143279,5.7947202],[-75.6142628,5.7947729],[-75.6142192,5.7948191],[-75.6141939,5.7948558],[-75.6141671,5.7949047],[-75.6141606,5.7949216],[-75.6141654,5.7949415],[-75.6141431,5.7949733],[-75.6141226,5.7949955],[-75.6141202,5.7950166],[-75.6140985,5.7950321],[-75.6140868,5.7950464],[-75.6140773,5.7950646],[-75.6140211,5.7951251],[-75.6140049,5.7951373],[-75.6139823,5.7951492],[-75.6139479,5.7951559],[-75.6139251,5.7951557],[-75.6138959,5.7951502],[-75.6138802,5.7951447],[-75.6138434,5.7951206],[-75.6137871,5.7950967],[-75.6137659,5.795082],[-75.6137295,5.795046],[-75.6137109,5.7950233],[-75.6136652,5.7949515],[-75.6136366,5.7948914],[-75.6136251,5.7948574],[-75.6136186,5.7948282],[-75.6136154,5.7947851],[-75.6136195,5.7947465],[-75.613639,5.7946644],[-75.6136816,5.7945201],[-75.6136879,5.7944677],[-75.613681,5.794404],[-75.6136343,5.794257],[-75.6136221,5.7942064],[-75.6136197,5.794144],[-75.6136249,5.7940905],[-75.6136251,5.7940601],[-75.613624,5.7940147],[-75.6136194,5.7939811],[-75.6136156,5.7939712],[-75.6135955,5.7939425],[-75.6135492,5.7938987],[-75.613512,5.7938725],[-75.6134529,5.7938484],[-75.6133473,5.7938252],[-75.6132398,5.7938151],[-75.6131553,5.7938021],[-75.6131303,5.7938024],[-75.6131044,5.7938067],[-75.6130408,5.7938267],[-75.6129776,5.7938545],[-75.6129195,5.7938842],[-75.612874,5.7939135],[-75.6128168,5.7939581],[-75.6127839,5.7939885],[-75.6127066,5.7940736],[-75.6126581,5.7941059],[-75.6126374,5.794142],[-75.6125875,5.7942009],[-75.6125374,5.7942221],[-75.6125081,5.7942138],[-75.6124786,5.7941721],[-75.6124448,5.7940969],[-75.6124439,5.7940884],[-75.6123949,5.7940391],[-75.6123765,5.794016],[-75.6123733,5.7940051],[-75.6123771,5.7939809],[-75.6123903,5.7939373],[-75.6124326,5.793856],[-75.6124579,5.7937913],[-75.6124647,5.7937637],[-75.6124633,5.7937515],[-75.6124395,5.7937343],[-75.6124312,5.7937154],[-75.6124008,5.793709],[-75.6123713,5.7937142],[-75.6123542,5.7937217],[-75.6122962,5.79376],[-75.612259,5.7937768],[-75.6122539,5.7937776],[-75.6122475,5.7937742],[-75.6122394,5.7937645],[-75.6122376,5.7937568],[-75.612252,5.7936941],[-75.6122677,5.7936659],[-75.6122958,5.7936253],[-75.6124326,5.7934593],[-75.6125649,5.7933304],[-75.6125904,5.7933017],[-75.6126042,5.7932807],[-75.6126294,5.7932227],[-75.6126326,5.7931988],[-75.6126266,5.793155],[-75.6126091,5.7931176],[-75.6125731,5.7930677],[-75.6125621,5.7930393],[-75.6125597,5.7929911],[-75.6125663,5.7929425],[-75.6125663,5.7929014],[-75.612558,5.7927925],[-75.6125472,5.7927526],[-75.6125185,5.7927004],[-75.6124832,5.7926545],[-75.6124469,5.7926188],[-75.6123844,5.7925734],[-75.6123296,5.7925472],[-75.6122469,5.7925156],[-75.6121319,5.7924379],[-75.6121042,5.7924207],[-75.6120641,5.7924017],[-75.6119191,5.7923527],[-75.6118508,5.7923259],[-75.6117374,5.7922604],[-75.6116946,5.7922468],[-75.611644,5.7922359],[-75.6116271,5.7922268],[-75.6116478,5.792218],[-75.6117048,5.7922076],[-75.6117186,5.7922073],[-75.6117474,5.7922128],[-75.6118557,5.7921941],[-75.6119634,5.7921952],[-75.6120448,5.7922039],[-75.6122087,5.7922332],[-75.6122803,5.7922554],[-75.6123816,5.7922972],[-75.6124609,5.7923185],[-75.6125226,5.7923306],[-75.6125524,5.7923333],[-75.612589,5.7923319],[-75.6126774,5.7923176],[-75.6127762,5.7923187],[-75.6128402,5.7923123],[-75.6128941,5.7922941],[-75.6129301,5.7922759],[-75.6129568,5.7922584],[-75.6130232,5.7922019],[-75.6130967,5.7921254],[-75.6131174,5.7920975],[-75.6131286,5.7920758],[-75.6131508,5.7920028],[-75.6131738,5.7919547],[-75.6131876,5.7918985],[-75.6132092,5.7918543],[-75.6132281,5.7918283],[-75.6133133,5.791733],[-75.6133433,5.7917092],[-75.6133733,5.7916939],[-75.6134003,5.7916835],[-75.6134717,5.7916655],[-75.6135228,5.7916632],[-75.6136418,5.7916678],[-75.6136818,5.79166],[-75.6137337,5.7916378],[-75.613754,5.791642],[-75.6137663,5.7916404],[-75.6137699,5.7916345],[-75.6137667,5.7916216],[-75.6137686,5.7916172],[-75.6137956,5.7915916],[-75.613852,5.7915299],[-75.6138919,5.7914957],[-75.6139274,5.7914753],[-75.61396,5.7914619],[-75.6140324,5.791439],[-75.6140736,5.7914317],[-75.6141091,5.7914327],[-75.6141739,5.7914484],[-75.614227,5.7914734],[-75.6143047,5.7915213],[-75.6143509,5.7915447],[-75.6144089,5.7915628],[-75.6144536,5.7915651],[-75.6144752,5.7915855],[-75.6144892,5.791594],[-75.6145084,5.7916006],[-75.6145253,5.7915983],[-75.6145248,5.7915854],[-75.6145153,5.7915634],[-75.6144882,5.7915368],[-75.614496,5.7914894],[-75.6144899,5.7914061],[-75.6144869,5.791401],[-75.6144676,5.7913933],[-75.614453,5.7913811],[-75.6144365,5.7913608],[-75.6144275,5.7913426],[-75.6144265,5.7913203],[-75.6144416,5.7912412],[-75.6144537,5.7912198],[-75.6144685,5.7912159],[-75.6144957,5.7912156],[-75.6145138,5.7912193],[-75.6145122,5.7912356],[-75.6145325,5.7912514],[-75.6145624,5.7912424],[-75.6145755,5.7912314],[-75.6146237,5.7911613],[-75.614649,5.7911152],[-75.6146767,5.7910525],[-75.6146866,5.7910253],[-75.6146948,5.7909897],[-75.6146958,5.7909663],[-75.6146922,5.7909455],[-75.6146746,5.7908986],[-75.6146547,5.7908647],[-75.6146295,5.7908303],[-75.6145866,5.7907954],[-75.6144764,5.7907217],[-75.6144431,5.7906959],[-75.6143756,5.7906286],[-75.6143573,5.7906059],[-75.6143417,5.7905798],[-75.6143303,5.7905515],[-75.6143257,5.7905242],[-75.6143253,5.7903886],[-75.6143208,5.7903334],[-75.6142859,5.7901907],[-75.6142702,5.7900994],[-75.6142428,5.7900225],[-75.6142067,5.7899454],[-75.6141842,5.7899124],[-75.6141671,5.7898936],[-75.6141443,5.789873],[-75.6141275,5.7898623],[-75.6140411,5.7898271],[-75.6140252,5.7898153],[-75.6140153,5.7898023],[-75.6140042,5.7897763],[-75.6139851,5.7897096],[-75.6139563,5.7896257],[-75.6139378,5.7895586],[-75.6139318,5.7895229],[-75.6139334,5.7894589],[-75.6139426,5.7893997],[-75.6139634,5.7893094],[-75.6139794,5.7892638],[-75.6140037,5.7892147],[-75.6140786,5.7890972],[-75.6140935,5.7890787],[-75.6141258,5.7890484],[-75.6141371,5.7890328],[-75.6141672,5.7889738],[-75.6141786,5.7889428],[-75.6141813,5.7889121],[-75.6141783,5.7888743],[-75.614169,5.7888206],[-75.6141403,5.788697],[-75.6141362,5.7886584],[-75.6141372,5.7886215],[-75.614142,5.7885873],[-75.6141545,5.7885404],[-75.6142019,5.7884271],[-75.6142205,5.7883674],[-75.6142296,5.7883183],[-75.6142349,5.788246],[-75.6142334,5.7881832],[-75.6142243,5.7881018],[-75.6141923,5.787933],[-75.6141859,5.7878812],[-75.6141827,5.7878209],[-75.6141775,5.7877812],[-75.6141719,5.7877603],[-75.6141546,5.7877272],[-75.6141191,5.7876951],[-75.6140836,5.7876797],[-75.6140072,5.7876587],[-75.6140005,5.7876516],[-75.6139966,5.7876417],[-75.6139942,5.7876155],[-75.6139997,5.7875964],[-75.6141102,5.7873705],[-75.6141287,5.7873149],[-75.6141591,5.7871879],[-75.61417,5.7871526],[-75.6141989,5.7870716],[-75.6142325,5.786994],[-75.6142659,5.7868989],[-75.6142839,5.7868663],[-75.6143428,5.7867869],[-75.6143711,5.7867405],[-75.6144296,5.7866049],[-75.6145024,5.7864099],[-75.6145236,5.7863739],[-75.614581,5.7862963],[-75.6146213,5.7862283],[-75.6146803,5.7860974],[-75.6146978,5.7860429],[-75.6147079,5.7859902],[-75.6147108,5.7859524],[-75.6147058,5.7858961],[-75.6147085,5.7858489],[-75.6147121,5.7858409],[-75.6147332,5.7858341],[-75.6147509,5.7858348],[-75.6147952,5.7858455],[-75.6148209,5.7858561],[-75.614853,5.7858814],[-75.6149052,5.7859422],[-75.6149202,5.7859549],[-75.6149425,5.7859666],[-75.6149739,5.7859643],[-75.6149892,5.7859544],[-75.615003,5.7859407],[-75.6150298,5.7858963],[-75.6150487,5.7858425],[-75.6150638,5.7857782],[-75.6150763,5.7857385],[-75.615093,5.7857028],[-75.6151149,5.7856809],[-75.6151742,5.7856424],[-75.6151872,5.7856283],[-75.6151933,5.7856169],[-75.615197,5.785602],[-75.6151952,5.7855849],[-75.6151837,5.7855652],[-75.6151634,5.7855404],[-75.6151319,5.7855089],[-75.6150591,5.7854499],[-75.6149515,5.7853369],[-75.6149355,5.7853251],[-75.6149163,5.7853172],[-75.6148596,5.7853046],[-75.6148068,5.7853143],[-75.6147846,5.7853223],[-75.6147488,5.7853407],[-75.614718,5.7853611],[-75.614656,5.7854165],[-75.6146046,5.7854512],[-75.6146177,5.7853969],[-75.614644,5.7853336],[-75.6146504,5.7853229],[-75.614671,5.7853054],[-75.6146865,5.7852791],[-75.6146928,5.7852324],[-75.6146904,5.7851968],[-75.6147076,5.7851574],[-75.6147339,5.7851338],[-75.6147523,5.7851071],[-75.6148501,5.7849971],[-75.6149187,5.784885],[-75.6149362,5.78487],[-75.6149772,5.7848526],[-75.6149923,5.7848307],[-75.6150178,5.7847769],[-75.6150515,5.7846841],[-75.6150626,5.784645],[-75.6150737,5.7845905],[-75.6150739,5.7845723],[-75.6150691,5.7845552],[-75.6150525,5.7845301],[-75.6150294,5.784509],[-75.6149837,5.7844913],[-75.6149409,5.7844819],[-75.6146458,5.7844691],[-75.6145733,5.7844792],[-75.6145193,5.7845018],[-75.6144969,5.7845204],[-75.6144823,5.7845424],[-75.6144645,5.7845835],[-75.6144554,5.784619],[-75.6144506,5.7846798],[-75.6144564,5.7847852],[-75.6144563,5.7848357],[-75.6144516,5.784892],[-75.6144465,5.7849128],[-75.6144301,5.7849311],[-75.6143772,5.7849671],[-75.614359,5.7849742],[-75.6142691,5.7850214],[-75.6141881,5.78505],[-75.6141685,5.7850537],[-75.6141511,5.7850524],[-75.6140956,5.7850299],[-75.6140213,5.7849868],[-75.6138674,5.7848847],[-75.6138567,5.7848811],[-75.6138474,5.7848846],[-75.6138298,5.7849027],[-75.613809,5.7849188],[-75.6137906,5.7849245],[-75.6137445,5.7849273],[-75.6136545,5.7849178],[-75.6136142,5.7849173],[-75.6134661,5.7849419],[-75.6133029,5.7849731],[-75.6131997,5.7850063],[-75.613131,5.7850446],[-75.6130692,5.7850928],[-75.6130227,5.7851447],[-75.6129941,5.7851817],[-75.6129636,5.7852291],[-75.6129235,5.7853056],[-75.6128846,5.7853504],[-75.6128623,5.7853686],[-75.6128354,5.785385],[-75.6127271,5.7854316],[-75.6126868,5.785452],[-75.6126283,5.7854868],[-75.6125979,5.7855084],[-75.6125749,5.7855293],[-75.6125407,5.7855677],[-75.6125222,5.7855928],[-75.6125172,5.7856046],[-75.6125143,5.7856241],[-75.6125171,5.7856773],[-75.6125105,5.7857397],[-75.6125123,5.7857949],[-75.6125286,5.7858936],[-75.6125587,5.7859917],[-75.6125561,5.7859975],[-75.6125374,5.7860121],[-75.6125079,5.786019],[-75.6125018,5.7860228],[-75.6124973,5.7860313],[-75.6124968,5.7860405],[-75.612507,5.7860588],[-75.6125071,5.7860749],[-75.6124731,5.7861034],[-75.6124515,5.7861295],[-75.6123947,5.7861219],[-75.6123713,5.7861135],[-75.6123433,5.7860878],[-75.6123157,5.7860757],[-75.6122618,5.7860343],[-75.6121943,5.7859975],[-75.6121554,5.7859842],[-75.6121101,5.7859754],[-75.6120768,5.7859788],[-75.6120521,5.7859887],[-75.612026,5.7860144],[-75.6120251,5.78604],[-75.6120176,5.7860563],[-75.6120041,5.7860683],[-75.6119772,5.786079],[-75.6119451,5.786127],[-75.6119349,5.7861501],[-75.6119135,5.7862182],[-75.6119001,5.7862501],[-75.6118869,5.7862727],[-75.6118014,5.7863903],[-75.6117576,5.7864403],[-75.611705,5.7865126],[-75.6116601,5.7865822],[-75.6115968,5.7866913],[-75.611564,5.7867307],[-75.6114687,5.7868336],[-75.6114107,5.7868832],[-75.6113831,5.7869003],[-75.6113755,5.7868987],[-75.6113603,5.7868782],[-75.6113411,5.7868213],[-75.6113341,5.7867451],[-75.6113357,5.7866928],[-75.6113416,5.7866535],[-75.611351,5.786618],[-75.6114048,5.7864612],[-75.6114241,5.786415],[-75.6114765,5.7863109],[-75.611501,5.7862513],[-75.6115126,5.7862126],[-75.6115179,5.7861741],[-75.6115129,5.7861272],[-75.6114971,5.78609],[-75.6114845,5.7860711],[-75.6114686,5.7860546],[-75.6114236,5.7860148],[-75.6113293,5.7859463],[-75.6112853,5.7859183],[-75.611265,5.7859083],[-75.611249,5.7859048],[-75.6112101,5.7859021],[-75.6111854,5.7859119],[-75.6111363,5.7859507],[-75.6111052,5.7859691],[-75.6110967,5.7859779],[-75.6110789,5.7860088],[-75.611064,5.7860154],[-75.6110526,5.7860076],[-75.61104,5.7859808],[-75.6110091,5.7859711],[-75.6109486,5.7859463],[-75.610924,5.7859339],[-75.6108875,5.7859069],[-75.6108641,5.7858996],[-75.610851,5.7859008],[-75.6108384,5.7859069],[-75.6107898,5.7859536],[-75.6107528,5.7859749],[-75.6107257,5.785984],[-75.6107039,5.7859879],[-75.6106808,5.7859887],[-75.6106526,5.785985],[-75.6105953,5.7859665],[-75.6105771,5.7859575],[-75.6105531,5.7859406],[-75.610533,5.7859327],[-75.6105187,5.7859305],[-75.6105002,5.7859217],[-75.6104323,5.7858768],[-75.610358,5.785815],[-75.6103287,5.7857955],[-75.6103074,5.7857864],[-75.610283,5.7857812],[-75.6102559,5.7857818],[-75.6102372,5.7857866],[-75.6102237,5.7857969],[-75.6102101,5.7858182],[-75.6101893,5.7858262],[-75.6101745,5.7858376],[-75.6101398,5.7858778],[-75.6099908,5.7861144],[-75.6099079,5.7862111],[-75.6098697,5.7862643],[-75.6096437,5.7864893],[-75.6095966,5.7865418],[-75.6095648,5.7865823],[-75.6095407,5.7866228],[-75.60951,5.786704],[-75.6094662,5.7868721],[-75.6094451,5.7869255],[-75.6094254,5.7869664],[-75.6094063,5.786993],[-75.6093851,5.7870303],[-75.6093536,5.7870663],[-75.6093264,5.7870844],[-75.6093044,5.7871157],[-75.6092586,5.7871599],[-75.6091878,5.7872067],[-75.6091375,5.7872467],[-75.6091303,5.7872499],[-75.6091219,5.7872474],[-75.6091018,5.7872298],[-75.6090977,5.7872223],[-75.6091061,5.7871978],[-75.6091458,5.787136],[-75.6091812,5.7870937],[-75.6092248,5.7870304],[-75.6092451,5.7869902],[-75.6092482,5.7869703],[-75.6092468,5.7869488],[-75.6092273,5.786886],[-75.609224,5.7868563],[-75.6092311,5.7868181],[-75.6092692,5.786715],[-75.6092805,5.7866642],[-75.609277,5.7866161],[-75.6092659,5.7865835],[-75.609246,5.7865536],[-75.6091843,5.7865028],[-75.6091754,5.7864889],[-75.6091746,5.7864735],[-75.6092198,5.786389],[-75.609236,5.7863341],[-75.6092478,5.7863073],[-75.609268,5.7862792],[-75.6093058,5.7862353],[-75.6093293,5.7861988],[-75.6093535,5.7861162],[-75.6093563,5.7860415],[-75.6093628,5.7860176],[-75.609372,5.7860069],[-75.609411,5.785988],[-75.6094776,5.7859375],[-75.609525,5.7858864],[-75.6095412,5.7858574],[-75.6095455,5.7858005],[-75.6095615,5.7857152],[-75.6095737,5.785673],[-75.6096087,5.7855828],[-75.6096229,5.7855118],[-75.6096218,5.7854621],[-75.6096031,5.7853814],[-75.6096023,5.785365],[-75.6095827,5.7853393],[-75.6095755,5.7853214],[-75.6095862,5.7853106],[-75.6096076,5.7853033],[-75.6096314,5.7853012],[-75.6096563,5.7852908],[-75.609717,5.7852768],[-75.609796,5.7852456],[-75.6098352,5.7852383],[-75.6098747,5.78524],[-75.6099017,5.7852463],[-75.6099372,5.7852646],[-75.6100011,5.7853041],[-75.61002,5.7853112],[-75.6100529,5.7853179],[-75.610086,5.7853181],[-75.6101187,5.7853117],[-75.610189,5.7852818],[-75.6102173,5.7852853],[-75.610263,5.7852837],[-75.6102767,5.78528],[-75.6102804,5.7852713],[-75.6102727,5.7852614],[-75.6102318,5.785231],[-75.6102285,5.7851873],[-75.6102074,5.7851411],[-75.610178,5.7851028],[-75.6101368,5.7850766],[-75.610128,5.7850606],[-75.6101284,5.7850518],[-75.610142,5.7850386],[-75.6101585,5.7850278],[-75.6101822,5.7850019],[-75.6101965,5.7849375],[-75.6102032,5.7849258],[-75.6102188,5.7849228],[-75.6102349,5.78493],[-75.6102687,5.784961],[-75.6104278,5.7850635],[-75.610471,5.7850821],[-75.6105148,5.7850838],[-75.6105354,5.7850796],[-75.6105677,5.7850645],[-75.6106848,5.7849632],[-75.6107245,5.7849343],[-75.6107711,5.7849092],[-75.6108596,5.7848786],[-75.6109417,5.7848579],[-75.6109597,5.7848577],[-75.6109812,5.784869],[-75.6110011,5.784874],[-75.6110236,5.784871],[-75.6110355,5.7848647],[-75.611043,5.7848519],[-75.61104,5.7848348],[-75.6110413,5.7848258],[-75.6110724,5.7847803],[-75.6110794,5.7847469],[-75.6110777,5.7846984],[-75.611068,5.7846262],[-75.6110605,5.7845933],[-75.6110663,5.7845454],[-75.6110538,5.7844652],[-75.6110512,5.7843851],[-75.6110657,5.7842286],[-75.6110853,5.7840778],[-75.6110887,5.784022],[-75.611099,5.7839851],[-75.6111063,5.7839404],[-75.6111132,5.7839212],[-75.6111501,5.7838485],[-75.6111762,5.7838124],[-75.6112089,5.7837586],[-75.6112206,5.783744],[-75.6112543,5.7837141],[-75.611261,5.7837036],[-75.611294,5.7836278],[-75.6113038,5.7835777],[-75.6113097,5.7835663],[-75.6113183,5.7835738],[-75.611339,5.7836023],[-75.6113529,5.7836153],[-75.6114125,5.7836469],[-75.6114572,5.7836583],[-75.611555,5.7836697],[-75.6116537,5.7836522],[-75.6116847,5.7836623],[-75.6117179,5.7836676],[-75.6117454,5.783676],[-75.6117864,5.7836749],[-75.6118347,5.7836497],[-75.6118748,5.7836369],[-75.6119119,5.7836202],[-75.6119425,5.7836011],[-75.6119525,5.7836],[-75.6119616,5.7836086],[-75.6120023,5.7836723],[-75.6120514,5.7837361],[-75.6121676,5.7838091],[-75.6122066,5.783828],[-75.6122412,5.7838397],[-75.6122743,5.7838459],[-75.6122867,5.7838446],[-75.6123151,5.783823],[-75.6123499,5.7837798],[-75.6123651,5.7837526],[-75.6123804,5.7837168],[-75.6124041,5.7836357],[-75.6124114,5.7835827],[-75.6124097,5.7835164],[-75.6123992,5.7834536],[-75.6123863,5.7834102],[-75.6123304,5.7833029],[-75.6123124,5.7832811],[-75.6123113,5.7832733],[-75.612401,5.7832056],[-75.6124469,5.7831615],[-75.6124731,5.7831418],[-75.6124908,5.7831329],[-75.612536,5.7831216],[-75.612555,5.7831066],[-75.6125725,5.783088],[-75.612589,5.7830602],[-75.612598,5.7830087],[-75.6125891,5.7829149],[-75.6125746,5.7828527],[-75.6125566,5.782753],[-75.6125536,5.7826953],[-75.6125592,5.7826303],[-75.6125869,5.7825625],[-75.6125969,5.7825283],[-75.6125966,5.7824978],[-75.6125892,5.7824693],[-75.612569,5.7824317],[-75.6125434,5.7823977],[-75.6124374,5.7822925],[-75.612398,5.7822411],[-75.612392,5.7822383],[-75.6123687,5.7822404],[-75.6123515,5.7822382],[-75.6123359,5.7822322],[-75.6123295,5.7822245],[-75.6123296,5.7822155],[-75.6123352,5.7822037],[-75.6123508,5.7821906],[-75.6123782,5.7821752],[-75.6123857,5.7821656],[-75.6124087,5.7820893],[-75.6124437,5.7820034],[-75.6124509,5.7819772],[-75.6124559,5.7819343],[-75.6124538,5.7818899],[-75.6124488,5.7818584],[-75.6124398,5.7818265],[-75.6124298,5.7818049],[-75.612422,5.7817994],[-75.6124028,5.7817974],[-75.612393,5.7817921],[-75.6123839,5.7817797],[-75.6123783,5.7817565],[-75.6123676,5.7817456],[-75.6123476,5.7817349],[-75.6123151,5.7817273],[-75.6122953,5.7817284],[-75.6122714,5.7817352],[-75.6121779,5.7817831],[-75.6120728,5.7818185],[-75.611988,5.7818375],[-75.6119595,5.7818384],[-75.611934,5.7818343],[-75.6119043,5.7818224],[-75.6118774,5.7818046],[-75.6118386,5.7817715],[-75.6117808,5.781716],[-75.6117411,5.7816846],[-75.6117066,5.781665],[-75.6116794,5.7816573],[-75.6116533,5.7816583],[-75.6116306,5.7816669],[-75.6115552,5.7817184],[-75.611528,5.7817325],[-75.6114902,5.7817395],[-75.6114277,5.7817399],[-75.6114236,5.7817425],[-75.6114163,5.7817626],[-75.6114095,5.7817718],[-75.6113925,5.7817827],[-75.6113803,5.7817859],[-75.6113694,5.7817776],[-75.6113559,5.7817511],[-75.6113567,5.781735],[-75.6113653,5.7817216],[-75.6113618,5.7817142],[-75.6111848,5.7815877],[-75.6111471,5.7815671],[-75.6111206,5.7815571],[-75.6110323,5.7815523],[-75.6109836,5.7815436],[-75.6109493,5.7815547],[-75.6108947,5.7815846],[-75.6108265,5.7816345],[-75.61076,5.7816902],[-75.6107015,5.7817443],[-75.6106872,5.7817534],[-75.610675,5.7817483],[-75.6104746,5.7816157],[-75.6104611,5.7816093],[-75.6104506,5.7816191],[-75.6104342,5.7816499],[-75.6103618,5.7818215],[-75.6103225,5.7818722],[-75.6103136,5.7818803],[-75.6103068,5.7818825],[-75.6101361,5.7818268],[-75.6101189,5.7818162],[-75.6100143,5.7817357],[-75.6099697,5.7817118],[-75.6099297,5.7816846],[-75.6098947,5.7816565],[-75.6098846,5.7816565],[-75.6098624,5.781677],[-75.6098376,5.7817122],[-75.609827,5.7817346],[-75.6098183,5.7817702],[-75.6097948,5.7818298],[-75.6097592,5.7818886],[-75.6097334,5.7819386],[-75.6097226,5.7819476],[-75.6097106,5.781938],[-75.6096928,5.7819154],[-75.6096248,5.7818144],[-75.6095538,5.7816917],[-75.6095203,5.7816492],[-75.6094836,5.7816137],[-75.6094696,5.781608],[-75.6093832,5.7815876],[-75.6093038,5.7815711],[-75.6092348,5.7815823],[-75.6092072,5.7815931],[-75.6091806,5.781609],[-75.6091669,5.781609],[-75.6091559,5.781594],[-75.609147,5.7815529],[-75.6091323,5.7815151],[-75.6090889,5.7814399],[-75.609074,5.781424],[-75.6090416,5.781417],[-75.608978,5.7814192],[-75.6089424,5.7814173],[-75.6089052,5.7814111],[-75.6088659,5.7814007],[-75.6088232,5.7813856],[-75.6087994,5.7813738],[-75.6087516,5.7813311],[-75.6087371,5.7813225],[-75.6086912,5.7813063],[-75.6086215,5.7812754],[-75.6084567,5.7812335],[-75.6084121,5.7812393],[-75.608372,5.7812498],[-75.608325,5.7812726],[-75.6082448,5.7813398],[-75.6081684,5.7814171],[-75.6081331,5.7814635],[-75.6081021,5.7814947],[-75.6080061,5.7815709],[-75.6079077,5.7816353],[-75.6078942,5.7816425],[-75.6078862,5.7816429],[-75.6078859,5.7816351],[-75.6079241,5.7815346],[-75.6079924,5.7813721],[-75.6080223,5.7812861],[-75.6080345,5.7812372],[-75.6080347,5.7812105],[-75.6080293,5.7811723],[-75.607996,5.7810865],[-75.607975,5.7810182],[-75.6079635,5.7809974],[-75.6079296,5.7809544],[-75.6079063,5.7809327],[-75.6078856,5.7809221],[-75.6077835,5.7808891],[-75.6077511,5.7808713],[-75.6077325,5.7808538],[-75.6077023,5.7808165],[-75.6076774,5.7807732],[-75.6076404,5.7807377],[-75.6076243,5.7807301],[-75.6075867,5.7807254],[-75.6075195,5.7807058],[-75.6074586,5.7806773],[-75.6074461,5.7806657],[-75.6074403,5.780655],[-75.6074444,5.7806524],[-75.6075101,5.7806708],[-75.6075353,5.7806742],[-75.6075689,5.7806702],[-75.6075779,5.7806653],[-75.6075869,5.7806556],[-75.6075939,5.7806365],[-75.6075921,5.7806236],[-75.6075635,5.7805746],[-75.6075554,5.7805379],[-75.6075574,5.7805145],[-75.6075642,5.7804884],[-75.6075647,5.7804562],[-75.6075749,5.7804242],[-75.6076003,5.780367],[-75.6076132,5.7803532],[-75.6076533,5.7803218],[-75.6076759,5.780312],[-75.6077434,5.7802978],[-75.6077908,5.7803015],[-75.6078157,5.7803063],[-75.6078378,5.780316],[-75.6078682,5.7803354],[-75.6079645,5.7804151],[-75.6079835,5.7804231],[-75.6079927,5.7804231],[-75.6080098,5.7804175],[-75.608024,5.7804096],[-75.6080522,5.7803844],[-75.608077,5.7803718],[-75.6081177,5.7803317],[-75.6081496,5.7803176],[-75.6081813,5.7802909],[-75.6082023,5.7802801],[-75.6082181,5.7802632],[-75.6082628,5.7802356],[-75.6082713,5.7802272],[-75.6082901,5.7801964],[-75.608299,5.780188],[-75.6083518,5.7801592],[-75.6083641,5.7801452],[-75.6083797,5.7801183],[-75.6083944,5.7801019],[-75.6084084,5.7800793],[-75.6084524,5.7800446],[-75.6084578,5.7800373],[-75.6084599,5.7800274],[-75.6084464,5.7800229],[-75.6083881,5.7800406],[-75.6083487,5.7800391],[-75.6082941,5.7800484],[-75.6082688,5.7800454],[-75.6082293,5.7800522],[-75.6081942,5.7800413],[-75.608158,5.7800417],[-75.6081369,5.7800375],[-75.6081,5.7800218],[-75.6079901,5.7800081],[-75.6079631,5.7799991],[-75.6079108,5.7799469],[-75.6078918,5.7799243],[-75.6078836,5.7799207],[-75.6078463,5.7799163],[-75.6078383,5.7799108],[-75.6078365,5.7798989],[-75.6078504,5.779845],[-75.6078487,5.7798277],[-75.6078406,5.7798046],[-75.6078213,5.7797782],[-75.6077807,5.7796973],[-75.6077737,5.7796711],[-75.6077617,5.7796443],[-75.6077579,5.7796199],[-75.6077461,5.7795859],[-75.6077408,5.7795787],[-75.6077231,5.7795695],[-75.6077043,5.7795517],[-75.6076733,5.7795001],[-75.6076484,5.7794761],[-75.6076187,5.7794339],[-75.6075858,5.7794036],[-75.6075446,5.7793724],[-75.6074392,5.7793162],[-75.6073656,5.7792539],[-75.607324,5.779228],[-75.6072908,5.779211],[-75.6072554,5.7791972],[-75.6072277,5.7791899],[-75.6071855,5.7791844],[-75.6071828,5.7791812],[-75.6071841,5.7791739],[-75.6072292,5.7791264],[-75.6072643,5.7790711],[-75.6072795,5.779038],[-75.6072869,5.7790066],[-75.6072813,5.7789392],[-75.607254,5.7788712],[-75.6072421,5.7788482],[-75.6072398,5.7788124],[-75.6072418,5.7787944],[-75.6072007,5.7787154],[-75.6071813,5.7786904],[-75.60717,5.7786668],[-75.6071508,5.7786447],[-75.6071438,5.7786256],[-75.6071572,5.7785694],[-75.6071699,5.7785317],[-75.6071734,5.7785026],[-75.6071987,5.7783887],[-75.6072362,5.7782982],[-75.6072408,5.7782606],[-75.6072494,5.7782371],[-75.6072415,5.778208],[-75.6072385,5.7781839],[-75.6072285,5.7781663],[-75.6072289,5.7781573],[-75.6072495,5.7781077],[-75.6072665,5.7780831],[-75.6073534,5.7779985],[-75.6074022,5.7779444],[-75.6074101,5.7779201],[-75.6074251,5.7778356],[-75.6074309,5.7778218],[-75.6075005,5.7777791],[-75.6075073,5.7777805],[-75.6075276,5.7778002],[-75.6075701,5.7778257],[-75.607612,5.7778429],[-75.6076864,5.7778583],[-75.6077879,5.7778904],[-75.6078364,5.777892],[-75.6079181,5.7779],[-75.6079538,5.7779009],[-75.6079672,5.7778955],[-75.6080054,5.777863],[-75.6080311,5.7778257],[-75.6080491,5.777816],[-75.6080827,5.7778042],[-75.608119,5.777796],[-75.6081944,5.777788],[-75.6082513,5.7777903],[-75.6083713,5.7778024],[-75.6086435,5.7778352],[-75.6088513,5.777852],[-75.6089013,5.7778602],[-75.6089449,5.777872],[-75.6089759,5.7778837],[-75.6089996,5.7778976],[-75.6090181,5.7779152],[-75.6090368,5.7779414],[-75.6090519,5.7779767],[-75.6090756,5.7780824],[-75.6090918,5.7781317],[-75.6091103,5.7781623],[-75.6091419,5.7781892],[-75.6091612,5.7781978],[-75.6091798,5.7781987],[-75.6092511,5.7781801],[-75.6093169,5.7781775],[-75.6094948,5.7781909],[-75.6095283,5.7781974],[-75.6095603,5.7782123],[-75.6095884,5.7782331],[-75.6096611,5.7783189],[-75.6097035,5.7783578],[-75.6097721,5.7784051],[-75.6098012,5.7784216],[-75.6098239,5.7784302],[-75.6098366,5.7784286],[-75.60987,5.7784154],[-75.609889,5.7784129],[-75.6099188,5.7784171],[-75.6099708,5.7784308],[-75.6099967,5.7784323],[-75.6100547,5.7784431],[-75.6100857,5.7784444],[-75.6101626,5.778428],[-75.610204,5.7784021],[-75.6102505,5.7784026],[-75.6103031,5.7784462],[-75.6103321,5.7784748],[-75.6104162,5.7785408],[-75.6105289,5.7786175],[-75.610584,5.7786618],[-75.6106028,5.7786829],[-75.6106348,5.7787331],[-75.610657,5.7787605],[-75.6106746,5.7787973],[-75.610694,5.7788269],[-75.6107198,5.7788563],[-75.6107458,5.7788761],[-75.6107869,5.7788964],[-75.6108412,5.7789141],[-75.6109948,5.7789376],[-75.6111039,5.7789579],[-75.6111537,5.7789628],[-75.6112305,5.7789621],[-75.6112855,5.7789505],[-75.611487,5.7788636],[-75.6115506,5.7788422],[-75.6116377,5.7788207],[-75.61166,5.7788121],[-75.6116772,5.7788107],[-75.6116985,5.7787988],[-75.6117228,5.7788013],[-75.611763,5.7787919],[-75.6117975,5.7787808],[-75.6118348,5.7787636],[-75.6118648,5.7787404],[-75.6118736,5.7787284],[-75.611878,5.7787155],[-75.6118804,5.778696],[-75.6118784,5.7786744],[-75.6118653,5.7786173],[-75.6118669,5.7786029],[-75.6118736,5.7785836],[-75.611886,5.7785641],[-75.6119036,5.7785461],[-75.6119249,5.7785312],[-75.6119416,5.7785248],[-75.6119613,5.778522],[-75.6120096,5.7785238],[-75.612134,5.7785455],[-75.612177,5.7785461],[-75.6122204,5.7785354],[-75.6123345,5.7784829],[-75.6123618,5.778476],[-75.6123895,5.7784742],[-75.6124219,5.778481],[-75.6125421,5.7785353],[-75.6126029,5.7785543],[-75.6126323,5.7785578],[-75.6126556,5.7785565],[-75.6127091,5.7785385],[-75.6127534,5.7785126],[-75.61279,5.7784754],[-75.6128128,5.7784347],[-75.612843,5.7783489],[-75.612874,5.7782933],[-75.6129079,5.7782543],[-75.6129478,5.7782229],[-75.6130001,5.778175],[-75.6130156,5.7781537],[-75.6130292,5.7781185],[-75.6130281,5.7781084],[-75.6130107,5.7781116],[-75.6129904,5.778091],[-75.6129647,5.7780848],[-75.6127745,5.778069],[-75.6125877,5.7780455],[-75.6125307,5.7780429],[-75.6124683,5.7780505],[-75.6123684,5.7780706],[-75.6122593,5.7781005],[-75.6121573,5.7781335],[-75.6121111,5.7781447],[-75.6120688,5.7781494],[-75.6120286,5.7781492],[-75.6119913,5.7781416],[-75.6119646,5.7781323],[-75.6119109,5.7781052],[-75.6118498,5.7780682],[-75.6117154,5.777981],[-75.6115682,5.7778801],[-75.6115089,5.7778459],[-75.6114324,5.7778139],[-75.611279,5.7777728],[-75.6111771,5.7777385],[-75.611135,5.7777189],[-75.611076,5.7776831],[-75.6110224,5.7776374],[-75.6109834,5.7775862],[-75.6109424,5.7775086],[-75.6109135,5.7774328],[-75.6109033,5.7774166],[-75.6108689,5.7773785],[-75.6108272,5.7773496],[-75.6108014,5.7773401],[-75.610776,5.7773376],[-75.610744,5.7773379],[-75.6106771,5.7773462],[-75.6106463,5.7773447],[-75.610601,5.7773359],[-75.6105229,5.7773154],[-75.6104512,5.7773021],[-75.6104,5.7772958],[-75.6103387,5.7772929],[-75.6102348,5.7772932],[-75.6101445,5.7772845],[-75.6101018,5.7772724],[-75.6100599,5.7772532],[-75.6099707,5.7771979],[-75.609963,5.777197],[-75.6099459,5.7772043],[-75.6099378,5.7772029],[-75.6099334,5.777199],[-75.6099322,5.7771911],[-75.6099357,5.7771636],[-75.609877,5.7770877],[-75.6098072,5.7769858],[-75.6097815,5.7769432],[-75.6097515,5.776911],[-75.6097272,5.776894],[-75.6096903,5.7768766],[-75.6096528,5.7768664],[-75.6096217,5.7768658],[-75.6095917,5.7768763],[-75.6095617,5.7768962],[-75.6095392,5.776919],[-75.609512,5.7769543],[-75.609487,5.7769941],[-75.6094564,5.7770623],[-75.609425,5.7771207],[-75.6093877,5.7771727],[-75.6093614,5.7772006],[-75.6093435,5.7772109],[-75.6093304,5.7772221],[-75.6093237,5.7772237],[-75.6093223,5.7772215],[-75.609337,5.7772129],[-75.6093418,5.7772042],[-75.6093404,5.7771894],[-75.6093355,5.7771809],[-75.6093284,5.7771778],[-75.6092952,5.7771806],[-75.6092681,5.7771625],[-75.6092319,5.777154],[-75.609196,5.7771589],[-75.6091321,5.7771832],[-75.6091161,5.7771935],[-75.6091055,5.7772089],[-75.6090734,5.7772312],[-75.6090646,5.7772407],[-75.6090632,5.777246],[-75.6090638,5.7772492],[-75.6090736,5.777255],[-75.6090793,5.7772622],[-75.6090793,5.7772861],[-75.6090844,5.7772939],[-75.6090923,5.7772998],[-75.6091102,5.7773042],[-75.6091149,5.7773085],[-75.6091169,5.7773181],[-75.6091135,5.7773249],[-75.6091034,5.7773315],[-75.6090393,5.7773489],[-75.6089995,5.7773505],[-75.6089767,5.7773484],[-75.6089596,5.7773388],[-75.6089443,5.7773219],[-75.6089168,5.7772732],[-75.6089063,5.7772483],[-75.6089008,5.7772107],[-75.6089064,5.7770713],[-75.6089038,5.7770145],[-75.6088955,5.7769816],[-75.6088761,5.7769508],[-75.6088616,5.7769344],[-75.6088516,5.77693],[-75.6088153,5.7769216],[-75.6087816,5.7769174],[-75.6087565,5.7769037],[-75.6087206,5.7768985],[-75.6086965,5.7768876],[-75.6086858,5.7768794],[-75.6086706,5.776858],[-75.6086529,5.7768445],[-75.6086158,5.7768053],[-75.6085814,5.7767624],[-75.608508,5.7767186],[-75.6084608,5.7767026],[-75.6084602,5.7766998],[-75.6084666,5.7766923],[-75.6085068,5.7766682],[-75.6085473,5.7766365],[-75.6085927,5.7766066],[-75.6086249,5.7765953],[-75.608701,5.7765782],[-75.6087149,5.7765701],[-75.6087163,5.7765626],[-75.6087041,5.776553],[-75.6086723,5.7765377],[-75.6085973,5.7765151],[-75.60855,5.7764761],[-75.6084909,5.7764181],[-75.6083711,5.7763345],[-75.608337,5.7763048],[-75.6082977,5.7762639],[-75.6082525,5.7762049],[-75.608233,5.7761667],[-75.6082282,5.7761241],[-75.6082213,5.7760958],[-75.6082226,5.7760681],[-75.6082266,5.7760546],[-75.6082348,5.7760503],[-75.6082481,5.7760633],[-75.6082562,5.7760649],[-75.60827,5.7760606],[-75.608307,5.776038],[-75.6083163,5.7760243],[-75.6083105,5.7759913],[-75.6083142,5.7759813],[-75.6083826,5.7759238],[-75.6084319,5.7758739],[-75.6084578,5.7758422],[-75.6084849,5.7757917],[-75.6085049,5.77573],[-75.6085048,5.7756987],[-75.6084881,5.7756715],[-75.6084801,5.7756659],[-75.6084641,5.7756608],[-75.6083165,5.7756529],[-75.6082616,5.7756444],[-75.608197,5.7756285],[-75.6081667,5.7756172],[-75.6081055,5.7755859],[-75.6080019,5.7755455],[-75.6079169,5.7754999],[-75.6078649,5.7754801],[-75.607815,5.7754659],[-75.6077768,5.7754492],[-75.6077631,5.7754487],[-75.6077253,5.7754545],[-75.6076617,5.7754819],[-75.6076178,5.7754789],[-75.6075856,5.7754713],[-75.6075293,5.7754467],[-75.6074813,5.775413],[-75.6074636,5.7753945],[-75.6074431,5.7753525],[-75.6074466,5.7753441],[-75.6074556,5.7753415],[-75.6075136,5.7753438],[-75.607564,5.7753413],[-75.6076656,5.7753203],[-75.6077158,5.7752988],[-75.6077391,5.7752855],[-75.6077981,5.7752358],[-75.6078418,5.7752037],[-75.6078742,5.7751861],[-75.607905,5.7751748],[-75.6079626,5.7751463],[-75.6080974,5.775092],[-75.6082472,5.7750431],[-75.608305,5.7750264],[-75.6084098,5.7750015],[-75.6084549,5.7749964],[-75.6084885,5.7750025],[-75.6085094,5.7750138],[-75.608576,5.7750642],[-75.6086139,5.7750815],[-75.6086477,5.7750813],[-75.6086936,5.7750716],[-75.6087169,5.7750619],[-75.6087585,5.7750372],[-75.6087828,5.7750168],[-75.6088032,5.7749944],[-75.6088335,5.7749408],[-75.6088766,5.7748311],[-75.6088916,5.7748092],[-75.6089108,5.7747929],[-75.6089405,5.7747797],[-75.6089864,5.774768],[-75.6090857,5.7747491],[-75.609122,5.7747452],[-75.6091501,5.774737],[-75.6092348,5.7747263],[-75.6092749,5.7747168],[-75.6093166,5.7747002],[-75.609356,5.7746803],[-75.609377,5.7746612],[-75.6093904,5.7746392],[-75.6093923,5.7746285],[-75.6093893,5.7746163],[-75.6093729,5.7745866],[-75.6093493,5.7745642],[-75.6093104,5.774536],[-75.6092644,5.7745097],[-75.6092005,5.7744798],[-75.6090859,5.7744445],[-75.6090832,5.7744369],[-75.6090943,5.7743807],[-75.6090935,5.7743459],[-75.6090849,5.7743316],[-75.6090592,5.774309],[-75.6089864,5.7742852],[-75.6089486,5.7742661],[-75.6088965,5.7742489],[-75.6088665,5.7742549],[-75.6088568,5.7742709],[-75.6088396,5.7742712],[-75.6088317,5.7742808],[-75.6088234,5.7743034],[-75.6088174,5.7743077],[-75.6087992,5.7743073],[-75.608785,5.7743123],[-75.6087757,5.7743048],[-75.6087575,5.7742743],[-75.6087462,5.7742397],[-75.6087447,5.7741815],[-75.6087567,5.7740805],[-75.6087712,5.7740185],[-75.6087923,5.7739546],[-75.6088218,5.7738838],[-75.6089146,5.773724],[-75.6089261,5.7736912],[-75.608933,5.7736603],[-75.6089326,5.7736244],[-75.6089196,5.7735812],[-75.6089052,5.7735609],[-75.6088766,5.7735349],[-75.6088458,5.7735158],[-75.6088,5.7735032],[-75.6087607,5.7735014],[-75.6086921,5.7735089],[-75.6086139,5.7735346],[-75.6086025,5.7735411],[-75.6085966,5.77355],[-75.6085931,5.7735722],[-75.6085844,5.7735985],[-75.6085645,5.7736112],[-75.6085519,5.7736264],[-75.6085416,5.7736338],[-75.6085021,5.7736422],[-75.608425,5.7736422],[-75.6084128,5.77364],[-75.6083321,5.7736035],[-75.6082965,5.7735755],[-75.608251,5.7735489],[-75.6082371,5.7735365],[-75.6082356,5.7735242],[-75.6082444,5.7734381],[-75.6082537,5.7734062],[-75.6082681,5.7733268],[-75.608266,5.7732909],[-75.6082579,5.7732748],[-75.6081705,5.773255],[-75.6081198,5.7732387],[-75.6080381,5.773203],[-75.6079854,5.773174],[-75.6079135,5.7731466],[-75.6078812,5.7731386],[-75.607848,5.7731336],[-75.6077954,5.7731306],[-75.6076717,5.7731428],[-75.6075864,5.7731437],[-75.6075255,5.7731388],[-75.607423,5.7731159],[-75.607409,5.7731109],[-75.6073923,5.7730963],[-75.6073613,5.7730783],[-75.6073459,5.7730651],[-75.6073384,5.7730499],[-75.6073251,5.7730004],[-75.6073452,5.7729927],[-75.6073793,5.7729883],[-75.607399,5.7729826],[-75.6074526,5.7729628],[-75.6074928,5.7729405],[-75.6075552,5.7729412],[-75.607625,5.7729351],[-75.6077628,5.7729157],[-75.6078668,5.7728943],[-75.6079211,5.7728767],[-75.6079617,5.7728569],[-75.6079899,5.7728341],[-75.6080109,5.7728064],[-75.608039,5.7727473],[-75.6080565,5.7727205],[-75.6080834,5.7726933],[-75.6081107,5.77268],[-75.6081348,5.7726789],[-75.6082331,5.7726877],[-75.6082852,5.7726846],[-75.6083361,5.7726706],[-75.6084394,5.7726237],[-75.6084765,5.7726146],[-75.6085007,5.7726128],[-75.6085256,5.772614],[-75.6085391,5.7726175],[-75.6085787,5.7726416],[-75.6085965,5.7726481],[-75.6087424,5.772671],[-75.6087601,5.7726722],[-75.6087773,5.7726683],[-75.608777,5.7726513],[-75.6087564,5.7725897],[-75.6087563,5.7725674],[-75.6087517,5.7725576],[-75.6087252,5.7725297],[-75.6086897,5.772475],[-75.6085826,5.7723878],[-75.6085652,5.7723692],[-75.6085508,5.7723482],[-75.608551,5.7723291],[-75.608563,5.772289],[-75.6085864,5.7721888],[-75.6086342,5.7721965],[-75.6086998,5.772201],[-75.6087641,5.772217],[-75.6087904,5.7722175],[-75.6087991,5.7722101],[-75.6088128,5.7721878],[-75.6088252,5.7721609],[-75.6088398,5.7721159],[-75.6088479,5.7721054],[-75.6088885,5.7721013],[-75.6089476,5.7721057],[-75.608974,5.7720964],[-75.6090114,5.7720891],[-75.6090953,5.7720928],[-75.6091193,5.7720898],[-75.6091421,5.7720794],[-75.6091869,5.7720447],[-75.6092175,5.7720341],[-75.6092721,5.7720011],[-75.6093642,5.7719219],[-75.6094235,5.7718627],[-75.6094513,5.7718279],[-75.6094795,5.7718025],[-75.6095064,5.7717686],[-75.6095361,5.7717007],[-75.6095437,5.7716565],[-75.6095415,5.7716352],[-75.6095311,5.7715992],[-75.6095393,5.7715179],[-75.6095278,5.7714879],[-75.6095223,5.7714638],[-75.6095187,5.7714155],[-75.6095228,5.771345],[-75.6095292,5.7713289],[-75.6095842,5.7713055],[-75.6096611,5.7712654],[-75.6097374,5.7712326],[-75.6097687,5.7712128],[-75.6100257,5.7710867],[-75.6100644,5.7710599],[-75.6100792,5.771043],[-75.6100897,5.7710248],[-75.6100989,5.7710032],[-75.6101146,5.7709519],[-75.6101324,5.7708466],[-75.6101397,5.7707249],[-75.6101576,5.7705476],[-75.6101653,5.7704356],[-75.6101697,5.7702883],[-75.6101507,5.7700847],[-75.6101535,5.770002],[-75.6101655,5.7699449],[-75.6101968,5.7698667],[-75.6102059,5.7698348],[-75.6102113,5.7697917],[-75.6102176,5.7696805],[-75.6102275,5.7696235],[-75.6102418,5.7695675],[-75.610253,5.7695364],[-75.6102868,5.7694688],[-75.6102945,5.769462],[-75.6103155,5.7694521],[-75.610321,5.7694423],[-75.6103112,5.7694375],[-75.6102865,5.7694352],[-75.6102711,5.7694143],[-75.6102524,5.7693968],[-75.6102034,5.7693696],[-75.610157,5.7693522],[-75.6101186,5.7693422],[-75.6100762,5.7693388],[-75.6100532,5.7693425],[-75.6100235,5.7693545],[-75.6100042,5.7693707],[-75.6099648,5.769413],[-75.6099415,5.7694285],[-75.6099106,5.769437],[-75.6098373,5.7694435],[-75.6098072,5.769455],[-75.6097822,5.7694737],[-75.6097308,5.769532],[-75.609686,5.769577],[-75.6096621,5.7695887],[-75.6096449,5.7695926],[-75.6096165,5.769595],[-75.6095887,5.7695898],[-75.6095672,5.7695807],[-75.6094777,5.7695261],[-75.6094306,5.7695064],[-75.6093725,5.7694873],[-75.6092842,5.7694658],[-75.6091609,5.7694504],[-75.6091298,5.7694501],[-75.6091027,5.7694575],[-75.6090566,5.7694833],[-75.6090018,5.7695269],[-75.6089905,5.7695312],[-75.6089771,5.7695316],[-75.6089331,5.7695194],[-75.6089069,5.7695089],[-75.608869,5.7694869],[-75.6088447,5.7694665],[-75.6088199,5.7694316],[-75.6087919,5.7693598],[-75.6087734,5.769324],[-75.6087542,5.7692986],[-75.6087314,5.7692769],[-75.608706,5.7692581],[-75.6086467,5.769225],[-75.6085502,5.7691785],[-75.6085247,5.769169],[-75.608493,5.7691615],[-75.6084668,5.7691605],[-75.6084471,5.7691633],[-75.6084233,5.7691699],[-75.6083923,5.7691832],[-75.6082889,5.7692367],[-75.6082471,5.76925],[-75.6082384,5.769244],[-75.6082219,5.7692057],[-75.6081981,5.7691887],[-75.6081873,5.7691681],[-75.6081783,5.7691595],[-75.6081518,5.7691445],[-75.6080816,5.7691288],[-75.6080643,5.7691198],[-75.6080584,5.7691117],[-75.6080576,5.7691023],[-75.6080776,5.7689373],[-75.6080856,5.7688835],[-75.6081071,5.7687866],[-75.6081072,5.7687732],[-75.6080953,5.7687566],[-75.6080549,5.7687259],[-75.6079657,5.7686427],[-75.6079626,5.7686374],[-75.6079639,5.7686298],[-75.6080179,5.768578],[-75.6080684,5.7685385],[-75.6081365,5.768497],[-75.6082121,5.7684808],[-75.6082533,5.7684653],[-75.6082924,5.7684556],[-75.6083428,5.7684537],[-75.6083531,5.7684511],[-75.6083881,5.7684257],[-75.608434,5.7684145],[-75.6084569,5.768402],[-75.6085124,5.7683051],[-75.6085177,5.7682889],[-75.6085177,5.768266],[-75.6085088,5.7682344],[-75.6084957,5.7681662],[-75.6084771,5.7681262],[-75.6084497,5.7680903],[-75.6084226,5.7680675],[-75.6083476,5.7680248],[-75.6083018,5.7679897],[-75.6082546,5.7679372],[-75.6082052,5.7678654],[-75.6081693,5.7678059],[-75.6081612,5.7677858],[-75.608154,5.7677071],[-75.6081433,5.7676445],[-75.6081293,5.7675837],[-75.6081147,5.7675522],[-75.6080958,5.7675351],[-75.6080777,5.7675261],[-75.6079633,5.7674909],[-75.6078984,5.7674547],[-75.6078709,5.7674303],[-75.6078508,5.7674068],[-75.6078386,5.7673685],[-75.6078108,5.7673146],[-75.607773,5.7672615],[-75.6077152,5.7671931],[-75.6076872,5.7671544],[-75.6076793,5.7671279],[-75.6076807,5.7671001],[-75.6076884,5.7670759],[-75.6077105,5.7670348],[-75.607736,5.7670027],[-75.6077865,5.766975],[-75.6078171,5.7669482],[-75.6078393,5.766917],[-75.6078508,5.7668823],[-75.6078494,5.7668516],[-75.6078417,5.7668328],[-75.6078304,5.7668134],[-75.6077892,5.7667595],[-75.6077752,5.7667298],[-75.6077681,5.7666881],[-75.6077697,5.7665969],[-75.607765,5.7665764],[-75.607753,5.7665605],[-75.6077307,5.7665546],[-75.6077069,5.7665577],[-75.6076719,5.766571],[-75.607636,5.7665919],[-75.6076096,5.7666159],[-75.6075561,5.7666798],[-75.607533,5.7667025],[-75.6074748,5.766752],[-75.6074604,5.7667612],[-75.6074465,5.7667657],[-75.6074278,5.7667669],[-75.607403,5.766763],[-75.6073102,5.7667315],[-75.6072687,5.7667249],[-75.6072403,5.7667279],[-75.6072126,5.7667374],[-75.60719,5.7667498],[-75.6071324,5.7667899],[-75.6071263,5.7667895],[-75.607103,5.7667772],[-75.6070899,5.7667791],[-75.6070702,5.7667901],[-75.607044,5.7667811],[-75.6070261,5.7667787],[-75.6069821,5.7667849],[-75.6069162,5.7668002],[-75.6068669,5.7667998],[-75.6068527,5.766793],[-75.606838,5.76679],[-75.6068103,5.7667649],[-75.6068085,5.7667575],[-75.6068113,5.7667492],[-75.6068227,5.7667436],[-75.6068406,5.7667432],[-75.6068556,5.7667544],[-75.6068772,5.7666685],[-75.6068757,5.7666606],[-75.6068628,5.7666437],[-75.6068587,5.7666326],[-75.606863,5.7665629],[-75.6068593,5.7665372],[-75.6068486,5.7665016],[-75.6068461,5.7664121],[-75.6068613,5.7663682],[-75.6068588,5.7663605],[-75.6068456,5.766345],[-75.6068545,5.7663025],[-75.6068639,5.7662837],[-75.6068768,5.7662667],[-75.6068947,5.7662482],[-75.6069107,5.7662376],[-75.606934,5.766228],[-75.6069526,5.7662243],[-75.607017,5.7662306],[-75.6070272,5.7662284],[-75.6070231,5.7662177],[-75.6069993,5.7661946],[-75.6069578,5.7661691],[-75.6068677,5.7661021],[-75.6068173,5.766048],[-75.6068037,5.7660261],[-75.6068019,5.7660179],[-75.6068103,5.766004],[-75.6068257,5.7659975],[-75.6069203,5.7660072],[-75.6069565,5.7660163],[-75.6070079,5.7660403],[-75.6070291,5.7660479],[-75.6070374,5.7660476],[-75.6070878,5.7660266],[-75.6071231,5.7659929],[-75.6071646,5.7659685],[-75.6072068,5.7659368],[-75.6072301,5.765915],[-75.6072431,5.7659098],[-75.6072762,5.7659055],[-75.6073296,5.7658781],[-75.6073565,5.7658606],[-75.6073655,5.7658523],[-75.6074059,5.765789],[-75.6074187,5.7657609],[-75.607431,5.7657219],[-75.6074388,5.765664],[-75.6074506,5.7656033],[-75.6074609,5.7655713],[-75.6074739,5.7655446],[-75.6074868,5.765526],[-75.6075053,5.7655069],[-75.6076048,5.7654408],[-75.6076227,5.7654229],[-75.6076324,5.7654072],[-75.6076406,5.7653848],[-75.6076419,5.7653663],[-75.6076228,5.7653034],[-75.6076232,5.7652805],[-75.6076369,5.7652559],[-75.6076969,5.7651909],[-75.6077419,5.7651547],[-75.6078173,5.7650857],[-75.6078531,5.7650651],[-75.607889,5.765022],[-75.6079485,5.7649684],[-75.6080079,5.7649244],[-75.6080477,5.764905],[-75.6080849,5.7648969],[-75.6081353,5.7648961],[-75.6082043,5.7649039],[-75.6082348,5.7649045],[-75.6082678,5.7649004],[-75.6083046,5.7648892],[-75.6083181,5.7648802],[-75.6083283,5.7648669],[-75.6083542,5.7648073],[-75.6083627,5.7647945],[-75.6083782,5.7648058],[-75.6083896,5.7648094],[-75.6084111,5.7648106],[-75.6084266,5.764807],[-75.6084365,5.7648003],[-75.6084476,5.764785],[-75.6084513,5.7647749],[-75.6084534,5.7647488],[-75.6084951,5.764749],[-75.6085161,5.7647415],[-75.6085334,5.7647253],[-75.6085483,5.7646985],[-75.6085568,5.7646669],[-75.608584,5.7644675],[-75.6085965,5.7644097],[-75.6086127,5.7643723],[-75.6086275,5.7643504],[-75.608694,5.7642902],[-75.6087172,5.7642638],[-75.6087293,5.7642308],[-75.6087301,5.7642164],[-75.6087262,5.7641961],[-75.6087143,5.7641707],[-75.6087026,5.7641562],[-75.6086788,5.7641342],[-75.6086319,5.7640999],[-75.6085626,5.7640571],[-75.6085041,5.7640253],[-75.608437,5.763998],[-75.6084211,5.7639875],[-75.6084231,5.7639753],[-75.6084491,5.7639299],[-75.6084621,5.7639168],[-75.6084875,5.7638983],[-75.6084912,5.7638621],[-75.6085135,5.7638142],[-75.6085144,5.763796],[-75.6085021,5.7637335],[-75.608493,5.7637097],[-75.608475,5.7636824],[-75.608472,5.7636723],[-75.6084736,5.7636641],[-75.6084847,5.7636541],[-75.6084568,5.7636328],[-75.6084077,5.7635735],[-75.6082349,5.7634119],[-75.6081752,5.7633766],[-75.6081409,5.763361],[-75.6080952,5.7633348],[-75.6080888,5.7633271],[-75.6080896,5.7633221],[-75.6080986,5.7633128],[-75.608175,5.7632598],[-75.6081974,5.7632317],[-75.6082206,5.7632213],[-75.6082519,5.7631957],[-75.6082754,5.763188],[-75.608324,5.7631812],[-75.6084993,5.7631272],[-75.6085448,5.7631045],[-75.608567,5.7630898],[-75.6085923,5.7630653],[-75.6086067,5.763044],[-75.6086164,5.7630166],[-75.608617,5.7629932],[-75.608605,5.7629252],[-75.6085875,5.762866],[-75.6085746,5.7628414],[-75.6085612,5.7628232],[-75.608498,5.7627599],[-75.608475,5.7627331],[-75.6084628,5.7627133],[-75.6084575,5.762692],[-75.6084575,5.7626466],[-75.6084704,5.7625483],[-75.6085107,5.7623615],[-75.6085117,5.762334],[-75.6085058,5.7622601],[-75.6085096,5.7622034],[-75.608515,5.7621859],[-75.6085299,5.7621653],[-75.6085494,5.7621527],[-75.6085713,5.7621446],[-75.6086036,5.7621402],[-75.608713,5.7621371],[-75.608743,5.7621312],[-75.6087656,5.7621209],[-75.6087832,5.7621029],[-75.6088022,5.7620623],[-75.6088219,5.7619908],[-75.6088247,5.7619624],[-75.608819,5.761945],[-75.6088032,5.761937],[-75.6087202,5.761922],[-75.6086257,5.7618947],[-75.6085527,5.7618599],[-75.6083515,5.7617939],[-75.6083128,5.7617754],[-75.6083091,5.7617653],[-75.6083157,5.761756],[-75.6083357,5.761744],[-75.6083667,5.7617349],[-75.6084392,5.761725],[-75.6085155,5.7617344],[-75.6085481,5.7617327],[-75.6085593,5.7617288],[-75.6085507,5.7617168],[-75.6085149,5.7616844],[-75.6084755,5.7616655],[-75.6084015,5.7616087],[-75.6083658,5.7615855],[-75.6083112,5.7615643],[-75.608246,5.7615157],[-75.6082142,5.7614972],[-75.6081519,5.7614666],[-75.6080797,5.7614422],[-75.6080674,5.761434],[-75.6080764,5.7614261],[-75.608089,5.7614216],[-75.6081677,5.7614173],[-75.6082398,5.7614058],[-75.6082884,5.7613914],[-75.6082982,5.7613859],[-75.6083032,5.7613784],[-75.6082934,5.761359],[-75.608272,5.7613361],[-75.6082625,5.7613091],[-75.6082691,5.7612697],[-75.6082674,5.761243],[-75.6082797,5.7611873],[-75.6082791,5.761174],[-75.6082725,5.7611495],[-75.6082536,5.7610961],[-75.608215,5.7610116],[-75.6081723,5.7609425],[-75.608158,5.7609086],[-75.6081371,5.7608749],[-75.6081293,5.7608367],[-75.6081326,5.7608323],[-75.6081391,5.7608312],[-75.6081544,5.7608366],[-75.6081938,5.7608681],[-75.608265,5.760954],[-75.6082859,5.7609834],[-75.6083256,5.7610563],[-75.6083447,5.7610763],[-75.6083653,5.7610908],[-75.6083769,5.7610942],[-75.6083865,5.761092],[-75.6084137,5.7610776],[-75.6084349,5.7610432],[-75.6084624,5.7610273],[-75.6084742,5.7610147],[-75.6084841,5.7609957],[-75.6084991,5.7609758],[-75.6085277,5.7609118],[-75.6085536,5.7608847],[-75.6085752,5.7608529],[-75.6086142,5.7608281],[-75.6086334,5.7607973],[-75.6086404,5.7607732],[-75.6086324,5.7606873],[-75.6086376,5.7606483],[-75.6086455,5.7606338],[-75.608673,5.760607],[-75.6087082,5.7605522],[-75.6087318,5.7605255],[-75.6087551,5.7604708],[-75.6087625,5.760408],[-75.6087526,5.7603406],[-75.6087391,5.7602791],[-75.6087343,5.760214],[-75.6087373,5.7601919],[-75.6087479,5.7601866],[-75.6088023,5.7601773],[-75.6088741,5.7601534],[-75.6089194,5.760128],[-75.6090185,5.7600829],[-75.6090398,5.7600703],[-75.6090692,5.7600458],[-75.6090886,5.760021],[-75.6091001,5.7599996],[-75.6091114,5.7599685],[-75.6091202,5.759933],[-75.6091248,5.7598934],[-75.6091245,5.7598483],[-75.609112,5.7596738],[-75.6090979,5.7595544],[-75.6090959,5.7594868],[-75.6090909,5.7594396],[-75.6090949,5.7594058],[-75.6090754,5.7593481],[-75.6090739,5.7593349],[-75.6090745,5.7593312],[-75.60908,5.7593292],[-75.6090929,5.759339],[-75.6091219,5.7593777],[-75.6091339,5.7594012],[-75.6091458,5.7594082],[-75.6091594,5.7594117],[-75.6091817,5.7594081],[-75.6092031,5.7593957],[-75.6092171,5.7593754],[-75.6092261,5.7593486],[-75.609229,5.759293],[-75.6092201,5.7592337],[-75.6092074,5.7591857],[-75.6091907,5.7591444],[-75.6091499,5.7590809],[-75.60914,5.7590597],[-75.6091357,5.7590229],[-75.6091359,5.7589547],[-75.6091455,5.7588776],[-75.6091562,5.758827],[-75.6092212,5.7585945],[-75.6092317,5.758485],[-75.6092549,5.7584397],[-75.6092711,5.758372],[-75.6092803,5.7583689],[-75.6093163,5.758381],[-75.6093636,5.7583915],[-75.60939,5.7583932],[-75.6094084,5.7583906],[-75.6094236,5.7583811],[-75.609432,5.758372],[-75.6094544,5.7583313],[-75.6094758,5.7583195],[-75.6095122,5.7583074],[-75.6095428,5.7582887],[-75.6095638,5.7582696],[-75.6095745,5.7582433],[-75.6095817,5.7582346],[-75.6095867,5.7582328],[-75.6095968,5.7582343],[-75.6096186,5.7582493],[-75.6096416,5.7582577],[-75.6097062,5.7582628],[-75.6098147,5.7582898],[-75.6099011,5.7582976],[-75.6099434,5.7582847],[-75.6099671,5.7582823],[-75.6099969,5.7582872],[-75.610047,5.758303],[-75.6100756,5.7583087],[-75.6100934,5.7583095],[-75.6101118,5.7583042],[-75.6101207,5.7582943],[-75.610107,5.7582726],[-75.6100679,5.7582339],[-75.6100389,5.7582191],[-75.6100194,5.758198],[-75.6100046,5.7581617],[-75.6099761,5.7581082],[-75.6099729,5.7580822],[-75.6099779,5.7580685],[-75.6100066,5.7580335],[-75.6100173,5.7580266],[-75.6100816,5.7580328],[-75.6101093,5.7580311],[-75.6101372,5.7580231],[-75.6102275,5.7579809],[-75.610303,5.7579408],[-75.6103396,5.7579286],[-75.6104113,5.7578857],[-75.610453,5.757847],[-75.6104869,5.7578086],[-75.610535,5.7577416],[-75.6105544,5.7577045],[-75.6106034,5.7576367],[-75.6106113,5.757587],[-75.610597,5.7575353],[-75.610559,5.7574433],[-75.6105324,5.7573922],[-75.6105083,5.7573581],[-75.6104774,5.7572804],[-75.6104505,5.7572384],[-75.6104192,5.7570769],[-75.6104095,5.7570458],[-75.6103776,5.7569668],[-75.6103481,5.7568446],[-75.6103201,5.7567826],[-75.610311,5.7567056],[-75.6103143,5.7566587],[-75.610313,5.7566229],[-75.6103035,5.7565694],[-75.6102928,5.7565589],[-75.610229,5.7565323],[-75.6102241,5.7565283],[-75.6102229,5.7565199],[-75.6102702,5.7563961],[-75.6103122,5.7563293],[-75.6103381,5.7562952],[-75.6103788,5.7562624],[-75.6104461,5.7562202],[-75.6104862,5.7561887],[-75.6104978,5.7561856],[-75.6105285,5.7561858],[-75.6105579,5.7561777],[-75.6106164,5.7561488],[-75.6106607,5.7561179],[-75.610801,5.756003],[-75.6108647,5.7559421],[-75.6108761,5.7559216],[-75.6108687,5.7558891],[-75.6108492,5.7558603],[-75.6108298,5.7558401],[-75.6108052,5.75579],[-75.6108011,5.7557733],[-75.6108004,5.7557373],[-75.6107909,5.7557197],[-75.6107871,5.7557045],[-75.6107818,5.7557015],[-75.6106682,5.7557396],[-75.6105967,5.7557567],[-75.6103936,5.7557849],[-75.6103298,5.7557899],[-75.6102695,5.7557907],[-75.6101633,5.7557862],[-75.6100649,5.7557751],[-75.6099644,5.7557786],[-75.609577,5.7558243],[-75.6095315,5.755838],[-75.6094699,5.7558666],[-75.6094586,5.7558635],[-75.609424,5.7558388],[-75.609404,5.755831],[-75.6093685,5.7558276],[-75.6093179,5.7558302],[-75.6092875,5.7558387],[-75.6092618,5.7558499],[-75.6092419,5.7558472],[-75.6092249,5.7558497],[-75.609126,5.75589],[-75.6090777,5.7558971],[-75.608966,5.7559041],[-75.6088638,5.7559194],[-75.6086575,5.7559706],[-75.6085625,5.7560008],[-75.6085117,5.7560123],[-75.6084188,5.7560434],[-75.6082335,5.7560991],[-75.6082151,5.7561069],[-75.608188,5.7561247],[-75.608134,5.7561457],[-75.6081072,5.7561603],[-75.6080714,5.756185],[-75.6079887,5.7562641],[-75.6079014,5.7563795],[-75.6078583,5.7564664],[-75.6078377,5.7565156],[-75.6078106,5.7565609],[-75.6077826,5.7566329],[-75.6077795,5.7566609],[-75.6077562,5.7567234],[-75.6077338,5.7568289],[-75.6077291,5.7568379],[-75.6077217,5.7568393],[-75.607713,5.7568234],[-75.6076965,5.7567709],[-75.6076892,5.7567562],[-75.6076737,5.756736],[-75.6076457,5.7567148],[-75.6076051,5.7566908],[-75.6075489,5.7566675],[-75.6074574,5.7566335],[-75.6073765,5.7566091],[-75.6073715,5.7566048],[-75.6073697,5.7565968],[-75.6073738,5.7565716],[-75.6073898,5.7565273],[-75.6074003,5.7564722],[-75.6074055,5.7564104],[-75.6074053,5.7563832],[-75.6073976,5.756306],[-75.6073831,5.7562724],[-75.607372,5.7562282],[-75.6073825,5.7561737],[-75.6073858,5.7561696],[-75.6074108,5.7561572],[-75.6074169,5.7561469],[-75.6074181,5.7561371],[-75.6074126,5.7560946],[-75.6074024,5.7560747],[-75.6073916,5.7560637],[-75.6073744,5.7560537],[-75.6072666,5.7560205],[-75.6072041,5.7559937],[-75.6071421,5.7559598],[-75.6071151,5.7559417],[-75.6070781,5.7559071],[-75.607019,5.7558358],[-75.6069954,5.755814],[-75.6069801,5.7557931],[-75.606955,5.7557684],[-75.6069499,5.7557603],[-75.6069469,5.7557325],[-75.6069398,5.7557206],[-75.6069261,5.7557122],[-75.6069045,5.7557105],[-75.6068917,5.7557055],[-75.6068728,5.755684],[-75.6068435,5.7556624],[-75.6067918,5.755611],[-75.6067631,5.7555858],[-75.6067264,5.7555594],[-75.606693,5.7555466],[-75.606593,5.7555389],[-75.6065377,5.7555141],[-75.606467,5.7555034],[-75.6064645,5.7554918],[-75.6064754,5.7554456],[-75.6064758,5.7554226],[-75.6064563,5.7553646],[-75.6064333,5.7553196],[-75.6064335,5.7552865],[-75.6063999,5.7552351],[-75.6063709,5.7552145],[-75.6063515,5.7551934],[-75.6063341,5.7551839],[-75.6061077,5.7551078],[-75.606016,5.7550936],[-75.605966,5.7550934],[-75.6059415,5.7550962],[-75.6058719,5.7551113],[-75.6057862,5.7551408],[-75.6057287,5.7551673],[-75.6056392,5.755229],[-75.6056209,5.7552376],[-75.6056182,5.7552358],[-75.605618,5.7552275],[-75.6056269,5.7551867],[-75.6056334,5.755129],[-75.6056312,5.7550759],[-75.6056258,5.7550467],[-75.6056039,5.7550041],[-75.6055651,5.7549571],[-75.6055257,5.7549161],[-75.6055004,5.7548961],[-75.6054919,5.7548947],[-75.6054835,5.7548988],[-75.6054942,5.754928],[-75.6054901,5.7549521],[-75.6054976,5.7549713],[-75.6054726,5.7550167],[-75.6054665,5.7550443],[-75.6054499,5.7550241],[-75.605406,5.7549959],[-75.6053863,5.7549791],[-75.605374,5.7549518],[-75.6053521,5.754927],[-75.6053371,5.7548982],[-75.605326,5.7548676],[-75.6052857,5.7548358],[-75.6052337,5.7548167],[-75.6051954,5.7548121],[-75.6051231,5.7547948],[-75.6050743,5.7547735],[-75.6050303,5.7547483],[-75.6049851,5.7547305],[-75.6049626,5.754718],[-75.6049321,5.7547117],[-75.6048452,5.7546824],[-75.6047116,5.7546254],[-75.6047076,5.7546194],[-75.6047068,5.754611],[-75.6047102,5.7544865],[-75.6047135,5.7544591],[-75.604722,5.7544309],[-75.6047227,5.7544164],[-75.6047153,5.7543892],[-75.6046996,5.7543698],[-75.6046784,5.7543506],[-75.6046395,5.7543229],[-75.6044786,5.7542164],[-75.6044468,5.7541895],[-75.6043701,5.7541081],[-75.6043336,5.7540634],[-75.6042694,5.7539739],[-75.6042192,5.7539154],[-75.6041084,5.7538096],[-75.6040647,5.7537723],[-75.6039942,5.7537246],[-75.6038853,5.7536765],[-75.6038185,5.753643],[-75.6037063,5.7535771],[-75.603622,5.7535388],[-75.6035786,5.7535093],[-75.6035468,5.7534687],[-75.6035248,5.7534287],[-75.6035124,5.7533943],[-75.6034998,5.7533294],[-75.6034903,5.7533082],[-75.6034768,5.7532902],[-75.603457,5.753273],[-75.6034183,5.7532539],[-75.6033325,5.7532312],[-75.6033008,5.7532183],[-75.6032822,5.7532145],[-75.6032461,5.7532147],[-75.6031826,5.7532251],[-75.6031473,5.7532233],[-75.6031208,5.7532135],[-75.6030313,5.7531668],[-75.6030038,5.7531581],[-75.6029787,5.753154],[-75.6029392,5.7531521],[-75.60288,5.7531569],[-75.6028222,5.7531666],[-75.6027376,5.7531873],[-75.6026813,5.7531851],[-75.602645,5.7531674],[-75.6025731,5.7531187],[-75.6025292,5.7530981],[-75.6024819,5.7530842],[-75.6023706,5.7530631],[-75.602273,5.7530227],[-75.6021453,5.7529909],[-75.6021085,5.7529746],[-75.6020707,5.7529498],[-75.6020348,5.752932],[-75.6019975,5.7529261],[-75.6019631,5.7529312],[-75.6018959,5.7529577],[-75.6018369,5.752971],[-75.6018223,5.7529801],[-75.6018141,5.7529896],[-75.6018077,5.7530029],[-75.6017961,5.7530629],[-75.6017881,5.7530806],[-75.6017701,5.7530981],[-75.6017387,5.7531138],[-75.6017294,5.7531213],[-75.6016842,5.753184],[-75.6016252,5.7532404],[-75.6016021,5.7532837],[-75.6015944,5.7532929],[-75.6015852,5.7532962],[-75.6015284,5.7532831],[-75.6013399,5.7532629],[-75.6013245,5.7532646],[-75.6013057,5.7532764],[-75.6012893,5.7532959],[-75.6012827,5.7533092],[-75.6012779,5.7533709],[-75.6012631,5.7534323],[-75.6012459,5.7534628],[-75.6012343,5.7534948],[-75.6012085,5.7535401],[-75.6011946,5.7535988],[-75.6011781,5.7536389],[-75.6011533,5.7536841],[-75.6011235,5.7537168],[-75.6010227,5.7537958],[-75.6009026,5.7538708],[-75.6008297,5.7539284],[-75.6008247,5.7539313],[-75.6008174,5.7539303],[-75.6008144,5.7539229],[-75.6008107,5.7538705],[-75.600805,5.7538369],[-75.6007697,5.7537686],[-75.6007657,5.7537342],[-75.6007451,5.7536813],[-75.6007305,5.7536544],[-75.6006939,5.7536007],[-75.6006704,5.7535743],[-75.6006443,5.7535506],[-75.6005655,5.7535182],[-75.6004794,5.7534918],[-75.6004379,5.7534857],[-75.6003876,5.7534862],[-75.6003536,5.7534915],[-75.6003141,5.7535031],[-75.600251,5.7535303],[-75.6002202,5.7535407],[-75.6001745,5.7535676],[-75.6001485,5.7535867],[-75.6001346,5.753591],[-75.6001321,5.7535571],[-75.6001154,5.7535271],[-75.6000825,5.7534923],[-75.5999811,5.7534131],[-75.599958,5.753391],[-75.5999508,5.7533806],[-75.5999369,5.7533388],[-75.5999378,5.7532427],[-75.5999401,5.7532333],[-75.5999537,5.7532121],[-75.5999554,5.7532029],[-75.5999478,5.7531835],[-75.5999452,5.7531424],[-75.5999348,5.7531083],[-75.599938,5.7530986],[-75.599958,5.7530831],[-75.5999607,5.7530731],[-75.5999521,5.7530515],[-75.5999141,5.7530167],[-75.5999504,5.7530131],[-75.600056,5.7530184],[-75.6000732,5.7530161],[-75.6000861,5.7530108],[-75.6000957,5.753003],[-75.6001039,5.7529889],[-75.6001106,5.752938],[-75.6001191,5.7529171],[-75.600131,5.7529062],[-75.600167,5.7528886],[-75.6001969,5.7528685],[-75.6002293,5.752838],[-75.600257,5.7528032],[-75.6002811,5.7527618],[-75.6002947,5.7527312],[-75.6003067,5.7526936],[-75.6003391,5.7525186],[-75.6003623,5.7524397],[-75.6003945,5.752373],[-75.6004525,5.7522866],[-75.6004784,5.7522409],[-75.6004893,5.7522153],[-75.600503,5.7521636],[-75.600516,5.7521311],[-75.6005238,5.7521246],[-75.6005389,5.7521204],[-75.6005696,5.7521045],[-75.6005876,5.7521],[-75.6006198,5.7520848],[-75.6006395,5.752067],[-75.6006509,5.7520508],[-75.6006677,5.7520189],[-75.6006686,5.7520033],[-75.6006447,5.7519751],[-75.6006322,5.7519649],[-75.6006118,5.7519551],[-75.6005875,5.7519468],[-75.6005633,5.7519442],[-75.6005324,5.7519294],[-75.6005088,5.7519266],[-75.6004949,5.7519185],[-75.6004718,5.751912],[-75.6003755,5.7519057],[-75.6003295,5.7518981],[-75.6003096,5.7518924],[-75.6002973,5.7518855],[-75.600269,5.7518596],[-75.6002572,5.7518398],[-75.6002301,5.751763],[-75.600216,5.7517039],[-75.6001885,5.7516228],[-75.6001618,5.7515716],[-75.6001322,5.751531],[-75.6001096,5.7515072],[-75.6000839,5.7514883],[-75.6000524,5.7514738],[-75.5999944,5.751455],[-75.5999716,5.7514428],[-75.5999522,5.7514259],[-75.5999211,5.7513893],[-75.5999023,5.7513718],[-75.5998728,5.7513552],[-75.5998494,5.7513474],[-75.5997708,5.7513339],[-75.599653,5.7513263],[-75.5995291,5.7513295],[-75.5995048,5.7513248],[-75.5994738,5.7513144],[-75.5994565,5.7513126],[-75.5994199,5.7513213],[-75.5993483,5.751358],[-75.5993143,5.7513635],[-75.5992706,5.7513563],[-75.5991905,5.7513232],[-75.5991484,5.7513174],[-75.5991124,5.7513172],[-75.5990794,5.7513194],[-75.5990217,5.7513285],[-75.5988721,5.7513657],[-75.5988065,5.7513765],[-75.598767,5.7513787],[-75.598743,5.7513766],[-75.5986566,5.7513555],[-75.5985946,5.7513445],[-75.5985572,5.7513196],[-75.5984962,5.7513069],[-75.5984176,5.7513197],[-75.5983557,5.7513347],[-75.5982975,5.7513447],[-75.5982831,5.7513457],[-75.5982763,5.7513434],[-75.5982541,5.751317],[-75.5982412,5.7512843],[-75.5982381,5.7512409],[-75.5982443,5.7511924],[-75.5982536,5.7511741],[-75.598282,5.7511438],[-75.5982995,5.7510503],[-75.598303,5.7509899],[-75.5983119,5.7509715],[-75.5983301,5.7509486],[-75.5983384,5.7509228],[-75.5983486,5.7509122],[-75.5983707,5.7508991],[-75.5983901,5.7508914],[-75.5984067,5.7508895],[-75.5984182,5.7508797],[-75.5984984,5.7507542],[-75.5985181,5.7507001],[-75.5985216,5.7506713],[-75.5985199,5.7506401],[-75.5985144,5.7506117],[-75.5984944,5.7505566],[-75.5984693,5.7505179],[-75.5984352,5.7504798],[-75.5984066,5.7504544],[-75.598373,5.7504339],[-75.5983127,5.7504096],[-75.5982697,5.7503962],[-75.5982127,5.7503855],[-75.5981645,5.7503816],[-75.5980898,5.7503859],[-75.5980661,5.7503896],[-75.5980482,5.7503957],[-75.5980289,5.7504119],[-75.5980025,5.7504573],[-75.5979864,5.750477],[-75.5979589,5.7504964],[-75.597918,5.7505105],[-75.5978949,5.7505387],[-75.5978775,5.7505439],[-75.5978649,5.7505426],[-75.5978494,5.7505177],[-75.597826,5.7504606],[-75.5978149,5.7503626],[-75.5978195,5.750347],[-75.5978564,5.7503007],[-75.5978594,5.7502868],[-75.5978479,5.7502838],[-75.597816,5.7502949],[-75.597796,5.7502899],[-75.5977584,5.7502561],[-75.5977488,5.750234],[-75.5977132,5.750197],[-75.5977045,5.7501915],[-75.5976866,5.7501917],[-75.5975647,5.7502194],[-75.597527,5.7502234],[-75.5974262,5.7502271],[-75.5973643,5.7502337],[-75.5973034,5.7502452],[-75.5972366,5.750263],[-75.5971581,5.7502677],[-75.5971137,5.7502755],[-75.5970866,5.7502834],[-75.5970594,5.7502965],[-75.5969652,5.7503642],[-75.5969331,5.7503809],[-75.5969092,5.7503895],[-75.5968529,5.7504025],[-75.596799,5.7504098],[-75.5966796,5.7504163],[-75.5966215,5.7504343],[-75.5965958,5.7504478],[-75.5965763,5.7504639],[-75.5965597,5.7504869],[-75.5965446,5.750522],[-75.5965418,5.7505366],[-75.5965501,5.7505641],[-75.5965514,5.7505999],[-75.5965504,5.7506592],[-75.5965455,5.7506733],[-75.5965332,5.7506723],[-75.5964993,5.750653],[-75.5964612,5.7506398],[-75.59638,5.750622],[-75.5963379,5.7506251],[-75.5962895,5.7506501],[-75.5962407,5.750657],[-75.5962121,5.7506561],[-75.5962091,5.7506416],[-75.5962259,5.7505018],[-75.5962579,5.7503813],[-75.5962746,5.7502857],[-75.5962868,5.7502576],[-75.5963138,5.7502303],[-75.5963289,5.7502037],[-75.5963455,5.7501456],[-75.5963534,5.750097],[-75.5963458,5.7500336],[-75.5963225,5.749941],[-75.5963144,5.7498591],[-75.5963124,5.7496606],[-75.5963232,5.7495098],[-75.5963221,5.7494742],[-75.5963146,5.7494401],[-75.5963042,5.7494239],[-75.5962839,5.7494078],[-75.5961993,5.7493737],[-75.5961694,5.7493551],[-75.5961386,5.7493272],[-75.5960704,5.7492553],[-75.5960212,5.749223],[-75.5959951,5.7492122],[-75.5958893,5.7491839],[-75.5958395,5.749166],[-75.5957758,5.7491394],[-75.5957379,5.7491197],[-75.5956223,5.7490766],[-75.5955425,5.7490434],[-75.5955282,5.7490407],[-75.5955111,5.7490415],[-75.5954822,5.7490521],[-75.5954112,5.7491245],[-75.5953976,5.7491271],[-75.5953152,5.7491292],[-75.5952641,5.7491427],[-75.5952581,5.749141],[-75.5952485,5.7491282],[-75.5952077,5.7490557],[-75.5951837,5.7490303],[-75.5951503,5.7490049],[-75.5951184,5.7489878],[-75.5950497,5.7489647],[-75.5950314,5.7489612],[-75.5950261,5.7489706],[-75.5950252,5.7489802],[-75.5950394,5.7490541],[-75.5950532,5.7490977],[-75.5950776,5.7491325],[-75.5950794,5.7491431],[-75.5950626,5.7492381],[-75.5950567,5.7493317],[-75.5950476,5.7493597],[-75.5950159,5.7494044],[-75.5949712,5.7494562],[-75.5949404,5.7494874],[-75.5949033,5.7495135],[-75.5948667,5.7495276],[-75.5947535,5.749538],[-75.5947089,5.7495462],[-75.5946979,5.7495435],[-75.5946473,5.7495075],[-75.5946107,5.7494896],[-75.594479,5.7494794],[-75.594401,5.7494681],[-75.5943778,5.7494622],[-75.5943588,5.7494538],[-75.5942963,5.7494175],[-75.5942666,5.7494108],[-75.5942296,5.7494133],[-75.5941351,5.7494405],[-75.594078,5.749446],[-75.594005,5.7494391],[-75.5938824,5.7494142],[-75.5938482,5.7494112],[-75.5938092,5.7494186],[-75.593744,5.7494464],[-75.5937116,5.749456],[-75.5936794,5.7494606],[-75.593635,5.7494588],[-75.5935883,5.7494478],[-75.5935409,5.7494288],[-75.5934122,5.749367],[-75.5933,5.7493039],[-75.5932601,5.7492978],[-75.5932366,5.7492994],[-75.5932095,5.749306],[-75.59318,5.7493228],[-75.5931514,5.7493769],[-75.5931317,5.7494321],[-75.5931112,5.7495087],[-75.5930931,5.7495581],[-75.5930712,5.7496038],[-75.5929851,5.7497484],[-75.5929718,5.7497849],[-75.592942,5.7498988],[-75.592913,5.7499605],[-75.5928791,5.7500074],[-75.5928057,5.7500775],[-75.5927515,5.7501499],[-75.5926982,5.7501962],[-75.5926843,5.7502205],[-75.5926742,5.7502616],[-75.5926668,5.7502736],[-75.5925914,5.7503516],[-75.5925678,5.7503705],[-75.5925599,5.7503697],[-75.5925549,5.7503657],[-75.5925307,5.7503263],[-75.592494,5.7502914],[-75.5924643,5.7502807],[-75.5924104,5.7502748],[-75.5923724,5.7501382],[-75.5923712,5.750107],[-75.5923644,5.7500814],[-75.5923463,5.7500452],[-75.5923326,5.7500045],[-75.59231,5.7499541],[-75.5922912,5.7499237],[-75.5922725,5.7499021],[-75.5922558,5.7498869],[-75.5922304,5.7498706],[-75.5921921,5.7498555],[-75.5921322,5.7498429],[-75.5921008,5.7498404],[-75.5920745,5.7498435],[-75.5920623,5.7498527],[-75.5920549,5.7498732],[-75.5920569,5.7499348],[-75.5920512,5.749975],[-75.5920212,5.7500824],[-75.5919843,5.7502404],[-75.5919596,5.7503187],[-75.5919239,5.7504091],[-75.591915,5.7504499],[-75.5919128,5.7504938],[-75.591927,5.7506401],[-75.5919264,5.7506726],[-75.5919343,5.7506958],[-75.5919366,5.7507576],[-75.5919339,5.7507886],[-75.5919278,5.750802],[-75.5919192,5.7508088],[-75.591869,5.750803],[-75.5918413,5.7508042],[-75.5917944,5.7508118],[-75.5917714,5.7508217],[-75.5917656,5.7508628],[-75.5917694,5.7509017],[-75.5917625,5.7509273],[-75.5917717,5.7509491],[-75.5917736,5.7509625],[-75.5917717,5.7509699],[-75.5917645,5.7509776],[-75.591756,5.7509775],[-75.5917506,5.7509743],[-75.5917133,5.7509442],[-75.5916337,5.750893],[-75.591602,5.7508656],[-75.5915888,5.7508593],[-75.5915595,5.7508677],[-75.5915327,5.7508927],[-75.591521,5.750896],[-75.5914614,5.7508715],[-75.5914193,5.7508589],[-75.5913709,5.7508356],[-75.591317,5.7508169],[-75.5912576,5.7508179],[-75.5912063,5.7508302],[-75.5911751,5.7508334],[-75.5911626,5.7507919],[-75.5911511,5.750771],[-75.5911422,5.7507618],[-75.5911224,5.7507511],[-75.5910798,5.7507494],[-75.5910679,5.7507422],[-75.5910553,5.7507148],[-75.5910468,5.7506554],[-75.5910336,5.7506221],[-75.5910216,5.7506119],[-75.5910033,5.7506138],[-75.590995,5.750612],[-75.5909874,5.7506061],[-75.5909851,5.750598],[-75.5910128,5.7505667],[-75.5910564,5.7505289],[-75.5911476,5.7504848],[-75.5912254,5.7504366],[-75.5912832,5.7503945],[-75.5913371,5.7503488],[-75.5913948,5.7502889],[-75.591437,5.7502505],[-75.5914756,5.7502071],[-75.5915256,5.7501347],[-75.591534,5.7501167],[-75.591544,5.750082],[-75.5915433,5.7500467],[-75.5915337,5.7500209],[-75.5915241,5.750004],[-75.5915046,5.7499795],[-75.591466,5.7499407],[-75.591434,5.7498954],[-75.5914227,5.7498537],[-75.591383,5.7497424],[-75.5913643,5.7497065],[-75.5913255,5.7496501],[-75.5913149,5.7496268],[-75.5913122,5.749606],[-75.5913134,5.7495873],[-75.591337,5.749503],[-75.5913427,5.7494681],[-75.5913442,5.7494312],[-75.5913409,5.7493927],[-75.5913438,5.749373],[-75.5913338,5.7493502],[-75.5913359,5.7493313],[-75.5913341,5.7493235],[-75.591315,5.7492975],[-75.5913115,5.74928],[-75.5913041,5.7492656],[-75.5913019,5.7492309],[-75.5913138,5.7491802],[-75.5913325,5.749156],[-75.5913427,5.7491373],[-75.5913432,5.7491236],[-75.5913374,5.7490952],[-75.5913392,5.7490776],[-75.5913494,5.7490462],[-75.5913672,5.7490054],[-75.5914343,5.7488875],[-75.5914858,5.748766],[-75.5915547,5.7486339],[-75.5915757,5.7486057],[-75.5916046,5.748583],[-75.5916353,5.7485701],[-75.5916756,5.7485663],[-75.5917378,5.7485677],[-75.5918027,5.7485604],[-75.5918374,5.7485486],[-75.5918596,5.748528],[-75.5918664,5.7485097],[-75.5918681,5.7484907],[-75.5918544,5.7484161],[-75.5918553,5.7483841],[-75.5918646,5.7483569],[-75.5918972,5.7482943],[-75.5919085,5.7482576],[-75.5919104,5.748234],[-75.5919079,5.7482035],[-75.5919043,5.7481806],[-75.5918933,5.7481428],[-75.591869,5.7480889],[-75.5918266,5.7480454],[-75.5918039,5.7480061],[-75.5917928,5.747963],[-75.591787,5.7478933],[-75.59176,5.7477937],[-75.5917383,5.7477494],[-75.5917002,5.747688],[-75.5916931,5.7476595],[-75.5916961,5.7476441],[-75.5917285,5.7475843],[-75.5917464,5.747539],[-75.5917562,5.7475211],[-75.5917789,5.7474954],[-75.5918191,5.7474615],[-75.5918265,5.7474474],[-75.5918324,5.7474125],[-75.5918339,5.7473709],[-75.5918234,5.7471997],[-75.5918262,5.7471619],[-75.5918351,5.7471225],[-75.5918491,5.7470948],[-75.591869,5.7470692],[-75.5918985,5.7470428],[-75.5919294,5.7470209],[-75.5919451,5.7470044],[-75.5919552,5.746987],[-75.5919617,5.7469583],[-75.5919619,5.7469296],[-75.5919575,5.7468961],[-75.5919414,5.746809],[-75.5919292,5.7467655],[-75.5919197,5.7467524],[-75.5918605,5.7466951],[-75.5918352,5.7466649],[-75.5918164,5.74663],[-75.5918072,5.7465936],[-75.5918053,5.746534],[-75.591814,5.7464293],[-75.5918203,5.746295],[-75.5918263,5.7462376],[-75.5918462,5.7461506],[-75.5918487,5.7461095],[-75.5919071,5.745979],[-75.5919582,5.7458442],[-75.5919666,5.7458114],[-75.5919826,5.7457694],[-75.5920034,5.7457259],[-75.5920232,5.7456926],[-75.5920538,5.7456509],[-75.5920916,5.7456075],[-75.5921856,5.7455028],[-75.59233,5.745349],[-75.5923849,5.7452704],[-75.5924364,5.7451847],[-75.5924671,5.7451405],[-75.5924909,5.7451127],[-75.5925468,5.7450596],[-75.5925692,5.7450308],[-75.5925809,5.7449991],[-75.5925844,5.7449608],[-75.5925777,5.7449146],[-75.5925668,5.7448899],[-75.5925397,5.7448591],[-75.5924467,5.7448133],[-75.5923308,5.7447341],[-75.5922517,5.7446688],[-75.5922002,5.7446121],[-75.5921416,5.7445348],[-75.5921196,5.7445117],[-75.5920953,5.7444677],[-75.5920711,5.744452],[-75.5920596,5.7444403],[-75.5920508,5.7444205],[-75.5920464,5.7443912],[-75.5920412,5.7443819],[-75.5920247,5.7443659],[-75.5920129,5.7443425],[-75.5919901,5.7443202],[-75.5919319,5.7442928],[-75.5918948,5.7442814],[-75.5918699,5.7442859],[-75.5918588,5.7442845],[-75.5918464,5.7442787],[-75.5918336,5.7442653],[-75.5918115,5.7442568],[-75.591765,5.7442523],[-75.5917461,5.7442547],[-75.5917379,5.7442584],[-75.5917236,5.7442784],[-75.591707,5.7443751],[-75.5916789,5.7444596],[-75.5916685,5.744487],[-75.591659,5.7444942],[-75.5915047,5.7444148],[-75.5914653,5.744402],[-75.5914005,5.7443941],[-75.5913467,5.744379],[-75.5912931,5.7443575],[-75.5912621,5.7443394],[-75.5912371,5.7443186],[-75.5912199,5.7442981],[-75.5912093,5.7442786],[-75.5912,5.7442524],[-75.5911967,5.7441915],[-75.5912057,5.7441237],[-75.591209,5.7440503],[-75.591204,5.7440111],[-75.5911914,5.7439692],[-75.5911775,5.7439475],[-75.5911591,5.7439292],[-75.5911383,5.7439145],[-75.5911086,5.7438987],[-75.5910915,5.743884],[-75.5910557,5.7438249],[-75.5910234,5.7437898],[-75.5909858,5.7437411],[-75.5909482,5.7437015],[-75.5909261,5.7436893],[-75.5909042,5.7436877],[-75.590888,5.7436942],[-75.5908602,5.743719],[-75.590838,5.7437504],[-75.5908068,5.7438229],[-75.5907769,5.7439185],[-75.5907593,5.7439636],[-75.590694,5.7441035],[-75.5906281,5.7442303],[-75.5905936,5.7442839],[-75.5905774,5.7443029],[-75.5905683,5.7443055],[-75.59055,5.7442959],[-75.5905129,5.7442705],[-75.590484,5.7442571],[-75.5904521,5.7442306],[-75.5904396,5.7442078],[-75.5904311,5.7441839],[-75.5904241,5.7441762],[-75.5904117,5.7441719],[-75.5904047,5.7441618],[-75.5904066,5.7441537],[-75.5904237,5.7441561],[-75.5904249,5.7441543],[-75.5904328,5.7441285],[-75.5904251,5.7441185],[-75.5903967,5.7441275],[-75.5903648,5.7441434],[-75.5903434,5.7441604],[-75.5903207,5.7441868],[-75.5902721,5.7442695],[-75.5902405,5.7443098],[-75.5902038,5.7443407],[-75.5901642,5.7443567],[-75.5901154,5.7443652],[-75.5900687,5.7443684],[-75.5899458,5.7443714],[-75.5899158,5.744368],[-75.5898752,5.7443554],[-75.5897575,5.7442967],[-75.5897329,5.7442817],[-75.5897063,5.7442723],[-75.5896588,5.7442474],[-75.5896033,5.7442435],[-75.5895543,5.7442339],[-75.5895098,5.7442412],[-75.58948,5.7442494],[-75.5894144,5.7442911],[-75.5894055,5.7443],[-75.5893833,5.7443353],[-75.5893599,5.7443858],[-75.5893519,5.7443942],[-75.5893487,5.7442801],[-75.5893424,5.7442521],[-75.5893248,5.7442065],[-75.589321,5.7442032],[-75.5893142,5.7442047],[-75.589287,5.7442235],[-75.5892678,5.7442304],[-75.5892593,5.74423],[-75.5892542,5.744224],[-75.5892562,5.7441777],[-75.5892504,5.7441516],[-75.589248,5.7441232],[-75.5892366,5.7440878],[-75.5892374,5.7440516],[-75.5892315,5.744048],[-75.5891972,5.7440535],[-75.5891602,5.7440556],[-75.5891369,5.7440614],[-75.5891151,5.7440748],[-75.5891059,5.7440754],[-75.5890788,5.7440612],[-75.5890566,5.7440429],[-75.5890321,5.7440144],[-75.5890083,5.7439631],[-75.5890015,5.743926],[-75.5889979,5.743837],[-75.5889863,5.7438055],[-75.5889739,5.7437906],[-75.5889513,5.7437725],[-75.5889111,5.7437546],[-75.588841,5.7437291],[-75.5888093,5.743707],[-75.5887913,5.7436839],[-75.58877,5.7436421],[-75.5887461,5.7436069],[-75.5886776,5.7434914],[-75.5886485,5.7434568],[-75.5885967,5.7434093],[-75.5885637,5.7433689],[-75.5885464,5.743359],[-75.5885329,5.7433566],[-75.588516,5.7433595],[-75.5884972,5.7433714],[-75.5884844,5.7433861],[-75.5884701,5.7434131],[-75.5884366,5.7435003],[-75.5884155,5.7435436],[-75.5883905,5.7435853],[-75.588376,5.7436002],[-75.5883512,5.7436133],[-75.5883011,5.7436245],[-75.5882828,5.7436315],[-75.5882563,5.7436333],[-75.588228,5.7436313],[-75.5882059,5.7436218],[-75.5881921,5.7436092],[-75.5881494,5.7435472],[-75.5881276,5.743524],[-75.588091,5.7434973],[-75.5880247,5.7434601],[-75.5877754,5.7432444],[-75.5877506,5.7432189],[-75.5876944,5.7431485],[-75.5876677,5.743121],[-75.587647,5.7431072],[-75.5876306,5.7431038],[-75.5876167,5.7431051],[-75.5875994,5.7431115],[-75.5875849,5.7431233],[-75.587569,5.7431427],[-75.5875596,5.7431601],[-75.5875413,5.7432099],[-75.5875214,5.7432941],[-75.5874958,5.7433724],[-75.5874608,5.7434479],[-75.5874388,5.7434821],[-75.5874205,5.7435031],[-75.5873969,5.7435205],[-75.5872893,5.7435721],[-75.5872704,5.7435848],[-75.5872566,5.7435986],[-75.5872446,5.7436177],[-75.5872248,5.7436727],[-75.5872141,5.7436829],[-75.5871998,5.7436854],[-75.5871859,5.743681],[-75.587146,5.7436444],[-75.5871258,5.7436343],[-75.5871079,5.7436341],[-75.5870511,5.7436457],[-75.5870067,5.743648],[-75.5869797,5.7436454],[-75.5869392,5.74363],[-75.5869284,5.7436197],[-75.5869398,5.7436015],[-75.5869415,5.7435922],[-75.5869381,5.743582],[-75.5869305,5.7435752],[-75.5868658,5.7435504],[-75.5867396,5.7434742],[-75.586683,5.743436],[-75.5866254,5.7434074],[-75.5865748,5.743377],[-75.5865547,5.743361],[-75.5864871,5.7432932],[-75.5864671,5.7432806],[-75.5864507,5.7432771],[-75.5864107,5.7432774],[-75.586316,5.7432861],[-75.5862558,5.7432984],[-75.5862018,5.743316],[-75.5861781,5.7433209],[-75.5861144,5.7432683],[-75.5861997,5.7432156],[-75.5862627,5.7431849],[-75.5862993,5.7431704],[-75.586382,5.7431527],[-75.5864686,5.7431415],[-75.5865176,5.7431428],[-75.5865556,5.7431511],[-75.5865657,5.7431591],[-75.5865752,5.7431799],[-75.5866008,5.7432026],[-75.5866045,5.7432031],[-75.5866266,5.7432039],[-75.5867016,5.7432162],[-75.5867895,5.7432217],[-75.5868587,5.7432084],[-75.5868856,5.7431992],[-75.5869179,5.7431824],[-75.5869344,5.74317],[-75.5869862,5.7430954],[-75.5871635,5.7429276],[-75.5874208,5.742731],[-75.5874749,5.7426991],[-75.5875436,5.7426683],[-75.587634,5.7426405],[-75.5876973,5.7426315],[-75.5877327,5.742623],[-75.5877542,5.7426125],[-75.5877764,5.7425934],[-75.5877906,5.7425753],[-75.5878033,5.7425528],[-75.5878232,5.7424975],[-75.5878577,5.742326],[-75.5878628,5.7422831],[-75.5878633,5.7422505],[-75.5878508,5.7421571],[-75.5878045,5.7420444],[-75.5877919,5.7419834],[-75.5877439,5.7418172],[-75.5877318,5.7417599],[-75.5877274,5.7416898],[-75.5877275,5.741572],[-75.587734,5.7415188],[-75.5877486,5.7414674],[-75.5877623,5.741432],[-75.5877786,5.7413999],[-75.5877967,5.7413719],[-75.5878174,5.7413466],[-75.5878534,5.7413102],[-75.5879447,5.7412293],[-75.5880322,5.741137],[-75.588103,5.7410727],[-75.5881829,5.7409902],[-75.5882556,5.740906],[-75.5883188,5.7408187],[-75.5883695,5.7407614],[-75.5884072,5.7407098],[-75.5884326,5.7406562],[-75.5884521,5.7405842],[-75.5884561,5.7405322],[-75.5884503,5.7404859],[-75.5884219,5.7404427],[-75.5883911,5.7404113],[-75.588367,5.7403941],[-75.5883292,5.7403743],[-75.5883136,5.7403693],[-75.5882938,5.7403677],[-75.5882707,5.7403589],[-75.5882312,5.7403315],[-75.5881445,5.7402928],[-75.5880409,5.7402385],[-75.5880239,5.7402362],[-75.5879678,5.7402413],[-75.5879156,5.7402363],[-75.5878306,5.740236],[-75.5877227,5.740245],[-75.5876093,5.7402454],[-75.5875587,5.7402392],[-75.5874766,5.7402229],[-75.5873925,5.7402102],[-75.5873154,5.7402031],[-75.5872555,5.7402058],[-75.5871416,5.7402273],[-75.5871045,5.7402291],[-75.5870622,5.740205],[-75.5870123,5.7401874],[-75.586886,5.7401655],[-75.5868412,5.740151],[-75.5867626,5.7401124],[-75.5867491,5.7401037],[-75.5867477,5.7400948],[-75.586822,5.7400662],[-75.5869606,5.7400282],[-75.5869933,5.7400164],[-75.5870575,5.739981],[-75.5871187,5.739924],[-75.5872146,5.7398848],[-75.5872682,5.7398567],[-75.587336,5.7398071],[-75.5874894,5.7396714],[-75.5876462,5.7395567],[-75.5876851,5.7395215],[-75.5877189,5.739486],[-75.5877581,5.7394732],[-75.5877852,5.7394562],[-75.5878298,5.739434],[-75.5878483,5.7394334],[-75.587903,5.7394499],[-75.5879473,5.739452],[-75.5879839,5.7394466],[-75.588032,5.7394193],[-75.588046,5.7394162],[-75.5880669,5.7394268],[-75.588148,5.7394464],[-75.5881636,5.7394404],[-75.588183,5.7394176],[-75.5882126,5.7394157],[-75.5882727,5.7394308],[-75.5883522,5.7394793],[-75.5883789,5.7394891],[-75.5883999,5.7394922],[-75.5884433,5.7394871],[-75.5885251,5.7394602],[-75.5885884,5.7394293],[-75.5886244,5.7394075],[-75.5886951,5.7393498],[-75.5887907,5.7392938],[-75.588871,5.73924],[-75.5888977,5.7392155],[-75.5889261,5.7391803],[-75.5889653,5.7391076],[-75.588983,5.7390807],[-75.5889991,5.7390638],[-75.5890242,5.7390439],[-75.5890792,5.7390104],[-75.5891402,5.7389881],[-75.589155,5.7389846],[-75.5891817,5.7389858],[-75.5891961,5.7389829],[-75.5892038,5.7389751],[-75.5892023,5.7389691],[-75.5891631,5.7389355],[-75.5890537,5.7388552],[-75.5889767,5.7388067],[-75.5888886,5.7387581],[-75.5888433,5.7387406],[-75.5888108,5.7387333],[-75.5887718,5.7387305],[-75.5887032,5.738732],[-75.5886759,5.7387289],[-75.5886452,5.7387195],[-75.5886115,5.7386988],[-75.5885942,5.7386796],[-75.5885821,5.7386564],[-75.5885775,5.7386311],[-75.5885761,5.7385777],[-75.5885723,5.7385482],[-75.5885639,5.7385204],[-75.5885478,5.7384903],[-75.5885031,5.7384353],[-75.588437,5.7383797],[-75.5883977,5.7383376],[-75.5883586,5.7382863],[-75.5882885,5.7381801],[-75.588267,5.7381564],[-75.5882469,5.7381415],[-75.588201,5.7381249],[-75.5881407,5.7381199],[-75.5880589,5.7381213],[-75.5880507,5.7381249],[-75.5880401,5.7381366],[-75.5880339,5.7381375],[-75.5880309,5.7381237],[-75.5880139,5.7381081],[-75.5877737,5.7379607],[-75.5877012,5.737925],[-75.5875482,5.7378702],[-75.5873729,5.737824],[-75.5871442,5.7377395],[-75.587082,5.7377238],[-75.587016,5.7377262],[-75.586994,5.7377229],[-75.5869763,5.7377131],[-75.5869593,5.7376978],[-75.5869178,5.737636],[-75.5868967,5.7376117],[-75.5868704,5.7375886],[-75.5868417,5.7375714],[-75.5868227,5.7375694],[-75.5867939,5.737572],[-75.5866992,5.7375926],[-75.5866662,5.737591],[-75.5866415,5.7375821],[-75.586636,5.7375762],[-75.5866336,5.7375683],[-75.5866309,5.7375105],[-75.5866259,5.737486],[-75.5866119,5.7374587],[-75.5865969,5.7374464],[-75.5865616,5.7374279],[-75.586453,5.7373795],[-75.5863435,5.7373362],[-75.5862999,5.7373155],[-75.5862452,5.7372845],[-75.5862017,5.7372477],[-75.5861741,5.7372302],[-75.5861481,5.7372224],[-75.5861325,5.7372258],[-75.5861095,5.7372357],[-75.5860976,5.7372341],[-75.5860733,5.7371723],[-75.5860503,5.7371411],[-75.5860305,5.7371245],[-75.5859459,5.7370692],[-75.5859003,5.7370335],[-75.5858592,5.7369945],[-75.5857891,5.7369187],[-75.5857704,5.7368922],[-75.5857184,5.7367814],[-75.5856939,5.7367434],[-75.5856335,5.7366814],[-75.5855388,5.7366002],[-75.5854988,5.7365541],[-75.5854519,5.7365065],[-75.5854158,5.7364611],[-75.5853158,5.7363123],[-75.5852884,5.7362855],[-75.5852592,5.7362665],[-75.5852349,5.7362582],[-75.5851984,5.7362536],[-75.5851625,5.7362533],[-75.5851386,5.7362582],[-75.5851137,5.7362706],[-75.5849964,5.7363524],[-75.5849784,5.7363612],[-75.5849475,5.7363691],[-75.5849117,5.7363693],[-75.5848242,5.7363551],[-75.5847306,5.7363525],[-75.5845627,5.7363557],[-75.5845222,5.7363614],[-75.5844857,5.7363704],[-75.5844498,5.7363871],[-75.5843681,5.7364361],[-75.5842882,5.7364937],[-75.5841701,5.7366014],[-75.5840975,5.7366528],[-75.5840956,5.736643],[-75.5840984,5.7366291],[-75.5841418,5.7365061],[-75.5841405,5.7364614],[-75.5841566,5.7363988],[-75.5841651,5.7363447],[-75.5841666,5.7363077],[-75.5841731,5.7362635],[-75.5841708,5.736206],[-75.5841602,5.7361632],[-75.5841431,5.7361259],[-75.584124,5.7361044],[-75.5841014,5.7360917],[-75.5840699,5.7360855],[-75.5840391,5.736085],[-75.583944,5.7361035],[-75.5839328,5.7361022],[-75.5839077,5.7360912],[-75.5839036,5.7360649],[-75.5839067,5.7360474],[-75.5839287,5.7360068],[-75.5839934,5.7359114],[-75.5840031,5.7358831],[-75.5840068,5.7358492],[-75.5840056,5.7357823],[-75.5839956,5.7357302],[-75.5839677,5.7356635],[-75.5839354,5.7356139],[-75.5839031,5.7355787],[-75.5838689,5.7355497],[-75.583743,5.7354774],[-75.5836061,5.7354067],[-75.5835472,5.73538],[-75.583492,5.7353591],[-75.5833314,5.7352839],[-75.583273,5.7352532],[-75.5832299,5.735224],[-75.5831969,5.7351934],[-75.5831929,5.7351831],[-75.58324,5.735087],[-75.5832505,5.7350365],[-75.5832507,5.7350044],[-75.5832426,5.7349794],[-75.5831899,5.7348862],[-75.5831612,5.7348481],[-75.5830936,5.7347851],[-75.5830704,5.7347674],[-75.5830505,5.7347569],[-75.5828575,5.7347014],[-75.5827231,5.7346692],[-75.5826831,5.7346539],[-75.5826415,5.7346282],[-75.5825827,5.7346009],[-75.5825618,5.7345976],[-75.5825267,5.734597],[-75.5824934,5.7345916],[-75.5824889,5.7345796],[-75.5824902,5.7345195],[-75.5824844,5.7344646],[-75.5824556,5.7343348],[-75.58242,5.7342617],[-75.5823643,5.7341589],[-75.5823293,5.7341034],[-75.5822997,5.734066],[-75.582262,5.7340276],[-75.5822329,5.7340023],[-75.5822159,5.7339934],[-75.5821862,5.7339942],[-75.582169,5.7339803],[-75.5821611,5.7339782],[-75.5821363,5.7339827],[-75.5821059,5.7339955],[-75.5820829,5.7340152],[-75.5820732,5.7340415],[-75.5820665,5.7340425],[-75.58206,5.7340399],[-75.5820451,5.7340236],[-75.5820196,5.7340039],[-75.5819499,5.7339381],[-75.5819253,5.7339089],[-75.5818838,5.7338506],[-75.5818711,5.7338415],[-75.5818332,5.7338242],[-75.5817884,5.7338062],[-75.5817654,5.7338036],[-75.5817387,5.7338056],[-75.5816945,5.7338194],[-75.5816658,5.7338241],[-75.5815965,5.7338252],[-75.5815529,5.7338228],[-75.5815246,5.7338171],[-75.5814988,5.7338074],[-75.5814096,5.7337532],[-75.5813777,5.7337404],[-75.581343,5.733737],[-75.581215,5.7337416],[-75.5811662,5.7337455],[-75.5810584,5.7337642],[-75.5810257,5.7337727],[-75.580968,5.7337766],[-75.5808735,5.7337931],[-75.5807593,5.7338374],[-75.5806745,5.7338831],[-75.5806172,5.7339034],[-75.5805672,5.7339111],[-75.5805313,5.7339127],[-75.5804522,5.7338998],[-75.5804038,5.7338977],[-75.5803672,5.7339019],[-75.5803319,5.7339139],[-75.5803191,5.7339224],[-75.5803006,5.7339484],[-75.580255,5.7339793],[-75.5802418,5.7339849],[-75.5802318,5.7339849],[-75.5802249,5.7339901],[-75.58018,5.7340469],[-75.5801039,5.7341138],[-75.5800798,5.7341304],[-75.5800258,5.7341581],[-75.5799965,5.7341768],[-75.5799917,5.7341856],[-75.5799754,5.734253],[-75.5799814,5.7342831],[-75.5799805,5.7342923],[-75.5799568,5.734338],[-75.5799316,5.7343733],[-75.5799191,5.7343782],[-75.5797968,5.7343978],[-75.5797344,5.7344135],[-75.5796898,5.7344409],[-75.5796221,5.7344902],[-75.5795583,5.7345437],[-75.5795164,5.7345836],[-75.5794643,5.7346394],[-75.5793871,5.7347388],[-75.5793556,5.7348116],[-75.5793462,5.734848],[-75.5793359,5.7349166],[-75.5793324,5.7349238],[-75.5793242,5.7349293],[-75.5793123,5.7349195],[-75.5792981,5.7349018],[-75.5792371,5.7347996],[-75.5792152,5.734768],[-75.579189,5.7346618],[-75.5791762,5.7346305],[-75.5791534,5.7345939],[-75.5791269,5.7345664],[-75.5790863,5.73454],[-75.5790163,5.7344775],[-75.5789623,5.7344557],[-75.5789421,5.734444],[-75.5789345,5.7344349],[-75.5789447,5.7344211],[-75.5790183,5.7343594],[-75.5790698,5.7342928],[-75.5791155,5.7342483],[-75.5791321,5.7342389],[-75.579165,5.7342357],[-75.579172,5.7342313],[-75.5791901,5.7342016],[-75.5792134,5.7341482],[-75.5792156,5.7341306],[-75.5792151,5.7340262],[-75.5792087,5.73398],[-75.5791852,5.7338669],[-75.5791636,5.7338079],[-75.5791507,5.7337831],[-75.5791205,5.7337373],[-75.5790976,5.7337102],[-75.5790577,5.7336735],[-75.5790006,5.7336276],[-75.5789441,5.7335929],[-75.5788203,5.7335378],[-75.5787689,5.7335023],[-75.5787586,5.7334905],[-75.5787138,5.7334217],[-75.5785829,5.7332458],[-75.5785306,5.7331622],[-75.578507,5.7331071],[-75.5785019,5.7330785],[-75.578495,5.7329851],[-75.5784848,5.7328965],[-75.5784756,5.7328513],[-75.5784498,5.7327652],[-75.5784376,5.7327346],[-75.5784226,5.7327078],[-75.5784082,5.7326909],[-75.5783854,5.7326729],[-75.5783682,5.7326634],[-75.5783447,5.7326551],[-75.5783042,5.7326503],[-75.5782382,5.7326568],[-75.578154,5.7326732],[-75.5781108,5.7326934],[-75.5780247,5.7327603],[-75.5779927,5.73278],[-75.5779344,5.7327992],[-75.5778002,5.7328585],[-75.5777597,5.732869],[-75.5777423,5.7328685],[-75.5777385,5.7328625],[-75.5777339,5.7328419],[-75.5777218,5.7327666],[-75.5777186,5.7326863],[-75.5777202,5.7326586],[-75.5777172,5.7326443],[-75.5776993,5.7326125],[-75.5776052,5.7324765],[-75.5775747,5.7324245],[-75.577551,5.7323771],[-75.5774991,5.7323019],[-75.5774821,5.7322722],[-75.5774708,5.7322325],[-75.5774743,5.7321533],[-75.5774726,5.732132],[-75.5774499,5.7320571],[-75.5774437,5.7320218],[-75.5774279,5.7319638],[-75.5774079,5.731902],[-75.5773791,5.7318336],[-75.5773515,5.7317796],[-75.57733,5.7317554],[-75.5772964,5.7317358],[-75.5772649,5.7317269],[-75.5771835,5.7317184],[-75.5770896,5.7316997],[-75.5770447,5.7316991],[-75.576982,5.7317028],[-75.5769497,5.7317093],[-75.5768925,5.7317314],[-75.5768736,5.7317263],[-75.5768644,5.7317278],[-75.5768569,5.7317357],[-75.5768561,5.7317494],[-75.5768515,5.7317572],[-75.576825,5.7317786],[-75.5768071,5.7317873],[-75.5767808,5.7317952],[-75.5767396,5.7317965],[-75.5766859,5.7317785],[-75.5765667,5.7317319],[-75.5765184,5.7317072],[-75.5764583,5.731687],[-75.5764318,5.7316693],[-75.5764313,5.731651],[-75.5764201,5.7316408],[-75.5763794,5.7316225],[-75.576343,5.7316138],[-75.5763058,5.7315907],[-75.5762807,5.7315799],[-75.5762472,5.7315725],[-75.5762128,5.7315697],[-75.5761843,5.7315714],[-75.5761497,5.7315787],[-75.5761231,5.7315776],[-75.5760836,5.7315937],[-75.5760545,5.7316157],[-75.5760339,5.7316372],[-75.5760016,5.7316508],[-75.5759653,5.7316776],[-75.5759448,5.7316888],[-75.5759316,5.731683],[-75.5759183,5.7316817],[-75.5758804,5.7316935],[-75.5758629,5.7317117],[-75.575847,5.7317495],[-75.5758415,5.7317559],[-75.5757999,5.7317807],[-75.5757191,5.7318225],[-75.5756559,5.731863],[-75.575624,5.7318766],[-75.5755577,5.7318913],[-75.5755349,5.7319007],[-75.5755017,5.7319274],[-75.5754625,5.731981],[-75.5754349,5.732004],[-75.5754228,5.7320094],[-75.5753986,5.7320083],[-75.575371,5.7319996],[-75.5752734,5.7319579],[-75.5751394,5.7319091],[-75.5750509,5.7318835],[-75.5749792,5.7318693],[-75.5747604,5.7318667],[-75.5746914,5.7318681],[-75.5746441,5.7318737],[-75.5745989,5.7318829],[-75.5745673,5.7318936],[-75.5744556,5.7319488],[-75.5744283,5.7319549],[-75.5743956,5.7319566],[-75.5743493,5.7319507],[-75.574152,5.7319121],[-75.5740849,5.7319029],[-75.574007,5.7318794],[-75.5739293,5.7318515],[-75.5738986,5.7318436],[-75.5738721,5.7318405],[-75.5738267,5.731841],[-75.5737929,5.7318467],[-75.573756,5.7318573],[-75.5736647,5.7318982],[-75.5735389,5.7319684],[-75.5734577,5.7320341],[-75.573427,5.7320552],[-75.5733509,5.7320933],[-75.5732799,5.7321185],[-75.5731671,5.7321463],[-75.5731484,5.7321482],[-75.573095,5.7321466],[-75.5730482,5.7321536],[-75.5729949,5.7321791],[-75.5729718,5.732196],[-75.5729536,5.7322054],[-75.5729101,5.7322202],[-75.5728984,5.7322191],[-75.5728809,5.7321918],[-75.5728591,5.7321371],[-75.5728516,5.7321021],[-75.5728499,5.7320734],[-75.5728258,5.7319749],[-75.5728209,5.7319633],[-75.5728032,5.7319396],[-75.5728018,5.7319326],[-75.5728254,5.7318485],[-75.5728331,5.7318036],[-75.572832,5.7315776],[-75.5728357,5.7315348],[-75.5728444,5.7314855],[-75.5728551,5.7314445],[-75.5729032,5.7313333],[-75.572907,5.7313085],[-75.5729038,5.7312786],[-75.5728932,5.7312527],[-75.5728854,5.7312429],[-75.572863,5.7312341],[-75.5728452,5.7312207],[-75.5728273,5.7311975],[-75.5728118,5.7311861],[-75.5727605,5.731138],[-75.572735,5.7311056],[-75.5727178,5.7310458],[-75.5727117,5.7309683],[-75.5726946,5.7309134],[-75.5726805,5.7308831],[-75.5726455,5.7308227],[-75.5725997,5.7307192],[-75.5725404,5.7306064],[-75.5725026,5.7305168],[-75.5724885,5.730465],[-75.5724706,5.7304237],[-75.5724661,5.7303946],[-75.5724592,5.7302442],[-75.5724535,5.7302167],[-75.5724445,5.7301948],[-75.5724344,5.730178],[-75.5724188,5.7301609],[-75.5723677,5.730123],[-75.5723209,5.7300968],[-75.5722797,5.7300862],[-75.5722407,5.7300829],[-75.5720729,5.7300796],[-75.5719569,5.7300644],[-75.5719162,5.7300739],[-75.5718482,5.7301025],[-75.571829,5.7301056],[-75.5718163,5.7301035],[-75.5718076,5.7300982],[-75.5717845,5.7300675],[-75.5717671,5.73002],[-75.5717605,5.7300096],[-75.5717122,5.7299642],[-75.5717052,5.7299511],[-75.5717034,5.7299249],[-75.5717287,5.7298401],[-75.5717299,5.7297985],[-75.5717211,5.7297575],[-75.5716922,5.7296892],[-75.571682,5.7296499],[-75.5716805,5.7296054],[-75.5716889,5.7295242],[-75.571686,5.729494],[-75.5716727,5.7294633],[-75.5716552,5.7294396],[-75.5716335,5.7294211],[-75.5715668,5.7293782],[-75.5715604,5.7293674],[-75.5715581,5.7293552],[-75.5715644,5.7293314],[-75.5716213,5.7292758],[-75.5716288,5.7292643],[-75.5716371,5.729241],[-75.5716429,5.7291985],[-75.571644,5.7290763],[-75.571647,5.7290425],[-75.571654,5.7290019],[-75.5716863,5.7288911],[-75.5716878,5.7288722],[-75.5716843,5.7288517],[-75.5716786,5.7288398],[-75.5716531,5.7288152],[-75.5715836,5.7287891],[-75.5715663,5.7287798],[-75.5715575,5.7287704],[-75.5715529,5.7287592],[-75.5715515,5.7287335],[-75.5715566,5.7286763],[-75.5715549,5.7286409],[-75.5715469,5.7286179],[-75.5715343,5.7286034],[-75.5715117,5.7285902],[-75.5714877,5.7285819],[-75.5714618,5.7285774],[-75.571384,5.7285722],[-75.5713801,5.7285648],[-75.5713759,5.7285186],[-75.5713707,5.7285101],[-75.5713618,5.7285064],[-75.5713263,5.7285047],[-75.5713173,5.7285081],[-75.5712934,5.7285278],[-75.5712889,5.7285388],[-75.5713013,5.7285567],[-75.5713022,5.7285631],[-75.5712997,5.728565],[-75.5712843,5.7285642],[-75.5712731,5.7285547],[-75.5712705,5.7285383],[-75.5712557,5.728527],[-75.5712533,5.7285212],[-75.5712547,5.7284975],[-75.5712649,5.7284704],[-75.5712833,5.728445],[-75.5713278,5.7284002],[-75.5713408,5.7283779],[-75.5713535,5.7283437],[-75.5713699,5.7282741],[-75.5713869,5.7282198],[-75.5714602,5.7280662],[-75.5714638,5.7280436],[-75.5714597,5.7280204],[-75.5714483,5.7280013],[-75.571423,5.727976],[-75.5713609,5.7279338],[-75.5712804,5.7278872],[-75.5712327,5.7278684],[-75.5711935,5.7278622],[-75.5711471,5.7278645],[-75.5711068,5.7278767],[-75.5710771,5.727897],[-75.5710349,5.7279414],[-75.5710172,5.7279512],[-75.5709931,5.7279582],[-75.5709363,5.7279725],[-75.5709075,5.7279765],[-75.5708637,5.7279733],[-75.5708397,5.7279762],[-75.5707277,5.7279787],[-75.5707154,5.7279826],[-75.5706712,5.7280069],[-75.5706341,5.7279917],[-75.5705636,5.7279717],[-75.5705464,5.7279694],[-75.5705101,5.7279703],[-75.5704824,5.7279609],[-75.5704502,5.7279544],[-75.5704128,5.7279292],[-75.5703933,5.7279234],[-75.5703746,5.7279247],[-75.570187,5.7279578],[-75.5700942,5.7279642],[-75.5699264,5.7279649],[-75.5697123,5.7279525],[-75.5696128,5.727935],[-75.5694642,5.7278894],[-75.5693597,5.7278496],[-75.5693334,5.7278445],[-75.5693101,5.7278452],[-75.5693008,5.7278504],[-75.5692854,5.7278866],[-75.5692749,5.7279405],[-75.569269,5.7281582],[-75.5692554,5.728256],[-75.569257,5.7282679],[-75.5692722,5.7283109],[-75.5692736,5.7283374],[-75.5692704,5.7283615],[-75.5692459,5.7284289],[-75.5691704,5.7285454],[-75.5691565,5.72855],[-75.5691325,5.7285339],[-75.5691021,5.7284964],[-75.5690873,5.7284838],[-75.5690662,5.7284772],[-75.569031,5.7284741],[-75.569017,5.7284679],[-75.5690019,5.7284565],[-75.568941,5.7283866],[-75.5688324,5.7282788],[-75.5688023,5.7282544],[-75.5687844,5.7282451],[-75.5687532,5.7282348],[-75.5686721,5.7282228],[-75.5686064,5.7282038],[-75.5685874,5.7281953],[-75.5685727,5.7281776],[-75.5685499,5.7281689],[-75.5685205,5.7281435],[-75.5684909,5.728101],[-75.5684815,5.7280741],[-75.5684681,5.727984],[-75.5684402,5.7278805],[-75.5684183,5.7278102],[-75.5683968,5.7277706],[-75.5683026,5.7276419],[-75.5681903,5.7275148],[-75.5681288,5.7274364],[-75.5680643,5.7273689],[-75.5679975,5.727275],[-75.5679305,5.7271734],[-75.5678628,5.7270831],[-75.5678139,5.7270332],[-75.567712,5.7269445],[-75.5676828,5.726925],[-75.5676633,5.7269243],[-75.5676378,5.7269492],[-75.5676186,5.7269892],[-75.5676089,5.7270283],[-75.5676083,5.7274272],[-75.5676149,5.7275325],[-75.5676126,5.7275647],[-75.5676064,5.7275911],[-75.5675954,5.7276101],[-75.5675859,5.7276163],[-75.5675701,5.727621],[-75.5674932,5.727604],[-75.5674731,5.7276049],[-75.5674501,5.7276106]]},"properties":{"OBJECTID":286,"CNIdentif":"053906001286","CNAltura":700,"CNTipo":1,"RuleID":1}},{"type":"Feature","id":291,"geometry":{"type":"LineString","coordinates":[[-75.5678438,5.7290858],[-75.5678843,5.7290659],[-75.56792,5.729056],[-75.567945,5.7290577],[-75.5679721,5.7290701],[-75.5680046,5.7290931],[-75.5680379,5.7291219],[-75.5680703,5.7291575],[-75.5681215,5.7292015],[-75.5681732,5.7292535],[-75.5682815,5.7293348],[-75.5683293,5.7293771],[-75.568381,5.7294283],[-75.5684075,5.7294473],[-75.5684646,5.7294767],[-75.5684831,5.7294897],[-75.5685,5.7295087],[-75.568517,5.7295362],[-75.5685951,5.7297174],[-75.5686146,5.7297475],[-75.5686504,5.7297934],[-75.5687939,5.7299612],[-75.5688936,5.7300833],[-75.5689529,5.7301493],[-75.5690163,5.730212],[-75.5690984,5.730262],[-75.5691711,5.730328],[-75.5691863,5.7303282],[-75.5692129,5.7303166],[-75.5692799,5.7302976],[-75.5693076,5.7302866],[-75.5693419,5.7302615],[-75.5693901,5.730201],[-75.5694169,5.7301754],[-75.5694479,5.730164],[-75.5694762,5.7301642],[-75.5696123,5.7301885],[-75.5696376,5.7301983],[-75.5696624,5.7302147],[-75.5696908,5.7302443],[-75.5697351,5.7303051],[-75.569779,5.7303871],[-75.5698069,5.7304227],[-75.5698365,5.7304512],[-75.5698941,5.7304968],[-75.569986,5.7305589],[-75.570077,5.7306035],[-75.5701714,5.7306395],[-75.5702285,5.7306578],[-75.5704261,5.7307121],[-75.5705795,5.7307475],[-75.570767,5.7307608],[-75.5708221,5.7307582],[-75.5709569,5.7307315],[-75.5710246,5.7307219],[-75.5712529,5.7307164],[-75.5713645,5.7307168],[-75.5714007,5.7307236],[-75.5714541,5.7307419],[-75.5714726,5.7307543],[-75.5715077,5.7307875],[-75.571531,5.7307998],[-75.5716902,5.7308488],[-75.5717329,5.7308568],[-75.5717786,5.7308548],[-75.571834,5.7308414],[-75.5719603,5.7307968],[-75.5719963,5.7307875],[-75.572014,5.7307879],[-75.5720294,5.7307929],[-75.5720539,5.7308121],[-75.5720702,5.7308313],[-75.5720854,5.7308576],[-75.5721298,5.7309819],[-75.5721737,5.7311275],[-75.5721787,5.7311523],[-75.572179,5.7311743],[-75.5721684,5.7312092],[-75.572142,5.731241],[-75.5721135,5.7312829],[-75.572056,5.7313359],[-75.5719987,5.7313781],[-75.5719876,5.7313932],[-75.5719975,5.7314],[-75.5721684,5.731445],[-75.5722002,5.7314508],[-75.5722357,5.7314517],[-75.5722487,5.7314545],[-75.5722645,5.731462],[-75.5723178,5.7314985],[-75.5723734,5.7315428],[-75.5724411,5.7316379],[-75.5724596,5.7316689],[-75.5724802,5.7317152],[-75.5724958,5.7317745],[-75.5725014,5.7318132],[-75.5725047,5.7318519],[-75.572505,5.7319242],[-75.5724976,5.7319818],[-75.5724811,5.7320359],[-75.572449,5.7320979],[-75.5724146,5.7321512],[-75.5721639,5.7324411],[-75.5721024,5.7324931],[-75.5719912,5.7325689],[-75.5719533,5.7326019],[-75.5719347,5.7326266],[-75.5719352,5.7326386],[-75.5719506,5.732659],[-75.5719681,5.7326969],[-75.5719863,5.7327194],[-75.5719905,5.7327469],[-75.5719914,5.7328416],[-75.5719871,5.7329459],[-75.5719722,5.7330551],[-75.5719722,5.7330691],[-75.5719754,5.733076],[-75.5719794,5.7330768],[-75.5719885,5.7330699],[-75.5720414,5.7330132],[-75.572078,5.7329804],[-75.5721221,5.7329492],[-75.5721582,5.732932],[-75.5721939,5.7329237],[-75.5722443,5.7329218],[-75.5722596,5.7329252],[-75.5723103,5.7329452],[-75.5723621,5.7329479],[-75.5724268,5.7329448],[-75.5724712,5.7329361],[-75.57257,5.7328997],[-75.5727044,5.7328432],[-75.5727989,5.7327985],[-75.5729199,5.7327511],[-75.5731138,5.7326675],[-75.5731503,5.7326553],[-75.5731886,5.7326501],[-75.573237,5.7326534],[-75.5732929,5.7326672],[-75.5734127,5.7327073],[-75.5734472,5.7327114],[-75.5734758,5.7327054],[-75.5735109,5.7326869],[-75.5735455,5.7326501],[-75.5735709,5.7326082],[-75.5736034,5.7325316],[-75.5736224,5.7325038],[-75.5736547,5.7324781],[-75.5736722,5.732469],[-75.5736849,5.732466],[-75.574013,5.7324774],[-75.5740469,5.7324717],[-75.5741412,5.7324452],[-75.5742104,5.732442],[-75.5742619,5.7324478],[-75.5744262,5.732488],[-75.5745133,5.7325026],[-75.5745847,5.7325046],[-75.5746983,5.7324937],[-75.5747429,5.7324943],[-75.5747727,5.7324978],[-75.5748159,5.7325106],[-75.5748527,5.7325283],[-75.574964,5.7326071],[-75.574995,5.7326252],[-75.575078,5.7326547],[-75.5751467,5.7326893],[-75.5751995,5.7327002],[-75.5752493,5.7327182],[-75.5753371,5.7327598],[-75.5753611,5.7327661],[-75.5753822,5.7327681],[-75.5754251,5.7327635],[-75.5754383,5.7327573],[-75.575458,5.7327412],[-75.5754854,5.7327045],[-75.5755277,5.7326218],[-75.5755403,5.7326067],[-75.575565,5.7325877],[-75.575577,5.7325834],[-75.5756238,5.7325795],[-75.5756858,5.7325637],[-75.5757798,5.7325287],[-75.5758272,5.732515],[-75.5758795,5.7325085],[-75.5759633,5.7325116],[-75.5759751,5.7325205],[-75.5759832,5.7325394],[-75.5759983,5.7325475],[-75.5760855,5.7325662],[-75.5761015,5.7325657],[-75.5761139,5.732562],[-75.5761463,5.7325351],[-75.5761702,5.7325301],[-75.5763243,5.7325296],[-75.5763878,5.7325366],[-75.5764262,5.7325461],[-75.5764619,5.7325644],[-75.5765132,5.7325995],[-75.5765487,5.7326268],[-75.5765715,5.7326486],[-75.5766239,5.7327187],[-75.5766635,5.7327639],[-75.5767112,5.73283],[-75.5767613,5.7328794],[-75.5767797,5.7329016],[-75.5768068,5.7329425],[-75.5768804,5.7330353],[-75.5769344,5.7331221],[-75.5769559,5.7331999],[-75.5769568,5.733222],[-75.5769512,5.7332485],[-75.5769241,5.7333068],[-75.5769128,5.7333576],[-75.5768972,5.7334064],[-75.5768985,5.7334227],[-75.5769122,5.7334358],[-75.5769268,5.7334429],[-75.5770104,5.733457],[-75.5770761,5.7334601],[-75.5771341,5.7334705],[-75.5771529,5.7334687],[-75.5771892,5.7334584],[-75.5772171,5.7334638],[-75.5772353,5.7334757],[-75.5773261,5.7335836],[-75.5773507,5.7336243],[-75.5773794,5.7336844],[-75.5774584,5.7338832],[-75.5774866,5.7339452],[-75.5775127,5.733982],[-75.5776068,5.7340726],[-75.5776359,5.7341064],[-75.5776545,5.734133],[-75.577667,5.7341626],[-75.57768,5.734248],[-75.5776915,5.7342816],[-75.5777096,5.7343179],[-75.57777,5.7344078],[-75.5777967,5.734458],[-75.5778241,5.7345405],[-75.5778474,5.7346511],[-75.5778489,5.7346866],[-75.5778596,5.7347449],[-75.5778641,5.7348514],[-75.5778797,5.7349154],[-75.5778893,5.734923],[-75.5779358,5.7349438],[-75.5779817,5.7349702],[-75.5780157,5.734986],[-75.5780766,5.7350334],[-75.5781544,5.7351222],[-75.5782248,5.7352105],[-75.5782566,5.7352413],[-75.5782829,5.7352596],[-75.5783079,5.7352703],[-75.5783448,5.7352774],[-75.5785318,5.7352579],[-75.5785661,5.7352587],[-75.5786128,5.7352671],[-75.5786625,5.7352818],[-75.5787264,5.7353075],[-75.5788704,5.7353833],[-75.5789886,5.7354149],[-75.5790771,5.7354437],[-75.5791028,5.7354577],[-75.5791264,5.7354748],[-75.5792119,5.7355431],[-75.5792865,5.7356079],[-75.5793131,5.7356355],[-75.5793569,5.735696],[-75.5793703,5.7357096],[-75.5794608,5.7357628],[-75.5795026,5.7357791],[-75.5795151,5.7357799],[-75.5795653,5.7357395],[-75.5795994,5.7356962],[-75.5796085,5.7356781],[-75.5796135,5.7356597],[-75.5796178,5.7356099],[-75.5797207,5.7354286],[-75.5797811,5.7353118],[-75.5798607,5.7351763],[-75.5799174,5.7350982],[-75.5799589,5.7350508],[-75.5799941,5.7350221],[-75.5800473,5.7349961],[-75.580106,5.7349795],[-75.5801529,5.7349724],[-75.5801744,5.7349732],[-75.5802214,5.7349873],[-75.580319,5.7349996],[-75.5803548,5.7350095],[-75.5803908,5.7350236],[-75.5803951,5.7350056],[-75.5803901,5.7349671],[-75.5803925,5.7349341],[-75.580376,5.734852],[-75.5803727,5.734768],[-75.5803803,5.7347474],[-75.580413,5.7346988],[-75.5804512,5.7346646],[-75.5804876,5.7346368],[-75.5805245,5.7346136],[-75.5805649,5.7345934],[-75.5806087,5.7345781],[-75.5806444,5.7345693],[-75.5807451,5.7345607],[-75.580782,5.7345454],[-75.58081,5.7345185],[-75.5809302,5.734367],[-75.5809524,5.7343432],[-75.5809696,5.7343304],[-75.5810046,5.7343143],[-75.5810345,5.734307],[-75.5810506,5.7343066],[-75.581063,5.7343129],[-75.5810771,5.7343251],[-75.5811013,5.7343548],[-75.5811365,5.7344154],[-75.5811602,5.7344672],[-75.5811677,5.7344962],[-75.5811843,5.7346055],[-75.581185,5.7347099],[-75.581189,5.7347484],[-75.5811932,5.7347622],[-75.5812017,5.7347762],[-75.5812266,5.7348016],[-75.5812562,5.7348117],[-75.5812751,5.7348145],[-75.5813862,5.7348174],[-75.5814162,5.7348212],[-75.5814599,5.7348327],[-75.5814845,5.7348449],[-75.5815337,5.7348818],[-75.5815954,5.7349367],[-75.5817137,5.735058],[-75.5818003,5.7351561],[-75.5818435,5.7351951],[-75.5818677,5.7352108],[-75.5818943,5.7352206],[-75.5819201,5.7352227],[-75.5819799,5.7352207],[-75.5820026,5.7352244],[-75.5820289,5.7352338],[-75.5820436,5.7352422],[-75.5820614,5.7352604],[-75.5820968,5.7353212],[-75.5821131,5.7353317],[-75.5821337,5.7353318],[-75.5821785,5.7353203],[-75.5822097,5.7353236],[-75.5822313,5.7353393],[-75.5822416,5.7353564],[-75.582247,5.735377],[-75.5822517,5.7354182],[-75.5822608,5.7354312],[-75.5822852,5.7354318],[-75.5823665,5.7354128],[-75.5824111,5.7354146],[-75.5824359,5.7354216],[-75.5824767,5.7354399],[-75.582566,5.7354948],[-75.5825939,5.7355175],[-75.5826314,5.7355562],[-75.5826573,5.7355901],[-75.5826694,5.7356119],[-75.5826771,5.7356326],[-75.5826822,5.7356594],[-75.5826875,5.7357749],[-75.5827048,5.7358141],[-75.5827139,5.7358231],[-75.5829285,5.7358524],[-75.5829496,5.7358614],[-75.5829905,5.7358883],[-75.5830312,5.7358999],[-75.5831213,5.7359092],[-75.5832962,5.7359108],[-75.5833468,5.7359175],[-75.5833888,5.7359316],[-75.5834088,5.7359419],[-75.5834519,5.7359708],[-75.5834806,5.7359966],[-75.5835122,5.7360368],[-75.5835439,5.7360926],[-75.5835535,5.7361197],[-75.5835569,5.7361495],[-75.583552,5.7362022],[-75.5835533,5.7362651],[-75.5835563,5.7362785],[-75.5835635,5.7362849],[-75.5836183,5.7363112],[-75.5836525,5.7363194],[-75.5837364,5.7363328],[-75.5837696,5.7363458],[-75.5837896,5.7363613],[-75.583809,5.7363821],[-75.5838184,5.7363995],[-75.5838252,5.7364214],[-75.5838269,5.736463],[-75.5838155,5.7365129],[-75.5837143,5.7367358],[-75.5836852,5.7368137],[-75.5836787,5.7368446],[-75.5836773,5.7368683],[-75.5836803,5.7369028],[-75.5836851,5.7369203],[-75.5836997,5.7369474],[-75.5837166,5.7369704],[-75.5837752,5.7370339],[-75.5838898,5.7371723],[-75.5839166,5.7371997],[-75.5839847,5.7372581],[-75.5840562,5.7373087],[-75.5840666,5.7373128],[-75.5840747,5.7373034],[-75.5841173,5.7371801],[-75.5841379,5.7371451],[-75.5841559,5.7371217],[-75.5841991,5.7370787],[-75.5843023,5.7370104],[-75.5843262,5.7369904],[-75.5843381,5.736976],[-75.5843515,5.7369492],[-75.5843615,5.7369171],[-75.5843707,5.7368193],[-75.584378,5.7367899],[-75.5843857,5.7367724],[-75.5844005,5.7367494],[-75.5844225,5.7367254],[-75.5844612,5.7366929],[-75.5844959,5.7366699],[-75.5845539,5.7366403],[-75.584601,5.7366247],[-75.5846613,5.7366133],[-75.5847297,5.7366108],[-75.5848276,5.7366136],[-75.5848697,5.736622],[-75.5849634,5.7366493],[-75.5850731,5.7366538],[-75.585092,5.7366568],[-75.5851164,5.7366651],[-75.5851441,5.7366822],[-75.5851678,5.7367023],[-75.5852695,5.7368041],[-75.5853802,5.7369064],[-75.585418,5.7369491],[-75.5854816,5.7370439],[-75.5855118,5.737081],[-75.5855604,5.7371276],[-75.58565,5.7372055],[-75.585699,5.7372557],[-75.5857179,5.7372812],[-75.585743,5.737326],[-75.5857826,5.7374476],[-75.5858111,5.737483],[-75.5858449,5.7375031],[-75.5858824,5.7375135],[-75.5859129,5.7375159],[-75.5860254,5.7375157],[-75.5860657,5.7375205],[-75.5861067,5.7375292],[-75.5861389,5.737538],[-75.586177,5.7375546],[-75.5862062,5.7375739],[-75.5862252,5.737591],[-75.5862457,5.7376198],[-75.5862561,5.7376551],[-75.5862574,5.7376999],[-75.5862517,5.7377619],[-75.5862538,5.7377878],[-75.5862625,5.7378111],[-75.5862845,5.7378354],[-75.5863274,5.7378542],[-75.5863777,5.7378612],[-75.5864963,5.7378574],[-75.5866185,5.7378379],[-75.5866581,5.73784],[-75.5866917,5.7378515],[-75.5867193,5.7378728],[-75.5867413,5.7379081],[-75.5867595,5.7379532],[-75.5867829,5.7380452],[-75.5867969,5.7380793],[-75.5868186,5.7381081],[-75.5868438,5.7381201],[-75.5868743,5.738123],[-75.5869126,5.7381177],[-75.5870871,5.7380658],[-75.5871371,5.7380554],[-75.587165,5.7380534],[-75.5871914,5.738055],[-75.5872181,5.7380639],[-75.5872387,5.7380781],[-75.5872875,5.7381247],[-75.5873334,5.73816],[-75.5874751,5.7382567],[-75.5875272,5.7383004],[-75.5875854,5.7383547],[-75.5876164,5.738379],[-75.5877667,5.7384622],[-75.587929,5.7385613],[-75.5879631,5.7385903],[-75.5880388,5.7386643],[-75.5881428,5.7387544],[-75.5881583,5.7387757],[-75.5881652,5.738795],[-75.5881666,5.7388129],[-75.58816,5.7388251],[-75.588144,5.7388347],[-75.5881224,5.7388403],[-75.5880436,5.7388395],[-75.5880354,5.7388453],[-75.5879997,5.7388909],[-75.5879905,5.7388967],[-75.5879677,5.7389039],[-75.5879337,5.7389053],[-75.5878953,5.7389002],[-75.5878136,5.7388741],[-75.5877291,5.7388533],[-75.587666,5.7388537],[-75.5876466,5.7388568],[-75.5876343,5.7388619],[-75.5875842,5.7389104],[-75.5875544,5.7389353],[-75.5875256,5.7389693],[-75.5875066,5.7389861],[-75.5874762,5.7390061],[-75.5874043,5.7390421],[-75.5873494,5.7390821],[-75.5873147,5.7391201],[-75.5872373,5.7392232],[-75.587152,5.7393181],[-75.5870461,5.7394118],[-75.5869695,5.7394878],[-75.586919,5.7395236],[-75.5868789,5.7395422],[-75.5868388,5.7395536],[-75.5868048,5.7395583],[-75.5866766,5.7395624],[-75.5866387,5.7395583],[-75.5865079,5.7395125],[-75.5864142,5.739471],[-75.5863671,5.7394611],[-75.5863392,5.7394461],[-75.5861969,5.7393824],[-75.5861858,5.7393947],[-75.5861453,5.739505],[-75.5861135,5.7395633],[-75.5860951,5.7396172],[-75.5860817,5.7396444],[-75.5859701,5.7397554],[-75.5859082,5.7398114],[-75.5858645,5.739844],[-75.5858245,5.7398653],[-75.5857925,5.7398764],[-75.5857577,5.7398819],[-75.5855641,5.7398836],[-75.5855083,5.7398866],[-75.5854538,5.7398965],[-75.5853717,5.7399172],[-75.5853376,5.7399303],[-75.5852685,5.7399689],[-75.585148,5.7400564],[-75.5851256,5.7400674],[-75.5850991,5.7400754],[-75.5850664,5.7400793],[-75.5850218,5.7400784],[-75.5849758,5.740071],[-75.5849369,5.7400584],[-75.5849178,5.7400684],[-75.5849031,5.7400723],[-75.5847905,5.7400728],[-75.5847369,5.7400845],[-75.5847135,5.7400927],[-75.5846697,5.7401256],[-75.5846346,5.7401419],[-75.5846132,5.7401407],[-75.5845838,5.7401219],[-75.5845659,5.7401168],[-75.584551,5.7401207],[-75.5845256,5.7401341],[-75.584493,5.7401463],[-75.5844473,5.7401574],[-75.5844046,5.7401605],[-75.5843441,5.7401556],[-75.5843286,5.7401598],[-75.5843282,5.7401673],[-75.5843319,5.7401765],[-75.5843527,5.7402012],[-75.5845067,5.7403179],[-75.5845225,5.740338],[-75.5845433,5.7403753],[-75.5847351,5.7404223],[-75.5848608,5.7404594],[-75.5849203,5.7404848],[-75.5849902,5.7405069],[-75.5850451,5.7405338],[-75.5850548,5.7405318],[-75.5850675,5.7405174],[-75.585102,5.7404316],[-75.5851136,5.7404268],[-75.5851382,5.7404257],[-75.5852034,5.7404312],[-75.5852313,5.7404386],[-75.585273,5.7404548],[-75.5853909,5.7404875],[-75.5854399,5.7405152],[-75.5856237,5.740565],[-75.5856885,5.7405697],[-75.5857687,5.740563],[-75.5858137,5.7405631],[-75.5858566,5.7405673],[-75.585899,5.7405771],[-75.5859395,5.7405952],[-75.5859808,5.7406217],[-75.5860025,5.7406406],[-75.5860387,5.7406818],[-75.5860598,5.7406947],[-75.5860712,5.7406925],[-75.586081,5.7406852],[-75.5861108,5.7406489],[-75.5861243,5.7406372],[-75.5861471,5.7406297],[-75.586167,5.7406319],[-75.5861957,5.7406456],[-75.5862545,5.7406854],[-75.5863419,5.7407649],[-75.5864059,5.7408004],[-75.586439,5.7408109],[-75.5864922,5.740821],[-75.5865951,5.7408229],[-75.5866377,5.740828],[-75.5866807,5.7408412],[-75.5867697,5.7408816],[-75.5867972,5.7408901],[-75.586839,5.7408982],[-75.5869259,5.7409096],[-75.5870307,5.7409082],[-75.5871025,5.7408975],[-75.5872083,5.7408675],[-75.5873038,5.7408287],[-75.5873757,5.7407901],[-75.5874477,5.7407426],[-75.5875551,5.7406624],[-75.5876009,5.7406337],[-75.5876606,5.7406068],[-75.5877176,5.7405925],[-75.5877538,5.7405923],[-75.5877888,5.7406027],[-75.5878175,5.7406179],[-75.5878381,5.7406378],[-75.5878506,5.7406623],[-75.5878601,5.7406982],[-75.5878623,5.7407422],[-75.5878595,5.7407758],[-75.5878474,5.7408216],[-75.5878262,5.7408613],[-75.5876744,5.7410882],[-75.5876138,5.7411836],[-75.5875613,5.7412534],[-75.5874622,5.7413644],[-75.5874368,5.7414012],[-75.5874136,5.7414416],[-75.5873939,5.7414917],[-75.5873762,5.7415641],[-75.5873091,5.7419269],[-75.5872928,5.742],[-75.5872768,5.7420539],[-75.5872591,5.7421034],[-75.5872399,5.7421406],[-75.5872142,5.7421766],[-75.5871823,5.7422099],[-75.587147,5.7422385],[-75.5870935,5.7422739],[-75.5870262,5.7423124],[-75.5869407,5.7423543],[-75.5868909,5.7423858],[-75.5868505,5.7424211],[-75.586796,5.7424835],[-75.5867577,5.742518],[-75.5867069,5.7425488],[-75.5866312,5.7425833],[-75.5865895,5.7426094],[-75.5860982,5.7429877],[-75.5860412,5.7430262],[-75.5859787,5.7430557],[-75.5858391,5.7430935],[-75.5857524,5.7431249],[-75.5854917,5.7432389],[-75.5853928,5.7432855],[-75.5852158,5.7433536],[-75.585173,5.7433759],[-75.5851491,5.7433965],[-75.5851294,5.7434228],[-75.5850561,5.7435775],[-75.5850251,5.7436272],[-75.5849975,5.7436602],[-75.5849742,5.743682],[-75.5849484,5.7437016],[-75.5849033,5.7437297],[-75.5848211,5.7437639],[-75.584709,5.7437928],[-75.5845609,5.7438566],[-75.5844708,5.7438836],[-75.5844036,5.7438943],[-75.5843526,5.7438976],[-75.5841809,5.7438986],[-75.5840944,5.7438922],[-75.5840081,5.7438925],[-75.583951,5.743904],[-75.5839193,5.7439183],[-75.5839004,5.7439302],[-75.583871,5.7439555],[-75.5838443,5.7439907],[-75.5838256,5.7440263],[-75.5838053,5.7440796],[-75.5838058,5.7440926],[-75.5838258,5.7441301],[-75.5838358,5.7441766],[-75.5838052,5.7442429],[-75.5837944,5.7443343],[-75.5837952,5.7443837],[-75.5837841,5.7444298],[-75.5837851,5.7444929],[-75.5837754,5.7445748],[-75.5837468,5.7446641],[-75.5837321,5.7446905],[-75.5837046,5.7447262],[-75.5836659,5.7447594],[-75.5836212,5.7447848],[-75.5834768,5.744846],[-75.5834645,5.7448555],[-75.5834645,5.7448593],[-75.5834708,5.7448695],[-75.5834879,5.7449253],[-75.583487,5.7449456],[-75.5835013,5.7449479],[-75.583516,5.7449548],[-75.5835368,5.7449579],[-75.5835515,5.7449643],[-75.583582,5.7449668],[-75.5835973,5.7449724],[-75.5836458,5.7449743],[-75.5836782,5.7449812],[-75.5837635,5.744981],[-75.583789,5.7449659],[-75.5838205,5.7449395],[-75.5838374,5.7449208],[-75.5838561,5.7448863],[-75.5838654,5.7448507],[-75.5838679,5.7447634],[-75.5838777,5.7447176],[-75.5838871,5.7446903],[-75.583903,5.7446626],[-75.5839412,5.744613],[-75.5839616,5.7445764],[-75.5840017,5.7444284],[-75.5840416,5.7443374],[-75.5840637,5.7443089],[-75.5840936,5.7442949],[-75.5841273,5.7442897],[-75.584181,5.7442903],[-75.5842606,5.7443021],[-75.5843947,5.7443361],[-75.5844454,5.7443535],[-75.5844876,5.7443729],[-75.5845652,5.7444239],[-75.58463,5.7444756],[-75.5847759,5.7446276],[-75.5848939,5.7447445],[-75.5849135,5.7447599],[-75.5849535,5.7447847],[-75.5849833,5.744794],[-75.5849956,5.7447842],[-75.5850071,5.7447792],[-75.5850163,5.7447794],[-75.5850314,5.7447858],[-75.5850405,5.7447829],[-75.5850533,5.7447615],[-75.5850663,5.7447084],[-75.5850775,5.7446937],[-75.5850968,5.74468],[-75.5851871,5.7446423],[-75.5852993,5.7446072],[-75.5853888,5.7445724],[-75.5854707,5.7445352],[-75.58553,5.7444942],[-75.5855678,5.7444597],[-75.5855944,5.7444241],[-75.5856586,5.7442982],[-75.5856764,5.7442707],[-75.5857063,5.7442383],[-75.5857579,5.7441988],[-75.5858206,5.7441655],[-75.5858563,5.7441536],[-75.5859025,5.7441509],[-75.5859267,5.7441563],[-75.5859452,5.7441644],[-75.5859751,5.744187],[-75.5860016,5.7442198],[-75.5860371,5.744284],[-75.5860741,5.7443601],[-75.5861187,5.7444706],[-75.5861539,5.7445711],[-75.586192,5.7447144],[-75.5862416,5.744812],[-75.586261,5.7448563],[-75.5862807,5.744937],[-75.5863,5.745086],[-75.5863217,5.745186],[-75.5863488,5.7452679],[-75.586386,5.7453615],[-75.5864228,5.7454418],[-75.5864653,5.7455231],[-75.5864894,5.7455789],[-75.5865076,5.7456284],[-75.5865276,5.7457001],[-75.5865386,5.7457627],[-75.5865374,5.7459352],[-75.5865433,5.7459468],[-75.586556,5.7459567],[-75.5866489,5.7459775],[-75.5866532,5.7459813],[-75.5866592,5.7459972],[-75.5866494,5.7460104],[-75.586627,5.7460229],[-75.5865824,5.7460306],[-75.5865611,5.7460224],[-75.5865591,5.7460327],[-75.5866424,5.7462017],[-75.5866617,5.7462355],[-75.5866782,5.7462565],[-75.5867299,5.7462951],[-75.5867533,5.7463057],[-75.5868381,5.7463342],[-75.5868806,5.7463592],[-75.5869185,5.7463762],[-75.5869524,5.7463858],[-75.5869837,5.7463861],[-75.5869972,5.7463952],[-75.5870361,5.7463979],[-75.5870643,5.7463946],[-75.5871125,5.7463769],[-75.5871519,5.7463556],[-75.5871725,5.7463403],[-75.5871866,5.746321],[-75.587201,5.746279],[-75.5872065,5.7462305],[-75.5872111,5.7462126],[-75.5872238,5.746185],[-75.5872482,5.7461456],[-75.5872541,5.7461297],[-75.5872574,5.7460738],[-75.5872634,5.7460338],[-75.5872566,5.7459965],[-75.5872564,5.7459597],[-75.5872651,5.7459469],[-75.5872779,5.7459357],[-75.5873216,5.7459043],[-75.5873449,5.745891],[-75.587399,5.7458723],[-75.5874679,5.7458612],[-75.5875248,5.7458486],[-75.5875791,5.7458299],[-75.5876144,5.7458102],[-75.5876915,5.7457998],[-75.5877426,5.7458118],[-75.5878282,5.7458424],[-75.587918,5.7458794],[-75.5879902,5.7459157],[-75.5880196,5.7459364],[-75.5880696,5.7459932],[-75.5881493,5.7460674],[-75.5881681,5.7460931],[-75.5882069,5.7461589],[-75.5882416,5.7462059],[-75.5883044,5.7462789],[-75.5883739,5.7463503],[-75.5883947,5.7463782],[-75.5884051,5.7463985],[-75.5884115,5.7464225],[-75.5884148,5.7464611],[-75.5884154,5.7465201],[-75.5884217,5.746575],[-75.5884319,5.746604],[-75.5884497,5.7466316],[-75.5885455,5.7467212],[-75.5885579,5.7467275],[-75.5885773,5.7467299],[-75.5885974,5.7467403],[-75.5886389,5.7467672],[-75.5886641,5.7467873],[-75.5886848,5.7468163],[-75.5887121,5.7468983],[-75.5887387,5.7469443],[-75.5887626,5.7469648],[-75.5888156,5.7469926],[-75.5888462,5.7470209],[-75.5888893,5.7470548],[-75.5889117,5.7470819],[-75.58893,5.7471221],[-75.5889528,5.7471947],[-75.58897,5.747236],[-75.5889949,5.7472702],[-75.5890394,5.7473111],[-75.5890482,5.7473309],[-75.5890415,5.7473524],[-75.5890283,5.7473736],[-75.5889437,5.7474672],[-75.58894,5.7474783],[-75.5889412,5.747488],[-75.5889634,5.7474927],[-75.5890234,5.747489],[-75.5890679,5.7474965],[-75.5890852,5.7475068],[-75.5891235,5.7475431],[-75.5891486,5.7475555],[-75.5891956,5.7475703],[-75.5892104,5.747579],[-75.5892216,5.7475901],[-75.5892538,5.7476399],[-75.5893123,5.7477156],[-75.5893374,5.7477654],[-75.5893479,5.7477998],[-75.5893526,5.7478394],[-75.5893491,5.7478722],[-75.5893393,5.7479026],[-75.5893144,5.7479536],[-75.589311,5.747969],[-75.5893121,5.747976],[-75.5893484,5.7479934],[-75.5894325,5.7480184],[-75.5896647,5.7481006],[-75.5897184,5.7481248],[-75.5897396,5.7481377],[-75.5897735,5.7481684],[-75.5897837,5.7481841],[-75.5897886,5.7481987],[-75.5897899,5.7482295],[-75.5897758,5.748278],[-75.589778,5.7482894],[-75.5897861,5.7482992],[-75.5898303,5.7483084],[-75.5899873,5.7483104],[-75.5900489,5.7483222],[-75.5900897,5.7483217],[-75.5901316,5.7483419],[-75.5901599,5.7483441],[-75.5901814,5.7483507],[-75.5902003,5.7483528],[-75.5902596,5.7483523],[-75.590321,5.7483411],[-75.5903701,5.7483379],[-75.5904217,5.7483405],[-75.5904506,5.7483476],[-75.5904765,5.7483578],[-75.5905207,5.7483945],[-75.5905333,5.748447],[-75.5905306,5.7484704],[-75.5905249,5.74849],[-75.5904787,5.7485519],[-75.5903893,5.7487026],[-75.5903631,5.7487657],[-75.5903432,5.7488238],[-75.5903419,5.7488518],[-75.5903783,5.7488875],[-75.5903983,5.7489223],[-75.5904048,5.7489422],[-75.5904039,5.7489561],[-75.590393,5.7489932],[-75.5903913,5.7490186],[-75.5903786,5.7490459],[-75.5903758,5.7490742],[-75.5903811,5.7491126],[-75.5903779,5.7491271],[-75.5903703,5.7491312],[-75.590352,5.7491229],[-75.5903383,5.7491323],[-75.590298,5.7491827],[-75.5902755,5.7492273],[-75.5902379,5.7492849],[-75.5901153,5.7494155],[-75.5900693,5.7494523],[-75.5899874,5.7494925],[-75.589967,5.7495128],[-75.5899457,5.7495596],[-75.589926,5.7496182],[-75.5899185,5.7496641],[-75.5899096,5.7496956],[-75.589893,5.7497313],[-75.5898765,5.7497539],[-75.5898577,5.7497709],[-75.5898409,5.7497814],[-75.5897947,5.7497999],[-75.5897856,5.7498077],[-75.5897805,5.7498166],[-75.5897687,5.7499167],[-75.5897499,5.7499896],[-75.5897452,5.7500188],[-75.5897543,5.7501146],[-75.5897503,5.7501754],[-75.5897469,5.7501925],[-75.5897302,5.7502333],[-75.5897168,5.7502553],[-75.5896973,5.7502783],[-75.5896495,5.7503209],[-75.589603,5.7503708],[-75.5895808,5.7503864],[-75.5895586,5.7503964],[-75.5894958,5.7504121],[-75.5894922,5.7504155],[-75.5894885,5.7504333],[-75.5894764,5.7504433],[-75.5894749,5.7504598],[-75.5894808,5.7504839],[-75.5895053,5.7505415],[-75.5895328,5.7505951],[-75.589542,5.7506219],[-75.5895436,5.7506422],[-75.5895419,5.7506557],[-75.5895301,5.75069],[-75.5895176,5.7507101],[-75.5894721,5.7507675],[-75.589459,5.7507898],[-75.5894497,5.7508168],[-75.5894444,5.7508561],[-75.5894415,5.7509661],[-75.5894451,5.7510771],[-75.5894427,5.7510925],[-75.5894361,5.7511086],[-75.5894257,5.7511214],[-75.5893909,5.7511438],[-75.5893718,5.7511607],[-75.5893043,5.7512651],[-75.5892572,5.7513077],[-75.5892503,5.751321],[-75.5892306,5.751384],[-75.5892103,5.7514142],[-75.5891978,5.7514235],[-75.5891763,5.7514295],[-75.5891422,5.7514271],[-75.5891309,5.7514221],[-75.5891204,5.7514218],[-75.5891036,5.7514284],[-75.5890885,5.751444],[-75.589049,5.7515202],[-75.5890179,5.751611],[-75.5889867,5.7516698],[-75.5889554,5.7517105],[-75.5888888,5.7517799],[-75.5888387,5.7518195],[-75.5888308,5.7518288],[-75.5888279,5.7518383],[-75.5888285,5.7519106],[-75.5888252,5.7519398],[-75.5888309,5.751973],[-75.5888279,5.7520245],[-75.5888308,5.7520804],[-75.588828,5.7521191],[-75.5888237,5.7521286],[-75.5888088,5.7521411],[-75.5887815,5.7521553],[-75.5887093,5.7521752],[-75.5886693,5.7522],[-75.5885342,5.7522731],[-75.5885109,5.7522832],[-75.5884903,5.7523011],[-75.5884729,5.7523312],[-75.5884762,5.7523398],[-75.5884884,5.7523456],[-75.5886937,5.7524096],[-75.5887739,5.752429],[-75.5888301,5.7524533],[-75.5889463,5.7524965],[-75.5889726,5.7525102],[-75.5890067,5.7525442],[-75.5890121,5.752552],[-75.5890186,5.7525724],[-75.5890441,5.7526064],[-75.5890648,5.752625],[-75.5890722,5.7526646],[-75.5890962,5.7527312],[-75.5891051,5.7527809],[-75.5891275,5.7528307],[-75.5891726,5.7528851],[-75.589216,5.7529229],[-75.5892518,5.7529595],[-75.589283,5.7530038],[-75.5892924,5.7530394],[-75.5892966,5.7530781],[-75.5893035,5.7531065],[-75.5892995,5.7531447],[-75.5893082,5.7531752],[-75.589318,5.753188],[-75.5893591,5.7532278],[-75.5894145,5.7533082],[-75.5894278,5.7533225],[-75.5894387,5.7533275],[-75.5894793,5.7533369],[-75.5894966,5.7533379],[-75.589545,5.7533184],[-75.5895621,5.7533052],[-75.5895689,5.7532576],[-75.5895853,5.7532175],[-75.589619,5.7531596],[-75.5896546,5.7531142],[-75.5896707,5.7530818],[-75.5896734,5.7530415],[-75.5896538,5.7529467],[-75.5896552,5.75291],[-75.5896639,5.7528784],[-75.5896805,5.7528429],[-75.5896995,5.7528155],[-75.5897224,5.7527947],[-75.5897466,5.7527838],[-75.5897672,5.7527801],[-75.5898314,5.7527864],[-75.5898675,5.7527955],[-75.5899541,5.7528301],[-75.5899991,5.7528447],[-75.5900549,5.7528545],[-75.5900919,5.7528522],[-75.5902026,5.7528273],[-75.5902206,5.7528159],[-75.5902265,5.7528019],[-75.5902262,5.752789],[-75.5902112,5.7527429],[-75.5901452,5.7526198],[-75.5901169,5.7525539],[-75.590108,5.7525129],[-75.5901093,5.7524823],[-75.5900762,5.7524626],[-75.5900584,5.7524478],[-75.5900297,5.7524127],[-75.5900281,5.7524018],[-75.5900311,5.7524071],[-75.5900425,5.7524108],[-75.590087,5.7524419],[-75.590109,5.7524532],[-75.5901172,5.7524546],[-75.5901448,5.7524436],[-75.5901883,5.7524459],[-75.590261,5.752472],[-75.5902915,5.7524904],[-75.5903336,5.7524984],[-75.5903697,5.7525163],[-75.5903982,5.7525362],[-75.5904193,5.7525552],[-75.5905106,5.7526589],[-75.5905521,5.7526987],[-75.5905917,5.7527316],[-75.5906573,5.7527737],[-75.5907505,5.7528216],[-75.5908208,5.7528623],[-75.5908646,5.7528828],[-75.5908841,5.7528891],[-75.5909136,5.7528938],[-75.5909705,5.7528958],[-75.5910314,5.752892],[-75.5910891,5.7528928],[-75.5911553,5.7529062],[-75.5912093,5.7529654],[-75.5912443,5.7529929],[-75.5912699,5.7530024],[-75.5913117,5.7530086],[-75.5913631,5.7530003],[-75.5913677,5.7529905],[-75.5913632,5.752983],[-75.5913481,5.7529713],[-75.5913477,5.7529567],[-75.5913574,5.7529491],[-75.5913698,5.7529449],[-75.5913986,5.7529471],[-75.591411,5.7529522],[-75.5914138,5.7529569],[-75.5913993,5.7529784],[-75.5913971,5.752993],[-75.5913992,5.753],[-75.5914094,5.7530016],[-75.5914384,5.7529976],[-75.5914981,5.7529954],[-75.5915373,5.7529986],[-75.5915694,5.753006],[-75.5916147,5.7530237],[-75.5916792,5.7530574],[-75.5917107,5.7530807],[-75.5917367,5.753095],[-75.5917617,5.7531161],[-75.5918151,5.7531525],[-75.5918738,5.7531802],[-75.5919025,5.7531894],[-75.5919471,5.7531972],[-75.59204,5.753202],[-75.5920726,5.7532085],[-75.5921288,5.7532133],[-75.5921696,5.7532136],[-75.592213,5.7532058],[-75.5922759,5.7531885],[-75.5923474,5.7531535],[-75.5924141,5.7531052],[-75.5925212,5.7530084],[-75.5925579,5.7529851],[-75.5925764,5.7529815],[-75.5925938,5.7529834],[-75.5926174,5.7529904],[-75.5926456,5.7530066],[-75.5926512,5.7530041],[-75.5926585,5.7529732],[-75.5926755,5.7529473],[-75.5926887,5.7528776],[-75.5927086,5.7528232],[-75.5927288,5.7527738],[-75.5927542,5.7527241],[-75.5927827,5.7526837],[-75.5928296,5.7526299],[-75.5929034,5.7525018],[-75.5929554,5.7524235],[-75.5929939,5.7523798],[-75.5930461,5.7523331],[-75.5930873,5.7522836],[-75.5931054,5.7522749],[-75.5931237,5.7522744],[-75.5931456,5.7522794],[-75.5932049,5.7523017],[-75.5932217,5.7523048],[-75.5932306,5.7523021],[-75.5932386,5.7522881],[-75.5932465,5.7522805],[-75.593253,5.7522779],[-75.593269,5.7522786],[-75.5932756,5.7522742],[-75.5933197,5.7521884],[-75.5933395,5.752165],[-75.5933659,5.7521494],[-75.5933934,5.7521482],[-75.5935246,5.752174],[-75.593588,5.7522007],[-75.593647,5.7522407],[-75.5936884,5.7522807],[-75.5937046,5.7523047],[-75.5937204,5.7523385],[-75.5937288,5.7523802],[-75.5937285,5.7524238],[-75.5937188,5.7524875],[-75.5936938,5.7526064],[-75.5936903,5.752647],[-75.5936937,5.7526811],[-75.5936997,5.7527011],[-75.5937122,5.7527245],[-75.5937262,5.7527417],[-75.5937509,5.7527563],[-75.5937792,5.7527616],[-75.5938131,5.7527568],[-75.593894,5.7527388],[-75.5939926,5.7527308],[-75.594065,5.7527299],[-75.5940989,5.7527344],[-75.5941235,5.752745],[-75.5941376,5.7527564],[-75.5941478,5.7527733],[-75.5941512,5.752803],[-75.5941448,5.7528298],[-75.5941064,5.7529075],[-75.5940936,5.7529256],[-75.5940565,5.7530023],[-75.5940459,5.7530464],[-75.5940459,5.7530918],[-75.5940572,5.7531523],[-75.5940757,5.7532017],[-75.594111,5.7532521],[-75.5941889,5.7533277],[-75.5942126,5.7533581],[-75.5942249,5.7533955],[-75.5942289,5.753443],[-75.5942226,5.7534865],[-75.594206,5.7535405],[-75.5941322,5.7536983],[-75.5941197,5.7537345],[-75.5941068,5.753795],[-75.5941155,5.7538137],[-75.5941022,5.7538302],[-75.5941007,5.7538381],[-75.5941117,5.7538389],[-75.5941353,5.7538208],[-75.5941493,5.7538184],[-75.5941604,5.7538237],[-75.5941759,5.7538397],[-75.5942145,5.75385],[-75.5942579,5.7538663],[-75.5942955,5.7539012],[-75.5943043,5.7539058],[-75.5943679,5.7539046],[-75.5943923,5.7539017],[-75.5944003,5.7539034],[-75.5944228,5.7539177],[-75.5944416,5.7539481],[-75.594478,5.7539714],[-75.5944869,5.75398],[-75.5944898,5.7539916],[-75.5944846,5.7540076],[-75.5944849,5.7540176],[-75.5944925,5.7540115],[-75.5944984,5.7540011],[-75.5945166,5.7539942],[-75.5945397,5.7539775],[-75.5945571,5.753969],[-75.594577,5.753964],[-75.5946089,5.7539645],[-75.5946317,5.7539731],[-75.5946846,5.753984],[-75.5947347,5.7539832],[-75.5947598,5.753979],[-75.5947814,5.7539648],[-75.594846,5.7538766],[-75.5948993,5.7538276],[-75.5949357,5.7538052],[-75.5949803,5.7537873],[-75.5950261,5.7537755],[-75.5950647,5.753771],[-75.5951731,5.7537691],[-75.5953418,5.7537747],[-75.5954786,5.7537703],[-75.5955092,5.753773],[-75.5955369,5.7537808],[-75.595563,5.7537918],[-75.5956322,5.7538309],[-75.5956576,5.7538411],[-75.5957089,5.7538522],[-75.5957309,5.7538619],[-75.595767,5.7538707],[-75.5957999,5.7538848],[-75.5958246,5.7538912],[-75.5959091,5.753929],[-75.5959586,5.7539584],[-75.5959935,5.7539872],[-75.5960205,5.7540143],[-75.5960726,5.7540814],[-75.5961148,5.754151],[-75.5961436,5.7541762],[-75.5962151,5.7542219],[-75.5962511,5.7542404],[-75.5963201,5.7542649],[-75.596382,5.7542807],[-75.5964542,5.7543037],[-75.5965107,5.7543172],[-75.5965353,5.75433],[-75.5965512,5.7543512],[-75.5965555,5.7543714],[-75.596551,5.7543921],[-75.5965374,5.7544126],[-75.5965182,5.7544266],[-75.5964914,5.7544379],[-75.5964605,5.7544461],[-75.596356,5.7544616],[-75.5963231,5.7544692],[-75.5962982,5.7544813],[-75.5962806,5.7545023],[-75.5962758,5.7545266],[-75.59628,5.7545747],[-75.5963082,5.7547055],[-75.59633,5.7547746],[-75.5963426,5.754797],[-75.5963576,5.754814],[-75.5963705,5.7548231],[-75.5963884,5.7548289],[-75.5964055,5.7548304],[-75.5964297,5.7548275],[-75.5966056,5.7547767],[-75.5967446,5.7547196],[-75.5967683,5.7547166],[-75.5968009,5.7547207],[-75.5968136,5.7547303],[-75.5968224,5.7547486],[-75.5968258,5.7547692],[-75.5968237,5.7548023],[-75.5968255,5.7548287],[-75.5968277,5.7548382],[-75.5968374,5.7548511],[-75.5968573,5.7548665],[-75.5969484,5.7549079],[-75.5969868,5.7549313],[-75.5970323,5.7549674],[-75.5970936,5.755028],[-75.597124,5.7550531],[-75.5971919,5.7550976],[-75.5972525,5.7551265],[-75.5972868,5.7551517],[-75.5972996,5.7551643],[-75.5973157,5.7551898],[-75.597317,5.7552052],[-75.5973145,5.7552206],[-75.5973,5.7552407],[-75.5972861,5.7552538],[-75.5972635,5.7552539],[-75.5972489,5.7552581],[-75.5971987,5.7552993],[-75.5971984,5.7553087],[-75.5972159,5.7553605],[-75.5972123,5.7553699],[-75.5972041,5.7553797],[-75.5971816,5.7553966],[-75.5971509,5.7554093],[-75.5971083,5.7554235],[-75.5970542,5.7554336],[-75.5970427,5.7554423],[-75.5970466,5.755448],[-75.5970824,5.7554615],[-75.5970959,5.7554756],[-75.5971082,5.7554956],[-75.5971342,5.7554991],[-75.5971654,5.755518],[-75.5971992,5.7555304],[-75.597212,5.7555398],[-75.5972548,5.7555916],[-75.5972819,5.7556326],[-75.5972914,5.7556541],[-75.5972925,5.755684],[-75.5973367,5.7557044],[-75.5973572,5.7557199],[-75.597376,5.7557457],[-75.59741,5.7558118],[-75.5974329,5.7558389],[-75.5974529,5.7558559],[-75.5975022,5.7558759],[-75.5975508,5.7558775],[-75.5976353,5.7558575],[-75.59768,5.7558378],[-75.5976932,5.7558347],[-75.5977259,5.7558561],[-75.5977434,5.755861],[-75.5977528,5.7558598],[-75.5977585,5.7558513],[-75.5977569,5.7558384],[-75.5977471,5.7558069],[-75.597734,5.7557889],[-75.5977325,5.7557825],[-75.5977418,5.7557323],[-75.5977431,5.7556773],[-75.5977474,5.7556393],[-75.5977539,5.7556176],[-75.5977674,5.7555953],[-75.5977869,5.7555801],[-75.5978144,5.7555675],[-75.5978673,5.7555554],[-75.5979257,5.755555],[-75.5979719,5.7555622],[-75.5981565,5.755602],[-75.598226,5.755628],[-75.5982475,5.7556421],[-75.5982612,5.7556555],[-75.5982781,5.7556831],[-75.5983038,5.7557705],[-75.5983208,5.7558086],[-75.5983533,5.7558531],[-75.5984022,5.7558989],[-75.5984542,5.7559247],[-75.5984915,5.755935],[-75.5985336,5.7559386],[-75.5985791,5.7559468],[-75.5987317,5.7559476],[-75.5987633,5.7559554],[-75.5987857,5.7559658],[-75.5987937,5.7559748],[-75.5988046,5.7560008],[-75.5988223,5.756061],[-75.5988372,5.756099],[-75.5988471,5.7561158],[-75.5988681,5.7561408],[-75.5989016,5.75617],[-75.5989629,5.7562131],[-75.5990808,5.7562756],[-75.5991116,5.756294],[-75.599144,5.7563207],[-75.5991627,5.756347],[-75.5991662,5.7563749],[-75.5991567,5.7563978],[-75.599124,5.756442],[-75.5991171,5.756459],[-75.5991157,5.7564773],[-75.5991191,5.7564945],[-75.5991481,5.7565565],[-75.599161,5.7565909],[-75.5991664,5.7566284],[-75.5991606,5.7566676],[-75.5991374,5.7567271],[-75.599136,5.7567528],[-75.5991403,5.7567687],[-75.5991482,5.7567832],[-75.5991785,5.7568218],[-75.5992002,5.7568409],[-75.5992035,5.7568498],[-75.5991813,5.7568805],[-75.5991604,5.7569444],[-75.5991283,5.7570253],[-75.599111,5.7570619],[-75.5990921,5.7570893],[-75.5990891,5.7571025],[-75.5990949,5.7571103],[-75.5991421,5.757144],[-75.5991815,5.7571917],[-75.5991903,5.7572099],[-75.5992022,5.757258],[-75.5992182,5.7572957],[-75.5992229,5.7573248],[-75.5992346,5.7573551],[-75.5992431,5.757396],[-75.5992547,5.7574264],[-75.5992564,5.7574577],[-75.5992639,5.7574898],[-75.5992716,5.7575539],[-75.5992742,5.7576298],[-75.5992709,5.7577489],[-75.5992633,5.7578027],[-75.5992503,5.7578439],[-75.599242,5.7578526],[-75.5991978,5.7578812],[-75.5991687,5.7579117],[-75.5991295,5.757966],[-75.5990863,5.758033],[-75.5990505,5.7581014],[-75.5990351,5.7581505],[-75.5990214,5.7582379],[-75.599021,5.7582652],[-75.5990264,5.758317],[-75.5990323,5.7583319],[-75.5990401,5.7583336],[-75.5990762,5.7583238],[-75.5990856,5.758318],[-75.5991271,5.7582458],[-75.5991474,5.7582178],[-75.5992412,5.7581126],[-75.5992899,5.7580525],[-75.5993797,5.7579546],[-75.5994053,5.7579192],[-75.5994247,5.7578814],[-75.5996262,5.7576759],[-75.5997241,5.7576051],[-75.5997493,5.7575822],[-75.5997637,5.7575559],[-75.5997821,5.7574792],[-75.5998053,5.7574331],[-75.5998414,5.757395],[-75.5998849,5.7573709],[-75.5999165,5.7573609],[-75.5999549,5.7573552],[-75.5999907,5.7573568],[-75.6000279,5.7573654],[-75.600079,5.7573828],[-75.6001321,5.7574071],[-75.6002456,5.7574695],[-75.6003048,5.7574898],[-75.600288,5.7575815],[-75.6002879,5.7576022],[-75.6003264,5.7577626],[-75.6003338,5.7577883],[-75.6003426,5.757798],[-75.6003556,5.7577748],[-75.6003739,5.757716],[-75.6003851,5.7576647],[-75.6003885,5.7576176],[-75.6003823,5.7575849],[-75.6003541,5.757504],[-75.6003414,5.7574809],[-75.6003265,5.7574774],[-75.6003242,5.7574746],[-75.600324,5.7574643],[-75.6003322,5.7574534],[-75.6003495,5.7574488],[-75.6003595,5.7574322],[-75.6003714,5.7573729],[-75.600383,5.757272],[-75.6003999,5.7572281],[-75.6004197,5.7572028],[-75.6004394,5.757188],[-75.6004665,5.757177],[-75.600505,5.7571714],[-75.6005499,5.7571717],[-75.6007681,5.7571862],[-75.6008224,5.7571949],[-75.6008655,5.7572085],[-75.6009188,5.7572183],[-75.6009556,5.757245],[-75.6009945,5.7572569],[-75.6010251,5.7572585],[-75.6010526,5.7572705],[-75.6010711,5.7573028],[-75.601097,5.7573164],[-75.6011331,5.7573526],[-75.6011553,5.7573673],[-75.6011769,5.757371],[-75.601186,5.7573769],[-75.6012093,5.7574244],[-75.6012302,5.757427],[-75.6012555,5.7574221],[-75.6012874,5.7574205],[-75.6013244,5.7574409],[-75.6013386,5.7574538],[-75.6013666,5.7575028],[-75.6013894,5.7575296],[-75.6014193,5.7575764],[-75.6014254,5.757596],[-75.6014227,5.7576289],[-75.6014244,5.7576491],[-75.6014726,5.7577269],[-75.6014901,5.7577457],[-75.601508,5.757759],[-75.6015749,5.757778],[-75.6016014,5.7577882],[-75.6016548,5.7578159],[-75.6016858,5.7578388],[-75.601692,5.7578501],[-75.6017005,5.7578818],[-75.6017234,5.7579055],[-75.6017622,5.7579737],[-75.6018469,5.7581025],[-75.601867,5.7581465],[-75.6018803,5.7581603],[-75.6018919,5.7581597],[-75.601906,5.7581475],[-75.6019181,5.7581255],[-75.6019241,5.7580894],[-75.6019261,5.758049],[-75.6019167,5.7579771],[-75.6019079,5.7579692],[-75.6018699,5.7579569],[-75.6018659,5.7579522],[-75.601863,5.7579404],[-75.6018603,5.7579096],[-75.6018621,5.7578141],[-75.6018583,5.7577475],[-75.6018592,5.7576889],[-75.6018528,5.7576421],[-75.6018551,5.757609],[-75.6018637,5.7575775],[-75.6018574,5.7575612],[-75.6018344,5.7575334],[-75.6018297,5.7575131],[-75.6018343,5.757501],[-75.6018677,5.7574798],[-75.6018727,5.7574688],[-75.6018729,5.7574553],[-75.6018676,5.7574218],[-75.6018476,5.7573757],[-75.601843,5.7573525],[-75.601829,5.7573274],[-75.6018224,5.7573037],[-75.6018252,5.7572622],[-75.6018312,5.7572542],[-75.6018553,5.7572344],[-75.601859,5.7572265],[-75.6018573,5.7572111],[-75.601837,5.7571951],[-75.6018325,5.7571854],[-75.6018347,5.7571756],[-75.6018476,5.7571546],[-75.6018625,5.757107],[-75.6018562,5.7570983],[-75.6018088,5.7570693],[-75.6017926,5.7570403],[-75.6017739,5.7570285],[-75.6017386,5.7569863],[-75.6017288,5.7569888],[-75.6016983,5.7570048],[-75.6016899,5.7570042],[-75.6016793,5.7569954],[-75.6016773,5.7569875],[-75.601689,5.7568869],[-75.601688,5.7568374],[-75.6016925,5.756828],[-75.6017007,5.756823],[-75.6017364,5.7568133],[-75.6017495,5.7568127],[-75.6017562,5.7568142],[-75.6017742,5.7568316],[-75.6017743,5.7568413],[-75.6017827,5.7568508],[-75.6017817,5.7568054],[-75.6017915,5.7567948],[-75.6018544,5.7567683],[-75.6019298,5.7567304],[-75.6019835,5.7566941],[-75.6020696,5.756609],[-75.6020922,5.7565964],[-75.6021141,5.7565948],[-75.6021663,5.7566046],[-75.6022181,5.7566234],[-75.6022533,5.7566419],[-75.602279,5.7566619],[-75.6023021,5.7566847],[-75.6023229,5.7567134],[-75.6023359,5.7567404],[-75.6023502,5.7567862],[-75.6023712,5.7568766],[-75.6023796,5.7568956],[-75.6023967,5.7569158],[-75.6024294,5.7569376],[-75.6024861,5.7569625],[-75.6025257,5.7569744],[-75.602578,5.7569858],[-75.6026034,5.756998],[-75.6026755,5.7570564],[-75.6027272,5.7570856],[-75.6027639,5.7571118],[-75.6027894,5.7571361],[-75.6028081,5.7571628],[-75.6028283,5.7572113],[-75.6028381,5.7572651],[-75.6028422,5.7573224],[-75.6028371,5.7573609],[-75.6028256,5.7573977],[-75.6028082,5.7574334],[-75.6027714,5.7574938],[-75.6027287,5.7575564],[-75.6027153,5.7575825],[-75.6027068,5.7576096],[-75.602705,5.7576359],[-75.6027066,5.7576668],[-75.6027101,5.7576786],[-75.602725,5.7577148],[-75.6027438,5.7577456],[-75.6027529,5.757759],[-75.6027815,5.7577885],[-75.602816,5.7578133],[-75.6029045,5.7578569],[-75.6029526,5.7578754],[-75.6030013,5.7578895],[-75.6030326,5.757903],[-75.6030944,5.7579216],[-75.6031299,5.75794],[-75.6031551,5.7579429],[-75.6032317,5.7579336],[-75.6032617,5.7579385],[-75.6032876,5.7579542],[-75.60331,5.7579818],[-75.6033412,5.7580011],[-75.603372,5.758037],[-75.6033873,5.7580476],[-75.6034006,5.758047],[-75.6034573,5.7580261],[-75.6034759,5.7580226],[-75.6035227,5.7580272],[-75.6035649,5.7580257],[-75.6035937,5.7580208],[-75.6036666,5.7580346],[-75.6036747,5.758039],[-75.6036852,5.7580516],[-75.6037005,5.7580876],[-75.6037094,5.7581006],[-75.6037141,5.7581172],[-75.603716,5.7581434],[-75.6037221,5.7581529],[-75.6037982,5.758145],[-75.6038517,5.7581255],[-75.6038908,5.7581014],[-75.6039317,5.7580703],[-75.6040221,5.7579798],[-75.6040527,5.7579545],[-75.6040893,5.7579344],[-75.6041704,5.7578982],[-75.6042334,5.7578624],[-75.6042637,5.7578515],[-75.6044436,5.7578222],[-75.6046691,5.7578033],[-75.6046867,5.7578057],[-75.604779,5.7578456],[-75.6048347,5.7578608],[-75.6049023,5.7578691],[-75.604956,5.75787],[-75.6050049,5.757876],[-75.6050491,5.7578944],[-75.6051054,5.7579292],[-75.6051979,5.7579995],[-75.6052187,5.7580222],[-75.6052359,5.7580465],[-75.6052506,5.7580913],[-75.6052548,5.7581209],[-75.6052548,5.7581515],[-75.6052234,5.7583043],[-75.6052216,5.7583276],[-75.605228,5.7583601],[-75.6052453,5.7583879],[-75.6052827,5.758417],[-75.6053499,5.7584532],[-75.6053836,5.7584789],[-75.6054324,5.7584977],[-75.6054818,5.7585245],[-75.6054704,5.7585683],[-75.6054768,5.7585789],[-75.6054901,5.7585887],[-75.6055218,5.758606],[-75.6055818,5.7586257],[-75.6055949,5.7586505],[-75.6056135,5.7586641],[-75.6057239,5.7587034],[-75.6057595,5.7587215],[-75.6057848,5.7587405],[-75.6058191,5.7587777],[-75.6058991,5.758902],[-75.6059282,5.7589579],[-75.6059544,5.7590219],[-75.6059695,5.759068],[-75.6059778,5.7591094],[-75.6059807,5.7591481],[-75.6059764,5.7591915],[-75.6059549,5.7592505],[-75.6059367,5.7592868],[-75.6058925,5.7593586],[-75.6058761,5.759396],[-75.6058715,5.7594211],[-75.6058658,5.759508],[-75.6058747,5.7595354],[-75.6059005,5.7595875],[-75.6059478,5.7596703],[-75.6059852,5.759727],[-75.6060122,5.7597636],[-75.6060434,5.7597962],[-75.6060699,5.7598146],[-75.6061193,5.7598419],[-75.6061421,5.7598599],[-75.6061519,5.7598774],[-75.60615,5.7598864],[-75.6061428,5.7598955],[-75.6061293,5.7599053],[-75.6061111,5.759913],[-75.6060633,5.7599241],[-75.6060065,5.7599295],[-75.6058777,5.7599348],[-75.6058215,5.7599401],[-75.6057863,5.7599471],[-75.605543,5.7600497],[-75.6054403,5.7600985],[-75.6053944,5.7601158],[-75.6053456,5.7601283],[-75.6052735,5.7601283],[-75.6052355,5.7601334],[-75.6052142,5.7601399],[-75.6051696,5.7601634],[-75.6051015,5.7602091],[-75.6050703,5.7602212],[-75.6050463,5.7602246],[-75.6050196,5.7602238],[-75.6049913,5.7602185],[-75.6049475,5.7602054],[-75.6049168,5.7602036],[-75.6048307,5.7602322],[-75.6047954,5.7602398],[-75.6046988,5.7602524],[-75.6046633,5.7602618],[-75.6046458,5.7602731],[-75.6046236,5.7602957],[-75.6045845,5.7603557],[-75.604519,5.7604346],[-75.6045033,5.7604465],[-75.6044348,5.7604828],[-75.6043953,5.7605098],[-75.6043422,5.760556],[-75.6043084,5.7606096],[-75.6041467,5.7606727],[-75.6040738,5.7606897],[-75.6040625,5.7606993],[-75.6040652,5.760706],[-75.6040792,5.7607145],[-75.6041357,5.7607268],[-75.6041693,5.7607417],[-75.6042056,5.7607411],[-75.6043236,5.7607304],[-75.604363,5.7607332],[-75.6044068,5.7607435],[-75.6044323,5.7607531],[-75.6044654,5.7607727],[-75.6044938,5.7607991],[-75.6045083,5.7608212],[-75.6045185,5.7608455],[-75.6045253,5.7608732],[-75.6045306,5.7609249],[-75.6045374,5.7609581],[-75.6045374,5.7609803],[-75.6045265,5.7610497],[-75.6045232,5.7610965],[-75.6044978,5.7612407],[-75.6044871,5.7612677],[-75.6044557,5.7613078],[-75.6044452,5.7613532],[-75.6044435,5.7614359],[-75.6044534,5.7614897],[-75.6044486,5.761628],[-75.6044505,5.7616333],[-75.6044585,5.7616338],[-75.6045245,5.7616098],[-75.6045321,5.7616133],[-75.6045396,5.7616338],[-75.6045484,5.76169],[-75.6045571,5.7617223],[-75.6045341,5.761816],[-75.6045315,5.7618689],[-75.6045361,5.7618919],[-75.6045534,5.7619373],[-75.6045626,5.7619742],[-75.6045699,5.7620336],[-75.6045779,5.7621689],[-75.6045829,5.7621944],[-75.6045872,5.7622009],[-75.6045978,5.7621727],[-75.6046081,5.7621272],[-75.6046168,5.7620548],[-75.6046205,5.7619303],[-75.6046262,5.7619006],[-75.6046288,5.7618405],[-75.6046352,5.7618287],[-75.6046433,5.7618257],[-75.6046504,5.7618298],[-75.6046581,5.7618406],[-75.6046636,5.7618636],[-75.6046759,5.761896],[-75.6047009,5.7619208],[-75.6047094,5.7619357],[-75.6047202,5.7620068],[-75.6047448,5.762049],[-75.6047445,5.762063],[-75.6047381,5.7620839],[-75.6047432,5.7621133],[-75.604748,5.7621277],[-75.6047696,5.7621685],[-75.6047885,5.76219],[-75.6048109,5.7622087],[-75.6048443,5.7622161],[-75.6048517,5.7622219],[-75.6048559,5.7622331],[-75.6048598,5.7622895],[-75.6048627,5.7622965],[-75.6048725,5.7623006],[-75.6049449,5.7623156],[-75.6049396,5.7623268],[-75.6049217,5.7623236],[-75.6049173,5.7623326],[-75.604922,5.7623557],[-75.6049367,5.7623817],[-75.6049429,5.7623855],[-75.604958,5.7623876],[-75.6049677,5.7623758],[-75.6049786,5.7623685],[-75.6049849,5.7623582],[-75.6049942,5.7623597],[-75.6049957,5.7623685],[-75.6049826,5.7623779],[-75.6049751,5.7623962],[-75.604969,5.7624295],[-75.6049885,5.7624561],[-75.6050021,5.7624664],[-75.6050184,5.7624699],[-75.6050296,5.7624638],[-75.6050358,5.7624499],[-75.6050419,5.7624149],[-75.6050423,5.7623784],[-75.605039,5.7623555],[-75.6050325,5.7623431],[-75.6050091,5.7623146],[-75.6050208,5.7623099],[-75.6050392,5.7623089],[-75.605065,5.7623119],[-75.6050746,5.7623199],[-75.6050734,5.762349],[-75.605082,5.7623768],[-75.6050796,5.7624051],[-75.6050725,5.7624313],[-75.6050751,5.7624601],[-75.6051032,5.762527],[-75.6051155,5.7625408],[-75.6051418,5.7625506],[-75.6051496,5.7625601],[-75.605158,5.7625788],[-75.6051636,5.7626158],[-75.6051455,5.7626393],[-75.6051441,5.7626531],[-75.6052026,5.7628133],[-75.6052025,5.7628408],[-75.6052106,5.7628686],[-75.6052147,5.7629116],[-75.6052123,5.7630357],[-75.6052083,5.7630598],[-75.6051939,5.7630772],[-75.6051579,5.763102],[-75.6051248,5.7631551],[-75.6051109,5.763209],[-75.6051113,5.7632408],[-75.6051023,5.7632951],[-75.6050817,5.7633364],[-75.6050751,5.763363],[-75.6050627,5.7633811],[-75.6050453,5.7634239],[-75.6050467,5.7634864],[-75.6050655,5.7635676],[-75.6050721,5.7636157],[-75.6050745,5.7636711],[-75.6050283,5.7637882],[-75.6050154,5.7638072],[-75.6049905,5.7638339],[-75.604971,5.7639007],[-75.6049616,5.7639159],[-75.6049401,5.7639411],[-75.6049315,5.763957],[-75.6049267,5.764023],[-75.6049047,5.7641425],[-75.6049015,5.7642125],[-75.6048897,5.7642681],[-75.6048939,5.7643298],[-75.6048888,5.764359],[-75.6048912,5.7644034],[-75.6049058,5.7644466],[-75.6049392,5.7645011],[-75.6049471,5.764538],[-75.6049666,5.7645733],[-75.6049821,5.76462],[-75.605004,5.7646663],[-75.6050069,5.7646801],[-75.605006,5.764692],[-75.6049963,5.7646966],[-75.6049873,5.7646957],[-75.6049611,5.7646856],[-75.6049177,5.7646538],[-75.60489,5.7646453],[-75.604867,5.7646224],[-75.6048486,5.764613],[-75.6048352,5.7646113],[-75.6048066,5.7646145],[-75.6047598,5.7646374],[-75.6047442,5.7646326],[-75.6046927,5.7645995],[-75.6046603,5.7645923],[-75.6046215,5.7645971],[-75.6045574,5.7646307],[-75.6045108,5.7646476],[-75.6044701,5.7646487],[-75.6044259,5.7646323],[-75.6044025,5.7646203],[-75.6043921,5.7646123],[-75.6043662,5.764579],[-75.6043542,5.7645688],[-75.6043435,5.7645903],[-75.6043362,5.7646321],[-75.6043159,5.7646608],[-75.6042842,5.7646933],[-75.6042474,5.7647221],[-75.6042027,5.7647652],[-75.6041309,5.7648213],[-75.6041276,5.7648266],[-75.6041277,5.7648344],[-75.6041356,5.7648441],[-75.6042299,5.7649165],[-75.604338,5.7650714],[-75.6043516,5.7650842],[-75.6044169,5.7651282],[-75.6044459,5.7651533],[-75.6044653,5.7651788],[-75.6044855,5.7651987],[-75.6045016,5.7652292],[-75.6044952,5.7652458],[-75.6044712,5.7652828],[-75.6044332,5.7653546],[-75.6044044,5.7653976],[-75.6043428,5.7654626],[-75.6043015,5.7654937],[-75.6042894,5.7655087],[-75.604276,5.7655442],[-75.6042754,5.7656029],[-75.6042692,5.7656142],[-75.6042431,5.7656414],[-75.6042338,5.7656648],[-75.6042373,5.765677],[-75.60427,5.7657166],[-75.6043197,5.7657533],[-75.6043185,5.7657806],[-75.6043258,5.7658176],[-75.604324,5.7658629],[-75.6043321,5.7658807],[-75.6043411,5.7658896],[-75.6043513,5.7658935],[-75.6044266,5.7659046],[-75.604461,5.7659143],[-75.6044907,5.7659342],[-75.6045014,5.7659552],[-75.6045038,5.765968],[-75.6044957,5.766001],[-75.604448,5.7660914],[-75.6043972,5.7662004],[-75.6043415,5.7662962],[-75.6043084,5.7663453],[-75.6042901,5.7663901],[-75.604287,5.766422],[-75.6042904,5.7664366],[-75.6042971,5.7664482],[-75.6043191,5.7664703],[-75.6043873,5.7665117],[-75.6044067,5.7665282],[-75.6044175,5.7665434],[-75.6044259,5.7665637],[-75.6044288,5.7665906],[-75.6044207,5.7666209],[-75.6044032,5.7666472],[-75.6043466,5.7666989],[-75.6042741,5.7667752],[-75.6042706,5.7667928],[-75.6042754,5.7668268],[-75.6042747,5.7668533],[-75.6042686,5.7668796],[-75.6042556,5.7669139],[-75.6042548,5.7669273],[-75.6042613,5.7669375],[-75.6042701,5.7669427],[-75.6043705,5.7669765],[-75.6044155,5.7670002],[-75.6044449,5.7670292],[-75.6044886,5.7670577],[-75.6045105,5.7670811],[-75.6045634,5.7671275],[-75.6046382,5.7672062],[-75.6047373,5.7673241],[-75.6049034,5.7675327],[-75.6049459,5.7675805],[-75.6049724,5.7676274],[-75.6050151,5.7676932],[-75.6050366,5.7677481],[-75.6050773,5.767766],[-75.6051754,5.767862],[-75.6051948,5.7678876],[-75.6052028,5.7679245],[-75.6052102,5.7679404],[-75.6052529,5.7679529],[-75.6052805,5.7679646],[-75.6053105,5.7679834],[-75.6053324,5.7680035],[-75.6054127,5.7681306],[-75.6054747,5.7682581],[-75.6054842,5.7682848],[-75.6054926,5.7683215],[-75.6055008,5.7683985],[-75.6055105,5.7685301],[-75.6055104,5.7687099],[-75.6055204,5.7688098],[-75.6055025,5.7688633],[-75.605492,5.7688845],[-75.6054795,5.7689487],[-75.605456,5.7690237],[-75.6054848,5.769048],[-75.6055322,5.7690765],[-75.605564,5.7691093],[-75.6056296,5.769188],[-75.6057297,5.7692728],[-75.6057389,5.7692859],[-75.6057496,5.7693106],[-75.6057786,5.7693457],[-75.6058053,5.7693997],[-75.6058052,5.7694134],[-75.6057895,5.7694622],[-75.6057816,5.769511],[-75.6057596,5.7695489],[-75.6057436,5.769589],[-75.6057063,5.7696526],[-75.6056827,5.769711],[-75.6056775,5.7697428],[-75.605672,5.7698251],[-75.6056725,5.769852],[-75.6056778,5.7698861],[-75.6056656,5.7699233],[-75.6056675,5.7699314],[-75.6056781,5.7699479],[-75.6057594,5.7700471],[-75.6057792,5.7700885],[-75.6057842,5.7701173],[-75.6057837,5.770135],[-75.6057551,5.7702226],[-75.605749,5.7702527],[-75.6057488,5.7702711],[-75.6057597,5.7703291],[-75.6057909,5.7704266],[-75.6058046,5.7704923],[-75.6058133,5.7705149],[-75.6058302,5.7705426],[-75.6058622,5.7705829],[-75.6059171,5.7706364],[-75.6059912,5.7706923],[-75.6060567,5.7707497],[-75.6062384,5.7708924],[-75.6062564,5.7709018],[-75.6062781,5.7709039],[-75.606306,5.7708982],[-75.6063231,5.7708855],[-75.6063334,5.7708874],[-75.6064148,5.7710142],[-75.6064413,5.7710604],[-75.6064667,5.7711128],[-75.6064784,5.7711498],[-75.606495,5.7711693],[-75.6065181,5.7711832],[-75.6065497,5.7711932],[-75.6065685,5.7711875],[-75.6066109,5.7711342],[-75.6066395,5.7711069],[-75.6067037,5.7710685],[-75.6067531,5.7710457],[-75.6067974,5.7710288],[-75.6068559,5.7710112],[-75.6069105,5.771003],[-75.606983,5.770999],[-75.6070464,5.771007],[-75.6071012,5.7710201],[-75.6071543,5.7710387],[-75.6071854,5.7710569],[-75.6072145,5.7710826],[-75.6072571,5.7711386],[-75.6072583,5.7711513],[-75.6072528,5.7711994],[-75.6072337,5.7712634],[-75.607194,5.7713783],[-75.6071678,5.7715001],[-75.607148,5.7715536],[-75.6071159,5.771604],[-75.6070814,5.7716446],[-75.6070499,5.7716698],[-75.6070132,5.7716885],[-75.6069896,5.7716966],[-75.60697,5.7716995],[-75.6069488,5.771698],[-75.6069206,5.7716918],[-75.6068817,5.7716785],[-75.6068562,5.7716663],[-75.6067818,5.7716191],[-75.6066748,5.7715283],[-75.6066394,5.7714915],[-75.606575,5.7714068],[-75.6065566,5.7713751],[-75.6065508,5.7713518],[-75.6065202,5.7713621],[-75.6064967,5.771364],[-75.6064702,5.771372],[-75.6064065,5.7713553],[-75.6063985,5.7713557],[-75.6063902,5.771367],[-75.6063349,5.771494],[-75.606261,5.7716209],[-75.6062338,5.7716792],[-75.6062192,5.7717024],[-75.606192,5.7717337],[-75.6061418,5.7717835],[-75.6061201,5.7718028],[-75.6060968,5.7718187],[-75.6060535,5.7718412],[-75.6060074,5.7718569],[-75.6059408,5.7718698],[-75.6058873,5.7718417],[-75.6057889,5.7718023],[-75.6057529,5.771794],[-75.6057405,5.7717984],[-75.6056917,5.7718674],[-75.6056567,5.7719046],[-75.6056105,5.7719671],[-75.605594,5.7719986],[-75.6055707,5.7720309],[-75.6055447,5.7720943],[-75.6055025,5.7721719],[-75.6054628,5.7722341],[-75.6053908,5.7723067],[-75.6053108,5.7723675],[-75.6052833,5.7723715],[-75.6052495,5.7723677],[-75.6052041,5.7723474],[-75.6051967,5.7723402],[-75.6051836,5.7723175],[-75.6051585,5.772293],[-75.6051392,5.7722582],[-75.6051301,5.7722494],[-75.6051195,5.772249],[-75.6050631,5.7722618],[-75.6049947,5.7722601],[-75.6049677,5.7722738],[-75.604863,5.7723471],[-75.6047909,5.7723845],[-75.6047201,5.7724158],[-75.6047145,5.7724232],[-75.6047076,5.7724475],[-75.6046887,5.7724827],[-75.6046773,5.7725265],[-75.60467,5.7725375],[-75.6046647,5.7725394],[-75.6046454,5.7725335],[-75.6046011,5.7725123],[-75.6045122,5.772465],[-75.6044271,5.7724242],[-75.6043611,5.7723871],[-75.6043536,5.772388],[-75.6043261,5.772411],[-75.6042695,5.7724301],[-75.6042681,5.7724442],[-75.6042793,5.7724541],[-75.6043157,5.7724631],[-75.6043527,5.7724805],[-75.6043863,5.7724919],[-75.6044701,5.7725314],[-75.6044912,5.772545],[-75.6045259,5.7725784],[-75.6045439,5.7726013],[-75.6045536,5.7726182],[-75.6045654,5.772651],[-75.6045599,5.7726859],[-75.6045619,5.7727209],[-75.6045863,5.7728128],[-75.6045945,5.7728765],[-75.6045919,5.7729229],[-75.6045943,5.7730173],[-75.6045617,5.7730933],[-75.6045331,5.7731474],[-75.604484,5.7732067],[-75.6044514,5.7732379],[-75.6044148,5.7732649],[-75.6044079,5.7732741],[-75.6044087,5.7732784],[-75.6044125,5.7732834],[-75.6044432,5.7732984],[-75.6044841,5.7733246],[-75.6045408,5.7733754],[-75.604573,5.7734117],[-75.6046231,5.773443],[-75.6046448,5.7734715],[-75.6046814,5.7735388],[-75.6047217,5.7735884],[-75.6047564,5.7736217],[-75.6048104,5.773667],[-75.6049306,5.7737805],[-75.6049463,5.7738028],[-75.6049563,5.7738235],[-75.6049838,5.7739183],[-75.605005,5.773969],[-75.6050549,5.7740513],[-75.6050727,5.7740747],[-75.6051015,5.7740946],[-75.6051153,5.774099],[-75.6051292,5.7740982],[-75.6051708,5.7740853],[-75.6051886,5.7740873],[-75.6052099,5.7740986],[-75.6052413,5.7741257],[-75.6052493,5.7741398],[-75.605249,5.7741533],[-75.6052389,5.7741841],[-75.6052126,5.7742198],[-75.6052028,5.7742387],[-75.6051936,5.7742905],[-75.6052036,5.7743041],[-75.6052389,5.7743134],[-75.6052541,5.7743215],[-75.6052683,5.7743346],[-75.6052765,5.7743522],[-75.6052728,5.7743648],[-75.6052488,5.7744099],[-75.6052184,5.7744492],[-75.6051264,5.7745191],[-75.605098,5.7745544],[-75.605053,5.7745985],[-75.6050491,5.7746357],[-75.6050287,5.7747316],[-75.6050317,5.7747803],[-75.6050234,5.7748],[-75.604989,5.7748513],[-75.6048933,5.7749449],[-75.6048332,5.7750117],[-75.6048124,5.7750448],[-75.6047725,5.7751265],[-75.6047252,5.7751915],[-75.6047064,5.7752087],[-75.6046694,5.7752299],[-75.6046377,5.7752444],[-75.6045988,5.7752544],[-75.6045621,5.7752567],[-75.6045316,5.7752551],[-75.6045069,5.7752407],[-75.6044798,5.7752318],[-75.6044554,5.7752283],[-75.6044232,5.7752193],[-75.6043826,5.7751995],[-75.604293,5.7751477],[-75.6042243,5.7751119],[-75.6039988,5.7750104],[-75.6039634,5.7750003],[-75.6038957,5.7749922],[-75.6038226,5.7749753],[-75.6037549,5.7749509],[-75.603661,5.7749058],[-75.6035904,5.7748778],[-75.6035563,5.7748613],[-75.6034598,5.7748245],[-75.6032627,5.7747694],[-75.6031992,5.7747611],[-75.6031809,5.7747612],[-75.603173,5.774764],[-75.6031743,5.7747743],[-75.6031824,5.7747901],[-75.6032244,5.7748524],[-75.6032665,5.7748958],[-75.6032954,5.7749302],[-75.603385,5.7750214],[-75.6034269,5.7750607],[-75.6034488,5.7750757],[-75.6034783,5.7750869],[-75.6035247,5.7750949],[-75.6035524,5.7751061],[-75.6035718,5.7751185],[-75.6036215,5.7751726],[-75.6036816,5.7752481],[-75.6037016,5.7752952],[-75.6037083,5.7753211],[-75.6037094,5.7753551],[-75.6037038,5.7754119],[-75.6036996,5.7754298],[-75.6036901,5.7754482],[-75.6036358,5.7755205],[-75.603634,5.7755286],[-75.6036366,5.7755351],[-75.60365,5.7755442],[-75.6036863,5.7755596],[-75.6037869,5.7755863],[-75.6038543,5.7756108],[-75.6038945,5.7756362],[-75.603925,5.7756654],[-75.6040074,5.7757781],[-75.6040379,5.7757966],[-75.6040976,5.7758543],[-75.6041132,5.7758842],[-75.6041281,5.7759047],[-75.6041336,5.7759189],[-75.6041344,5.7759416],[-75.6041276,5.7759797],[-75.6041185,5.7759945],[-75.6040817,5.7760382],[-75.6040583,5.7760598],[-75.6040275,5.7760806],[-75.6039469,5.7761238],[-75.603909,5.7761617],[-75.6039016,5.776179],[-75.6038979,5.7762244],[-75.6038914,5.7762502],[-75.6038941,5.7762595],[-75.6039065,5.77627],[-75.603906,5.7762784],[-75.6038761,5.7762939],[-75.6038704,5.7763018],[-75.6038735,5.7763224],[-75.6038875,5.7763431],[-75.6038925,5.7763588],[-75.6038858,5.7764426],[-75.6038757,5.7764818],[-75.6038505,5.7765505],[-75.6038032,5.7766442],[-75.6037977,5.77666],[-75.6037896,5.7767096],[-75.6038006,5.7767764],[-75.60382,5.776807],[-75.6038477,5.7768329],[-75.6038608,5.7768385],[-75.6039145,5.776851],[-75.6039687,5.7768565],[-75.6040067,5.7768818],[-75.6040111,5.7768872],[-75.604012,5.7768954],[-75.6040066,5.7769301],[-75.6039478,5.7771142],[-75.6039277,5.777156],[-75.6038985,5.7772429],[-75.6038817,5.7773428],[-75.6038792,5.7773944],[-75.6038723,5.7774086],[-75.6038454,5.777445],[-75.6038352,5.7774686],[-75.603796,5.7775095],[-75.603781,5.7775309],[-75.6037749,5.7775459],[-75.603778,5.7775529],[-75.603783,5.7775563],[-75.6038323,5.7775716],[-75.6038591,5.7775741],[-75.6038939,5.7775711],[-75.6039402,5.7775538],[-75.6039671,5.7775473],[-75.6040162,5.7775281],[-75.6040607,5.7775026],[-75.6040964,5.7774654],[-75.6041088,5.7774607],[-75.6041141,5.7774632],[-75.6041218,5.7774742],[-75.6041458,5.7775259],[-75.6041718,5.7775444],[-75.6042036,5.7775599],[-75.6042088,5.7775666],[-75.6042098,5.777575],[-75.6041985,5.777595],[-75.6041645,5.7776239],[-75.6041514,5.7776428],[-75.6041411,5.7776825],[-75.6040479,5.7778601],[-75.6040188,5.777901],[-75.6039995,5.7779416],[-75.6039825,5.7780008],[-75.6039291,5.7781458],[-75.6039132,5.7782049],[-75.603893,5.7782496],[-75.6038678,5.778296],[-75.6038472,5.7783851],[-75.6038101,5.7784529],[-75.6038032,5.7784894],[-75.6037777,5.778536],[-75.6037776,5.7785576],[-75.6037577,5.778588],[-75.6037384,5.7786068],[-75.603715,5.778662],[-75.6037128,5.7786742],[-75.6037136,5.7786955],[-75.6037172,5.7787037],[-75.6038782,5.7788502],[-75.6039673,5.7789519],[-75.6039972,5.7789925],[-75.6040135,5.7790228],[-75.6040317,5.7790869],[-75.6040676,5.7791138],[-75.6040701,5.7791188],[-75.6040673,5.7791227],[-75.6040581,5.7791254],[-75.6040271,5.7791231],[-75.6040178,5.7791262],[-75.6039875,5.7791531],[-75.603902,5.7791993],[-75.6038467,5.7792344],[-75.6037966,5.7792906],[-75.6037369,5.7793776],[-75.603704,5.7794036],[-75.6036796,5.7794171],[-75.6036777,5.779448],[-75.6036724,5.7794572],[-75.6036645,5.7794634],[-75.6036499,5.7794624],[-75.6036353,5.7794512],[-75.6036177,5.779424],[-75.6036097,5.779399],[-75.6035724,5.7793597],[-75.6035531,5.779344],[-75.6035342,5.7793357],[-75.6035097,5.7793323],[-75.6034767,5.7793349],[-75.6034375,5.7793443],[-75.6034064,5.7793593],[-75.6033779,5.7793793],[-75.6033299,5.779432],[-75.6032837,5.7794741],[-75.6032001,5.7795679],[-75.6031088,5.779687],[-75.6030792,5.7797143],[-75.6030561,5.7797272],[-75.6030321,5.7797348],[-75.6030142,5.779735],[-75.6029629,5.7797276],[-75.6029302,5.7797311],[-75.602898,5.779746],[-75.6028439,5.7797812],[-75.6028091,5.7797938],[-75.6027755,5.7797979],[-75.6027682,5.7798018],[-75.6027674,5.7798097],[-75.6027743,5.7798288],[-75.6027788,5.7798582],[-75.6027812,5.7799165],[-75.6027765,5.7799684],[-75.60276,5.7800447],[-75.6027716,5.7801019],[-75.6027567,5.7801871],[-75.6027613,5.7802434],[-75.602757,5.7803042],[-75.6027477,5.7803343],[-75.6027364,5.7803532],[-75.6027191,5.7803732],[-75.6026753,5.7804113],[-75.6026537,5.7804347],[-75.6026334,5.7804666],[-75.6026227,5.7804942],[-75.6026163,5.7805208],[-75.6026112,5.7805688],[-75.6026247,5.7807064],[-75.6026248,5.7807428],[-75.6026145,5.7807778],[-75.6026017,5.7807972],[-75.6025848,5.7808156],[-75.6025691,5.7808261],[-75.6025477,5.7808339],[-75.6024393,5.7808519],[-75.6023563,5.7808867],[-75.6023239,5.7809074],[-75.6022784,5.7809629],[-75.6022655,5.7809758],[-75.6022558,5.7809794],[-75.6022497,5.780978],[-75.6022404,5.7809693],[-75.602235,5.7809614],[-75.602233,5.7809506],[-75.6022347,5.7809327],[-75.602251,5.7808599],[-75.6022507,5.7808239],[-75.602245,5.7807812],[-75.6022344,5.7807527],[-75.6022072,5.7807258],[-75.6021891,5.7807214],[-75.6021406,5.7807199],[-75.6020991,5.7807262],[-75.6020446,5.7807428],[-75.6020224,5.7807542],[-75.6019872,5.7807813],[-75.6019722,5.7807989],[-75.6019691,5.7808169],[-75.6019728,5.7808265],[-75.6019864,5.78084],[-75.6020044,5.7808492],[-75.6020489,5.7808627],[-75.6020675,5.7808714],[-75.6020935,5.78089],[-75.6021091,5.7809065],[-75.602117,5.7809267],[-75.6021248,5.7810145],[-75.6021184,5.781104],[-75.6021197,5.7811136],[-75.6021229,5.781117],[-75.6021154,5.7811289],[-75.6020868,5.781147],[-75.6020725,5.7811614],[-75.6020726,5.7811758],[-75.602087,5.7811972],[-75.6021158,5.7812151],[-75.6021876,5.7812506],[-75.602245,5.7812683],[-75.6022651,5.7812566],[-75.6022948,5.781264],[-75.6023178,5.7812477],[-75.6023365,5.7812435],[-75.6023604,5.7812326],[-75.6024024,5.7812288],[-75.6024161,5.7812317],[-75.6024257,5.7812407],[-75.6024392,5.7812625],[-75.602464,5.7813103],[-75.6024716,5.781336],[-75.6024709,5.7813606],[-75.6024527,5.7813842],[-75.6024541,5.7813934],[-75.6025184,5.7813951],[-75.6026441,5.7814055],[-75.6027087,5.7814016],[-75.60274,5.7814031],[-75.6027735,5.7814162],[-75.6028047,5.7814386],[-75.6028436,5.7814722],[-75.6028743,5.7814908],[-75.6029065,5.7815033],[-75.6029572,5.7815108],[-75.602992,5.7815083],[-75.6030419,5.7814909],[-75.6030682,5.7814768],[-75.6031278,5.7814374],[-75.6031627,5.7814234],[-75.603171,5.7814228],[-75.6031733,5.781439],[-75.6031703,5.7814529],[-75.6031444,5.7814714],[-75.6031403,5.7814817],[-75.6031446,5.7814896],[-75.6031659,5.7815106],[-75.603184,5.7815694],[-75.6031968,5.7815907],[-75.603197,5.7816222],[-75.603201,5.7816518],[-75.6031981,5.7816664],[-75.6031724,5.7817028],[-75.6031712,5.7817122],[-75.6031756,5.7817373],[-75.6031744,5.781743],[-75.6031605,5.7817612],[-75.6031894,5.7817891],[-75.6032662,5.7818439],[-75.6032882,5.7818672],[-75.6033075,5.7819014],[-75.6033154,5.7819341],[-75.6033716,5.7820097],[-75.6034412,5.7821263],[-75.603454,5.7821758],[-75.6034611,5.7822581],[-75.6034564,5.7823333],[-75.6034445,5.7823895],[-75.6034472,5.7824061],[-75.6034618,5.7824187],[-75.6035099,5.7824467],[-75.6035603,5.7824824],[-75.6037945,5.7826779],[-75.6038374,5.7827106],[-75.6038782,5.7827605],[-75.603955,5.7828462],[-75.603997,5.782908],[-75.604006,5.7829175],[-75.6040278,5.7829277],[-75.6040508,5.782951],[-75.6040579,5.7829326],[-75.6040678,5.7829273],[-75.6041013,5.7829241],[-75.6041157,5.7829333],[-75.6041514,5.7829838],[-75.6041759,5.7830285],[-75.6041942,5.7830551],[-75.6042381,5.7831054],[-75.604261,5.7831361],[-75.6043489,5.7832891],[-75.6044846,5.7834884],[-75.6045327,5.7835468],[-75.6046101,5.7836191],[-75.6047723,5.7836967],[-75.6049003,5.7837432],[-75.6049381,5.7837691],[-75.6049717,5.7837991],[-75.6049855,5.7838167],[-75.6049953,5.7838219],[-75.6050152,5.7838275],[-75.6050294,5.7838254],[-75.6050379,5.7838186],[-75.6050513,5.7837964],[-75.6050608,5.7837898],[-75.6051041,5.7837753],[-75.6051171,5.7837755],[-75.6051216,5.7837784],[-75.6051332,5.7837992],[-75.605141,5.7838314],[-75.6051369,5.7838581],[-75.605128,5.7838699],[-75.605109,5.7838756],[-75.6050696,5.7838631],[-75.6050205,5.7838615],[-75.6050122,5.7838635],[-75.6050095,5.7838673],[-75.6050147,5.7839182],[-75.6050146,5.7839951],[-75.605008,5.7840394],[-75.6050112,5.7840591],[-75.6050173,5.7840707],[-75.6050297,5.784072],[-75.6050482,5.7840667],[-75.6050625,5.7840583],[-75.605148,5.7839905],[-75.6052158,5.7839233],[-75.6052219,5.7839205],[-75.6052379,5.783921],[-75.6052457,5.783917],[-75.6052543,5.7839073],[-75.6052661,5.7838817],[-75.6052898,5.7838678],[-75.6053012,5.7838471],[-75.6053306,5.7838208],[-75.6053773,5.7837876],[-75.6054209,5.7837664],[-75.6054558,5.7837567],[-75.6054882,5.7837548],[-75.6055222,5.7837578],[-75.605544,5.7837499],[-75.6055533,5.7837558],[-75.6055619,5.78377],[-75.6056101,5.7838025],[-75.605647,5.7838381],[-75.605678,5.7838805],[-75.605707,5.7839308],[-75.6057122,5.78395],[-75.6057138,5.7839852],[-75.6057096,5.7840825],[-75.6056812,5.7842683],[-75.6056769,5.7843349],[-75.6056639,5.7844309],[-75.60566,5.7844808],[-75.6056615,5.7845334],[-75.6056529,5.7845642],[-75.6056551,5.7845896],[-75.6056565,5.7845928],[-75.6056656,5.7845962],[-75.6056678,5.7846022],[-75.6056656,5.7846063],[-75.6056569,5.7846026],[-75.6056501,5.7846246],[-75.605656,5.7847334],[-75.6056663,5.7847527],[-75.6056738,5.7847336],[-75.6056889,5.7847247],[-75.605702,5.7847122],[-75.6057103,5.7847086],[-75.605729,5.7847127],[-75.6057543,5.7847055],[-75.6058349,5.7846357],[-75.6058678,5.7846268],[-75.6058993,5.7846033],[-75.6059169,5.7845956],[-75.6058818,5.784795],[-75.6058606,5.7848063],[-75.605833,5.7848362],[-75.6058327,5.7848395],[-75.6058376,5.7848438],[-75.6058694,5.7848522],[-75.6058744,5.7848564],[-75.605878,5.7849126],[-75.605865,5.7850124],[-75.6058595,5.78503],[-75.6058465,5.7850433],[-75.605812,5.7850634],[-75.6058072,5.7850711],[-75.605804,5.7851129],[-75.6058108,5.7851728],[-75.6058383,5.7852073],[-75.6058585,5.7852219],[-75.605877,5.78523],[-75.6059721,5.7852549],[-75.6059966,5.7852649],[-75.606031,5.7852838],[-75.606064,5.7853153],[-75.6060831,5.7853497],[-75.6060918,5.7853787],[-75.6060983,5.7854174],[-75.6061009,5.7854923],[-75.6061199,5.7855402],[-75.6061576,5.7856097],[-75.6061916,5.7856592],[-75.6062897,5.7857685],[-75.6063164,5.7858048],[-75.606338,5.7858462],[-75.606354,5.7858952],[-75.6063613,5.7859364],[-75.6063631,5.7859674],[-75.6063562,5.7860253],[-75.6063436,5.7860858],[-75.606302,5.7862475],[-75.6062899,5.7863395],[-75.6062868,5.786385],[-75.6062688,5.7864621],[-75.6062589,5.7864836],[-75.6062456,5.786502],[-75.606236,5.7865095],[-75.6062151,5.7865169],[-75.6062062,5.7865249],[-75.6062015,5.7865341],[-75.6061974,5.786556],[-75.6061884,5.7865634],[-75.6061692,5.7865719],[-75.6061485,5.7865683],[-75.6061206,5.78657],[-75.6061085,5.7865676],[-75.6060884,5.7865533],[-75.6060771,5.7865239],[-75.6060607,5.7865091],[-75.6060522,5.7864941],[-75.6060426,5.7864644],[-75.6060257,5.7863839],[-75.6059514,5.7861829],[-75.6059375,5.7861329],[-75.6059329,5.7860777],[-75.6059383,5.7859787],[-75.6059243,5.7857956],[-75.6059287,5.7857204],[-75.6059189,5.7856756],[-75.6058971,5.785633],[-75.6058453,5.7855497],[-75.6057913,5.7854862],[-75.6057724,5.785469],[-75.6057484,5.7854562],[-75.6057317,5.7854563],[-75.6057173,5.7854643],[-75.6057032,5.7854764],[-75.6056907,5.7854921],[-75.6056693,5.7855339],[-75.6056182,5.7856194],[-75.605605,5.7856635],[-75.605589,5.7857517],[-75.6055809,5.7857729],[-75.6055492,5.785835],[-75.6055421,5.7858623],[-75.6055437,5.7858775],[-75.6055496,5.7858946],[-75.6055736,5.7859329],[-75.6056335,5.7860089],[-75.6056891,5.7860617],[-75.60571,5.7860943],[-75.6057333,5.786117],[-75.6057379,5.7861254],[-75.6057475,5.7861612],[-75.6057484,5.7862061],[-75.6057366,5.786257],[-75.6057209,5.7862923],[-75.6056935,5.7863318],[-75.6056636,5.7863579],[-75.6055868,5.7863877],[-75.6055283,5.786424],[-75.6054565,5.7864464],[-75.6054202,5.786461],[-75.6053836,5.7864812],[-75.605358,5.7865031],[-75.6053376,5.7865334],[-75.6053259,5.786565],[-75.6053238,5.7865886],[-75.6053268,5.7866508],[-75.6053216,5.7866911],[-75.6053152,5.7867148],[-75.6052962,5.78675],[-75.605254,5.786795],[-75.605155,5.7868582],[-75.6051291,5.7868688],[-75.6051021,5.7868726],[-75.6050797,5.7868719],[-75.6049976,5.7868559],[-75.6049796,5.786861],[-75.6049621,5.7868778],[-75.6049721,5.7869078],[-75.6050045,5.7869537],[-75.6050569,5.7870186],[-75.6051186,5.7870836],[-75.6051589,5.7871057],[-75.605205,5.7871198],[-75.6052297,5.7871306],[-75.6052514,5.7871489],[-75.6052604,5.7871671],[-75.6052612,5.7871771],[-75.6052409,5.787224],[-75.6052282,5.7872371],[-75.6052121,5.7872477],[-75.605158,5.7872665],[-75.6051373,5.7872672],[-75.6050537,5.7872536],[-75.6050413,5.7872484],[-75.6049529,5.7871922],[-75.6048801,5.7871296],[-75.6048328,5.7870959],[-75.6048138,5.7870874],[-75.6047063,5.7870542],[-75.6045929,5.7870065],[-75.6045478,5.7869979],[-75.6045565,5.7870201],[-75.6045913,5.7870626],[-75.6046202,5.7871098],[-75.6046558,5.787193],[-75.6046662,5.7872258],[-75.6046704,5.787255],[-75.6046672,5.7872927],[-75.6046524,5.7873275],[-75.6046402,5.7873479],[-75.6046069,5.7873763],[-75.6045716,5.787395],[-75.6045481,5.7874022],[-75.6045224,5.7873988],[-75.6045129,5.7874027],[-75.6044895,5.7874209],[-75.6044649,5.7874252],[-75.6044394,5.7874234],[-75.6044144,5.7874263],[-75.6043905,5.7874237],[-75.6042886,5.7873903],[-75.6042595,5.7873606],[-75.6042424,5.7873598],[-75.6042379,5.7873659],[-75.6042365,5.7873843],[-75.6042486,5.7874091],[-75.6042831,5.7874466],[-75.6043091,5.787466],[-75.6043272,5.787475],[-75.6043695,5.7874867],[-75.6044039,5.7875052],[-75.604426,5.7875027],[-75.604445,5.7875052],[-75.6044747,5.7875133],[-75.6045121,5.787529],[-75.604562,5.7875594],[-75.6045941,5.7875908],[-75.6046044,5.7876066],[-75.6046115,5.7876292],[-75.604625,5.7877086],[-75.6046532,5.7877986],[-75.6046834,5.78786],[-75.6047294,5.7879404],[-75.6047628,5.7879788],[-75.6048002,5.7880134],[-75.6048659,5.7880616],[-75.6048987,5.7880911],[-75.6049141,5.7881107],[-75.6049182,5.7881266],[-75.6049205,5.7881565],[-75.6049255,5.7881684],[-75.6049398,5.7881757],[-75.6049429,5.7881818],[-75.6049417,5.7881994],[-75.6049288,5.7882272],[-75.6049093,5.7882428],[-75.6048877,5.7882488],[-75.6048535,5.7882794],[-75.6048288,5.7883077],[-75.6048185,5.7883128],[-75.6047902,5.788316],[-75.6047705,5.7883101],[-75.604746,5.7883083],[-75.6046943,5.7882922],[-75.6046476,5.7882861],[-75.6046213,5.7882919],[-75.6045892,5.7883131],[-75.6045758,5.7883274],[-75.6045611,5.788354],[-75.6045459,5.7884142],[-75.6045352,5.7884392],[-75.6045333,5.7884659],[-75.6045269,5.7884948],[-75.6045134,5.7885302],[-75.6044962,5.7885467],[-75.6044822,5.7885536],[-75.6044453,5.7885591],[-75.6044131,5.788587],[-75.6044024,5.7885907],[-75.6043884,5.7885893],[-75.6043038,5.7885619],[-75.604281,5.788562],[-75.6042197,5.7885797],[-75.6041749,5.7885973],[-75.6041168,5.7886225],[-75.6041066,5.7886331],[-75.6041088,5.7886395],[-75.6041214,5.7886454],[-75.6041793,5.788651],[-75.6042058,5.7886609],[-75.6042382,5.7886685],[-75.6042642,5.7886878],[-75.6042942,5.7887335],[-75.6042988,5.7888115],[-75.6043052,5.7888401],[-75.604311,5.7888535],[-75.6043433,5.7888934],[-75.604397,5.7889253],[-75.6044046,5.788935],[-75.6044099,5.7889545],[-75.6044019,5.7890015],[-75.6043795,5.7890381],[-75.6043356,5.7890967],[-75.604273,5.7891694],[-75.6042291,5.7892155],[-75.6041449,5.7892948],[-75.6041078,5.7893466],[-75.6041011,5.7893692],[-75.6041022,5.7893868],[-75.6041188,5.7894329],[-75.6041731,5.789501],[-75.6042015,5.7895498],[-75.6042099,5.7895742],[-75.6042398,5.7895689],[-75.6042669,5.7895753],[-75.6042798,5.7895881],[-75.6042888,5.7896113],[-75.6042932,5.7896154],[-75.6043458,5.7896275],[-75.6043793,5.7896425],[-75.6044323,5.7896799],[-75.6045715,5.7897984],[-75.6045974,5.7898117],[-75.6046662,5.7898353],[-75.6046821,5.7898455],[-75.6046949,5.7898595],[-75.6047134,5.7898953],[-75.6047223,5.7899334],[-75.6047326,5.7900899],[-75.6047243,5.7901033],[-75.604696,5.7901289],[-75.6046724,5.7901587],[-75.6046492,5.7902018],[-75.6046195,5.7902428],[-75.6046149,5.7902541],[-75.6046204,5.7902569],[-75.6046393,5.7902558],[-75.6046524,5.7902529],[-75.6046667,5.7902454],[-75.6047157,5.790206],[-75.6047512,5.7901704],[-75.6047637,5.7901521],[-75.6047756,5.7901262],[-75.6047998,5.7901065],[-75.6048459,5.7900441],[-75.6049402,5.789849],[-75.6049584,5.7898167],[-75.6050049,5.78975],[-75.6050465,5.789703],[-75.6050649,5.7896895],[-75.6050793,5.7896828],[-75.6051192,5.7896755],[-75.6051496,5.7896777],[-75.6051697,5.7896829],[-75.6052359,5.7897163],[-75.6052487,5.7897141],[-75.6052645,5.7896977],[-75.605288,5.7896474],[-75.6052992,5.7895985],[-75.605304,5.7895528],[-75.6053137,5.7895074],[-75.6053199,5.7893998],[-75.6053439,5.7892426],[-75.6053609,5.7891823],[-75.6053719,5.7891632],[-75.605382,5.7891521],[-75.605406,5.7891398],[-75.6054248,5.7891377],[-75.6054547,5.7891419],[-75.6054917,5.7891543],[-75.6055437,5.7891792],[-75.6055708,5.789197],[-75.6056319,5.7892482],[-75.6056591,5.7892799],[-75.6056743,5.7893156],[-75.6056799,5.78934],[-75.6056818,5.7893751],[-75.6056777,5.7894426],[-75.6056501,5.7894559],[-75.6056052,5.7894836],[-75.6055993,5.7894942],[-75.605598,5.7895171],[-75.6055921,5.7895381],[-75.6055942,5.7895506],[-75.6056073,5.7895685],[-75.6056227,5.7895799],[-75.605638,5.7895829],[-75.6056553,5.7895775],[-75.6056735,5.7895602],[-75.6056866,5.7895333],[-75.6057021,5.7894888],[-75.6057321,5.7894693],[-75.6057795,5.7894234],[-75.6058037,5.7894071],[-75.6058896,5.7893694],[-75.6059167,5.7893518],[-75.6059279,5.7893367],[-75.6059424,5.7893057],[-75.6060175,5.7892093],[-75.6060433,5.78918],[-75.6060859,5.7891402],[-75.6061224,5.7891243],[-75.6061855,5.7891116],[-75.6062846,5.7891024],[-75.6063523,5.7891053],[-75.6063425,5.7891226],[-75.6063444,5.7891398],[-75.6063426,5.789158],[-75.6063465,5.7891699],[-75.6063591,5.7891903],[-75.6063824,5.7892121],[-75.6063981,5.7892199],[-75.6064149,5.7892209],[-75.6064349,5.7892181],[-75.6064642,5.7892035],[-75.6064813,5.7892153],[-75.6065417,5.7892962],[-75.606663,5.7894403],[-75.6067516,5.7895521],[-75.6068063,5.7896425],[-75.6068156,5.7896698],[-75.6068179,5.789692],[-75.6068159,5.7897178],[-75.6068064,5.7897403],[-75.6067822,5.78976],[-75.6067781,5.7897842],[-75.6067679,5.7898005],[-75.6067264,5.7898404],[-75.6066635,5.7898816],[-75.6065961,5.789918],[-75.6065703,5.7899279],[-75.606501,5.7899447],[-75.606474,5.7899565],[-75.6064515,5.7899726],[-75.6064291,5.7899942],[-75.6063926,5.7900455],[-75.6063847,5.7900635],[-75.6063842,5.7900739],[-75.6063874,5.7900912],[-75.6063959,5.7901102],[-75.6064156,5.7901323],[-75.6064649,5.7901688],[-75.6064886,5.7901899],[-75.6065094,5.7902152],[-75.6065206,5.7902348],[-75.6065285,5.7902602],[-75.6065305,5.7902775],[-75.6065196,5.7903248],[-75.6065028,5.7903658],[-75.6064791,5.7904118],[-75.6063776,5.790588],[-75.6063111,5.7906793],[-75.6062798,5.790742],[-75.6062279,5.7908204],[-75.6061946,5.7908604],[-75.6061543,5.7909019],[-75.6060979,5.7909529],[-75.606039,5.7910118],[-75.6060259,5.7910317],[-75.6060286,5.7910405],[-75.606042,5.791059],[-75.6060516,5.791062],[-75.60607,5.7910614],[-75.6061629,5.7910376],[-75.6063195,5.7909762],[-75.6063819,5.7909672],[-75.6064019,5.7909677],[-75.606428,5.7909751],[-75.6064494,5.790997],[-75.6064698,5.7910126],[-75.6064796,5.7910385],[-75.6064833,5.7910715],[-75.6064815,5.791154],[-75.6064173,5.7913562],[-75.6063825,5.7914522],[-75.6063679,5.7915061],[-75.606365,5.791563],[-75.6063712,5.7915992],[-75.6063828,5.7916184],[-75.6064038,5.7916369],[-75.6064417,5.7916541],[-75.606487,5.7916581],[-75.606545,5.7916499],[-75.606577,5.7916491],[-75.6066668,5.7916715],[-75.6066949,5.7916748],[-75.6067156,5.7916807],[-75.6067262,5.7916803],[-75.6067322,5.7916709],[-75.6067343,5.7916437],[-75.6067516,5.7916174],[-75.6067758,5.7915994],[-75.6067904,5.791577],[-75.6068212,5.791554],[-75.6068319,5.7915204],[-75.6068645,5.7914813],[-75.6068779,5.7914772],[-75.6069027,5.7914809],[-75.6069501,5.7914654],[-75.6069994,5.7914166],[-75.6070094,5.7914114],[-75.6070455,5.7914206],[-75.6070807,5.791422],[-75.6071279,5.7914169],[-75.6071573,5.7914049],[-75.607177,5.7914002],[-75.6072084,5.7914012],[-75.6072212,5.7913986],[-75.6072404,5.7913859],[-75.6073119,5.7913128],[-75.6073642,5.7912651],[-75.6073734,5.7912594],[-75.6074092,5.7912489],[-75.6074227,5.7912489],[-75.6074569,5.7912684],[-75.6074734,5.7912971],[-75.6074747,5.7913071],[-75.6074704,5.7913235],[-75.6074679,5.7913563],[-75.6074209,5.7914328],[-75.6074066,5.7914513],[-75.6073803,5.7914788],[-75.6073441,5.7915062],[-75.6072834,5.7915779],[-75.6072748,5.7916146],[-75.6072512,5.7916505],[-75.6072322,5.7916924],[-75.6072228,5.791782],[-75.607238,5.7918076],[-75.6072834,5.7918435],[-75.6072963,5.7918665],[-75.6073214,5.7918922],[-75.6073414,5.7919299],[-75.607347,5.7919566],[-75.6073513,5.791961],[-75.6073588,5.791959],[-75.6073805,5.7919387],[-75.6073949,5.7919295],[-75.6074361,5.7919125],[-75.6074579,5.7919085],[-75.6074799,5.7919],[-75.6074947,5.7919022],[-75.6075076,5.791921],[-75.6075123,5.7919237],[-75.6075252,5.7918895],[-75.6075294,5.791849],[-75.6075423,5.791846],[-75.6075548,5.79185],[-75.6075686,5.7918588],[-75.6075641,5.7918828],[-75.6075798,5.7919032],[-75.607582,5.7919282],[-75.6076033,5.7919467],[-75.6076123,5.7919704],[-75.6076202,5.7919776],[-75.6076237,5.7919453],[-75.607634,5.7919019],[-75.60765,5.7918734],[-75.607665,5.7918603],[-75.6076926,5.7918433],[-75.6077701,5.7918112],[-75.6078147,5.7917752],[-75.6078404,5.7917431],[-75.6078616,5.791706],[-75.6078745,5.7916538],[-75.6078779,5.7915066],[-75.6078724,5.7914505],[-75.6078685,5.791439],[-75.607858,5.7914352],[-75.607844,5.7914388],[-75.6078252,5.7914593],[-75.6077912,5.7914782],[-75.6077789,5.7914666],[-75.6077519,5.7914515],[-75.6077256,5.7914287],[-75.6076735,5.7914168],[-75.6076655,5.7914118],[-75.6076607,5.7914036],[-75.6076639,5.7913904],[-75.6076796,5.7913719],[-75.6076904,5.7913504],[-75.6077157,5.7913144],[-75.6077272,5.7913012],[-75.6077481,5.7912854],[-75.6077533,5.7912768],[-75.6077165,5.7912245],[-75.6077178,5.7912176],[-75.6077305,5.7912039],[-75.6077311,5.7911984],[-75.6077229,5.791191],[-75.6076972,5.7911959],[-75.6076891,5.7911941],[-75.6076729,5.7911813],[-75.6076538,5.7911555],[-75.6076497,5.7911355],[-75.6076377,5.7911128],[-75.6076286,5.7910858],[-75.6076283,5.7910705],[-75.6076338,5.7910466],[-75.6076493,5.7910258],[-75.607685,5.7909901],[-75.6077119,5.7909722],[-75.6077329,5.790967],[-75.6077452,5.7909605],[-75.6077657,5.7909615],[-75.6078104,5.7909704],[-75.6078378,5.7909826],[-75.607864,5.7909883],[-75.6078912,5.7910021],[-75.6079089,5.7910065],[-75.6079359,5.791021],[-75.607998,5.7910317],[-75.6080078,5.7910389],[-75.608032,5.791036],[-75.6081966,5.79104],[-75.6082351,5.7910361],[-75.6082549,5.7910439],[-75.6082568,5.7910675],[-75.6082541,5.7910756],[-75.6082478,5.791082],[-75.6081937,5.7911077],[-75.6081779,5.7911215],[-75.6081592,5.7911455],[-75.6080859,5.7912065],[-75.6080785,5.7912079],[-75.6080726,5.7911888],[-75.6080671,5.7911868],[-75.6080515,5.7911896],[-75.6080452,5.7911959],[-75.6080426,5.7912041],[-75.6080453,5.7912184],[-75.6080509,5.7912207],[-75.6080706,5.7912201],[-75.6080756,5.7912627],[-75.6080954,5.7913067],[-75.6080966,5.7913307],[-75.6080779,5.7913561],[-75.6080938,5.7913587],[-75.6081241,5.7913512],[-75.6082022,5.7913402],[-75.6082375,5.7913414],[-75.608273,5.7913476],[-75.6083203,5.7913643],[-75.6083763,5.7913926],[-75.6084179,5.7914191],[-75.6084508,5.7914482],[-75.6084662,5.791471],[-75.608473,5.791491],[-75.6084933,5.7916074],[-75.6085129,5.7916817],[-75.60855,5.7917892],[-75.608562,5.7918127],[-75.6085682,5.7918345],[-75.6085822,5.7918657],[-75.608601,5.7919196],[-75.6086099,5.7919559],[-75.6086108,5.7919875],[-75.608602,5.7920072],[-75.6085779,5.7920238],[-75.6085505,5.79203],[-75.608493,5.7920278],[-75.6083665,5.791989],[-75.608315,5.7919785],[-75.6082831,5.7919781],[-75.6082587,5.7919815],[-75.60823,5.7919903],[-75.6082035,5.7920084],[-75.6081814,5.7920352],[-75.608171,5.7920699],[-75.6081701,5.7921157],[-75.6081769,5.7921754],[-75.6081807,5.7922638],[-75.6081773,5.7922976],[-75.6081638,5.7923426],[-75.6081537,5.7923646],[-75.6081428,5.7923792],[-75.6081379,5.7923823],[-75.6081097,5.7923849],[-75.6080964,5.7923973],[-75.6080916,5.7924092],[-75.6080912,5.7924225],[-75.6081037,5.7924477],[-75.608092,5.792474],[-75.6080213,5.7925872],[-75.6079794,5.7926296],[-75.6079626,5.792637],[-75.6079315,5.7926363],[-75.6078876,5.7926166],[-75.6078255,5.7925799],[-75.6077741,5.7925423],[-75.6077265,5.7924988],[-75.607685,5.7924548],[-75.6076618,5.792423],[-75.6076299,5.7923696],[-75.6076049,5.7923815],[-75.6075727,5.792387],[-75.6075324,5.7923728],[-75.6074892,5.7923626],[-75.607468,5.7923523],[-75.6074415,5.7923328],[-75.6074031,5.7923181],[-75.6073501,5.7922805],[-75.6073193,5.7922653],[-75.6072982,5.7922371],[-75.6072625,5.79221],[-75.607217,5.7921924],[-75.6071432,5.7921535],[-75.60713,5.7921527],[-75.6071126,5.7921594],[-75.6070709,5.7922069],[-75.60706,5.7922293],[-75.6070628,5.792248],[-75.6071089,5.7923506],[-75.6071359,5.7923873],[-75.6071892,5.792438],[-75.6072345,5.792474],[-75.6073231,5.7925354],[-75.6073698,5.7925785],[-75.6073891,5.7926084],[-75.6074007,5.7926365],[-75.6074081,5.7926736],[-75.6074081,5.792705],[-75.6073992,5.7927403],[-75.6073899,5.7927621],[-75.6073479,5.7928434],[-75.6073341,5.7928628],[-75.6072284,5.7929754],[-75.6071102,5.793075],[-75.6070802,5.7931116],[-75.6070495,5.7931573],[-75.6070288,5.7931975],[-75.6070107,5.7932496],[-75.6069816,5.7932947],[-75.6069926,5.793352],[-75.6070105,5.7933555],[-75.6070641,5.7933302],[-75.6071056,5.7933059],[-75.6071515,5.793287],[-75.6071839,5.7932846],[-75.6072252,5.793292],[-75.6072528,5.7933005],[-75.6072961,5.7932862],[-75.6073379,5.7932779],[-75.6073413,5.7932828],[-75.6073413,5.7932918],[-75.6073194,5.793335],[-75.6073193,5.7933479],[-75.6073221,5.793352],[-75.6073479,5.793372],[-75.6073862,5.7934143],[-75.6074799,5.7934972],[-75.6076482,5.7936126],[-75.607723,5.7936556],[-75.6077715,5.7936744],[-75.6078124,5.7936825],[-75.6079022,5.7936897],[-75.6080089,5.7936924],[-75.6081202,5.7936991],[-75.6082602,5.7937167],[-75.6083583,5.7937419],[-75.6084211,5.7937691],[-75.6084558,5.7937878],[-75.6084975,5.7938168],[-75.608515,5.7938406],[-75.6085176,5.793865],[-75.6085237,5.7938815],[-75.6085342,5.7939029],[-75.6085565,5.7939359],[-75.6085754,5.7939759],[-75.6085971,5.7940121],[-75.6086072,5.7940422],[-75.6086179,5.7940468],[-75.6086383,5.7940423],[-75.6086655,5.7940421],[-75.6086746,5.7940393],[-75.6086865,5.7940299],[-75.6086934,5.7940289],[-75.608698,5.7940321],[-75.608722,5.7940635],[-75.6087353,5.7940858],[-75.6087778,5.79417],[-75.608799,5.7941936],[-75.6088521,5.79423],[-75.6089242,5.7942661],[-75.6089604,5.7942744],[-75.6090173,5.7942777],[-75.6090991,5.7942947],[-75.6091252,5.7943058],[-75.609214,5.7943698],[-75.6092781,5.7944319],[-75.6093317,5.7944957],[-75.6094178,5.7946139],[-75.6094413,5.7946701],[-75.6094925,5.7948479],[-75.6095213,5.7949172],[-75.6095392,5.7949492],[-75.6096199,5.7950732],[-75.6096493,5.7951055],[-75.6096775,5.7951309],[-75.6097242,5.7951657],[-75.609756,5.7951838],[-75.6098259,5.7952096],[-75.6099305,5.7952284],[-75.6101277,5.7952486],[-75.6101637,5.7952579],[-75.6102128,5.795277],[-75.6102417,5.7952736],[-75.6102578,5.7952808],[-75.6102989,5.7953347],[-75.6102992,5.7953429],[-75.6102877,5.7953533],[-75.6102861,5.7953611],[-75.6103641,5.7955265],[-75.6103915,5.7956074],[-75.6104119,5.7957192],[-75.6104216,5.7958137],[-75.6104196,5.7958732],[-75.6104012,5.7959115],[-75.6104055,5.7959298],[-75.6103979,5.7959336],[-75.6103765,5.7959315],[-75.6103585,5.7959204],[-75.6102888,5.7959076],[-75.6101787,5.795875],[-75.610148,5.7958597],[-75.6101066,5.7958478],[-75.6100764,5.7958323],[-75.6100323,5.7958178],[-75.6100189,5.7958169],[-75.609952,5.7958297],[-75.6099229,5.7958508],[-75.6099229,5.7958676],[-75.6099819,5.7959345],[-75.6100345,5.7959746],[-75.6101227,5.7960488],[-75.6102198,5.7961197],[-75.6102513,5.7961498],[-75.6102757,5.7961804],[-75.6102935,5.7962085],[-75.6103669,5.796361],[-75.6104118,5.7964341],[-75.6104393,5.7964696],[-75.6104609,5.7964919],[-75.6104809,5.7965086],[-75.6105087,5.7965263],[-75.6105939,5.7965624],[-75.6106474,5.7965807],[-75.6106862,5.79659],[-75.6107654,5.7965937],[-75.6108831,5.7965921],[-75.6109342,5.7965886],[-75.6109776,5.7965788],[-75.6110668,5.7965401],[-75.6111349,5.7965201],[-75.6111869,5.7965156],[-75.6112912,5.7965313],[-75.6113504,5.7965309],[-75.6115586,5.7964921],[-75.611704,5.7964527],[-75.6117941,5.7964231],[-75.6118839,5.7963846],[-75.6119206,5.7963629],[-75.6120639,5.7962663],[-75.6121135,5.7962395],[-75.6121485,5.7962268],[-75.6121721,5.796225],[-75.6121997,5.7962306],[-75.6122251,5.7962199],[-75.612235,5.7962246],[-75.612236,5.7962389],[-75.6122256,5.796265],[-75.612227,5.7962994],[-75.6122242,5.7963231],[-75.6122089,5.7963743],[-75.6121412,5.7965286],[-75.612127,5.7965557],[-75.612059,5.7966541],[-75.6120141,5.796707],[-75.6119819,5.796738],[-75.6119308,5.7967653],[-75.6117552,5.7968418],[-75.6116335,5.7969105],[-75.6115973,5.7969244],[-75.6114978,5.7969547],[-75.6114545,5.7969721],[-75.6113493,5.7970368],[-75.6113089,5.7970554],[-75.6112653,5.7970676],[-75.6112058,5.7970697],[-75.6111743,5.7970787],[-75.6111625,5.797077],[-75.6111463,5.7970665],[-75.6111371,5.7970765],[-75.6111242,5.7970837],[-75.6110694,5.7970906],[-75.611055,5.7970866],[-75.6110438,5.7970674],[-75.6110321,5.7970661],[-75.6109791,5.7970845],[-75.6109346,5.7971085],[-75.6108855,5.7971393],[-75.6108301,5.7971793],[-75.6108121,5.7971967],[-75.6107904,5.7972265],[-75.6107707,5.7972726],[-75.610752,5.7973815],[-75.6107418,5.7974207],[-75.6107333,5.7974389],[-75.6107208,5.7974326],[-75.6107076,5.7974309],[-75.6106936,5.7974331],[-75.6106827,5.7974389],[-75.6106705,5.7974524],[-75.6106651,5.7974666],[-75.6106675,5.7974785],[-75.6106817,5.797495],[-75.6106779,5.7975059],[-75.6106123,5.7975514],[-75.610568,5.7975766],[-75.6105042,5.7976028],[-75.6104548,5.7976151],[-75.6104224,5.797617],[-75.6103918,5.7976148],[-75.6103503,5.7976032],[-75.6103207,5.7975869],[-75.610299,5.7975654],[-75.6102649,5.7975168],[-75.6102346,5.797462],[-75.6102218,5.7974473],[-75.6102025,5.7974338],[-75.610184,5.7974253],[-75.6101367,5.7974118],[-75.6100858,5.7974044],[-75.6100318,5.7974041],[-75.6099963,5.7974137],[-75.6099579,5.7974362],[-75.6098485,5.7974339],[-75.6098318,5.7974353],[-75.6098232,5.7974392],[-75.6098212,5.7974419],[-75.6098229,5.7974457],[-75.609876,5.797488],[-75.6099016,5.7975039],[-75.6099579,5.7975322],[-75.6099954,5.7976068],[-75.6100128,5.7976489],[-75.6100219,5.7976794],[-75.6100269,5.797713],[-75.6100282,5.7977486],[-75.6100257,5.7977906],[-75.610013,5.7978538],[-75.6100036,5.7978762],[-75.6099854,5.7979037],[-75.6099587,5.7979344],[-75.609936,5.7979544],[-75.6099143,5.7979673],[-75.6098875,5.7979767],[-75.6098338,5.7979859],[-75.6097881,5.7979897],[-75.6096985,5.7979885],[-75.6096116,5.7979825],[-75.6095651,5.7979859],[-75.6095203,5.7979953],[-75.6094924,5.7980053],[-75.6094489,5.7980295],[-75.6094216,5.7980501],[-75.6093862,5.7980865],[-75.609348,5.7981379],[-75.6092766,5.7982828],[-75.6092465,5.7983352],[-75.6092221,5.7983652],[-75.6091586,5.7984279],[-75.6091357,5.798459],[-75.6091218,5.7984982],[-75.6091102,5.7985802],[-75.6090962,5.7986359],[-75.6090771,5.7986891],[-75.6090627,5.7987175],[-75.6090508,5.7987342],[-75.6090331,5.798753],[-75.6090117,5.7987693],[-75.608925,5.7988162],[-75.6088979,5.7988347],[-75.6087639,5.798947],[-75.6087321,5.7989708],[-75.6086461,5.7990263],[-75.6086277,5.7990506],[-75.6086196,5.7990529],[-75.6086086,5.7990468],[-75.6086004,5.7990467],[-75.6085172,5.7990602],[-75.6085017,5.7990585],[-75.6084857,5.7990513],[-75.6084388,5.7990132],[-75.6084292,5.7990009],[-75.6084187,5.7989798],[-75.6084138,5.7989601],[-75.6084129,5.7989243],[-75.6084157,5.7988913],[-75.6084133,5.7988847],[-75.6083701,5.7988602],[-75.6083123,5.798863],[-75.6082913,5.7988614],[-75.6081622,5.798834],[-75.6081341,5.7988255],[-75.6080852,5.7988033],[-75.6080545,5.7987798],[-75.608007,5.7987359],[-75.6079835,5.7986981],[-75.6079727,5.7986937],[-75.6079579,5.7986959],[-75.6079507,5.7987031],[-75.6079503,5.7987193],[-75.6079564,5.7987618],[-75.6079695,5.7988142],[-75.607968,5.7988346],[-75.6079611,5.7988585],[-75.6079407,5.7988985],[-75.6078694,5.799002],[-75.6078552,5.7990487],[-75.6078454,5.7991349],[-75.60783,5.7991835],[-75.6077779,5.7993006],[-75.607741,5.7993645],[-75.6077149,5.7993974],[-75.6076995,5.7994095],[-75.6076733,5.7994242],[-75.6075959,5.7994419],[-75.607574,5.799451],[-75.6075518,5.7994647],[-75.6075066,5.7995066],[-75.6074922,5.7995635],[-75.6074777,5.799596],[-75.6074662,5.7996071],[-75.6074468,5.7996138],[-75.6074246,5.7996127],[-75.6073728,5.7995964],[-75.6072932,5.799559],[-75.607213,5.7995076],[-75.6071855,5.7994942],[-75.607177,5.7994929],[-75.6071673,5.7994974],[-75.6071865,5.7995388],[-75.6072258,5.799576],[-75.6072409,5.7995974],[-75.607299,5.7996655],[-75.607321,5.7996984],[-75.6073475,5.7997541],[-75.6073618,5.7997965],[-75.6073788,5.7999206],[-75.6074068,5.7999602],[-75.6074514,5.8000058],[-75.6074709,5.8000406],[-75.6074807,5.8000901],[-75.607482,5.8001301],[-75.6074755,5.8001743],[-75.6074587,5.8002194],[-75.6074568,5.8002606],[-75.6074684,5.8004544],[-75.6074784,5.8005078],[-75.6074878,5.8005391],[-75.6075539,5.8006927],[-75.607598,5.800726],[-75.6076425,5.8007443],[-75.6076883,5.8007528],[-75.6077602,5.8007579],[-75.6079673,5.8007512],[-75.6080559,5.800741],[-75.6081431,5.8007206],[-75.6081756,5.800719],[-75.6082034,5.800723],[-75.6082364,5.8007317],[-75.6082568,5.8007413],[-75.6082582,5.8007513],[-75.6082512,5.8007733],[-75.6082534,5.8007814],[-75.6082751,5.8008136],[-75.608293,5.8008649],[-75.6083326,5.8009044],[-75.6083671,5.8009206],[-75.6084041,5.8009471],[-75.6084475,5.8009621],[-75.6084569,5.8009608],[-75.6084663,5.8009536],[-75.6084844,5.8009259],[-75.6084927,5.8009177],[-75.6085003,5.8009169],[-75.6085038,5.8009221],[-75.608515,5.800957],[-75.6085205,5.8010127],[-75.6085191,5.801095],[-75.6085058,5.8011564],[-75.6085034,5.8011808],[-75.6085062,5.8012286],[-75.6085143,5.8012655],[-75.6085217,5.8012818],[-75.6085312,5.8012946],[-75.6085688,5.8013255],[-75.6086248,5.8013506],[-75.6086849,5.8013715],[-75.60871,5.8013871],[-75.6087201,5.8013992],[-75.6087245,5.8014172],[-75.6087211,5.8014718],[-75.6087058,5.8015124],[-75.6086935,5.8015295],[-75.6086115,5.8016007],[-75.6085092,5.8017121],[-75.6084733,5.8017614],[-75.6083688,5.8019256],[-75.6083393,5.8019612],[-75.6083112,5.8019871],[-75.608294,5.801997],[-75.608263,5.8019983],[-75.6082307,5.8020129],[-75.6082164,5.8020254],[-75.6082123,5.8020526],[-75.6082008,5.8020668],[-75.6081819,5.8020793],[-75.6081514,5.8020889],[-75.608075,5.8020986],[-75.6078787,5.8021141],[-75.6078337,5.8021082],[-75.607805,5.8020914],[-75.607794,5.802081],[-75.6077843,5.8020605],[-75.6077822,5.802003],[-75.6077905,5.8019677],[-75.6078236,5.8018917],[-75.6078334,5.8018596],[-75.6078381,5.8018024],[-75.6078331,5.8017056],[-75.6078198,5.8016493],[-75.6077916,5.8015791],[-75.6077636,5.8015264],[-75.6077218,5.8014678],[-75.6076953,5.8014403],[-75.6076712,5.8014236],[-75.6074891,5.8013407],[-75.6074468,5.8013148],[-75.6074069,5.8012821],[-75.607357,5.8012465],[-75.6072989,5.801218],[-75.6072495,5.8012062],[-75.6071392,5.8011951],[-75.6070534,5.8011765],[-75.6070412,5.801179],[-75.6070309,5.8011997],[-75.6069874,5.8012171],[-75.6069808,5.8012141],[-75.6069755,5.8012065],[-75.60697,5.8011729],[-75.6069691,5.8011643],[-75.6069735,5.8011446],[-75.6069702,5.8011375],[-75.6068875,5.8010667],[-75.6068622,5.8010379],[-75.606848,5.8010172],[-75.6068236,5.8009726],[-75.606811,5.8009411],[-75.6067861,5.8008423],[-75.6067578,5.8007992],[-75.6067009,5.8007342],[-75.6066815,5.8007031],[-75.6066487,5.8006369],[-75.6066394,5.800628],[-75.6066218,5.8006189],[-75.6065538,5.8006014],[-75.6065207,5.8005883],[-75.6065007,5.8005726],[-75.6064676,5.8005377],[-75.6064544,5.8005397],[-75.6064161,5.8005663],[-75.606412,5.8005728],[-75.6063876,5.8006802],[-75.6063776,5.8007979],[-75.6063759,5.8008762],[-75.6063656,5.8009359],[-75.6063358,5.801017],[-75.6063177,5.8010484],[-75.6062855,5.8010932],[-75.6062461,5.8011351],[-75.6062017,5.8011721],[-75.6061533,5.801205],[-75.606137,5.80122],[-75.6060512,5.8012742],[-75.6058544,5.8013218],[-75.6058008,5.8013436],[-75.6057793,5.801358],[-75.6057794,5.8013724],[-75.6057867,5.8013939],[-75.6058477,5.8014187],[-75.6059088,5.8014686],[-75.6059269,5.8015009],[-75.6059415,5.8015618],[-75.6059346,5.80163],[-75.6058954,5.8016804],[-75.605849,5.8017093],[-75.6057846,5.8017276],[-75.6057591,5.8017442],[-75.6057563,5.8017744],[-75.6057582,5.8018008],[-75.6057725,5.801839],[-75.6057936,5.801864],[-75.6058192,5.8018802],[-75.6058401,5.801884],[-75.6058736,5.8019004],[-75.6059766,5.8019169],[-75.6060327,5.8019312],[-75.6061186,5.8019671],[-75.6061419,5.8019799],[-75.6062174,5.802031],[-75.6063284,5.8021272],[-75.6064338,5.8022064],[-75.6064576,5.8022379],[-75.6064674,5.8022639],[-75.6064701,5.8023053],[-75.6064623,5.8023362],[-75.6064442,5.8023727],[-75.6064234,5.8024001],[-75.6064048,5.8024173],[-75.6063599,5.8024505],[-75.6062871,5.802486],[-75.6061668,5.8025914],[-75.6061668,5.8026062],[-75.6061718,5.802621],[-75.6061983,5.8026522],[-75.6062347,5.8026884],[-75.6062546,5.8027137],[-75.6062795,5.8027307],[-75.6063189,5.8027639],[-75.6064137,5.8028218],[-75.6064749,5.8028647],[-75.6065259,5.8028907],[-75.6065543,5.8029012],[-75.606588,5.8029095],[-75.6067367,5.8029319],[-75.6067968,5.8029469],[-75.606813,5.8029544],[-75.6068856,5.8030172],[-75.606896,5.8030195],[-75.6069346,5.8030138],[-75.6069439,5.8030171],[-75.6069934,5.8030539],[-75.6070243,5.8031078],[-75.607038,5.8031596],[-75.6070483,5.8031857],[-75.607065,5.8032044],[-75.60708,5.8032151],[-75.6071152,5.803224],[-75.6071756,5.803223],[-75.6072306,5.8032094],[-75.6072847,5.80319],[-75.6073147,5.8031758],[-75.6073539,5.803168],[-75.607364,5.8031754],[-75.6073816,5.8031757],[-75.6073869,5.8031783],[-75.6074057,5.8032097],[-75.607421,5.8032243],[-75.6074384,5.8032522],[-75.6074587,5.8033133],[-75.6074661,5.8033597],[-75.6074658,5.8033992],[-75.6074588,5.8034628],[-75.6074413,5.8035259],[-75.6074246,5.8035617],[-75.6073909,5.8035959],[-75.6073268,5.8036429],[-75.6072454,5.8036896],[-75.6071547,5.803765],[-75.6071027,5.8038243],[-75.6070541,5.8038709],[-75.6070502,5.8038785],[-75.6070506,5.803887],[-75.6070682,5.8039464],[-75.6070846,5.8040875],[-75.6070931,5.804133],[-75.6071164,5.8041887],[-75.6071683,5.8042898],[-75.6071837,5.8043318],[-75.6072068,5.804415],[-75.6072165,5.8044324],[-75.6072289,5.804445],[-75.6072428,5.8044538],[-75.607263,5.8044569],[-75.6072865,5.8044553],[-75.6073176,5.8044459],[-75.6074073,5.8044068],[-75.6074346,5.8044011],[-75.6074623,5.8043994],[-75.6074888,5.8044006],[-75.6075157,5.804406],[-75.6075381,5.8044151],[-75.6075674,5.8044319],[-75.6075869,5.8044478],[-75.6075969,5.80446],[-75.607596,5.8044856],[-75.6075989,5.8044983],[-75.6076061,5.8045048],[-75.6076227,5.8045029],[-75.6076331,5.8045093],[-75.6076482,5.8045359],[-75.6076601,5.8045653],[-75.6076697,5.8046004],[-75.6076751,5.8046402],[-75.6076781,5.8047024],[-75.6076768,5.8047572],[-75.6076722,5.8048186],[-75.607667,5.8048481],[-75.6076472,5.8049168],[-75.6076064,5.8050382],[-75.6075898,5.8050698],[-75.6075707,5.8050956],[-75.6075604,5.8051038],[-75.6075409,5.8051118],[-75.6075283,5.8051231],[-75.6075189,5.8051248],[-75.6075047,5.8051162],[-75.6074958,5.8050939],[-75.6074832,5.8050784],[-75.6074151,5.8050251],[-75.6073382,5.8049527],[-75.6072888,5.8049129],[-75.6072627,5.8048945],[-75.6071585,5.8048517],[-75.6071104,5.8048449],[-75.6070936,5.8048455],[-75.607075,5.8048503],[-75.607026,5.8048707],[-75.6069223,5.8049342],[-75.6068642,5.8049516],[-75.6068364,5.8049558],[-75.6068286,5.8049545],[-75.6068214,5.8049356],[-75.6068092,5.8049203],[-75.6067941,5.804908],[-75.6067786,5.8048999],[-75.6067696,5.8048976],[-75.60676,5.8048996],[-75.6067326,5.8049181],[-75.6067195,5.8049157],[-75.6067049,5.8049036],[-75.6066273,5.8048225],[-75.6065728,5.8047727],[-75.6065386,5.8047446],[-75.6065072,5.8047263],[-75.6064671,5.8047197],[-75.6064195,5.8047242],[-75.6063795,5.8047411],[-75.6063453,5.8047695],[-75.6063215,5.8048183],[-75.6063014,5.8048874],[-75.6062947,5.804927],[-75.6062905,5.8050032],[-75.6062811,5.8050836],[-75.6062274,5.8052831],[-75.6062101,5.8053341],[-75.6061784,5.8053972],[-75.6061491,5.8054401],[-75.6061128,5.8054755],[-75.6060383,5.805526],[-75.6060311,5.8055376],[-75.6060162,5.8055843],[-75.6060052,5.8056055],[-75.6059772,5.8056195],[-75.6059611,5.8056419],[-75.6059497,5.8056527],[-75.6059417,5.8056697],[-75.6059385,5.8057056],[-75.6059156,5.8057698],[-75.6059069,5.8058215],[-75.6059065,5.8058728],[-75.6059154,5.8059388],[-75.6059407,5.8060622],[-75.6059448,5.8062011],[-75.6059429,5.8062563],[-75.6059286,5.8064036],[-75.605921,5.8064483],[-75.6059109,5.8064803],[-75.6058813,5.8065383],[-75.6058436,5.8065938],[-75.6057631,5.8066938],[-75.6056942,5.80677],[-75.6056489,5.8068011],[-75.6055943,5.8068234],[-75.605571,5.8068442],[-75.6055601,5.8068477],[-75.6055441,5.8068453],[-75.6055386,5.806848],[-75.6055465,5.8068689],[-75.6055461,5.8068783],[-75.6055413,5.8068924],[-75.6055263,5.80691],[-75.6055225,5.8069206],[-75.6055329,5.8069368],[-75.6055694,5.8069765],[-75.6055855,5.806998],[-75.6055956,5.8070229],[-75.6055995,5.8070461],[-75.6055964,5.8070967],[-75.6055876,5.8071273],[-75.6055714,5.8071645],[-75.6055729,5.8071895],[-75.6055703,5.8071912],[-75.605552,5.8071847],[-75.6055157,5.8071852],[-75.6054812,5.8071739],[-75.6054428,5.807155],[-75.6053412,5.8070906],[-75.6053029,5.8070558],[-75.6051904,5.8069234],[-75.6051619,5.8068832],[-75.6051346,5.8068308],[-75.6051244,5.8067928],[-75.6051162,5.8067443],[-75.6051121,5.8066769],[-75.6051161,5.8066202],[-75.6051248,5.8065742],[-75.6051498,5.806487],[-75.6051636,5.8064514],[-75.6052041,5.8063647],[-75.6052214,5.8063145],[-75.6052336,5.8062437],[-75.6052391,5.8061637],[-75.6052295,5.8061091],[-75.6051893,5.8059672],[-75.6051663,5.8058208],[-75.6051469,5.8057342],[-75.6051292,5.8056869],[-75.6051074,5.805646],[-75.6050772,5.8056121],[-75.6050506,5.8055935],[-75.6050316,5.8055846],[-75.604986,5.8055743],[-75.6049274,5.8055768],[-75.6048969,5.8055737],[-75.6048499,5.8055574],[-75.6048245,5.8055372],[-75.6048034,5.8055409],[-75.6047586,5.8055623],[-75.6046856,5.8056494],[-75.6046514,5.8056842],[-75.6046436,5.8056843],[-75.6046227,5.8056735],[-75.6046101,5.8056715],[-75.6046,5.8056754],[-75.604574,5.8056942],[-75.6045282,5.805749],[-75.604527,5.8057637],[-75.6045427,5.8057855],[-75.6045336,5.8057918],[-75.6045223,5.8057947],[-75.6044895,5.805797],[-75.6044608,5.8057947],[-75.6043032,5.8057459],[-75.6042134,5.8057272],[-75.6041715,5.8057239],[-75.6041609,5.8057168],[-75.6041363,5.8056918],[-75.604118,5.805683],[-75.6041096,5.8056852],[-75.6041022,5.8056976],[-75.6041013,5.8057121],[-75.6041048,5.8057282],[-75.6040951,5.8057554],[-75.604086,5.8057674],[-75.6040683,5.8057769],[-75.6039195,5.8058116],[-75.6037906,5.8058538],[-75.6035865,5.8059024],[-75.6035382,5.8059071],[-75.6034967,5.8059072],[-75.6034256,5.8058998],[-75.6033891,5.8058919],[-75.6033285,5.8058595],[-75.6032976,5.8058497],[-75.6032893,5.8058439],[-75.6032671,5.8058171],[-75.6032505,5.8058071],[-75.6032385,5.8058046],[-75.6032284,5.8058088],[-75.6032194,5.8058175],[-75.6032081,5.8058499],[-75.6031629,5.8059052],[-75.6031489,5.8059171],[-75.6031349,5.8059243],[-75.6030663,5.8059437],[-75.6030036,5.8059545],[-75.6029184,5.8059607],[-75.6028005,5.8059625],[-75.6027615,5.8059685],[-75.6027196,5.8059809],[-75.6026797,5.8059975],[-75.6026538,5.8060122],[-75.6026345,5.8060285],[-75.6025773,5.806089],[-75.602536,5.8061191],[-75.6024771,5.8061461],[-75.6023831,5.8061752],[-75.6023559,5.8061881],[-75.6023366,5.806201],[-75.6022675,5.8062585],[-75.6022317,5.806296],[-75.6022072,5.8063334],[-75.6021283,5.8064738],[-75.6020868,5.8065378],[-75.6020555,5.8065792],[-75.6020376,5.8065973],[-75.6019794,5.806638],[-75.6018607,5.806773],[-75.6018555,5.8067819],[-75.6018576,5.8068082],[-75.6018559,5.8068219],[-75.6018494,5.8068366],[-75.601843,5.806842],[-75.6018315,5.806841],[-75.6018244,5.8068286],[-75.6018218,5.806808],[-75.6018253,5.8067786],[-75.6018226,5.8067727],[-75.6017662,5.8067386],[-75.6016714,5.8066664],[-75.6016302,5.8066454],[-75.6016064,5.806638],[-75.6015773,5.8066335],[-75.6014444,5.8066381],[-75.6013778,5.806628],[-75.6012554,5.8065925],[-75.6012099,5.8065751],[-75.6011593,5.8065495],[-75.601152,5.8065501],[-75.6011314,5.8065605],[-75.60109,5.806562],[-75.6010818,5.8065658],[-75.6010778,5.8065774],[-75.6010789,5.8066043],[-75.6010811,5.8066173],[-75.6010893,5.8066316],[-75.6010835,5.8066509],[-75.6010984,5.8067335],[-75.6011028,5.8067822],[-75.6011001,5.8068194],[-75.60109,5.8068495],[-75.6010718,5.8068803],[-75.6010318,5.806922],[-75.6009915,5.8069495],[-75.6009555,5.8069681],[-75.6009023,5.8070094],[-75.6008918,5.8070261],[-75.6008741,5.8070673],[-75.6008562,5.8071249],[-75.6008463,5.8071702],[-75.600841,5.8072134],[-75.6008387,5.8074049],[-75.6008488,5.8074665],[-75.6008798,5.8075745],[-75.6008838,5.8076313],[-75.6008773,5.8076867],[-75.60084,5.8077675],[-75.6007997,5.8078328],[-75.6007606,5.8078854],[-75.600696,5.8079553],[-75.6006719,5.8079905],[-75.6006552,5.8080274],[-75.6006262,5.8081217],[-75.6006088,5.8081627],[-75.6005958,5.808185],[-75.6005678,5.8082161],[-75.6005517,5.8082263],[-75.6005243,5.808238],[-75.6004843,5.8082459],[-75.6003922,5.8082507],[-75.6003573,5.8082573],[-75.6003384,5.8082645],[-75.600299,5.8083003],[-75.6002119,5.8084027],[-75.6001822,5.8084275],[-75.6001361,5.8084532],[-75.6000241,5.8084838],[-75.5999784,5.808503],[-75.5998843,5.8085548],[-75.5998166,5.8085826],[-75.5997661,5.8085997],[-75.5997007,5.8086108],[-75.5996816,5.8086097],[-75.5996471,5.808602],[-75.5996265,5.8085924],[-75.5996011,5.8085757],[-75.5995749,5.808575],[-75.5995699,5.808569],[-75.5995737,5.8085615],[-75.5995828,5.8085553],[-75.5995844,5.8085481],[-75.5995808,5.8084771],[-75.5995883,5.8084238],[-75.5996082,5.8083707],[-75.5996634,5.8082667],[-75.5996759,5.808216],[-75.5996789,5.8081923],[-75.5996778,5.8081749],[-75.5996653,5.8081444],[-75.5996399,5.808107],[-75.5995541,5.8080246],[-75.5995349,5.8079988],[-75.5995193,5.8079329],[-75.5995178,5.8078883],[-75.599524,5.8078509],[-75.5995308,5.8078278],[-75.59956,5.807756],[-75.5995751,5.8077281],[-75.5996221,5.807661],[-75.5996599,5.8075797],[-75.599715,5.8074172],[-75.5997263,5.8073707],[-75.5997382,5.8072996],[-75.5997883,5.8072749],[-75.5997982,5.807265],[-75.5997999,5.8072561],[-75.5997976,5.807244],[-75.5997835,5.8072166],[-75.5997787,5.8071995],[-75.5997675,5.807188],[-75.5997528,5.8071831],[-75.5997294,5.8071844],[-75.5997066,5.8071917],[-75.5996978,5.8071999],[-75.5996915,5.8072178],[-75.5996802,5.8072352],[-75.599686,5.8072684],[-75.5996835,5.807273],[-75.5996754,5.8072758],[-75.5996452,5.8072825],[-75.5996029,5.8072859],[-75.599542,5.8072821],[-75.5995057,5.8072736],[-75.5994493,5.8072457],[-75.599276,5.8071483],[-75.5992022,5.8070777],[-75.5991283,5.8070157],[-75.5990179,5.8069375],[-75.5989298,5.8068858],[-75.5988314,5.8068132],[-75.5987684,5.8067586],[-75.5987245,5.8067069],[-75.5986953,5.8066601],[-75.5986775,5.8066149],[-75.5986349,5.8064645],[-75.5985962,5.8063509],[-75.5985783,5.8063096],[-75.5985503,5.8062563],[-75.598521,5.8062092],[-75.5984893,5.8061672],[-75.598452,5.8061327],[-75.5984094,5.806103],[-75.5983608,5.8060754],[-75.5982188,5.8060107],[-75.5981679,5.8059793],[-75.5981382,5.8059554],[-75.5981074,5.8059227],[-75.5980712,5.8058727],[-75.597959,5.8056917],[-75.5978983,5.8056117],[-75.5978335,5.8055325],[-75.5978,5.8055014],[-75.5977693,5.8054799],[-75.5977157,5.8054521],[-75.5976376,5.8054198],[-75.5976268,5.8054095],[-75.5976177,5.8053808],[-75.5976261,5.8053189],[-75.5976061,5.8052863],[-75.5976053,5.8052323],[-75.5975988,5.8051958],[-75.5975698,5.8051185],[-75.597525,5.8050356],[-75.5975052,5.805011],[-75.5974796,5.8049951],[-75.5974453,5.8049787],[-75.5974025,5.8049645],[-75.5973301,5.804965],[-75.5973048,5.8049704],[-75.5972891,5.8049802],[-75.5972747,5.805001],[-75.597263,5.8050267],[-75.5972185,5.8051496],[-75.5971976,5.8051897],[-75.5971794,5.8052136],[-75.5971426,5.8052395],[-75.5971107,5.805246],[-75.5970929,5.8052456],[-75.5970696,5.8052408],[-75.597038,5.8052197],[-75.5970197,5.8051934],[-75.5970017,5.8051482],[-75.5969969,5.8050966],[-75.5970017,5.805052],[-75.5970219,5.8050118],[-75.5970564,5.804975],[-75.5971089,5.8049275],[-75.5971485,5.8048748],[-75.597173,5.8048248],[-75.597181,5.8047695],[-75.5971719,5.8047371],[-75.5971623,5.8047253],[-75.5971323,5.8047187],[-75.5970482,5.8047166],[-75.5970437,5.804711],[-75.5970475,5.8047002],[-75.5970438,5.8046974],[-75.5970265,5.8046982],[-75.5970185,5.8047092],[-75.5970128,5.8047052],[-75.5969961,5.8047027],[-75.5969384,5.8047092],[-75.5968863,5.8047063],[-75.5968649,5.80472],[-75.5968497,5.8047254],[-75.596835,5.8047258],[-75.5968273,5.8047195],[-75.5968307,5.8046995],[-75.5968481,5.8046722],[-75.5968427,5.8046309],[-75.5968533,5.8045905],[-75.5968736,5.8045544],[-75.5969353,5.8044638],[-75.5969613,5.8044084],[-75.5969628,5.8043994],[-75.596959,5.8043916],[-75.5969493,5.8043868],[-75.5969351,5.8043881],[-75.5969047,5.8044092],[-75.5968672,5.8044258],[-75.596824,5.8044397],[-75.5967828,5.8044466],[-75.5966446,5.8044479],[-75.5965935,5.8044409],[-75.5965493,5.804431],[-75.5964542,5.804393],[-75.5964038,5.804366],[-75.5963723,5.8043389],[-75.5963354,5.8042899],[-75.5962884,5.8042373],[-75.5962285,5.8041974],[-75.5962019,5.8041877],[-75.5961675,5.804182],[-75.5960451,5.8041786],[-75.5960082,5.8041699],[-75.5959589,5.8041522],[-75.5959055,5.8041248],[-75.5958255,5.8040732],[-75.5957612,5.8040254],[-75.5957432,5.8040071],[-75.5957343,5.8039889],[-75.5957283,5.8039859],[-75.5957191,5.8039872],[-75.5956791,5.8040069],[-75.5956252,5.8040432],[-75.595608,5.8040473],[-75.5955358,5.8040383],[-75.5954771,5.8040395],[-75.5954113,5.8040444],[-75.5953366,5.8040592],[-75.5952606,5.8040674],[-75.5952145,5.80406],[-75.5951783,5.8040472],[-75.5951501,5.8040442],[-75.5951188,5.8040352],[-75.5950925,5.8040333],[-75.5950504,5.804037],[-75.595016,5.8040483],[-75.5948848,5.8041091],[-75.5947267,5.8041745],[-75.5947153,5.8041802],[-75.5946636,5.8042229],[-75.5946561,5.8042478],[-75.5946755,5.8043166],[-75.5946927,5.8043223],[-75.5947356,5.804324],[-75.5947832,5.8043132],[-75.5948141,5.8043024],[-75.5949076,5.8042635],[-75.5949308,5.8042508],[-75.5950298,5.8042152],[-75.5951003,5.8042093],[-75.5951716,5.8042205],[-75.5952509,5.8042419],[-75.5953117,5.8042653],[-75.5953818,5.8043045],[-75.5954284,5.8043437],[-75.5954831,5.804365],[-75.5955432,5.8044062],[-75.5955639,5.8044246],[-75.5955817,5.8044475],[-75.5956003,5.8044825],[-75.5956127,5.8045154],[-75.5956234,5.8045601],[-75.5956291,5.8046389],[-75.5956264,5.80474],[-75.5956286,5.8047628],[-75.595636,5.8047936],[-75.5956553,5.8048466],[-75.5956832,5.8049082],[-75.5957091,5.8049556],[-75.5957315,5.8049858],[-75.595779,5.8050293],[-75.5958237,5.805057],[-75.5958287,5.8050651],[-75.5958373,5.8050927],[-75.5958842,5.8050928],[-75.5959233,5.8050967],[-75.5959603,5.8051039],[-75.596029,5.8051271],[-75.5960715,5.8051345],[-75.5961119,5.805137],[-75.5961373,5.8051474],[-75.5961743,5.8051738],[-75.5962173,5.8052174],[-75.5962439,5.8052591],[-75.5962717,5.8053215],[-75.5963223,5.8054747],[-75.5963508,5.8055463],[-75.5963898,5.8056153],[-75.5964452,5.8056864],[-75.596555,5.8057935],[-75.596621,5.8058488],[-75.5966867,5.8058845],[-75.5967903,5.8059283],[-75.5969229,5.8059904],[-75.5969585,5.8060176],[-75.5969786,5.8060425],[-75.5969907,5.8060786],[-75.596994,5.8061358],[-75.596989,5.8062124],[-75.5969782,5.806262],[-75.5969597,5.8063025],[-75.5969183,5.8063592],[-75.5968824,5.8063953],[-75.5968417,5.8064207],[-75.5968305,5.8064319],[-75.5968249,5.8064478],[-75.5968323,5.8064713]]},"properties":{"OBJECTID":291,"CNIdentif":"053906001291","CNAltura":750,"CNTipo":1,"RuleID":1}}]}