{"type":"FeatureCollection","features":[{"type":"Feature","id":3,"geometry":{"type":"Polygon","coordinates":[[[-75.6188117,5.7993515],[-75.6187901,5.7994057],[-75.6187017,5.7996007],[-75.618683,5.7996123],[-75.6186483,5.7996627],[-75.6186318,5.799676],[-75.6186151,5.7996874],[-75.6185952,5.799708],[-75.61859,5.7997134],[-75.6185577,5.7997803],[-75.6185014,5.7999498],[-75.6184366,5.8001879],[-75.618405,5.8004446],[-75.6184145,5.8006237],[-75.6184233,5.8006704],[-75.61843,5.8007057],[-75.6184338,5.8007261],[-75.6185016,5.8009211],[-75.6185122,5.8009404],[-75.6186495,5.801192],[-75.6187135,5.8012853],[-75.618775,5.801375],[-75.6189111,5.8015361],[-75.6189869,5.8014841],[-75.6191097,5.8014001],[-75.6190567,5.8013345],[-75.6189805,5.80124],[-75.6189043,5.8011454],[-75.6188177,5.8009949],[-75.6187486,5.8008357],[-75.6187111,5.8007493],[-75.618656,5.8006421],[-75.6186207,5.8005262],[-75.6185796,5.8003891],[-75.6185774,5.8003548],[-75.6185482,5.800262],[-75.618535,5.8001824],[-75.6185449,5.8000968],[-75.6185893,5.8000218],[-75.6186944,5.7998239],[-75.6187229,5.7997701],[-75.618768,5.7996812],[-75.6188629,5.7994803],[-75.6189034,5.7993298],[-75.6189165,5.7993443],[-75.619012,5.7994724],[-75.6191155,5.7996667],[-75.6191675,5.7997713],[-75.6192286,5.8000296],[-75.6192672,5.8002368],[-75.6193219,5.8004682],[-75.61938,5.8006933],[-75.619407,5.8007627],[-75.6193824,5.8009245],[-75.6193597,5.8011327],[-75.6193648,5.8012255],[-75.6196887,5.8010038],[-75.6196492,5.8009259],[-75.6196278,5.8008217],[-75.6196076,5.8007509],[-75.6195855,5.8006714],[-75.619537,5.8004528],[-75.6195119,5.8003293],[-75.6195289,5.8002678],[-75.6195579,5.8001659],[-75.6196059,5.7999915],[-75.6196016,5.7999663],[-75.6195902,5.7999497],[-75.6195766,5.7999401],[-75.6195509,5.7999494],[-75.6195376,5.7999762],[-75.6195188,5.8000074],[-75.619507,5.8000173],[-75.6194985,5.8000102],[-75.6194821,5.7999715],[-75.619467,5.7999139],[-75.6193731,5.799672],[-75.619333,5.7996099],[-75.6192573,5.7995343],[-75.6191232,5.7994337],[-75.6190581,5.7993562],[-75.6189832,5.7991931],[-75.6189633,5.7990938],[-75.6190145,5.7988375],[-75.6190384,5.7986358],[-75.6190647,5.7984939],[-75.6190726,5.7983546],[-75.61907,5.7982841],[-75.6190982,5.7982481],[-75.6191251,5.7981984],[-75.6191906,5.798098],[-75.6192225,5.7980381],[-75.6192313,5.797941],[-75.6192417,5.7978722],[-75.6192424,5.7977935],[-75.61929,5.7976152],[-75.619344,5.7974855],[-75.6194348,5.7972963],[-75.6195279,5.7971108],[-75.6196439,5.7968849],[-75.6197625,5.7966126],[-75.6198552,5.7964124],[-75.6199048,5.7963203],[-75.6199606,5.7962533],[-75.6199973,5.7962027],[-75.6200357,5.7960744],[-75.620056,5.7960067],[-75.6200511,5.7958676],[-75.6200312,5.7957682],[-75.6200074,5.7957125],[-75.6200051,5.7956331],[-75.6200352,5.7955645],[-75.620089,5.7954327],[-75.6201331,5.7953451],[-75.6201881,5.7952271],[-75.6202267,5.7951223],[-75.620274,5.7950373],[-75.6203232,5.7949847],[-75.6203484,5.7949263],[-75.6203568,5.7947497],[-75.6203623,5.7945418],[-75.6203046,5.7942976],[-75.6202037,5.7940878],[-75.620196,5.7939499],[-75.6201792,5.7937343],[-75.6201873,5.7935429],[-75.620232,5.7933659],[-75.6203127,5.7931197],[-75.6204199,5.792755],[-75.6204309,5.7925427],[-75.6204452,5.792398],[-75.6205165,5.792189],[-75.6205304,5.791943],[-75.620515,5.7917322],[-75.620496,5.7916534],[-75.6204821,5.7916094],[-75.6204539,5.7915698],[-75.6204218,5.7915197],[-75.6204002,5.7914873],[-75.620367,5.7914579],[-75.6203424,5.7914357],[-75.6202869,5.7914526],[-75.6202238,5.7914938],[-75.6201529,5.7915275],[-75.6201494,5.7915291],[-75.6200856,5.7915301],[-75.6200432,5.7915507],[-75.6200182,5.7915678],[-75.6199725,5.7916054],[-75.6198832,5.7916068],[-75.619777,5.7915636],[-75.6197225,5.7914949],[-75.6196939,5.7913973],[-75.6196459,5.791163],[-75.6196337,5.7909115],[-75.6196522,5.7906406],[-75.6196875,5.7904143],[-75.6197273,5.7902475],[-75.6197644,5.7900894],[-75.6198177,5.7898655],[-75.6198457,5.789714],[-75.6199268,5.7895337],[-75.620005,5.7894016],[-75.6200597,5.7892928],[-75.6200992,5.7891764],[-75.6201166,5.7890648],[-75.6201265,5.7889195],[-75.6201417,5.7888041],[-75.6201718,5.7886563],[-75.6201566,5.7885257],[-75.620149,5.7884307],[-75.6201534,5.7883025],[-75.620145,5.7881958],[-75.6201475,5.7880443],[-75.6201553,5.7878719],[-75.6201719,5.7877506],[-75.6201708,5.7876628],[-75.6202451,5.7875437],[-75.6202785,5.7874727],[-75.6203199,5.7873688],[-75.6203893,5.7872364],[-75.6204585,5.7871635],[-75.6205025,5.7871034],[-75.6205577,5.7870258],[-75.6206038,5.7869802],[-75.620636,5.7869571],[-75.6207329,5.7869133],[-75.6208195,5.7868624],[-75.6208303,5.7868546],[-75.6208619,5.7868317],[-75.6208823,5.7867334],[-75.6209097,5.7866737],[-75.6209347,5.7865829],[-75.620941,5.7864779],[-75.6209488,5.7862821],[-75.6209825,5.7861916],[-75.6210346,5.7860752],[-75.6210986,5.7859852],[-75.6212082,5.7858437],[-75.6212856,5.7857379],[-75.6213034,5.7856809],[-75.6213281,5.7855989],[-75.6214144,5.7854827],[-75.6214511,5.7854183],[-75.6215128,5.7853118],[-75.6215436,5.7852206],[-75.621568,5.7850371],[-75.6215999,5.7848384],[-75.6216132,5.7846616],[-75.6216176,5.7845334],[-75.6215973,5.7844004],[-75.6215662,5.7842418],[-75.6215091,5.7840741],[-75.6213696,5.7836284],[-75.6213257,5.783438],[-75.6213173,5.7829179],[-75.6212777,5.7825393],[-75.6212519,5.782413],[-75.6212195,5.7822547],[-75.6211835,5.7821414],[-75.6210453,5.7817549],[-75.6210306,5.7816418],[-75.6210242,5.7815214],[-75.6210233,5.7814207],[-75.6210422,5.7812975],[-75.6210556,5.7812507],[-75.6209611,5.7813869],[-75.6209333,5.7814495],[-75.6209281,5.7815134],[-75.6209309,5.7815719],[-75.6209414,5.7816239],[-75.6209638,5.7817026],[-75.6209838,5.7817621],[-75.6210413,5.7819577],[-75.6210649,5.7820289],[-75.6210846,5.7820794],[-75.621112,5.7821344],[-75.6211856,5.7822813],[-75.6212018,5.7823461],[-75.6212122,5.7824016],[-75.6211992,5.7825602],[-75.6211832,5.7826479],[-75.6211786,5.7826771],[-75.6211775,5.7828098],[-75.6211796,5.7828777],[-75.6211665,5.7829823],[-75.6211367,5.7830353],[-75.6211303,5.7830378],[-75.6211217,5.7830362],[-75.6210944,5.7830014],[-75.6210121,5.78283],[-75.6208476,5.7823475],[-75.6207474,5.7820853],[-75.6207146,5.7820164],[-75.6206632,5.7819086],[-75.6206072,5.7817883],[-75.620599,5.7817174],[-75.6205976,5.7816436],[-75.6206069,5.7815868],[-75.6206276,5.7814801],[-75.6206428,5.7813917],[-75.6206572,5.7812738],[-75.620659,5.7811869],[-75.6206609,5.7811023],[-75.6206686,5.7810118],[-75.6206806,5.7809272],[-75.6206958,5.7808618],[-75.6207151,5.7807711],[-75.6207333,5.780691],[-75.6207485,5.780645],[-75.6207652,5.7805888],[-75.6207954,5.7805175],[-75.6208152,5.780461],[-75.6208357,5.7803951],[-75.6208581,5.7803272],[-75.6208673,5.7802976],[-75.6208809,5.7802894],[-75.6208809,5.7802894],[-75.6208712,5.7802328],[-75.6208841,5.7801252],[-75.6209098,5.7800243],[-75.6209435,5.7798827],[-75.6209524,5.7797925],[-75.6209601,5.7796834],[-75.620962,5.7796117],[-75.6210399,5.7793346],[-75.621059,5.779256],[-75.6211055,5.7791196],[-75.6211401,5.7790219],[-75.6212113,5.7788376],[-75.6212867,5.7786432],[-75.621311,5.7785661],[-75.6213274,5.7785154],[-75.6213452,5.7784544],[-75.6213514,5.7783971],[-75.6213535,5.7783192],[-75.621349,5.7782219],[-75.6213217,5.7779601],[-75.6212885,5.7778435],[-75.6212402,5.7777405],[-75.6212277,5.7776544],[-75.6212357,5.7775686],[-75.6212555,5.7774554],[-75.621281,5.777309],[-75.6212961,5.7771623],[-75.6212908,5.7770788],[-75.6212831,5.777009],[-75.6212065,5.7767641],[-75.6211622,5.7766487],[-75.6211133,5.7765108],[-75.6210776,5.77642],[-75.6210275,5.7763234],[-75.6210045,5.7762234],[-75.6209863,5.7760857],[-75.6209782,5.7760012],[-75.6209367,5.7758308],[-75.6208978,5.7757387],[-75.6208679,5.7756435],[-75.6208476,5.7755141],[-75.6208492,5.7754343],[-75.6208566,5.7753415],[-75.6208562,5.7751666],[-75.6208423,5.7750398],[-75.6208133,5.7748648],[-75.6207585,5.7745746],[-75.6207168,5.7743882],[-75.6206762,5.774299],[-75.6205727,5.7741655],[-75.6205509,5.7740981],[-75.6205183,5.7739748],[-75.6204845,5.773864],[-75.6203915,5.7736706],[-75.6203335,5.7735952],[-75.6202765,5.7735381],[-75.620216,5.7734808],[-75.6201398,5.7734202],[-75.6200037,5.7733474],[-75.6198823,5.7732784],[-75.6197068,5.7731345],[-75.6197068,5.7731345],[-75.6195256,5.7730185],[-75.6194645,5.7729619],[-75.6194166,5.7729058],[-75.6192363,5.7726865],[-75.6191817,5.7725633],[-75.6191715,5.7725149],[-75.6191587,5.7724439],[-75.6191527,5.7723658],[-75.6191481,5.7722724],[-75.6191377,5.7722114],[-75.6191185,5.7721437],[-75.6190828,5.7720699],[-75.6190571,5.7719894],[-75.6190587,5.7717856],[-75.6190788,5.7716648],[-75.6190992,5.7715768],[-75.6191167,5.7715],[-75.6191353,5.7714329],[-75.6191502,5.7713727],[-75.6191648,5.7713223],[-75.6192031,5.7712583],[-75.6192173,5.7712416],[-75.6192581,5.7712071],[-75.6193029,5.771179],[-75.6193466,5.7711318],[-75.6193856,5.7710756],[-75.6194144,5.7710092],[-75.619456,5.7709278],[-75.6195068,5.7708397],[-75.6195847,5.7706167],[-75.6195912,5.7705493],[-75.6195982,5.7704773],[-75.6195987,5.7704741],[-75.6195913,5.7703891],[-75.6195744,5.7703067],[-75.6195414,5.7701983],[-75.6195103,5.7700518],[-75.6195028,5.7699659],[-75.6194901,5.7699155],[-75.6194884,5.7699088],[-75.6194688,5.7698552],[-75.6194072,5.7697736],[-75.6193614,5.7697186],[-75.6192695,5.7696378],[-75.6192196,5.7695995],[-75.619163,5.7695546],[-75.6190812,5.7694688],[-75.6190106,5.7693535],[-75.6189837,5.7692684],[-75.6189629,5.7691719],[-75.6189528,5.7690433],[-75.6189546,5.76899],[-75.6189566,5.7687678],[-75.6189546,5.7686808],[-75.6189442,5.7686206],[-75.6189231,5.7685542],[-75.6189126,5.7684823],[-75.6188888,5.7684201],[-75.6188693,5.7683774],[-75.6188242,5.7683207],[-75.6187808,5.7682815],[-75.6187398,5.7682378],[-75.6187253,5.768203],[-75.6187078,5.7681222],[-75.6187297,5.7680572],[-75.618753,5.7679998],[-75.6187971,5.7678303],[-75.6187963,5.7677819],[-75.6187884,5.7677043],[-75.6187649,5.7676221],[-75.6187456,5.7675587],[-75.6187166,5.7674472],[-75.6186942,5.7673355],[-75.6186271,5.7670687],[-75.6186148,5.7669708],[-75.6186197,5.7668406],[-75.6186212,5.7668065],[-75.6186097,5.7667468],[-75.618597,5.7666629],[-75.6185926,5.7666007],[-75.6185963,5.7663706],[-75.6185927,5.7661984],[-75.6186038,5.7660564],[-75.6186531,5.7658711],[-75.6186874,5.765818],[-75.6187475,5.7657594],[-75.61886,5.7656869],[-75.6189507,5.7655102],[-75.6189507,5.7655102],[-75.6189575,5.7654431],[-75.618966,5.7654087],[-75.618974,5.7653788],[-75.6189782,5.76532],[-75.6189764,5.7653045],[-75.6189709,5.7652951],[-75.6189507,5.7652889],[-75.6189383,5.765303],[-75.6189227,5.7653397],[-75.6189121,5.7653919],[-75.6189016,5.7654518],[-75.618891,5.7655078],[-75.6188819,5.7655434],[-75.6188768,5.7655532],[-75.6188632,5.7655456],[-75.6188541,5.7655084],[-75.6188609,5.7654551],[-75.6188704,5.765426],[-75.618892,5.7653416],[-75.6189113,5.7652617],[-75.6189236,5.7651825],[-75.6189152,5.7649922],[-75.6189003,5.7649306],[-75.6188907,5.7648359],[-75.6188603,5.7646954],[-75.6188394,5.7646476],[-75.6188275,5.7646064],[-75.6188327,5.7645263],[-75.6188453,5.7644542],[-75.6188558,5.7644162],[-75.6188991,5.7643539],[-75.6189287,5.7643131],[-75.6189554,5.7642758],[-75.6189764,5.7642456],[-75.6189979,5.7642092],[-75.6190156,5.7641678],[-75.6190482,5.7641056],[-75.6190719,5.7640572],[-75.619098,5.7640241],[-75.6191641,5.7639605],[-75.6192135,5.7639162],[-75.6192584,5.7638828],[-75.619332,5.7638434],[-75.6193701,5.7638213],[-75.6194265,5.7637932],[-75.619537,5.7637515],[-75.6195556,5.7637094],[-75.6195846,5.76366],[-75.6196546,5.7635643],[-75.6198634,5.7633225],[-75.6199313,5.7632496],[-75.620022,5.7631584],[-75.6201027,5.7630688],[-75.6203497,5.7627754],[-75.6204924,5.7626283],[-75.6205657,5.7625542],[-75.6207904,5.7623551],[-75.6209163,5.7622329],[-75.6209849,5.7621592],[-75.621139,5.7619851],[-75.6212055,5.7618793],[-75.6212055,5.7618793],[-75.6212147,5.7617685],[-75.6212117,5.7617265],[-75.6212218,5.7616941],[-75.6212632,5.7616411],[-75.6213501,5.7615443],[-75.6213823,5.7614636],[-75.6214135,5.7613902],[-75.6214975,5.7610636],[-75.6215301,5.7609928],[-75.621558,5.7609574],[-75.6215823,5.7609314],[-75.6216616,5.7608624],[-75.6217172,5.760834],[-75.6217556,5.7608171],[-75.6217832,5.7608027],[-75.6218126,5.7607751],[-75.6218437,5.7607359],[-75.6220129,5.7604653],[-75.6220385,5.7604112],[-75.6220522,5.7603593],[-75.6220498,5.7603046],[-75.6220371,5.7601842],[-75.622044,5.7601674],[-75.6220617,5.7601467],[-75.6221665,5.760093],[-75.6222445,5.760058],[-75.6223265,5.7599994],[-75.622711,5.7596782],[-75.622734,5.7596641],[-75.6227461,5.7596687],[-75.6227479,5.7596957],[-75.6227461,5.759733],[-75.6227345,5.7597903],[-75.6226991,5.7598909],[-75.6226692,5.7599398],[-75.6225892,5.7600389],[-75.6223337,5.7603132],[-75.6220771,5.7605803],[-75.6222058,5.7604518],[-75.6225005,5.7602649],[-75.6226158,5.7601903],[-75.6226941,5.7601301],[-75.622745,5.7600772],[-75.6227743,5.7600393],[-75.6228156,5.7599497],[-75.6228351,5.7598823],[-75.6228503,5.7597865],[-75.6228293,5.7592775],[-75.622833,5.7592149],[-75.6228383,5.7591735],[-75.6228482,5.7591234],[-75.6228665,5.7590616],[-75.6228748,5.7590424],[-75.6228984,5.7589925],[-75.6229269,5.7589496],[-75.6229487,5.758912],[-75.6230127,5.7588044],[-75.623027,5.7587567],[-75.6230349,5.7586977],[-75.6230412,5.7586724],[-75.6230517,5.7585915],[-75.6230644,5.7585337],[-75.6230775,5.7584849],[-75.6231044,5.7584173],[-75.6231328,5.7583532],[-75.6231505,5.7583084],[-75.6231613,5.758265],[-75.6231658,5.7582177],[-75.623159,5.7581366],[-75.6231453,5.758073],[-75.6231291,5.758003],[-75.623116,5.757937],[-75.6231089,5.7578622],[-75.6231094,5.7577742],[-75.6231097,5.7576437],[-75.6231273,5.7575733],[-75.6231462,5.7575091],[-75.6231775,5.7574167],[-75.6232065,5.7573407],[-75.6232326,5.7572724],[-75.6232501,5.757185],[-75.6232641,5.7571035],[-75.6233065,5.7569834],[-75.6233149,5.756965],[-75.6233478,5.7569229],[-75.6233901,5.756875],[-75.6234256,5.7568367],[-75.6234603,5.7567925],[-75.6235696,5.7563627],[-75.6236189,5.7561258],[-75.6236689,5.7559266],[-75.6237022,5.7558207],[-75.6237357,5.7557257],[-75.6237497,5.7556398],[-75.6237439,5.7554376],[-75.6237402,5.7553812],[-75.6237432,5.7553348],[-75.6237697,5.7552974],[-75.6238658,5.7548196],[-75.6238954,5.7547516],[-75.6239859,5.7545453],[-75.6240084,5.7544967],[-75.6240441,5.7544521],[-75.6240942,5.7544053],[-75.6241207,5.7543819],[-75.6241676,5.754355],[-75.6241773,5.754353],[-75.6241025,5.7542554],[-75.6239671,5.7544998],[-75.6239368,5.7545731],[-75.6238725,5.7546486],[-75.6238437,5.7546721],[-75.6238241,5.7546583],[-75.6237701,5.7545918],[-75.6237237,5.7545215],[-75.6236941,5.7544794],[-75.6236735,5.7544334],[-75.6236712,5.7544242],[-75.6236658,5.7543314],[-75.623675,5.7542445],[-75.6236828,5.7542029],[-75.6237015,5.7541424],[-75.6237289,5.7540864],[-75.6237538,5.7540486],[-75.6237792,5.7540068],[-75.6238047,5.7539863],[-75.6238047,5.7539863],[-75.6236192,5.7538201],[-75.6236192,5.7538201],[-75.6236036,5.7538995],[-75.6235715,5.7539509],[-75.623564,5.7539572],[-75.6235332,5.7540436],[-75.623498,5.7540926],[-75.6234,5.7542493],[-75.6233783,5.7543082],[-75.6233621,5.7543552],[-75.6232924,5.7544862],[-75.6232924,5.7544863],[-75.6232924,5.7544863],[-75.6232923,5.7544866],[-75.6232762,5.7545435],[-75.6231237,5.7548605],[-75.6230821,5.7549522],[-75.6230657,5.7550083],[-75.6230453,5.7550939],[-75.6230098,5.7552375],[-75.6229945,5.7553019],[-75.6229772,5.7553419],[-75.6229494,5.7553839],[-75.6229188,5.7554207],[-75.6228764,5.7554671],[-75.622843,5.7555123],[-75.6228135,5.7555632],[-75.6227742,5.7556779],[-75.6227545,5.7557627],[-75.6227375,5.7558366],[-75.6226988,5.7560286],[-75.6226742,5.756096],[-75.6226539,5.7561393],[-75.6226539,5.7561393],[-75.6226294,5.756318],[-75.6226173,5.7564393],[-75.6226089,5.7565298],[-75.6226116,5.7565909],[-75.6226211,5.7566561],[-75.6226363,5.7567034],[-75.6226572,5.7567654],[-75.6226718,5.756816],[-75.6226835,5.7568545],[-75.622695,5.7569092],[-75.6227084,5.7570684],[-75.6227029,5.7571262],[-75.6226859,5.757225],[-75.6226683,5.7573263],[-75.6226559,5.7573709],[-75.6225845,5.7576009],[-75.622557,5.7576841],[-75.6225357,5.7577259],[-75.6225117,5.7577661],[-75.6224944,5.7578134],[-75.6224843,5.7578454],[-75.6224767,5.7578689],[-75.6224694,5.7578908],[-75.6224634,5.7579128],[-75.6224608,5.7579372],[-75.6224645,5.7579433],[-75.6224806,5.7579453],[-75.6225018,5.75792],[-75.6225323,5.7578769],[-75.6225629,5.7578281],[-75.6225764,5.7577998],[-75.6225854,5.7577807],[-75.6225936,5.7577651],[-75.6226023,5.7577528],[-75.6226128,5.7577588],[-75.6226238,5.7577767],[-75.6226253,5.7578068],[-75.6226059,5.758067],[-75.6226146,5.7581399],[-75.6226156,5.7582292],[-75.622615,5.7582839],[-75.6226199,5.7585366],[-75.6226247,5.7586055],[-75.6226185,5.7586788],[-75.6226017,5.7587276],[-75.6225954,5.7587793],[-75.6226,5.7588399],[-75.622604,5.7588908],[-75.6226138,5.7590173],[-75.6226241,5.7590593],[-75.6226332,5.7591154],[-75.6226287,5.7591755],[-75.6226241,5.7592191],[-75.6226226,5.759265],[-75.6226152,5.759341],[-75.62259,5.7594671],[-75.6225798,5.7594854],[-75.6225542,5.7595125],[-75.622532,5.7595257],[-75.6225011,5.7595462],[-75.622464,5.7595781],[-75.6224149,5.7596345],[-75.6223733,5.7596816],[-75.622333,5.7597268],[-75.6222989,5.7597643],[-75.6222579,5.7598013],[-75.6222194,5.7598233],[-75.6221854,5.7598333],[-75.6220681,5.7598801],[-75.6218969,5.7599701],[-75.6216759,5.7600924],[-75.6216384,5.7601116],[-75.6215626,5.7601527],[-75.6214809,5.760186],[-75.6214145,5.7602067],[-75.621349,5.7602304],[-75.6212829,5.7602558],[-75.6212049,5.7603046],[-75.621099,5.760357],[-75.6210044,5.7604992],[-75.6209366,5.7605849],[-75.6208741,5.760654],[-75.620802,5.7607105],[-75.6207111,5.7607488],[-75.6206917,5.7607519],[-75.6206245,5.7607521],[-75.6205793,5.7607463],[-75.6205124,5.760735],[-75.620457,5.7607249],[-75.6203201,5.7607436],[-75.6202623,5.7607671],[-75.6202092,5.7607969],[-75.6201579,5.7608333],[-75.6201179,5.7608683],[-75.620071,5.7609173],[-75.6200121,5.7609833],[-75.6199546,5.7610983],[-75.6199302,5.7611236],[-75.6197999,5.7612405],[-75.6197578,5.7612814],[-75.6196227,5.7613423],[-75.6194963,5.7613978],[-75.6193484,5.7614628],[-75.6193334,5.7614862],[-75.6192666,5.7616048],[-75.6192271,5.761676],[-75.6191715,5.7617627],[-75.619131,5.7618273],[-75.6190592,5.7619971],[-75.6190215,5.7620866],[-75.6189525,5.7622464],[-75.6188213,5.7625602],[-75.618794,5.7626359],[-75.6187455,5.7628082],[-75.618709,5.7628776],[-75.6186832,5.7629147],[-75.618655,5.7629547],[-75.6185877,5.7630576],[-75.6184721,5.7632403],[-75.6184399,5.7633143],[-75.6184279,5.7633418],[-75.6183876,5.7634729],[-75.6183214,5.7637174],[-75.6182898,5.763786],[-75.6182426,5.7638646],[-75.6181218,5.7641048],[-75.6181043,5.7642014],[-75.6180789,5.7642868],[-75.6180323,5.7643834],[-75.6178737,5.7646781],[-75.6178257,5.7648004],[-75.6177156,5.7650629],[-75.6175332,5.7654298],[-75.6175329,5.7654305],[-75.6175576,5.7655317],[-75.6175771,5.7656165],[-75.6175762,5.7656773],[-75.6175575,5.765754],[-75.6175298,5.7657969],[-75.6174685,5.7658646],[-75.6173097,5.7660181],[-75.6172834,5.7661056],[-75.6173084,5.7662131],[-75.6173284,5.7662715],[-75.6173403,5.7663258],[-75.6173472,5.7663867],[-75.6173591,5.7664505],[-75.617366,5.7665114],[-75.6173669,5.7665838],[-75.6173519,5.7666339],[-75.6173369,5.7666601],[-75.6173204,5.7667111],[-75.6173239,5.7667633],[-75.6173647,5.7668511],[-75.6173931,5.7669029],[-75.6174326,5.7669708],[-75.6174818,5.7670418],[-75.6175104,5.7670996],[-75.6175131,5.7671757],[-75.6175013,5.7672408],[-75.6174938,5.7673068],[-75.6174894,5.7673342],[-75.6174916,5.7673751],[-75.6175115,5.7674276],[-75.6175328,5.7674589],[-75.617566,5.7674924],[-75.6177134,5.7676092],[-75.6177707,5.7676612],[-75.617807,5.7677132],[-75.6178194,5.7678736],[-75.6178278,5.7681463],[-75.6178389,5.7682399],[-75.6178606,5.768351],[-75.6178843,5.76844],[-75.6179093,5.7684839],[-75.6179361,5.7684866],[-75.6179351,5.768451],[-75.6179236,5.7683869],[-75.6179017,5.7682676],[-75.6178654,5.7678826],[-75.6178783,5.767835],[-75.617884,5.7678327],[-75.6179011,5.767856],[-75.6179802,5.7679831],[-75.6180061,5.7680183],[-75.6180328,5.768086],[-75.6180403,5.7681583],[-75.6180487,5.7682081],[-75.6180604,5.768266],[-75.6180687,5.7683194],[-75.618086,5.768497],[-75.6180969,5.7685483],[-75.6181174,5.7686129],[-75.6181455,5.7686797],[-75.6181982,5.7688174],[-75.6182085,5.7688856],[-75.6182162,5.7689457],[-75.6182121,5.7689957],[-75.6181889,5.7690555],[-75.6181673,5.7691014],[-75.6181253,5.7691602],[-75.6180601,5.7692361],[-75.6180008,5.7693033],[-75.6178969,5.7694401],[-75.6178594,5.7695178],[-75.6178492,5.7695389],[-75.6177685,5.7696919],[-75.6177685,5.769692],[-75.6177686,5.7699111],[-75.6177686,5.7699437],[-75.6177686,5.7699438],[-75.6178345,5.770152],[-75.6178761,5.7703233],[-75.6179127,5.7704156],[-75.6180357,5.7706203],[-75.6180907,5.7707147],[-75.6181277,5.7707828],[-75.6181455,5.7708483],[-75.6181647,5.7709545],[-75.6181949,5.7710112],[-75.6182759,5.7710536],[-75.6183275,5.7710867],[-75.6183756,5.7711349],[-75.6183993,5.7711781],[-75.6184057,5.7712231],[-75.6184132,5.771277],[-75.6184232,5.7713559],[-75.6184579,5.7715185],[-75.6184752,5.7716066],[-75.6184901,5.7716898],[-75.6185111,5.7717845],[-75.6185542,5.7719701],[-75.6186976,5.7722619],[-75.6187387,5.7723379],[-75.6187386,5.7723745],[-75.6187249,5.772406],[-75.6187089,5.7724894],[-75.6187108,5.7725227],[-75.6187141,5.7726002],[-75.618702,5.7726849],[-75.6186986,5.772761],[-75.6187004,5.7728488],[-75.6187223,5.7729178],[-75.6187474,5.772973],[-75.6187777,5.7730075],[-75.6188372,5.7730618],[-75.6188824,5.7731024],[-75.6190331,5.773271],[-75.6190752,5.7733645],[-75.6190878,5.7734557],[-75.6190849,5.7735388],[-75.6190827,5.7736864],[-75.6190833,5.773779],[-75.6190926,5.7738545],[-75.6191021,5.7738942],[-75.6191483,5.7739659],[-75.6191998,5.7740414],[-75.6192747,5.7741699],[-75.6193262,5.774254],[-75.6193997,5.7743189],[-75.6194198,5.7743188],[-75.6194478,5.7743289],[-75.6194964,5.7743681],[-75.6195313,5.7744116],[-75.6195934,5.7744976],[-75.6196875,5.7746194],[-75.6197203,5.7746697],[-75.6197551,5.7747201],[-75.6197934,5.7747808],[-75.6199078,5.7749746],[-75.6199477,5.7750834],[-75.6199534,5.7751436],[-75.6199527,5.7752156],[-75.619938,5.7753052],[-75.6199067,5.7754194],[-75.619892,5.7754817],[-75.6198284,5.7756791],[-75.6197957,5.775767],[-75.6197754,5.7758317],[-75.6197573,5.775904],[-75.619756,5.7759539],[-75.6197615,5.7760118],[-75.6197711,5.7760861],[-75.6197831,5.7762092],[-75.6197885,5.7762475],[-75.6198072,5.7763793],[-75.6198268,5.7764672],[-75.6198452,5.776526],[-75.6198913,5.7766105],[-75.6199413,5.7766625],[-75.6199939,5.7767087],[-75.620007,5.7767263],[-75.620034,5.7768148],[-75.6200499,5.7768995],[-75.6200733,5.7771804],[-75.620081,5.7772596],[-75.6200816,5.7773658],[-75.6200764,5.7774592],[-75.6200804,5.7775596],[-75.6200934,5.777657],[-75.6201556,5.7779328],[-75.6201634,5.7780178],[-75.6201517,5.7781071],[-75.6201211,5.7781831],[-75.6200924,5.7782672],[-75.6199554,5.7785768],[-75.6199524,5.778621],[-75.6199746,5.7786593],[-75.6200066,5.7786909],[-75.620028,5.7787012],[-75.6201182,5.7787853],[-75.6201671,5.7788513],[-75.6202042,5.7789067],[-75.6202823,5.7790034],[-75.6203552,5.779113],[-75.6203729,5.779187],[-75.6203834,5.7792765],[-75.6203836,5.7793745],[-75.6203831,5.7794574],[-75.6203896,5.7798008],[-75.6204315,5.7800896],[-75.620441,5.7802149],[-75.6204418,5.7803234],[-75.6204407,5.7804188],[-75.6204311,5.7806507],[-75.6204226,5.7808125],[-75.6204063,5.7808963],[-75.6203911,5.7809812],[-75.6203813,5.7810641],[-75.6203802,5.781207],[-75.6203714,5.7813031],[-75.620368,5.7813598],[-75.620375,5.7814643],[-75.6203942,5.7815567],[-75.6204287,5.7817221],[-75.6204395,5.7818061],[-75.6204483,5.7819186],[-75.6204352,5.7820368],[-75.6204337,5.7822217],[-75.6204697,5.7824199],[-75.6204767,5.7825244],[-75.6204169,5.7826884],[-75.6204153,5.7827135],[-75.6203974,5.7827508],[-75.6203715,5.7827883],[-75.6203449,5.782824],[-75.6203012,5.7828809],[-75.6202477,5.7829755],[-75.620224,5.7830502],[-75.6202162,5.7831283],[-75.6202136,5.7831549],[-75.6202162,5.7832037],[-75.6202206,5.7832874],[-75.6202279,5.7833483],[-75.6202595,5.7834787],[-75.6202616,5.7834844],[-75.6202268,5.7835387],[-75.620184,5.7836187],[-75.6201578,5.7837052],[-75.620125,5.7837918],[-75.6201055,5.7838817],[-75.6200761,5.7839682],[-75.6200598,5.7840315],[-75.6200699,5.7840647],[-75.6200732,5.784068],[-75.6201234,5.7841442],[-75.6201369,5.7842007],[-75.6201238,5.7842373],[-75.6200809,5.7842973],[-75.620061,5.7843107],[-75.619995,5.7843742],[-75.6199588,5.7844575],[-75.6198927,5.7845243],[-75.6198066,5.7845646],[-75.6197605,5.7846446],[-75.6197509,5.7847211],[-75.6197543,5.7847377],[-75.6197813,5.784824],[-75.6198049,5.7849137],[-75.6198219,5.7850034],[-75.6198389,5.785093],[-75.6198559,5.7851827],[-75.6198564,5.7852758],[-75.6198668,5.7853689],[-75.6199003,5.7854551],[-75.6199041,5.7855482],[-75.6199045,5.7856413],[-75.6198983,5.7857278],[-75.6198983,5.7857344],[-75.6198326,5.7858843],[-75.6198326,5.785891],[-75.6197998,5.7859776],[-75.6197738,5.7860841],[-75.6197738,5.7860907],[-75.6197643,5.7861839],[-75.6197813,5.7862669],[-75.6197813,5.7862735],[-75.6197983,5.7863632],[-75.6197921,5.7864563],[-75.6198077,5.7864719],[-75.6197924,5.7864893],[-75.6197924,5.7864894],[-75.6197472,5.786541],[-75.6196836,5.7866072],[-75.6196519,5.7866719],[-75.6196372,5.7867799],[-75.6196182,5.7868465],[-75.619593,5.7869311],[-75.6195574,5.7869834],[-75.6194918,5.7870499],[-75.619451,5.7870978],[-75.6193619,5.7872448],[-75.6193109,5.7873307],[-75.6192875,5.7873701],[-75.6191683,5.7875671],[-75.6191471,5.78763],[-75.6191376,5.7878143],[-75.6191154,5.7879627],[-75.6190594,5.7880517],[-75.6190082,5.7880907],[-75.618975,5.7881235],[-75.6189369,5.788145],[-75.6189134,5.7881536],[-75.6188789,5.788135],[-75.6188491,5.7881384],[-75.6188168,5.7881594],[-75.6187848,5.788195],[-75.618777,5.7882136],[-75.6187709,5.7882281],[-75.6187602,5.7882892],[-75.6187584,5.7883272],[-75.6187551,5.7883712],[-75.6187865,5.7884483],[-75.6188213,5.788532],[-75.6188483,5.7886163],[-75.6188511,5.7886636],[-75.6188387,5.7887268],[-75.6188183,5.7887507],[-75.618775,5.7887678],[-75.6187567,5.7887809],[-75.6187422,5.7888063],[-75.6187254,5.7888387],[-75.6187068,5.7888859],[-75.6187125,5.7889447],[-75.6187158,5.7890231],[-75.6187269,5.7890775],[-75.6187455,5.7892625],[-75.6187551,5.7893948],[-75.6187679,5.7895569],[-75.6188013,5.7896844],[-75.6188578,5.7897848],[-75.6188362,5.7899148],[-75.6188357,5.7899848],[-75.6188017,5.7900756],[-75.6187286,5.7902025],[-75.6187015,5.7903262],[-75.6186832,5.7905374],[-75.618678,5.7905972],[-75.6187162,5.790831],[-75.6187523,5.7909566],[-75.6188275,5.7911002],[-75.6188606,5.7912143],[-75.6189238,5.7914852],[-75.6189513,5.7917209],[-75.6189649,5.791761],[-75.6189793,5.7918108],[-75.6189955,5.7919236],[-75.6189882,5.7919518],[-75.6189805,5.7920933],[-75.6189928,5.7921956],[-75.6189675,5.7923388],[-75.6189525,5.7924544],[-75.6189028,5.7926008],[-75.6189028,5.7926333],[-75.6189201,5.7926928],[-75.618928,5.7927679],[-75.6189216,5.7928275],[-75.6189106,5.7928798],[-75.6189277,5.7929264],[-75.6189357,5.7929415],[-75.6189718,5.7930099],[-75.619081,5.79318],[-75.6192328,5.7933962],[-75.6192826,5.7934773],[-75.6193245,5.7935049],[-75.6194039,5.7935546],[-75.6194558,5.7936807],[-75.6195119,5.793895],[-75.6195442,5.7940535],[-75.6195899,5.7942413],[-75.6196078,5.7943932],[-75.6195908,5.7945632],[-75.6195293,5.7947738],[-75.6195182,5.7948457],[-75.6195504,5.7949067],[-75.6195589,5.794968],[-75.6195914,5.7950112],[-75.6196074,5.7950028],[-75.6196308,5.7949573],[-75.6196481,5.7949409],[-75.6196582,5.7949547],[-75.6196749,5.7949867],[-75.6197526,5.795136],[-75.6197729,5.7951853],[-75.6197836,5.7952375],[-75.619801,5.7952772],[-75.6198179,5.7953003],[-75.6198327,5.7953324],[-75.6198085,5.7956064],[-75.6197648,5.7958714],[-75.6197349,5.7960288],[-75.6196708,5.7961904],[-75.6195747,5.7963992],[-75.6195208,5.7965313],[-75.6194186,5.7967171],[-75.6193995,5.7967986],[-75.6193949,5.7969428],[-75.6193912,5.7970101],[-75.6193316,5.7970797],[-75.6192276,5.7972135],[-75.6190995,5.7974066],[-75.619031,5.7975194],[-75.6189884,5.7976267],[-75.6189406,5.7977474],[-75.6188631,5.7979819],[-75.6188503,5.7980207],[-75.6187978,5.7983722],[-75.6187996,5.7983804],[-75.6188063,5.7984117],[-75.6188213,5.7984674],[-75.618816,5.798636],[-75.6188032,5.7988074],[-75.6188209,5.799033],[-75.6188323,5.7990713],[-75.618839,5.7991346],[-75.6187953,5.7992478],[-75.6187678,5.7993241],[-75.6187643,5.7993717],[-75.6187735,5.7993757],[-75.6187739,5.7993688],[-75.6188047,5.7993404],[-75.6188209,5.7993232],[-75.6188117,5.7993515]],[[-75.6191892,5.7979934],[-75.6191782,5.7980349],[-75.6191019,5.7981505],[-75.6190769,5.7982219],[-75.6190513,5.7982874],[-75.6190118,5.7984065],[-75.6189964,5.7984316],[-75.6189563,5.7983278],[-75.6189491,5.7982605],[-75.6189807,5.7980987],[-75.6190486,5.7979237],[-75.6191328,5.7977442],[-75.619141,5.7977473],[-75.6191892,5.7979934]],[[-75.6192015,5.7978265],[-75.6191644,5.7977126],[-75.6191687,5.7976619],[-75.6191978,5.7976138],[-75.6192673,5.7974781],[-75.6192869,5.7974654],[-75.6193102,5.7974287],[-75.6193166,5.7973906],[-75.6193925,5.7972928],[-75.6193563,5.7974145],[-75.6193223,5.7974641],[-75.6192898,5.7974859],[-75.6192693,5.7975105],[-75.6192475,5.797552],[-75.6192143,5.7976961],[-75.6192174,5.7978379],[-75.6192128,5.7978413],[-75.6192015,5.7978265]],[[-75.6201402,5.7936465],[-75.6201077,5.793777],[-75.6200956,5.7939696],[-75.6201429,5.7941192],[-75.6202466,5.7943119],[-75.6202937,5.7944595],[-75.6203099,5.7945616],[-75.620273,5.7947082],[-75.6202334,5.7949124],[-75.6201811,5.7950427],[-75.6201551,5.7950827],[-75.620096,5.7951494],[-75.6200403,5.7951991],[-75.6200233,5.7951652],[-75.6199712,5.795017],[-75.6199319,5.7947818],[-75.6199167,5.7946371],[-75.6199148,5.7945089],[-75.6198952,5.7944673],[-75.6198768,5.7944286],[-75.6198822,5.7944004],[-75.6199245,5.7943668],[-75.6199685,5.7943074],[-75.6199861,5.7942623],[-75.6199873,5.7942217],[-75.6199998,5.7941524],[-75.6200101,5.7941031],[-75.6200314,5.7941317],[-75.6200594,5.7941675],[-75.620061,5.79412],[-75.6200563,5.7940582],[-75.6200511,5.7939906],[-75.6201185,5.7936792],[-75.6201462,5.7936154],[-75.6201402,5.7936465]],[[-75.6199133,5.7942845],[-75.6198926,5.7943398],[-75.6198707,5.7943488],[-75.6198568,5.7943373],[-75.6198422,5.794307],[-75.6197972,5.794172],[-75.6197405,5.7939423],[-75.6196968,5.7937666],[-75.6196682,5.7936488],[-75.6196218,5.7935307],[-75.6195899,5.7933451],[-75.6195854,5.7932961],[-75.6195959,5.7932595],[-75.6196397,5.7932089],[-75.619688,5.7931312],[-75.6196978,5.793076],[-75.6197018,5.7930015],[-75.61968,5.7928712],[-75.6196423,5.7926644],[-75.6196204,5.7925015],[-75.6195856,5.7923694],[-75.619562,5.7922195],[-75.6194986,5.7920457],[-75.6194032,5.791878],[-75.619373,5.7917534],[-75.6193726,5.7916517],[-75.619432,5.7915344],[-75.6195058,5.7914543],[-75.6195385,5.7913366],[-75.6195442,5.7913449],[-75.6196282,5.791496],[-75.6196673,5.7915881],[-75.6197164,5.7916704],[-75.6197866,5.7917467],[-75.619866,5.7918903],[-75.6199387,5.7920572],[-75.6199926,5.7922467],[-75.6200381,5.7924311],[-75.6200603,5.7925979],[-75.6200773,5.792708],[-75.6200861,5.7928257],[-75.6200773,5.7929559],[-75.6200635,5.7930965],[-75.6200776,5.7932187],[-75.6200435,5.7933099],[-75.6199601,5.7936517],[-75.619932,5.7940466],[-75.6199133,5.7942845]],[[-75.619382,5.7929948],[-75.6193972,5.7930309],[-75.619418,5.7930536],[-75.6194368,5.7930852],[-75.6194322,5.79309],[-75.6194287,5.7930959],[-75.6194265,5.7931028],[-75.6194242,5.7931096],[-75.6194219,5.7931164],[-75.6194193,5.7931244],[-75.6194176,5.7931309],[-75.6194156,5.7931371],[-75.6194135,5.7931434],[-75.6194099,5.7931511],[-75.6194052,5.7931578],[-75.6193997,5.7931644],[-75.6193939,5.7931712],[-75.6193882,5.7931779],[-75.6193815,5.7931859],[-75.6193707,5.7932],[-75.6193651,5.793208],[-75.6193587,5.7932173],[-75.6193541,5.7932262],[-75.6193516,5.793233],[-75.619348,5.7932429],[-75.619348,5.7932429],[-75.6192863,5.7931905],[-75.6191611,5.7930414],[-75.6190735,5.7929056],[-75.6190181,5.7927529],[-75.6189906,5.7926578],[-75.6190018,5.7925965],[-75.6190361,5.7924639],[-75.6190896,5.7923581],[-75.6191341,5.7924023],[-75.6191846,5.7924893],[-75.6192119,5.7925608],[-75.6192288,5.7926056],[-75.6193099,5.7927361],[-75.6193463,5.7928096],[-75.6193722,5.7928654],[-75.6193782,5.7929103],[-75.6193742,5.7929521],[-75.619382,5.7929948]],[[-75.6194632,5.7929866],[-75.6194559,5.7929709],[-75.6194496,5.7929573],[-75.6194213,5.7929175],[-75.6194028,5.7928136],[-75.6193795,5.7927687],[-75.6193069,5.7926291],[-75.6192307,5.7924462],[-75.619208,5.7923916],[-75.6192068,5.7923779],[-75.6192155,5.7923543],[-75.6192338,5.7923433],[-75.6192408,5.7923391],[-75.6192536,5.7923316],[-75.6192792,5.7923166],[-75.6192988,5.792293],[-75.6192669,5.7922337],[-75.6192321,5.792169],[-75.6192107,5.7921447],[-75.6192023,5.7921353],[-75.6191926,5.7921327],[-75.6191831,5.7921302],[-75.6191817,5.7921269],[-75.6191629,5.7920828],[-75.6191575,5.7920349],[-75.6191645,5.7919873],[-75.6191661,5.7919768],[-75.6191821,5.7917095],[-75.6191836,5.7916258],[-75.6191857,5.7915116],[-75.6191574,5.7912456],[-75.619134,5.791065],[-75.6191223,5.7908508],[-75.6191212,5.7907738],[-75.6191201,5.7907641],[-75.6191151,5.7907181],[-75.6190993,5.7906653],[-75.6190985,5.7906575],[-75.6190929,5.7906056],[-75.6191001,5.7905525],[-75.6191218,5.7903925],[-75.6191114,5.7903356],[-75.61911,5.7903284],[-75.6191037,5.7902707],[-75.6191124,5.7902316],[-75.6191135,5.7902263],[-75.6191156,5.7902217],[-75.6191358,5.7901777],[-75.6191491,5.790154],[-75.6191664,5.7901234],[-75.6191996,5.7900823],[-75.6192294,5.7900453],[-75.6192315,5.7900535],[-75.6192341,5.7900636],[-75.6192644,5.7901371],[-75.6192862,5.79019],[-75.6193063,5.7902264],[-75.6193158,5.7902435],[-75.6193285,5.790329],[-75.6193364,5.7903818],[-75.6193568,5.7905399],[-75.6193597,5.7906256],[-75.6193835,5.7907883],[-75.6193727,5.7909948],[-75.6194332,5.7911046],[-75.6194753,5.79123],[-75.6194762,5.7912541],[-75.6194773,5.7912841],[-75.6194659,5.7913326],[-75.6194565,5.791381],[-75.6194065,5.7914825],[-75.6193451,5.7915674],[-75.6193219,5.7916243],[-75.6192999,5.7916785],[-75.6193079,5.7917555],[-75.6193083,5.7917597],[-75.6193091,5.7917623],[-75.6193606,5.7919423],[-75.619464,5.7922071],[-75.6194799,5.7923029],[-75.6194904,5.7923666],[-75.6194903,5.7924501],[-75.61949,5.7926106],[-75.6194962,5.7927364],[-75.6195025,5.7928653],[-75.6195065,5.7929519],[-75.619494,5.7929886],[-75.6194632,5.7929866]],[[-75.6188537,5.7902292],[-75.6189356,5.790487],[-75.6189459,5.7905353],[-75.6189406,5.7905961],[-75.6189389,5.7906634],[-75.6189434,5.7907558],[-75.6189385,5.7908204],[-75.6189114,5.7908812],[-75.618883,5.7910133],[-75.6188791,5.791068],[-75.6188718,5.7910854],[-75.6188161,5.7910157],[-75.6187961,5.7909811],[-75.618785,5.7909575],[-75.6187707,5.790866],[-75.6187595,5.790797],[-75.61875,5.7907367],[-75.6187379,5.7906796],[-75.6187314,5.7905983],[-75.6187374,5.7905454],[-75.6187549,5.7904983],[-75.6187659,5.7904676],[-75.6187698,5.7904347],[-75.6187658,5.7903916],[-75.6187708,5.7903487],[-75.6188423,5.7902017],[-75.6188537,5.7902292]],[[-75.6191504,5.7900539],[-75.619129,5.790078],[-75.6191131,5.7900987],[-75.6191086,5.7901029],[-75.6191034,5.7901039],[-75.6190987,5.7901008],[-75.6190943,5.7900934],[-75.6191282,5.790007],[-75.6191857,5.7898865],[-75.6192275,5.7898131],[-75.6192491,5.7897846],[-75.6192597,5.7897531],[-75.6192664,5.7896966],[-75.6192912,5.789642],[-75.6193037,5.7896284],[-75.6193034,5.7896488],[-75.6192979,5.7897018],[-75.6192644,5.7898437],[-75.6192615,5.7898863],[-75.6192576,5.7899163],[-75.6192038,5.7899985],[-75.6191771,5.7900288],[-75.6191504,5.7900539]],[[-75.6192129,5.7896789],[-75.6192144,5.7897333],[-75.6192025,5.7897854],[-75.6191755,5.7898382],[-75.619136,5.7899027],[-75.6190967,5.7899773],[-75.6190812,5.7900453],[-75.6190729,5.7900571],[-75.6190593,5.7900572],[-75.6190552,5.7900611],[-75.6190405,5.7900234],[-75.6190369,5.7899409],[-75.6190309,5.7898294],[-75.6190316,5.7897524],[-75.6190518,5.7896758],[-75.6190763,5.7896427],[-75.6190978,5.7896429],[-75.6191272,5.7896338],[-75.6191429,5.7896111],[-75.6191421,5.7896014],[-75.6191377,5.7895706],[-75.6191233,5.7895367],[-75.6191222,5.7894618],[-75.6191179,5.789431],[-75.6191094,5.7893986],[-75.6191021,5.789367],[-75.6191004,5.7893584],[-75.6191148,5.7893436],[-75.6191832,5.7892992],[-75.6192243,5.7892657],[-75.61925,5.7891975],[-75.619274,5.7891079],[-75.6193071,5.7890352],[-75.6193797,5.7889206],[-75.6193877,5.788985],[-75.6194099,5.7891175],[-75.6194242,5.7892001],[-75.6194109,5.7892285],[-75.6193948,5.7892453],[-75.6193794,5.7892358],[-75.6193599,5.7892228],[-75.6193455,5.7892123],[-75.6193319,5.7892133],[-75.6193396,5.7892488],[-75.6193393,5.7892512],[-75.6193421,5.7892987],[-75.6193293,5.7893995],[-75.619308,5.7894742],[-75.6193002,5.7894865],[-75.6192783,5.7895111],[-75.6192413,5.7895589],[-75.6192218,5.7896072],[-75.6192129,5.7896789]],[[-75.6188831,5.7896454],[-75.6188652,5.789641],[-75.6188457,5.789628],[-75.6188305,5.7896078],[-75.6188168,5.7895816],[-75.6187968,5.7895267],[-75.6187888,5.7894748],[-75.6188029,5.7894074],[-75.6188015,5.7893287],[-75.6188034,5.7891932],[-75.6188108,5.7890173],[-75.6188128,5.7889198],[-75.6188125,5.7888799],[-75.6188365,5.788803],[-75.6188488,5.7887864],[-75.6188638,5.7887667],[-75.6188681,5.7887722],[-75.6188757,5.7888184],[-75.6189055,5.7888511],[-75.6189326,5.7888742],[-75.6189438,5.7889054],[-75.6189396,5.7889379],[-75.618933,5.7889774],[-75.6189366,5.7890959],[-75.6189432,5.7891538],[-75.6189317,5.789218],[-75.6188941,5.789332],[-75.6188836,5.7894438],[-75.6188922,5.7896009],[-75.6188875,5.7896402],[-75.6188831,5.7896454]],[[-75.6189972,5.7890141],[-75.6189866,5.788978],[-75.6189629,5.78879],[-75.6189645,5.7886759],[-75.6189614,5.7886499],[-75.6189609,5.7886061],[-75.6189648,5.7885698],[-75.618993,5.7884965],[-75.6190142,5.7884334],[-75.6190537,5.7883553],[-75.6190934,5.7883044],[-75.6191189,5.7882703],[-75.619135,5.7881794],[-75.6191395,5.7881742],[-75.6191545,5.7881671],[-75.6191645,5.7881829],[-75.6191463,5.7882973],[-75.6191598,5.7883809],[-75.6191762,5.7885753],[-75.6191571,5.7886401],[-75.6191278,5.7887126],[-75.6190753,5.7888102],[-75.6190154,5.7890224],[-75.6190093,5.7890317],[-75.6189972,5.7890141]],[[-75.6188732,5.788506],[-75.6188351,5.7884175],[-75.6188038,5.7883548],[-75.6188015,5.7883257],[-75.618807,5.7883088],[-75.6188528,5.7882253],[-75.6188705,5.7882024],[-75.6188963,5.7881974],[-75.6189283,5.7882085],[-75.6189604,5.7882089],[-75.6189864,5.7882058],[-75.6190081,5.7881973],[-75.6190829,5.7881349],[-75.6190989,5.7881287],[-75.619097,5.7881542],[-75.6190731,5.7882437],[-75.6190593,5.7882789],[-75.6190355,5.788309],[-75.6190069,5.7883172],[-75.6189631,5.7883411],[-75.6189497,5.7883548],[-75.6189267,5.7883839],[-75.6189227,5.7884076],[-75.6189172,5.788448],[-75.6189094,5.7884593],[-75.6188974,5.7884924],[-75.6188916,5.7885055],[-75.6188867,5.7885049],[-75.6188732,5.788506]],[[-75.6192301,5.7881255],[-75.6192404,5.7880838],[-75.6192502,5.7880723],[-75.6192658,5.7880604],[-75.6192752,5.7880557],[-75.619301,5.7880381],[-75.6193044,5.7880193],[-75.6193024,5.7879941],[-75.6192975,5.7879575],[-75.6193038,5.7879141],[-75.619296,5.7879021],[-75.6192768,5.7878802],[-75.6192714,5.7878612],[-75.6192731,5.7878211],[-75.6192932,5.7877805],[-75.6193246,5.7877351],[-75.6193615,5.7876854],[-75.61938,5.7876615],[-75.6193963,5.7876339],[-75.6194045,5.7875904],[-75.6194545,5.7875212],[-75.6194772,5.7875009],[-75.6195049,5.7874831],[-75.6195418,5.7874567],[-75.6195878,5.7874112],[-75.6196747,5.7873176],[-75.6197033,5.7872987],[-75.6197253,5.7872814],[-75.6197688,5.7872536],[-75.6198135,5.7872159],[-75.6198435,5.7871658],[-75.6198893,5.7871417],[-75.6199044,5.7871366],[-75.6199345,5.7871225],[-75.6199616,5.7870969],[-75.6199835,5.7870669],[-75.6200336,5.7869743],[-75.6200927,5.7868858],[-75.6201461,5.7868484],[-75.62018,5.786834],[-75.6201964,5.7868318],[-75.6202219,5.7868229],[-75.6202336,5.7868113],[-75.6202376,5.7868002],[-75.6202371,5.7867691],[-75.6202385,5.7867505],[-75.6202517,5.7867075],[-75.6202806,5.7866672],[-75.6203567,5.7865842],[-75.6203779,5.7865699],[-75.6203759,5.7865934],[-75.6203777,5.7866527],[-75.6203614,5.7867417],[-75.6203633,5.786839],[-75.6203369,5.7869482],[-75.6202981,5.7870595],[-75.6202676,5.7871652],[-75.6202535,5.7872325],[-75.6202322,5.7872703],[-75.6202178,5.7872851],[-75.6201953,5.7873073],[-75.6201686,5.7873387],[-75.6201489,5.7873851],[-75.620093,5.7875629],[-75.6200653,5.7876548],[-75.6200585,5.7876797],[-75.6200403,5.7877074],[-75.6200131,5.787733],[-75.6199479,5.7877567],[-75.6198902,5.7877778],[-75.6198398,5.7878159],[-75.6197881,5.7878639],[-75.6196908,5.7879486],[-75.6196451,5.787998],[-75.6196003,5.7880825],[-75.6195766,5.7881399],[-75.6195644,5.7881944],[-75.619545,5.788232],[-75.6195084,5.7882729],[-75.619466,5.7883143],[-75.6193733,5.7883724],[-75.619313,5.788422],[-75.6192785,5.7884647],[-75.6192577,5.7884848],[-75.6192405,5.7884881],[-75.6192388,5.7884668],[-75.6192425,5.7884159],[-75.6192388,5.7883207],[-75.6192293,5.7882747],[-75.6192331,5.788249],[-75.6192414,5.7882182],[-75.6192425,5.7881957],[-75.6192301,5.7881255]],[[-75.6202722,5.7865837],[-75.6201585,5.786658],[-75.6200516,5.78672],[-75.6199022,5.7867981],[-75.6197207,5.7869245],[-75.6196809,5.78695],[-75.6196615,5.7869389],[-75.6196617,5.7869282],[-75.6196656,5.7868918],[-75.6196865,5.7868122],[-75.6196968,5.7867345],[-75.6197364,5.7866329],[-75.6197746,5.7865753],[-75.619829,5.7865136],[-75.6198784,5.7864492],[-75.6199617,5.7863598],[-75.6199982,5.7863043],[-75.6200556,5.786256],[-75.6201267,5.7862211],[-75.6202537,5.7861419],[-75.6203203,5.7860743],[-75.6203608,5.7860457],[-75.6204083,5.7860195],[-75.6204377,5.7859977],[-75.6204623,5.7859646],[-75.6205308,5.7858355],[-75.6206253,5.7855805],[-75.6206447,5.7853968],[-75.6206477,5.7852387],[-75.6206085,5.7849418],[-75.6205901,5.7848195],[-75.6205451,5.7846818],[-75.6205295,5.7845837],[-75.6204852,5.7844177],[-75.6204488,5.784253],[-75.6204317,5.7841355],[-75.6204301,5.7840721],[-75.6204185,5.7839255],[-75.620399,5.7838671],[-75.620397,5.7838431],[-75.620399,5.7838391],[-75.6205023,5.7840741],[-75.6205228,5.7841195],[-75.6206247,5.7843492],[-75.62068,5.7844704],[-75.6207037,5.7845845],[-75.6207186,5.7847236],[-75.6207001,5.7848089],[-75.6206891,5.7848789],[-75.6207078,5.7849797],[-75.6207333,5.7852271],[-75.6207344,5.7853994],[-75.6207359,5.7855649],[-75.6207141,5.785707],[-75.6206805,5.78581],[-75.6206497,5.7859118],[-75.6206322,5.7859619],[-75.6205519,5.7861007],[-75.6204754,5.7862159],[-75.6204577,5.7862621],[-75.6204304,5.7863344],[-75.620413,5.7864332],[-75.6203933,5.7864796],[-75.6203634,5.786519],[-75.6203428,5.7865411],[-75.6203049,5.7865665],[-75.6202722,5.7865837]],[[-75.6202678,5.7840385],[-75.6202803,5.7841715],[-75.6202906,5.7842396],[-75.6203721,5.7843992],[-75.6204685,5.7846236],[-75.6205046,5.784712],[-75.6205031,5.7848151],[-75.6205338,5.7849816],[-75.6205756,5.7851541],[-75.6205855,5.7852902],[-75.6205888,5.7854657],[-75.6205775,5.7855676],[-75.620501,5.7857272],[-75.6204142,5.7859283],[-75.6203855,5.7859704],[-75.6203365,5.7860006],[-75.6202727,5.786027],[-75.6201024,5.7861174],[-75.6200007,5.7861799],[-75.619948,5.7862375],[-75.6199136,5.7862927],[-75.6198366,5.7864338],[-75.6198204,5.7864554],[-75.6198186,5.7864429],[-75.6198153,5.7864429],[-75.6198148,5.7863499],[-75.6198177,5.7862567],[-75.6197974,5.7861671],[-75.6198003,5.786074],[-75.6198331,5.7859841],[-75.6198592,5.7858975],[-75.619902,5.7858175],[-75.6199448,5.7857342],[-75.619951,5.7856411],[-75.6199406,5.785548],[-75.6199468,5.7854516],[-75.6199198,5.7853653],[-75.6199194,5.7852722],[-75.6199122,5.7851559],[-75.6198886,5.7850662],[-75.6198517,5.7849799],[-75.6198315,5.7849235],[-75.6198181,5.7848937],[-75.6198078,5.7848305],[-75.6198077,5.7848006],[-75.6198073,5.7847208],[-75.6198106,5.7847075],[-75.6198301,5.7846177],[-75.6198565,5.7845743],[-75.6198962,5.7845542],[-75.6199656,5.784494],[-75.6200284,5.7844272],[-75.6200812,5.7843539],[-75.6201406,5.7842804],[-75.62019,5.7842004],[-75.6202128,5.7841106],[-75.6202092,5.7840474],[-75.6202091,5.7840175],[-75.6202153,5.7839244],[-75.6202182,5.7838313],[-75.620231,5.7837414],[-75.6202207,5.7836484],[-75.6202568,5.7835651],[-75.6202776,5.7835278],[-75.6202994,5.7835867],[-75.6202977,5.7837211],[-75.6202678,5.7840385]],[[-75.6204003,5.7837975],[-75.6203649,5.7836875],[-75.6203609,5.7835157],[-75.6203373,5.7832942],[-75.6203261,5.7831716],[-75.6203264,5.7829539],[-75.6203363,5.7828998],[-75.6204309,5.7828091],[-75.6205215,5.782712],[-75.6205796,5.7825932],[-75.6205817,5.7825906],[-75.6205943,5.7825877],[-75.6206654,5.7826858],[-75.6207098,5.7827452],[-75.62077,5.7828209],[-75.6208386,5.7829102],[-75.6208928,5.7829844],[-75.6209437,5.7830515],[-75.6210195,5.7831901],[-75.6210591,5.7833044],[-75.6210747,5.7833853],[-75.6210792,5.7834554],[-75.6210538,5.7835949],[-75.6209166,5.7840825],[-75.6208605,5.7842818],[-75.6208309,5.7845452],[-75.6208035,5.7846789],[-75.6208025,5.784678],[-75.62079,5.7846673],[-75.6207792,5.7846419],[-75.6207727,5.7845966],[-75.6207309,5.7844128],[-75.6206929,5.7842775],[-75.6206304,5.7841032],[-75.6206155,5.7840742],[-75.6205055,5.7839396],[-75.6204389,5.7838563],[-75.6204003,5.7837975]],[[-75.6208232,5.7826919],[-75.6206775,5.7825081],[-75.620613,5.782336],[-75.6205989,5.7822348],[-75.6205942,5.7821725],[-75.6205909,5.7821044],[-75.6205898,5.7820675],[-75.6205862,5.7820421],[-75.6206166,5.7820774],[-75.6209076,5.7826768],[-75.6209285,5.7827291],[-75.6209089,5.7827455],[-75.6208232,5.7826919]],[[-75.6210376,5.7844421],[-75.6210834,5.7842846],[-75.6212094,5.7840802],[-75.6212061,5.7839466],[-75.6212077,5.783866],[-75.6212133,5.7838169],[-75.6212175,5.7837975],[-75.6212363,5.7837804],[-75.6212733,5.7837976],[-75.6212906,5.7838195],[-75.6213745,5.7840803],[-75.6214328,5.7842384],[-75.6214795,5.7844354],[-75.6214683,5.7844528],[-75.6214472,5.7844691],[-75.6214,5.7845118],[-75.6213843,5.7845706],[-75.6213533,5.7847318],[-75.6213107,5.7849914],[-75.6212509,5.7851803],[-75.6211771,5.7853283],[-75.6211053,5.7854782],[-75.621036,5.785585],[-75.6210101,5.785626],[-75.6209822,5.7856292],[-75.6209433,5.785605],[-75.6209221,5.7855707],[-75.6209204,5.7855367],[-75.6209244,5.7854896],[-75.6209369,5.7854389],[-75.6209692,5.7852951],[-75.6209735,5.7852392],[-75.6209783,5.7852018],[-75.6209806,5.7851569],[-75.6209751,5.7851125],[-75.6209673,5.7850624],[-75.6209646,5.7849681],[-75.6209678,5.7849221],[-75.6209634,5.7848913],[-75.6209578,5.7848703],[-75.6209533,5.7848375],[-75.6209557,5.7847818],[-75.6209567,5.784734],[-75.6209569,5.7846999],[-75.6210376,5.7844421]],[[-75.6212036,5.7853835],[-75.621259,5.7852358],[-75.6213307,5.7850604],[-75.6214163,5.7848391],[-75.6214641,5.7846198],[-75.6214951,5.7845686],[-75.6214849,5.7847352],[-75.6214663,5.7849902],[-75.6214298,5.7851433],[-75.6214195,5.7851616],[-75.6214031,5.7851873],[-75.621335,5.785261],[-75.6212124,5.7853965],[-75.6212104,5.7853966],[-75.6212036,5.7853835]],[[-75.621432,5.7853187],[-75.6214559,5.7853119],[-75.6214655,5.7853111],[-75.6214659,5.7853277],[-75.6214588,5.7853487],[-75.6214425,5.7853891],[-75.6214418,5.785392],[-75.6214064,5.7854378],[-75.6213404,5.7855133],[-75.621273,5.7856093],[-75.6211983,5.7857352],[-75.6211759,5.7857848],[-75.621154,5.7858275],[-75.6210749,5.7859226],[-75.6210362,5.7859744],[-75.6210204,5.7859845],[-75.6210059,5.7859739],[-75.6210035,5.7859429],[-75.6210095,5.7859083],[-75.6210128,5.7858768],[-75.6210226,5.7858526],[-75.6210253,5.7858133],[-75.6210229,5.785795],[-75.6210379,5.7857518],[-75.6211275,5.7856404],[-75.6212677,5.7855053],[-75.621432,5.7853187]],[[-75.6204705,5.7865396],[-75.6204943,5.7864714],[-75.6205079,5.7864343],[-75.6205393,5.7863762],[-75.6205589,5.7863532],[-75.6205712,5.7863493],[-75.6205855,5.7863452],[-75.6205948,5.7863279],[-75.6207484,5.7861179],[-75.6207314,5.7861738],[-75.6207204,5.7862185],[-75.6207186,5.7862567],[-75.6207177,5.7863318],[-75.6207064,5.7864468],[-75.6206621,5.7865624],[-75.6206787,5.7865748],[-75.6206872,5.7865965],[-75.620722,5.7866298],[-75.6207513,5.7866567],[-75.6207519,5.7866879],[-75.620743,5.786711],[-75.6207157,5.7867473],[-75.6206997,5.7867661],[-75.6206626,5.7868012],[-75.6205359,5.7869458],[-75.6205002,5.7869983],[-75.6204752,5.7870149],[-75.6204614,5.7870121],[-75.6204526,5.7869992],[-75.6204458,5.786988],[-75.620448,5.7869537],[-75.620445,5.7869043],[-75.6204495,5.7868503],[-75.6204532,5.7867993],[-75.6204502,5.7866631],[-75.6204505,5.7866182],[-75.6204584,5.7865834],[-75.6204705,5.7865396]],[[-75.6196229,5.7884757],[-75.6197001,5.7883702],[-75.6197374,5.7883137],[-75.6197772,5.7882521],[-75.6198333,5.7881989],[-75.6198832,5.7881297],[-75.6199081,5.7880644],[-75.6199199,5.7880167],[-75.619928,5.7879966],[-75.6199558,5.7879554],[-75.6200082,5.7878918],[-75.6200261,5.7878855],[-75.6200333,5.7879025],[-75.6200148,5.788049],[-75.6200042,5.7881356],[-75.6200157,5.7882681],[-75.6200069,5.7883778],[-75.6199931,5.7884977],[-75.6199833,5.7886192],[-75.6199551,5.7887412],[-75.6198903,5.7890015],[-75.6199056,5.7890597],[-75.6199128,5.789138],[-75.6198957,5.7892046],[-75.6198913,5.7892965],[-75.6198083,5.7894385],[-75.619685,5.7896489],[-75.619564,5.7899244],[-75.6194605,5.7901138],[-75.6194325,5.7902017],[-75.6194069,5.7902466],[-75.6193891,5.7902675],[-75.6193647,5.7902665],[-75.6193282,5.7901253],[-75.6193215,5.7900781],[-75.6193274,5.7900543],[-75.6193442,5.7900452],[-75.619363,5.7900378],[-75.6193775,5.7900357],[-75.6193877,5.79003],[-75.6194019,5.7900006],[-75.6194138,5.7899062],[-75.6194162,5.7898379],[-75.6194235,5.7898081],[-75.6194316,5.7897753],[-75.6194363,5.7897486],[-75.6194868,5.7896745],[-75.6195074,5.7896397],[-75.6195097,5.7896074],[-75.6195094,5.7895549],[-75.61951,5.7895013],[-75.6195124,5.7893482],[-75.6195151,5.7892603],[-75.6195165,5.7892038],[-75.6195458,5.7891206],[-75.6195411,5.7890733],[-75.6195255,5.7890112],[-75.6195165,5.788935],[-75.619538,5.7888018],[-75.6195534,5.7886779],[-75.6195855,5.7885682],[-75.6196229,5.7884757]],[[-75.6201889,5.7916275],[-75.6202145,5.7916053],[-75.6202391,5.7915931],[-75.6202655,5.7916004],[-75.6203168,5.7916538],[-75.6203613,5.7918481],[-75.6203623,5.7919774],[-75.6203442,5.792071],[-75.6203027,5.7921905],[-75.6202872,5.7922265],[-75.6202864,5.7922928],[-75.6202658,5.7923481],[-75.6202579,5.7923923],[-75.6202291,5.7923575],[-75.6201857,5.792327],[-75.6200958,5.7921874],[-75.6200346,5.7920046],[-75.6200055,5.791881],[-75.6199803,5.791833],[-75.6199334,5.7917742],[-75.6199159,5.7917561],[-75.619897,5.7916898],[-75.6198883,5.791659],[-75.6199155,5.7916653],[-75.6200446,5.7916817],[-75.6201274,5.791658],[-75.6201889,5.7916275]],[[-75.6207442,5.7801583],[-75.6207378,5.7804094],[-75.6207088,5.7805225],[-75.6206387,5.7807486],[-75.6206154,5.7809405],[-75.6206154,5.7810353],[-75.6205869,5.7811359],[-75.620569,5.781158],[-75.6205474,5.781169],[-75.6205147,5.7811519],[-75.6205085,5.7811155],[-75.6205713,5.7808058],[-75.6205814,5.7807023],[-75.6205898,5.7806018],[-75.6206096,5.7804995],[-75.6206241,5.7804257],[-75.62064,5.7803467],[-75.6206395,5.7803117],[-75.6206471,5.7802672],[-75.6206938,5.7801907],[-75.6207235,5.7801514],[-75.6207353,5.7801442],[-75.6207442,5.7801583]],[[-75.6206389,5.7801714],[-75.620547,5.7802819],[-75.6205361,5.7799085],[-75.6205333,5.7797669],[-75.6205347,5.7797077],[-75.620539,5.7796382],[-75.6205497,5.7795231],[-75.6205586,5.7793906],[-75.6205629,5.7793635],[-75.6205729,5.7793382],[-75.6205849,5.7793485],[-75.6205967,5.7793743],[-75.6206024,5.7794524],[-75.6206248,5.7794521],[-75.6206361,5.779382],[-75.6206208,5.7792383],[-75.6206131,5.7791441],[-75.6206122,5.779063],[-75.6206152,5.7790001],[-75.6206207,5.7789259],[-75.6206235,5.7788794],[-75.6206308,5.7787148],[-75.6206456,5.7786584],[-75.6206889,5.7785869],[-75.6207243,5.7785424],[-75.620753,5.7785051],[-75.6207799,5.7784657],[-75.6208051,5.7784419],[-75.6208098,5.7784387],[-75.6208362,5.7784914],[-75.6208528,5.7785989],[-75.6209186,5.7787964],[-75.6209214,5.7788972],[-75.6209128,5.7790234],[-75.6208815,5.7792603],[-75.6208658,5.7793747],[-75.6208506,5.7794824],[-75.6208236,5.7798234],[-75.6207737,5.7799604],[-75.6207345,5.7800619],[-75.6206933,5.780108],[-75.6206389,5.7801714]],[[-75.6188039,5.7692558],[-75.618836,5.7692991],[-75.6189719,5.7695767],[-75.6191099,5.769728],[-75.6192455,5.7699121],[-75.6192471,5.7699149],[-75.6192914,5.7699954],[-75.6193414,5.7701063],[-75.6193945,5.7702298],[-75.6194213,5.7703134],[-75.6194286,5.770379],[-75.6193874,5.7705333],[-75.6193718,5.7706139],[-75.6193631,5.7707446],[-75.6193595,5.7708051],[-75.6193395,5.770838],[-75.619184,5.771011],[-75.6191501,5.7710637],[-75.6190889,5.7711776],[-75.6190073,5.7713523],[-75.6189945,5.7714007],[-75.6189883,5.7714779],[-75.6189871,5.7715253],[-75.6189833,5.7715683],[-75.6189698,5.7716175],[-75.6189058,5.7717748],[-75.6188887,5.7718845],[-75.6188864,5.77197],[-75.6188943,5.7720383],[-75.6189223,5.7721034],[-75.6189603,5.7722054],[-75.6189591,5.7722188],[-75.6189509,5.7722191],[-75.6189354,5.7721869],[-75.61874,5.7717311],[-75.6187007,5.7715001],[-75.6186435,5.7712681],[-75.6186162,5.7711023],[-75.6186169,5.7709684],[-75.6185768,5.7706939],[-75.6185337,5.7704965],[-75.6184733,5.7703269],[-75.618426,5.7702155],[-75.6183938,5.7701374],[-75.618359,5.7700367],[-75.6183354,5.7699485],[-75.6183295,5.7699125],[-75.6183251,5.7698856],[-75.6183219,5.7698416],[-75.618336,5.769505],[-75.6183516,5.7694525],[-75.6183847,5.7693709],[-75.6184193,5.7693028],[-75.6184302,5.7692174],[-75.6184332,5.7691593],[-75.6184386,5.7691487],[-75.6184462,5.7691371],[-75.6184725,5.7691574],[-75.6184861,5.7692241],[-75.6184942,5.7692649],[-75.6185193,5.7692532],[-75.618546,5.769221],[-75.6185715,5.7691857],[-75.6185993,5.7691581],[-75.6186091,5.7691491],[-75.6186229,5.7691602],[-75.6186235,5.7691962],[-75.6186132,5.7693747],[-75.6186341,5.769496],[-75.6186885,5.7697126],[-75.6187108,5.7698322],[-75.6187229,5.7699135],[-75.618737,5.7700086],[-75.6187505,5.7701497],[-75.6187517,5.7702447],[-75.618695,5.7705087],[-75.6186627,5.7706576],[-75.618663,5.7707084],[-75.6186708,5.7707607],[-75.6187282,5.7708654],[-75.6187821,5.770947],[-75.6188019,5.7710175],[-75.6187683,5.7712022],[-75.6187511,5.7712591],[-75.6187503,5.7713394],[-75.618735,5.771476],[-75.6187629,5.7715737],[-75.6187771,5.7715894],[-75.61881,5.7715771],[-75.6188359,5.7715457],[-75.6188842,5.7714684],[-75.6189152,5.7714233],[-75.6189613,5.771287],[-75.618958,5.771209],[-75.6189581,5.7710912],[-75.6189584,5.7709765],[-75.6189596,5.7708863],[-75.6189601,5.7707877],[-75.6189593,5.7707212],[-75.6189495,5.7704451],[-75.6189336,5.7703606],[-75.6189126,5.7703086],[-75.6188522,5.7701426],[-75.6188177,5.7700501],[-75.6187976,5.7699859],[-75.6187847,5.7699137],[-75.6187563,5.7697539],[-75.618759,5.7696347],[-75.6187645,5.7695685],[-75.6187693,5.7694894],[-75.6187713,5.7694],[-75.6187744,5.7693094],[-75.6187802,5.7692752],[-75.6187832,5.7692648],[-75.6187971,5.7692536],[-75.6188039,5.7692558]],[[-75.6181782,5.7696704],[-75.618197,5.7697473],[-75.61823,5.7699123],[-75.6182705,5.7701148],[-75.6183317,5.770257],[-75.6183925,5.7704125],[-75.6184537,5.7706161],[-75.6184728,5.7707019],[-75.6184845,5.7707539],[-75.6184888,5.7708299],[-75.6184363,5.7709275],[-75.6184312,5.7709882],[-75.6184306,5.7710247],[-75.618428,5.7710644],[-75.6184253,5.7710838],[-75.6184198,5.7710921],[-75.6183684,5.7710561],[-75.6183108,5.7710249],[-75.61827,5.7710217],[-75.6182449,5.7710147],[-75.6182203,5.7709864],[-75.6182007,5.7709241],[-75.6181598,5.7707768],[-75.6180487,5.7705935],[-75.6180221,5.7705309],[-75.617996,5.7704644],[-75.6179154,5.7701906],[-75.6178858,5.7701154],[-75.6178424,5.7700486],[-75.6178272,5.7700051],[-75.6178191,5.7699112],[-75.617818,5.7698981],[-75.6178355,5.7698067],[-75.6178541,5.7697626],[-75.6178771,5.7696861],[-75.6178964,5.7696223],[-75.6179059,5.7695864],[-75.6179214,5.7695229],[-75.6179403,5.7694862],[-75.6179861,5.7694314],[-75.6180265,5.7693958],[-75.6180859,5.7693549],[-75.6181479,5.7693059],[-75.6182117,5.7692571],[-75.6181699,5.769489],[-75.6180875,5.7696833],[-75.6180727,5.7697494],[-75.6180815,5.7697996],[-75.6180912,5.7698138],[-75.6181088,5.7698136],[-75.6181217,5.7698001],[-75.6181396,5.769738],[-75.6181491,5.7696875],[-75.6181588,5.7696531],[-75.6181782,5.7696704]],[[-75.6186226,5.7681121],[-75.6186314,5.7681572],[-75.6186159,5.7683053],[-75.6185878,5.7683776],[-75.6185581,5.7684433],[-75.6185361,5.7685128],[-75.618521,5.7685758],[-75.6185106,5.7686393],[-75.6185199,5.768706],[-75.6185248,5.7687608],[-75.6185368,5.7688167],[-75.6185431,5.7688742],[-75.6185407,5.7689351],[-75.6185302,5.7689551],[-75.6185104,5.7689656],[-75.6184642,5.7689586],[-75.6184522,5.7689505],[-75.6183789,5.768895],[-75.6183689,5.7687488],[-75.6183556,5.7686817],[-75.6183518,5.7686502],[-75.618358,5.7686114],[-75.6184656,5.7683344],[-75.6184878,5.7682861],[-75.6185189,5.7682222],[-75.6185601,5.7681685],[-75.6185845,5.7681373],[-75.6185976,5.7681159],[-75.6186102,5.7681036],[-75.6186226,5.7681121]],[[-75.6184655,5.7681117],[-75.6184795,5.7681729],[-75.6184716,5.7682155],[-75.6183632,5.7683645],[-75.6183261,5.7684029],[-75.6183,5.7684226],[-75.6182758,5.7684236],[-75.6182346,5.7682303],[-75.6182286,5.7681535],[-75.6182268,5.7681019],[-75.6182305,5.7680522],[-75.6182367,5.7679996],[-75.6182394,5.767952],[-75.6182513,5.7679064],[-75.6182666,5.7678311],[-75.6182666,5.7677739],[-75.6182625,5.7677138],[-75.6182492,5.7676423],[-75.618236,5.7675672],[-75.6182217,5.7674935],[-75.6182177,5.7673444],[-75.6182163,5.7672375],[-75.6182108,5.7671893],[-75.6181848,5.7671293],[-75.6181475,5.7670459],[-75.6180905,5.7668942],[-75.6180943,5.7668213],[-75.6181632,5.766695],[-75.6182158,5.7665741],[-75.6182426,5.7664914],[-75.6182541,5.7664172],[-75.6182604,5.7663798],[-75.6182681,5.7663553],[-75.6182827,5.7663707],[-75.6183478,5.7664924],[-75.6183922,5.7665392],[-75.6184156,5.7665759],[-75.6184383,5.7666337],[-75.6184319,5.7666558],[-75.6184002,5.7667221],[-75.6183469,5.7668249],[-75.6183103,5.7669065],[-75.6182779,5.7669976],[-75.6182626,5.767054],[-75.6182591,5.7672538],[-75.6183029,5.7674681],[-75.6183285,5.7675379],[-75.6183699,5.7677712],[-75.6183985,5.7678862],[-75.6184299,5.7680305],[-75.6184435,5.7680726],[-75.6184655,5.7681117]],[[-75.6181152,5.7676423],[-75.6181514,5.7677081],[-75.6181599,5.7677776],[-75.6181759,5.7678493],[-75.6181856,5.7679054],[-75.6181817,5.7679766],[-75.6181743,5.7680101],[-75.6181636,5.7680321],[-75.6181333,5.7680438],[-75.6181108,5.7679934],[-75.6180244,5.7677217],[-75.6180249,5.7676656],[-75.6180371,5.7676384],[-75.6180722,5.7676228],[-75.6181152,5.7676423]],[[-75.6178837,5.7676538],[-75.6179247,5.7677404],[-75.61794,5.7677831],[-75.6179273,5.7678236],[-75.6178694,5.7677458],[-75.617787,5.7676079],[-75.6176787,5.7675252],[-75.6176338,5.7675012],[-75.6175928,5.7674726],[-75.6175565,5.7674248],[-75.6175282,5.7673659],[-75.6175236,5.7673243],[-75.6175313,5.7672759],[-75.6175458,5.7672239],[-75.6175541,5.7671399],[-75.6175626,5.7670769],[-75.6175127,5.7670255],[-75.6174932,5.7669819],[-75.6173868,5.7668235],[-75.6173728,5.7667948],[-75.617365,5.7667425],[-75.6173707,5.7667033],[-75.6173886,5.7666354],[-75.617399,5.7665625],[-75.6174026,5.7664208],[-75.6173979,5.7663589],[-75.6173876,5.7662959],[-75.6173789,5.7661994],[-75.6174087,5.7660338],[-75.6174409,5.7659506],[-75.6174923,5.7658833],[-75.6175553,5.7658229],[-75.6175824,5.765791],[-75.6176001,5.765765],[-75.6176133,5.7657205],[-75.6176149,5.7657067],[-75.6176282,5.7656791],[-75.6176484,5.7656877],[-75.6176824,5.7657443],[-75.6176988,5.7657924],[-75.6177116,5.7658106],[-75.617722,5.7658035],[-75.6177202,5.7657629],[-75.6177098,5.7657026],[-75.6177153,5.7656364],[-75.6177488,5.7656362],[-75.6177835,5.7656825],[-75.6179665,5.7660862],[-75.6180308,5.7662889],[-75.618023,5.766351],[-75.6179989,5.7664476],[-75.6179735,5.7665083],[-75.6179332,5.7665737],[-75.6178662,5.7666806],[-75.6178448,5.7667621],[-75.6178344,5.766835],[-75.6178231,5.7669165],[-75.6177815,5.7670568],[-75.6177668,5.7671108],[-75.6177447,5.7671736],[-75.617732,5.7672235],[-75.6177357,5.7672976],[-75.6177502,5.76736],[-75.6177688,5.7674099],[-75.6178117,5.7675147],[-75.6178468,5.7675904],[-75.6178837,5.7676538]],[[-75.6181286,5.7661741],[-75.6180663,5.7659338],[-75.617986,5.7657685],[-75.6179076,5.7655752],[-75.6178789,5.7654774],[-75.6178352,5.7652929],[-75.6178305,5.7652207],[-75.6178318,5.7651892],[-75.6178739,5.7652217],[-75.6179447,5.7654469],[-75.6179755,5.7655407],[-75.6180164,5.7656446],[-75.6180629,5.7657301],[-75.6181921,5.7659235],[-75.6182255,5.7659978],[-75.6182201,5.7660555],[-75.6182109,5.7661005],[-75.6181977,5.7661211],[-75.6181765,5.766158],[-75.6181492,5.7661816],[-75.6181392,5.7661839],[-75.6181286,5.7661741]],[[-75.6177756,5.7653134],[-75.6177807,5.7654091],[-75.6178,5.7654778],[-75.6178192,5.7655493],[-75.6178218,5.7655813],[-75.6177967,5.7655894],[-75.6177584,5.7655508],[-75.6177273,5.7654864],[-75.6176964,5.7654237],[-75.6176673,5.7653784],[-75.6176406,5.7653491],[-75.6176263,5.7653215],[-75.6176233,5.7652951],[-75.6176434,5.7652501],[-75.6176883,5.7651965],[-75.6177199,5.7651584],[-75.6177644,5.765101],[-75.6177846,5.7650712],[-75.6177978,5.7650847],[-75.6177756,5.7653134]],[[-75.6179655,5.7651819],[-75.617891,5.7650687],[-75.617869,5.7650116],[-75.6178637,5.7649554],[-75.6178695,5.7649217],[-75.6178875,5.7648707],[-75.6179071,5.7648306],[-75.6179419,5.7647777],[-75.6179741,5.7647348],[-75.618005,5.7646956],[-75.6180383,5.7646559],[-75.6180686,5.7646187],[-75.6180963,5.7645725],[-75.6181148,5.7645379],[-75.6181253,5.7645261],[-75.6181353,5.7645216],[-75.6181487,5.7645319],[-75.6181735,5.7647528],[-75.6182089,5.7648548],[-75.6182286,5.7649026],[-75.6182351,5.764956],[-75.6182538,5.7650481],[-75.6182669,5.7651238],[-75.618266,5.7652283],[-75.6182385,5.7653327],[-75.6182173,5.7654093],[-75.6182029,5.7654591],[-75.6181996,5.7654912],[-75.6181923,5.7655207],[-75.6181886,5.7655259],[-75.6181728,5.7655277],[-75.6181456,5.7655067],[-75.6181119,5.7654531],[-75.6180391,5.7652976],[-75.6179968,5.7652272],[-75.6179655,5.7651819]],[[-75.6182379,5.7655033],[-75.6182331,5.7654871],[-75.6182332,5.765461],[-75.6182614,5.7653428],[-75.618283,5.7652443],[-75.6182819,5.7651862],[-75.6182792,5.7649753],[-75.6182672,5.7649162],[-75.6182592,5.7648798],[-75.6182548,5.7648615],[-75.6182448,5.764819],[-75.6182388,5.764788],[-75.618233,5.7647525],[-75.6182274,5.7647138],[-75.6182222,5.7646805],[-75.618206,5.7646098],[-75.6181955,5.7645687],[-75.6181878,5.7645308],[-75.6181835,5.7644922],[-75.6181832,5.764458],[-75.6181852,5.7644312],[-75.6181953,5.764395],[-75.6182128,5.7643608],[-75.618219,5.7643329],[-75.6182219,5.7643073],[-75.6182514,5.7642326],[-75.6182667,5.7642001],[-75.6183051,5.7641476],[-75.6183274,5.7641287],[-75.6183653,5.7641057],[-75.6183987,5.7640883],[-75.6184162,5.7640788],[-75.6184422,5.7640671],[-75.6184953,5.7640432],[-75.6185145,5.7640326],[-75.6185219,5.7640371],[-75.6185162,5.7640592],[-75.6184868,5.7641078],[-75.6184796,5.7641359],[-75.6184819,5.7641568],[-75.6185033,5.7641787],[-75.6185292,5.7642038],[-75.6185581,5.7642332],[-75.618589,5.7642866],[-75.6186068,5.7643281],[-75.6186127,5.7643593],[-75.6186119,5.7643914],[-75.6185946,5.7644387],[-75.6185631,5.7645018],[-75.6185474,5.7645475],[-75.6185319,5.76459],[-75.6184669,5.7647266],[-75.6184243,5.7649151],[-75.618409,5.7649998],[-75.618376,5.7652603],[-75.618363,5.7652988],[-75.6183387,5.765332],[-75.6183098,5.7653663],[-75.6182875,5.7653947],[-75.6182783,5.765432],[-75.6182762,5.7654634],[-75.6182738,5.7654731],[-75.6182615,5.7654953],[-75.6182493,5.7655061],[-75.6182379,5.7655033]],[[-75.6184036,5.764053],[-75.6183619,5.7640711],[-75.6183333,5.7640901],[-75.6183078,5.7641103],[-75.6182895,5.7641275],[-75.6182825,5.7641262],[-75.61828,5.7640971],[-75.6182958,5.763996],[-75.6183093,5.7639404],[-75.618328,5.7638743],[-75.6183543,5.7638066],[-75.6183757,5.7637566],[-75.6183924,5.763711],[-75.6184164,5.7636024],[-75.6184345,5.7635456],[-75.6184588,5.7634875],[-75.6185128,5.7633723],[-75.6185358,5.7633102],[-75.6185672,5.7632469],[-75.6186052,5.7631834],[-75.6186311,5.76315],[-75.6187259,5.7630182],[-75.6187644,5.7629789],[-75.6188026,5.7629539],[-75.6188266,5.7629445],[-75.6188511,5.7629504],[-75.6188719,5.7629696],[-75.6188871,5.7629983],[-75.6188828,5.7630377],[-75.6188492,5.7631327],[-75.6188195,5.7631719],[-75.6187951,5.7632018],[-75.6187558,5.7632941],[-75.6187442,5.7633317],[-75.6187163,5.7634761],[-75.6186854,5.7636023],[-75.6186652,5.763662],[-75.6186279,5.7637502],[-75.6185091,5.7639586],[-75.6184801,5.7640085],[-75.6184501,5.7640326],[-75.6184036,5.764053]],[[-75.6185477,5.7640317],[-75.6185795,5.7639405],[-75.6187187,5.7637368],[-75.6187577,5.7636739],[-75.6188475,5.7634521],[-75.6188591,5.7633751],[-75.6188752,5.7632998],[-75.6188988,5.7632455],[-75.6189445,5.7631627],[-75.6189976,5.7630825],[-75.6190637,5.7630134],[-75.6192814,5.7628323],[-75.6193394,5.762765],[-75.6194159,5.7626888],[-75.6194603,5.7626487],[-75.619545,5.7626006],[-75.619693,5.7625321],[-75.6198274,5.7624667],[-75.6198979,5.7624233],[-75.6199632,5.7623783],[-75.6200198,5.762323],[-75.62032,5.7620372],[-75.6203772,5.7619649],[-75.6204329,5.7619037],[-75.620728,5.7616266],[-75.6208199,5.7615555],[-75.6208945,5.761485],[-75.6209426,5.7614319],[-75.6209663,5.7613784],[-75.6209755,5.7613257],[-75.6209976,5.7612613],[-75.6210153,5.7612174],[-75.6210369,5.7611818],[-75.6210832,5.7611309],[-75.6211339,5.7610808],[-75.6211606,5.7610255],[-75.6211725,5.7609627],[-75.6211849,5.7609054],[-75.621198,5.7608574],[-75.6212241,5.7607951],[-75.6212352,5.7607718],[-75.6212601,5.7607375],[-75.6213198,5.7606827],[-75.6215325,5.7605323],[-75.6215877,5.7604846],[-75.6216001,5.7604826],[-75.6215027,5.7606684],[-75.6214906,5.7607044],[-75.6214798,5.7607317],[-75.6214524,5.7607729],[-75.6214003,5.7608087],[-75.6213674,5.7608324],[-75.6213525,5.7608504],[-75.6213406,5.7608767],[-75.6213301,5.7609079],[-75.6213083,5.7609485],[-75.621269,5.7609967],[-75.6212281,5.761049],[-75.6211411,5.7611674],[-75.6211102,5.7612093],[-75.6210947,5.7612369],[-75.6210817,5.7612766],[-75.6210713,5.7613064],[-75.6210552,5.7613496],[-75.6210413,5.7613891],[-75.6210074,5.7614956],[-75.6209986,5.7615334],[-75.6209936,5.7615675],[-75.6209665,5.7616699],[-75.6209526,5.7617146],[-75.6209336,5.7617809],[-75.6209042,5.761862],[-75.6208881,5.7619015],[-75.6208204,5.7620029],[-75.6207596,5.7621076],[-75.6207251,5.7621738],[-75.6206812,5.7622352],[-75.6206427,5.76228],[-75.6205951,5.7623256],[-75.6204946,5.7624372],[-75.6204559,5.7624801],[-75.6204249,5.7625211],[-75.6204041,5.7625494],[-75.6203825,5.7625846],[-75.6203687,5.7626133],[-75.6203511,5.7626403],[-75.6203076,5.7626944],[-75.6202394,5.7627821],[-75.6201708,5.7628943],[-75.6201418,5.7629344],[-75.620109,5.7629729],[-75.6198485,5.7631992],[-75.6197699,5.763259],[-75.6196909,5.7633441],[-75.6194528,5.763591],[-75.6193862,5.7636684],[-75.6193321,5.7637302],[-75.6192846,5.7637765],[-75.6191559,5.7638738],[-75.6191437,5.7638744],[-75.6191287,5.7638638],[-75.6191341,5.763837],[-75.6193122,5.7635191],[-75.6193453,5.7634401],[-75.6194208,5.7632966],[-75.6194611,5.7632186],[-75.6194886,5.7631691],[-75.6195289,5.7630867],[-75.6195535,5.7630407],[-75.619591,5.7629916],[-75.6196189,5.7629614],[-75.6196685,5.7629185],[-75.6197216,5.7628835],[-75.6197532,5.7628704],[-75.6198653,5.7628201],[-75.6199057,5.7627949],[-75.619945,5.7627736],[-75.6199705,5.762759],[-75.619993,5.7627351],[-75.6200108,5.7627058],[-75.6200158,5.7626699],[-75.6200302,5.7626428],[-75.6200567,5.7626056],[-75.6200826,5.7625752],[-75.6201329,5.7625145],[-75.6204216,5.7622568],[-75.6204551,5.7622285],[-75.6204801,5.7621907],[-75.6205286,5.7620986],[-75.6205512,5.7620361],[-75.6205543,5.7620103],[-75.6205527,5.7619899],[-75.6205255,5.761985],[-75.6205118,5.7619952],[-75.6204947,5.7620331],[-75.6204907,5.762091],[-75.6204701,5.7621391],[-75.6204413,5.762178],[-75.6203903,5.7622388],[-75.6202543,5.7623591],[-75.6202045,5.7624005],[-75.6199832,5.7626252],[-75.6199384,5.7626855],[-75.6199022,5.7627254],[-75.6198516,5.7627617],[-75.6197892,5.7627887],[-75.6197297,5.7628211],[-75.619411,5.7630634],[-75.6193709,5.7631087],[-75.6193234,5.7631688],[-75.6192892,5.7632287],[-75.6192729,5.7632512],[-75.6191968,5.7632884],[-75.6191426,5.7633289],[-75.6189928,5.763509],[-75.6189584,5.7635854],[-75.6189391,5.7636602],[-75.6189224,5.7637167],[-75.6189311,5.763822],[-75.6189478,5.763888],[-75.6189494,5.7639529],[-75.6189442,5.7640017],[-75.618921,5.7640666],[-75.6187903,5.7643432],[-75.6187756,5.7644007],[-75.6187545,5.7644367],[-75.6187185,5.7644738],[-75.6186677,5.7645428],[-75.6186353,5.764586],[-75.6186078,5.7646303],[-75.6185976,5.7646311],[-75.6185818,5.7646052],[-75.6185896,5.7645644],[-75.6186296,5.7644891],[-75.6186503,5.7644477],[-75.6186645,5.7644029],[-75.6185942,5.764221],[-75.6185719,5.7641932],[-75.6185473,5.7641554],[-75.6185402,5.7641354],[-75.6185421,5.7640743],[-75.6185477,5.7640317]],[[-75.6211181,5.7608883],[-75.6211171,5.7609155],[-75.6211218,5.7609623],[-75.6211148,5.7609953],[-75.6210947,5.761033],[-75.6210767,5.7610567],[-75.6210542,5.76109],[-75.6210358,5.7611065],[-75.6210043,5.7611182],[-75.6209659,5.7611449],[-75.6209486,5.7611682],[-75.6208977,5.7612387],[-75.6208877,5.761283],[-75.6208943,5.7613292],[-75.6208971,5.7613404],[-75.6208874,5.7613745],[-75.6208723,5.7614043],[-75.6208564,5.7614276],[-75.6208266,5.7614656],[-75.6207946,5.7615019],[-75.6207546,5.7615484],[-75.6207053,5.7615986],[-75.6205662,5.7616994],[-75.6205146,5.7617352],[-75.6204853,5.7617657],[-75.6204515,5.7618041],[-75.6204229,5.7618296],[-75.6203817,5.7618565],[-75.6203498,5.7618914],[-75.6203273,5.7619178],[-75.6202998,5.761945],[-75.620192,5.7620184],[-75.6201458,5.7620458],[-75.6200944,5.7620932],[-75.6200561,5.7621503],[-75.6200313,5.7621853],[-75.6200011,5.7622234],[-75.619961,5.7622747],[-75.6199118,5.7623338],[-75.6198797,5.7623531],[-75.6198338,5.7623581],[-75.6197758,5.7623714],[-75.6197296,5.7623841],[-75.6196665,5.7624018],[-75.6194405,5.7624702],[-75.6193848,5.7624906],[-75.6193403,5.7625128],[-75.6192793,5.7625472],[-75.6191301,5.7626334],[-75.6190915,5.7626589],[-75.6190582,5.7626929],[-75.6190247,5.7627297],[-75.618995,5.7627598],[-75.6189824,5.7627717],[-75.6189651,5.7627774],[-75.6189514,5.7627751],[-75.618944,5.7627666],[-75.6189466,5.7627499],[-75.618965,5.7627254],[-75.6191925,5.7624523],[-75.6192879,5.7622953],[-75.6193156,5.762261],[-75.6193387,5.7622335],[-75.6193741,5.7621944],[-75.619409,5.7621599],[-75.6194508,5.7621219],[-75.619491,5.7620868],[-75.6195431,5.7620444],[-75.6195818,5.7620118],[-75.619686,5.7619237],[-75.6197301,5.7618941],[-75.619769,5.7618729],[-75.6198089,5.76185],[-75.6198425,5.7618251],[-75.6199173,5.7617626],[-75.6199465,5.7617368],[-75.619974,5.7617153],[-75.620009,5.7616909],[-75.6200382,5.7616742],[-75.6201426,5.7616355],[-75.6201826,5.761627],[-75.6202271,5.7616164],[-75.620256,5.7616038],[-75.6202917,5.7615897],[-75.6203011,5.7615894],[-75.6203054,5.7615912],[-75.6203076,5.7615989],[-75.6202921,5.7616244],[-75.620206,5.7617558],[-75.6201683,5.7618138],[-75.6200639,5.7619415],[-75.6200377,5.7619702],[-75.6200091,5.7620148],[-75.6199949,5.7620641],[-75.6199821,5.7621031],[-75.6199621,5.7621364],[-75.6199336,5.7621742],[-75.6199098,5.7622013],[-75.6198677,5.7622413],[-75.6197664,5.7623075],[-75.6197448,5.762323],[-75.6197438,5.7623243],[-75.6197525,5.7623321],[-75.6197755,5.7623281],[-75.6199109,5.762245],[-75.6199397,5.7622145],[-75.6199632,5.7621848],[-75.6199915,5.7621375],[-75.6200108,5.7620955],[-75.6200326,5.7620425],[-75.6200471,5.7620093],[-75.6200634,5.7619823],[-75.6200882,5.7619498],[-75.6202042,5.7618225],[-75.620277,5.761732],[-75.6203065,5.7616952],[-75.620324,5.7616725],[-75.6203495,5.7616336],[-75.6203732,5.7616148],[-75.6204203,5.7615992],[-75.6204555,5.7615887],[-75.6205213,5.7615577],[-75.6205696,5.7615288],[-75.6206318,5.7614819],[-75.6206755,5.7614414],[-75.6207138,5.7613967],[-75.6207607,5.7613378],[-75.6208494,5.7612025],[-75.6208742,5.7611597],[-75.6208903,5.7611232],[-75.6209081,5.761081],[-75.6209366,5.7610345],[-75.6209732,5.7609766],[-75.6209953,5.7609422],[-75.6210235,5.7609112],[-75.6210529,5.7608844],[-75.6210882,5.7608562],[-75.6211405,5.7608402],[-75.6211181,5.7608883]],[[-75.6199798,5.7616083],[-75.6199325,5.7616424],[-75.6199085,5.7616573],[-75.6197798,5.7617365],[-75.619716,5.7617806],[-75.6196858,5.7618096],[-75.619634,5.7618606],[-75.6194576,5.7620047],[-75.6193142,5.7621411],[-75.6192818,5.7621795],[-75.6192464,5.7622228],[-75.6191664,5.7623724],[-75.6191407,5.7624154],[-75.6191058,5.7624495],[-75.6190518,5.7624787],[-75.6189982,5.762507],[-75.6189668,5.7625306],[-75.6189269,5.7625714],[-75.6188972,5.7626037],[-75.6188811,5.7626221],[-75.6188684,5.7626281],[-75.6188644,5.7626173],[-75.6188675,5.7625988],[-75.6189503,5.7623825],[-75.6190027,5.7622366],[-75.6190308,5.7621693],[-75.6191663,5.7619093],[-75.6192419,5.7617986],[-75.6192766,5.7617519],[-75.619309,5.7617109],[-75.61935,5.7616568],[-75.6193832,5.7616088],[-75.6194179,5.7615603],[-75.6194418,5.7615263],[-75.6194723,5.76149],[-75.6195073,5.7614549],[-75.6196106,5.7614047],[-75.6196572,5.7613992],[-75.6196956,5.7613991],[-75.6197385,5.7613872],[-75.619785,5.7613681],[-75.6198592,5.76135],[-75.6199238,5.7613388],[-75.6199832,5.7613311],[-75.6200273,5.7613315],[-75.6200799,5.7613264],[-75.6201188,5.7613132],[-75.6201638,5.7612998],[-75.6202969,5.7612561],[-75.6204161,5.761206],[-75.6204591,5.7611825],[-75.620506,5.7611535],[-75.6205438,5.7611336],[-75.6205005,5.761223],[-75.620478,5.7612575],[-75.6204407,5.7612924],[-75.6203742,5.7613049],[-75.6203576,5.76132],[-75.6203545,5.7613396],[-75.6203568,5.7613544],[-75.6203681,5.7613779],[-75.6203775,5.7613995],[-75.6203527,5.7614509],[-75.6203293,5.7614744],[-75.620283,5.7614976],[-75.6202247,5.7615228],[-75.6200315,5.7615831],[-75.6199798,5.7616083]],[[-75.6203351,5.7611594],[-75.6202081,5.761223],[-75.6201517,5.7612438],[-75.6198961,5.7612801],[-75.6198578,5.7612908],[-75.6198324,5.761298],[-75.6198156,5.7612963],[-75.6198076,5.7612899],[-75.6198163,5.7612634],[-75.6198552,5.7612356],[-75.619895,5.7612082],[-75.6199322,5.761167],[-75.6199647,5.7611217],[-75.6200046,5.7610671],[-75.6200863,5.7609758],[-75.6201361,5.7609362],[-75.6201859,5.7609013],[-75.6202394,5.7608663],[-75.6202951,5.7608288],[-75.6203192,5.7608146],[-75.6203704,5.7607853],[-75.6203998,5.7607714],[-75.6204373,5.7607709],[-75.6204549,5.7607798],[-75.6204833,5.7608026],[-75.6205201,5.7608365],[-75.6205485,5.7608455],[-75.6205976,5.7608435],[-75.6206357,5.7608407],[-75.6206813,5.7608325],[-75.6207105,5.7608239],[-75.6207351,5.7608139],[-75.6207515,5.7608063],[-75.6207743,5.7608094],[-75.6205973,5.7609886],[-75.6205475,5.7610294],[-75.6205033,5.7610599],[-75.6204489,5.7610982],[-75.620394,5.7611313],[-75.6203351,5.7611594]],[[-75.6209155,5.7607609],[-75.6209362,5.7607208],[-75.6209677,5.7606821],[-75.620984,5.7606616],[-75.6210129,5.7606282],[-75.6210284,5.7606108],[-75.6210443,5.7605981],[-75.6210645,5.7605963],[-75.621061,5.7606737],[-75.6210464,5.7607113],[-75.6210207,5.7607372],[-75.6209996,5.7607534],[-75.6209822,5.7607722],[-75.6209622,5.7608076],[-75.6209579,5.7608661],[-75.6209516,5.7609056],[-75.6209342,5.7609411],[-75.6209115,5.7609733],[-75.6208968,5.7609918],[-75.6208851,5.7610073],[-75.62088,5.7610073],[-75.6208703,5.7609797],[-75.6208791,5.760915],[-75.6208936,5.7608338],[-75.6209155,5.7607609]],[[-75.6211194,5.7607615],[-75.6210987,5.7607362],[-75.6211124,5.7606986],[-75.621134,5.7606652],[-75.6211465,5.760627],[-75.6211461,5.7606073],[-75.6211364,5.7605896],[-75.6211225,5.7605576],[-75.6211306,5.7605353],[-75.6211443,5.7605153],[-75.62118,5.7604811],[-75.621251,5.760441],[-75.6213042,5.7604153],[-75.621442,5.7603635],[-75.6214955,5.760337],[-75.6215563,5.7603024],[-75.6216049,5.7602749],[-75.6216631,5.7602545],[-75.6216923,5.7602451],[-75.6217616,5.7602335],[-75.6215829,5.7604565],[-75.6215413,5.7604929],[-75.6215065,5.7605121],[-75.6214739,5.7605211],[-75.6214285,5.7605163],[-75.6213888,5.7605193],[-75.6213518,5.7605311],[-75.6213221,5.7605663],[-75.6212557,5.7606717],[-75.6212165,5.760716],[-75.6211849,5.7607467],[-75.6211677,5.7607557],[-75.6211426,5.7607638],[-75.6211194,5.7607615]],[[-75.6217639,5.7603476],[-75.6217759,5.7603181],[-75.6217967,5.7602851],[-75.6218243,5.7602527],[-75.6218548,5.7602259],[-75.6218947,5.7602056],[-75.6219297,5.7601975],[-75.6219636,5.7601841],[-75.6219886,5.7601869],[-75.6220068,5.7602623],[-75.6220109,5.7603033],[-75.6220069,5.7603332],[-75.6219943,5.7603669],[-75.6219732,5.7604019],[-75.6219242,5.7604684],[-75.6219032,5.7605158],[-75.621889,5.7605478],[-75.6218657,5.7605936],[-75.6218424,5.7606227],[-75.6218163,5.7606511],[-75.6217827,5.7606842],[-75.6217453,5.7607135],[-75.6217327,5.7607228],[-75.6217251,5.7607244],[-75.6217173,5.7607075],[-75.6217177,5.7606706],[-75.6217329,5.7606036],[-75.6217438,5.7605681],[-75.6217462,5.7605212],[-75.6217428,5.7604657],[-75.6217429,5.7604296],[-75.6217496,5.7603897],[-75.6217639,5.7603476]],[[-75.6217082,5.7604121],[-75.6217079,5.7604523],[-75.6217139,5.7604906],[-75.6217191,5.7605273],[-75.621715,5.7605672],[-75.6216964,5.7606429],[-75.6216843,5.7606863],[-75.6216668,5.760741],[-75.62165,5.7607621],[-75.6216301,5.7607717],[-75.6215869,5.7607772],[-75.6215405,5.7607901],[-75.6215077,5.7608012],[-75.621497,5.7608001],[-75.6214882,5.7607958],[-75.6214825,5.760776],[-75.6214939,5.7607481],[-75.6215114,5.7607109],[-75.6215463,5.7606454],[-75.6215954,5.7605351],[-75.6216307,5.7604787],[-75.6216494,5.7604495],[-75.6216699,5.760422],[-75.6216922,5.7603929],[-75.6217135,5.7603746],[-75.6217082,5.7604121]],[[-75.6208259,5.7608845],[-75.6207991,5.7609978],[-75.6207746,5.7610514],[-75.6207367,5.7610968],[-75.6207114,5.7611329],[-75.6206942,5.7611591],[-75.6206878,5.7611777],[-75.6206927,5.7611819],[-75.620709,5.7611743],[-75.6207309,5.7611627],[-75.620743,5.7611595],[-75.6207425,5.761185],[-75.6207382,5.7612281],[-75.6207233,5.7612654],[-75.620701,5.7612971],[-75.620663,5.7613336],[-75.6205774,5.7613942],[-75.6205474,5.7614076],[-75.6205341,5.761413],[-75.6205203,5.761413],[-75.6205127,5.7614086],[-75.620504,5.7613815],[-75.6205116,5.7613431],[-75.6205347,5.7612894],[-75.6205718,5.7612266],[-75.6206132,5.7611373],[-75.6206425,5.7610759],[-75.620672,5.76104],[-75.6206963,5.7610166],[-75.6207425,5.7609688],[-75.6207887,5.7609111],[-75.620822,5.7608742],[-75.6208259,5.7608845]],[[-75.6206504,5.7623399],[-75.6207979,5.7621479],[-75.6208415,5.7620975],[-75.6208979,5.7620536],[-75.6209696,5.7619935],[-75.6209809,5.7619725],[-75.6209977,5.7619313],[-75.6210254,5.7618585],[-75.6210536,5.7617817],[-75.6210744,5.7617359],[-75.6210988,5.7616815],[-75.6211246,5.7616084],[-75.6211454,5.7615334],[-75.6212088,5.7613391],[-75.621229,5.7612262],[-75.6212583,5.7611541],[-75.6212868,5.7611069],[-75.6213249,5.7610553],[-75.6213765,5.7610007],[-75.6215328,5.7608712],[-75.621568,5.7608632],[-75.6215532,5.7608798],[-75.6215225,5.7609098],[-75.6214989,5.7609496],[-75.6214531,5.7610625],[-75.6214333,5.7611157],[-75.6214088,5.7611847],[-75.6213958,5.7612445],[-75.6213618,5.7613375],[-75.6213456,5.7613909],[-75.6213257,5.7614485],[-75.6212969,5.7615115],[-75.6212652,5.7615795],[-75.6212042,5.7616743],[-75.6211715,5.7617333],[-75.6211235,5.761859],[-75.6210278,5.7620768],[-75.6209716,5.7621231],[-75.6209228,5.7621443],[-75.6208779,5.7621739],[-75.6208271,5.7622182],[-75.6207897,5.7622586],[-75.6207082,5.7623535],[-75.6206754,5.7623861],[-75.6206437,5.7623898],[-75.6206504,5.7623399]],[[-75.6187067,5.7646039],[-75.6187215,5.7645784],[-75.6187438,5.7645441],[-75.6187588,5.7645376],[-75.6187669,5.7645456],[-75.6187741,5.7645653],[-75.6187787,5.7646035],[-75.6187922,5.764774],[-75.6187953,5.7649763],[-75.6188109,5.7650363],[-75.6188222,5.7650704],[-75.6188293,5.7651052],[-75.6188291,5.7651477],[-75.6188296,5.7651959],[-75.6188341,5.7652303],[-75.6188386,5.7652772],[-75.6188355,5.7653128],[-75.6188256,5.7653531],[-75.6188092,5.7654758],[-75.6187966,5.7655128],[-75.6187695,5.7655694],[-75.618672,5.7657074],[-75.6186346,5.7657706],[-75.6186154,5.7658059],[-75.6185935,5.7658543],[-75.6185801,5.7658815],[-75.6185702,5.7658923],[-75.6185567,5.7658932],[-75.6185447,5.7658782],[-75.6185403,5.765842],[-75.6185404,5.765802],[-75.618542,5.7657622],[-75.61855,5.7656998],[-75.6185618,5.7656052],[-75.61857,5.7655113],[-75.6185695,5.7654705],[-75.6185705,5.7654236],[-75.618585,5.7652763],[-75.6185836,5.7652288],[-75.618579,5.7652055],[-75.6185669,5.7651719],[-75.6185502,5.7651175],[-75.6185421,5.7650724],[-75.6185412,5.7650482],[-75.6185461,5.765016],[-75.6185568,5.7649756],[-75.6185739,5.7649363],[-75.618593,5.7649088],[-75.6186184,5.7648798],[-75.6186456,5.7648539],[-75.6186861,5.7648255],[-75.6187191,5.7647957],[-75.6187439,5.7647666],[-75.6187502,5.7647537],[-75.6187337,5.7647422],[-75.6187086,5.7647474],[-75.6186797,5.7647642],[-75.6186509,5.7647852],[-75.6186204,5.7648134],[-75.6185997,5.7648252],[-75.6185893,5.7648251],[-75.6185884,5.7647937],[-75.618608,5.7647467],[-75.6186797,5.7646432],[-75.6187067,5.7646039]],[[-75.6186808,5.7657663],[-75.6186794,5.7657505],[-75.6186922,5.7657217],[-75.6187318,5.7656749],[-75.6188106,5.7655387],[-75.6188154,5.7655296],[-75.6188252,5.7655241],[-75.6188403,5.7655983],[-75.6188319,5.765636],[-75.6188116,5.7656628],[-75.6187764,5.7657123],[-75.6187168,5.7657591],[-75.618695,5.7657685],[-75.6186808,5.7657663]],[[-75.618493,5.765065],[-75.6185009,5.7650823],[-75.6185144,5.7651296],[-75.6185195,5.7652535],[-75.6185277,5.7653072],[-75.6185342,5.7653696],[-75.6185328,5.765446],[-75.6185342,5.7654975],[-75.6185357,5.7655563],[-75.6185181,5.7656714],[-75.6185051,5.7657183],[-75.6184933,5.7657599],[-75.6184885,5.7658262],[-75.6184861,5.765873],[-75.6184859,5.7659114],[-75.6184986,5.765958],[-75.6185095,5.7659921],[-75.6185209,5.7660441],[-75.6185275,5.766083],[-75.6185336,5.7661293],[-75.6185363,5.7661816],[-75.61853,5.7662163],[-75.6185229,5.7662306],[-75.6185182,5.7662281],[-75.6184801,5.7661839],[-75.6184174,5.7660661],[-75.6184035,5.7660346],[-75.6183914,5.7659809],[-75.6183819,5.7659429],[-75.6183701,5.7658956],[-75.6183592,5.7658568],[-75.6183448,5.7658164],[-75.6183372,5.7657881],[-75.6183289,5.7657543],[-75.6183191,5.7656465],[-75.6183304,5.7655905],[-75.6183433,5.7655472],[-75.618371,5.7654612],[-75.6183814,5.765423],[-75.6183952,5.7653791],[-75.6184048,5.7653279],[-75.6184207,5.7652708],[-75.6184697,5.7651009],[-75.6184788,5.7650762],[-75.6184885,5.7650626],[-75.618493,5.765065]],[[-75.6183994,5.7661719],[-75.6184226,5.7662121],[-75.6185079,5.7664137],[-75.6185187,5.7664693],[-75.6185221,5.7665273],[-75.6185256,5.7666128],[-75.6185382,5.7666728],[-75.6185479,5.7667293],[-75.6185474,5.766823],[-75.6185435,5.766895],[-75.6185493,5.7669629],[-75.6185588,5.7670188],[-75.6185705,5.7670811],[-75.6185756,5.7671216],[-75.618582,5.7671474],[-75.6185818,5.7671737],[-75.6185715,5.7671931],[-75.6185657,5.7672131],[-75.6185541,5.76721],[-75.618515,5.7670357],[-75.6185097,5.7669916],[-75.6185045,5.7669332],[-75.6185035,5.7668861],[-75.6184994,5.7667051],[-75.6184913,5.7666609],[-75.6184791,5.7666001],[-75.6184663,5.7665391],[-75.6184467,5.7664601],[-75.6184251,5.7663963],[-75.6184105,5.76634],[-75.6184036,5.7662986],[-75.6183945,5.766243],[-75.6183865,5.7661956],[-75.6183827,5.7661702],[-75.6183877,5.7661622],[-75.6183994,5.7661719]],[[-75.6184821,5.7671538],[-75.6185009,5.7671822],[-75.6186052,5.7675867],[-75.6186114,5.7678101],[-75.6186074,5.7679276],[-75.6186035,5.7679895],[-75.6185812,5.7680174],[-75.6185497,5.7680288],[-75.618528,5.7680407],[-75.6185222,5.7680466],[-75.618485,5.7680596],[-75.6184681,5.7680538],[-75.6184494,5.7679965],[-75.6183912,5.7675974],[-75.6183984,5.767471],[-75.6184175,5.7673896],[-75.618425,5.7672997],[-75.618434,5.7672378],[-75.618444,5.7671841],[-75.6184596,5.7671367],[-75.6184821,5.7671538]],[[-75.6224529,5.7597481],[-75.6223802,5.7598241],[-75.6223109,5.7598841],[-75.6222639,5.759917],[-75.6222152,5.7599587],[-75.6221184,5.7600149],[-75.6220249,5.7600571],[-75.6219329,5.7600896],[-75.621897,5.7600933],[-75.6218797,5.7600887],[-75.6218782,5.7600794],[-75.6219146,5.7600572],[-75.6220848,5.759979],[-75.622188,5.7599195],[-75.6222245,5.759887],[-75.6222947,5.7598286],[-75.6223679,5.7597837],[-75.6224208,5.7597507],[-75.6224489,5.7597374],[-75.6224529,5.7597481]],[[-75.6231037,5.7569494],[-75.6231149,5.7569769],[-75.6231204,5.7570057],[-75.6231157,5.7570313],[-75.6230961,5.7570629],[-75.6230804,5.7571105],[-75.6230745,5.7571457],[-75.6230762,5.7572372],[-75.6230766,5.757307],[-75.6230347,5.7575865],[-75.623024,5.7576999],[-75.6230218,5.7577664],[-75.6230235,5.7578077],[-75.6230301,5.7578562],[-75.6230441,5.7579087],[-75.6230572,5.7579565],[-75.623074,5.7580096],[-75.6230829,5.7580377],[-75.6230886,5.7580748],[-75.6230924,5.7581694],[-75.6230997,5.7582269],[-75.6230914,5.7582739],[-75.6230765,5.7583377],[-75.6230558,5.7584165],[-75.6230418,5.7584719],[-75.6230061,5.7585924],[-75.623,5.758626],[-75.6229854,5.7586856],[-75.6229723,5.7587212],[-75.6229574,5.7587469],[-75.6229363,5.7587797],[-75.6229214,5.7588003],[-75.6229013,5.7588248],[-75.6228831,5.758844],[-75.6228638,5.7588516],[-75.62284,5.7588551],[-75.6228304,5.7588513],[-75.6228213,5.7588432],[-75.6228081,5.7588059],[-75.6227904,5.7586913],[-75.6227818,5.7586456],[-75.6227685,5.7585848],[-75.6227578,5.7585515],[-75.6227359,5.7584937],[-75.6227157,5.7583909],[-75.6227096,5.7583242],[-75.6227032,5.7581121],[-75.6227249,5.7580143],[-75.6227469,5.7579421],[-75.6227639,5.7578827],[-75.6227749,5.7578346],[-75.6227819,5.757774],[-75.6227868,5.7577113],[-75.6228139,5.7574758],[-75.6228191,5.7574071],[-75.6228282,5.7573608],[-75.6228406,5.7573106],[-75.6228575,5.7572607],[-75.6228793,5.7572175],[-75.6228997,5.7571756],[-75.622919,5.7571289],[-75.6229383,5.7570938],[-75.6229959,5.7570172],[-75.6230251,5.7569854],[-75.6230527,5.7569629],[-75.6230867,5.756944],[-75.6231037,5.7569494]],[[-75.6227989,5.7569488],[-75.6227956,5.7569522],[-75.6227844,5.7569456],[-75.6227761,5.7569206],[-75.622749,5.7567989],[-75.6227367,5.7567383],[-75.6227291,5.7566477],[-75.6227341,5.7566011],[-75.622729,5.7565642],[-75.6227124,5.7565],[-75.622695,5.7564068],[-75.6227093,5.7563462],[-75.6227255,5.756304],[-75.6227442,5.7562534],[-75.6227575,5.7562051],[-75.6227726,5.7561544],[-75.6227759,5.7561063],[-75.6227829,5.7560728],[-75.6228029,5.756042],[-75.6228208,5.756009],[-75.6228323,5.7559569],[-75.6228403,5.7559089],[-75.6228529,5.7558487],[-75.6228896,5.755763],[-75.6229151,5.7557087],[-75.6229411,5.7556657],[-75.6229715,5.7556343],[-75.6230029,5.7556194],[-75.6230213,5.7556114],[-75.6230499,5.7556065],[-75.623079,5.755587],[-75.6230929,5.7555711],[-75.6231151,5.7555309],[-75.6231272,5.7554914],[-75.6231459,5.755451],[-75.623239,5.7553275],[-75.6233079,5.7552393],[-75.6233414,5.7551948],[-75.6233695,5.7551511],[-75.623387,5.7551005],[-75.6233997,5.7550671],[-75.6234182,5.7550343],[-75.623439,5.7550034],[-75.6234575,5.7549723],[-75.623479,5.7549329],[-75.6235106,5.7548944],[-75.6235147,5.7548909],[-75.6235238,5.754906],[-75.6235233,5.7550065],[-75.6235065,5.7550902],[-75.6234914,5.7551242],[-75.623487,5.7551585],[-75.6234774,5.7553083],[-75.6234836,5.755341],[-75.6235013,5.7553716],[-75.6235193,5.7554092],[-75.6235262,5.7554342],[-75.6235334,5.7554721],[-75.6235367,5.7555463],[-75.6235376,5.75561],[-75.6235361,5.755646],[-75.6234964,5.7558221],[-75.6234417,5.756015],[-75.623387,5.7561669],[-75.6233674,5.7561984],[-75.6233343,5.7562262],[-75.6232653,5.7562986],[-75.623239,5.756335],[-75.6232262,5.7563629],[-75.6232038,5.756403],[-75.6231813,5.7564375],[-75.623062,5.7566287],[-75.6230295,5.7566643],[-75.6229956,5.7566972],[-75.622925,5.7567642],[-75.6228966,5.756801],[-75.6228678,5.7568426],[-75.6228192,5.7569159],[-75.6228056,5.7569391],[-75.6227989,5.7569488]],[[-75.6231637,5.7550956],[-75.6231559,5.7551113],[-75.6231408,5.755132],[-75.6231331,5.7551415],[-75.6231215,5.7551466],[-75.6231096,5.7551369],[-75.623101,5.7551105],[-75.6231,5.7550547],[-75.6231035,5.7550171],[-75.62311,5.7549872],[-75.6231246,5.7549649],[-75.6231434,5.7549411],[-75.623157,5.7549234],[-75.623187,5.7548736],[-75.623214,5.7548287],[-75.6232776,5.7547085],[-75.6233047,5.7546548],[-75.6233343,5.7546011],[-75.623361,5.7545668],[-75.6233846,5.7545335],[-75.6234031,5.754492],[-75.6234099,5.7544725],[-75.6234285,5.7544317],[-75.6234646,5.7543748],[-75.6234895,5.7543434],[-75.6234995,5.754327],[-75.6234997,5.7542997],[-75.6235011,5.75425],[-75.6235071,5.7542361],[-75.6235211,5.7542313],[-75.6235288,5.7542415],[-75.6235312,5.7542765],[-75.6235273,5.7543178],[-75.6235241,5.7543659],[-75.6235246,5.7544278],[-75.6235336,5.7544816],[-75.6235517,5.7545402],[-75.6235544,5.7545765],[-75.6235451,5.7546015],[-75.6235288,5.7546227],[-75.6235004,5.7546497],[-75.6234603,5.7546886],[-75.6233863,5.7547739],[-75.6233215,5.7548521],[-75.623243,5.7549511],[-75.6232036,5.755006],[-75.6231817,5.7550458],[-75.6231637,5.7550956]],[[-75.6236699,5.7546916],[-75.6236622,5.7546393],[-75.6236511,5.7545906],[-75.623644,5.7545582],[-75.623638,5.7545352],[-75.6236378,5.7545226],[-75.6236456,5.7545117],[-75.6236607,5.7545275],[-75.6237161,5.7546319],[-75.6237366,5.7546966],[-75.6237479,5.7547472],[-75.6237502,5.7547956],[-75.6237511,5.7548546],[-75.6237487,5.7548939],[-75.6237504,5.7549224],[-75.6237497,5.7549394],[-75.6237439,5.7549505],[-75.6237343,5.7549584],[-75.6237145,5.754925],[-75.6236843,5.7547979],[-75.6236761,5.7547488],[-75.6236699,5.7546916]],[[-75.6236232,5.7547337],[-75.6236918,5.7550937],[-75.623691,5.7551538],[-75.6236891,5.7551924],[-75.6236834,5.7552044],[-75.6236752,5.7552131],[-75.6236613,5.7552118],[-75.6236552,5.7550427],[-75.6236397,5.7549545],[-75.6236265,5.7548971],[-75.6236179,5.7548462],[-75.6236109,5.754812],[-75.6236032,5.7547751],[-75.6236033,5.7547467],[-75.623605,5.7547258],[-75.6236063,5.7547196],[-75.6236116,5.7547095],[-75.6236232,5.7547337]],[[-75.6234516,5.7548608],[-75.6233625,5.7550027],[-75.6233389,5.7550287],[-75.6233165,5.7550487],[-75.6232981,5.7550608],[-75.6232834,5.7550661],[-75.62327,5.7550612],[-75.6232672,5.7550486],[-75.6232737,5.7550286],[-75.6233001,5.754989],[-75.6233372,5.7549201],[-75.6233615,5.7548958],[-75.6233839,5.7548824],[-75.6234113,5.7548696],[-75.623436,5.7548577],[-75.6234516,5.7548608]]]},"properties":{"OBJECTID":3,"DIdentif":"053904001929","DTipo":1,"RuleID":1}},{"type":"Feature","id":4,"geometry":{"type":"Polygon","coordinates":[[[-75.6184366,5.8001879],[-75.618405,5.8004446],[-75.6184145,5.8006237],[-75.6184233,5.8006704],[-75.61843,5.8007057],[-75.6184338,5.8007261],[-75.6185016,5.8009211],[-75.6185122,5.8009404],[-75.6186495,5.801192],[-75.6187135,5.8012853],[-75.618775,5.801375],[-75.6189111,5.8015361],[-75.6189869,5.8014841],[-75.6191097,5.8014001],[-75.6193648,5.8012255],[-75.6196887,5.8010038],[-75.6196492,5.8009259],[-75.6196278,5.8008217],[-75.6196076,5.8007509],[-75.6195855,5.8006714],[-75.619537,5.8004528],[-75.6195119,5.8003293],[-75.6195289,5.8002678],[-75.6195579,5.8001659],[-75.6196059,5.7999915],[-75.6196016,5.7999663],[-75.6196076,5.7999752],[-75.6197287,5.7996734],[-75.6197562,5.7995646],[-75.61977,5.7994895],[-75.6197536,5.7994182],[-75.6197168,5.7993281],[-75.6196999,5.7992618],[-75.6197073,5.7991814],[-75.6196842,5.79909],[-75.6196859,5.7990013],[-75.6196917,5.7989358],[-75.6196975,5.7988703],[-75.6197154,5.7987968],[-75.6197189,5.798641],[-75.61973,5.7985474],[-75.6197761,5.7984054],[-75.6198906,5.7981615],[-75.6199408,5.7980427],[-75.619964,5.797952],[-75.6200113,5.7978344],[-75.6200203,5.7977066],[-75.6200134,5.7976522],[-75.6199833,5.7975821],[-75.6199524,5.7975131],[-75.6199316,5.797458],[-75.6199305,5.7973705],[-75.6199365,5.7972961],[-75.6199861,5.7971931],[-75.6200249,5.7971226],[-75.6200522,5.7970551],[-75.6201036,5.7968958],[-75.6201403,5.7967911],[-75.6201664,5.7967099],[-75.6202048,5.7965922],[-75.6202225,5.7964734],[-75.6202299,5.7964147],[-75.6202473,5.7963461],[-75.6203184,5.7962195],[-75.6204022,5.7961123],[-75.620446,5.7960098],[-75.6205091,5.7958603],[-75.6205305,5.7957825],[-75.6205459,5.7957034],[-75.6205535,5.7956249],[-75.620533,5.7954329],[-75.6204999,5.7953514],[-75.6204396,5.7952526],[-75.620357,5.7951136],[-75.620274,5.7950373],[-75.6203232,5.7949847],[-75.6203484,5.7949263],[-75.6203568,5.7947497],[-75.6203623,5.7945418],[-75.6203046,5.7942976],[-75.6202037,5.7940878],[-75.620196,5.7939499],[-75.6201792,5.7937343],[-75.6201873,5.7935429],[-75.620232,5.7933659],[-75.6203127,5.7931197],[-75.6204199,5.792755],[-75.6204309,5.7925427],[-75.6204452,5.792398],[-75.6205165,5.792189],[-75.6205304,5.791943],[-75.620515,5.7917322],[-75.620496,5.7916534],[-75.6204821,5.7916094],[-75.6204539,5.7915698],[-75.6204218,5.7915197],[-75.6204002,5.7914873],[-75.620367,5.7914579],[-75.6203424,5.7914357],[-75.6202869,5.7914526],[-75.6202238,5.7914938],[-75.6201529,5.7915275],[-75.6201494,5.7915291],[-75.6200856,5.7915301],[-75.6201219,5.7913946],[-75.6201219,5.791387],[-75.6201446,5.7913524],[-75.6201827,5.7913102],[-75.6202245,5.7912717],[-75.6202321,5.7912563],[-75.6202359,5.7912563],[-75.6202511,5.7912333],[-75.6202663,5.7912141],[-75.6202777,5.7911987],[-75.6202815,5.7911987],[-75.6202891,5.7911872],[-75.6203195,5.7911526],[-75.6203652,5.7911141],[-75.6203956,5.7910795],[-75.6203994,5.7910757],[-75.6204032,5.7910718],[-75.6204336,5.7910411],[-75.6204602,5.7910027],[-75.620483,5.7909758],[-75.6205703,5.7908529],[-75.6205779,5.7908414],[-75.6205855,5.7908337],[-75.6205969,5.7908069],[-75.6206044,5.79078],[-75.6206157,5.7907494],[-75.6206308,5.790711],[-75.6206422,5.7906842],[-75.6206573,5.7906497],[-75.62068,5.7906113],[-75.620699,5.7905844],[-75.6207142,5.7905576],[-75.6207331,5.7905269],[-75.6207445,5.7905077],[-75.6207635,5.7904884],[-75.6207863,5.7904501],[-75.6208052,5.7904041],[-75.6208241,5.7903657],[-75.6208355,5.7903427],[-75.6208468,5.7903158],[-75.620862,5.7902851],[-75.6208809,5.7902468],[-75.6208846,5.7902315],[-75.6208922,5.7902161],[-75.6209223,5.7901126],[-75.6209223,5.790105],[-75.6209298,5.7900896],[-75.620945,5.790059],[-75.6209563,5.7900283],[-75.6209676,5.7899976],[-75.6209789,5.7899631],[-75.6209903,5.7899324],[-75.6210016,5.7899018],[-75.6210128,5.7898481],[-75.6210241,5.7898136],[-75.6210354,5.7897791],[-75.6210467,5.789737],[-75.6210618,5.7896948],[-75.6210693,5.7896718],[-75.621073,5.7896374],[-75.6210803,5.7895799],[-75.6210877,5.7895187],[-75.6210875,5.7894842],[-75.6210792,5.789335],[-75.6210714,5.7893006],[-75.6210636,5.7892585],[-75.6210597,5.7892394],[-75.6210557,5.7892126],[-75.6210556,5.7891897],[-75.6210517,5.7891705],[-75.6210478,5.7891476],[-75.6210439,5.7891323],[-75.6210439,5.7891285],[-75.62104,5.7891285],[-75.62104,5.7891208],[-75.6210054,5.7890636],[-75.6209976,5.7890483],[-75.6208753,5.7889496],[-75.6208653,5.7888962],[-75.6208693,5.7888494],[-75.6208746,5.7888073],[-75.6208995,5.7887549],[-75.6209246,5.7887065],[-75.6209487,5.7886571],[-75.6209575,5.7886341],[-75.6209656,5.7886015],[-75.6209633,5.7885116],[-75.6209398,5.7884718],[-75.6209005,5.7884401],[-75.6208451,5.7883999],[-75.6207897,5.7883472],[-75.620785,5.7882875],[-75.6207878,5.7881894],[-75.6208128,5.788139],[-75.6208226,5.7881169],[-75.6208622,5.7879695],[-75.6208852,5.7879066],[-75.6208838,5.7878283],[-75.6208839,5.787786],[-75.620884,5.7877081],[-75.6208698,5.7876153],[-75.6208672,5.7874857],[-75.6208364,5.7873535],[-75.62083,5.7871022],[-75.620812,5.7870581],[-75.6207875,5.7870174],[-75.62079,5.7869765],[-75.6208303,5.7868546],[-75.6208619,5.7868317],[-75.6208823,5.7867334],[-75.6209097,5.7866737],[-75.6209347,5.7865829],[-75.620941,5.7864779],[-75.6209488,5.7862821],[-75.6209825,5.7861916],[-75.6210346,5.7860752],[-75.6210986,5.7859852],[-75.6212082,5.7858437],[-75.6212856,5.7857379],[-75.6213034,5.7856809],[-75.6213281,5.7855989],[-75.6214144,5.7854827],[-75.6214511,5.7854183],[-75.6215128,5.7853118],[-75.6215436,5.7852206],[-75.621568,5.7850371],[-75.6215999,5.7848384],[-75.6216132,5.7846616],[-75.6216176,5.7845334],[-75.6215973,5.7844004],[-75.6215662,5.7842418],[-75.6215091,5.7840741],[-75.6213696,5.7836284],[-75.6213257,5.783438],[-75.6213173,5.7829179],[-75.6212777,5.7825393],[-75.6212519,5.782413],[-75.6212195,5.7822547],[-75.6211835,5.7821414],[-75.6210453,5.7817549],[-75.6210306,5.7816418],[-75.6210242,5.7815214],[-75.6210233,5.7814207],[-75.6210422,5.7812975],[-75.6210556,5.7812507],[-75.6210696,5.7812015],[-75.6210834,5.7811486],[-75.6210934,5.7810767],[-75.6210967,5.7809379],[-75.6210848,5.78083],[-75.6210704,5.7806683],[-75.6210465,5.7805948],[-75.6210181,5.7805217],[-75.6209658,5.7804225],[-75.6209342,5.7803921],[-75.6208845,5.7803102],[-75.6208809,5.7802894],[-75.6208712,5.7802328],[-75.6208841,5.7801252],[-75.6209098,5.7800243],[-75.6209435,5.7798827],[-75.6209524,5.7797925],[-75.6209601,5.7796834],[-75.620962,5.7796117],[-75.6210399,5.7793346],[-75.621059,5.779256],[-75.6211055,5.7791196],[-75.6211401,5.7790219],[-75.6212113,5.7788376],[-75.6212867,5.7786432],[-75.621311,5.7785661],[-75.6213274,5.7785154],[-75.6213452,5.7784544],[-75.6213514,5.7783971],[-75.6213535,5.7783192],[-75.621349,5.7782219],[-75.6213217,5.7779601],[-75.6212885,5.7778435],[-75.6212402,5.7777405],[-75.6212277,5.7776544],[-75.6212357,5.7775686],[-75.6212555,5.7774554],[-75.621281,5.777309],[-75.6212961,5.7771623],[-75.6212908,5.7770788],[-75.6212831,5.777009],[-75.6212065,5.7767641],[-75.6211622,5.7766487],[-75.6211133,5.7765108],[-75.6210776,5.77642],[-75.6210275,5.7763234],[-75.6210045,5.7762234],[-75.6209863,5.7760857],[-75.6209782,5.7760012],[-75.6209367,5.7758308],[-75.6208978,5.7757387],[-75.6208679,5.7756435],[-75.6208476,5.7755141],[-75.6208492,5.7754343],[-75.6208566,5.7753415],[-75.6208562,5.7751666],[-75.6208423,5.7750398],[-75.6208133,5.7748648],[-75.6207585,5.7745746],[-75.6207168,5.7743882],[-75.6206762,5.774299],[-75.6205727,5.7741655],[-75.6205509,5.7740981],[-75.6205183,5.7739748],[-75.6204845,5.773864],[-75.6203915,5.7736706],[-75.6203335,5.7735952],[-75.6202765,5.7735381],[-75.620216,5.7734808],[-75.6201398,5.7734202],[-75.6200037,5.7733474],[-75.6198823,5.7732784],[-75.6197068,5.7731345],[-75.6197068,5.7731345],[-75.6196913,5.7731218],[-75.6196869,5.7731182],[-75.61958,5.7729155],[-75.6195511,5.7726771],[-75.6195733,5.7724737],[-75.6196442,5.7721806],[-75.6197049,5.7719046],[-75.6197275,5.7717348],[-75.6197472,5.7714441],[-75.6197993,5.7711204],[-75.6198392,5.770886],[-75.6198933,5.7706348],[-75.6198844,5.7704885],[-75.6197266,5.7701875],[-75.6196297,5.7700497],[-75.6195778,5.7699201],[-75.6195783,5.7699157],[-75.6196089,5.7696347],[-75.6196704,5.769465],[-75.6197539,5.7691826],[-75.6197629,5.7689607],[-75.6197303,5.7688101],[-75.6196501,5.768639],[-75.6195344,5.7684331],[-75.6194494,5.7682521],[-75.6193283,5.7679709],[-75.6190737,5.7675914],[-75.6190043,5.7673819],[-75.6189461,5.7671184],[-75.618874,5.7669325],[-75.6188135,5.7667638],[-75.6187693,5.7666523],[-75.6187354,5.7665338],[-75.6187227,5.7664262],[-75.6187194,5.7663381],[-75.6187347,5.7661873],[-75.6187612,5.76608],[-75.6187759,5.7660154],[-75.6187864,5.765965],[-75.6188165,5.7658583],[-75.6188379,5.7657839],[-75.6188489,5.7657253],[-75.6188511,5.7657043],[-75.61886,5.7656869],[-75.61886,5.7656869],[-75.6189507,5.7655102],[-75.6189699,5.7654728],[-75.6190763,5.7653137],[-75.6191442,5.7651914],[-75.619196,5.7650743],[-75.6192957,5.7648788],[-75.6193297,5.7648134],[-75.6193497,5.7646705],[-75.6193413,5.764377],[-75.6193482,5.7642563],[-75.6193732,5.7641555],[-75.6194772,5.7638867],[-75.619537,5.7637516],[-75.619537,5.7637515],[-75.6195556,5.7637094],[-75.6195846,5.76366],[-75.6196546,5.7635643],[-75.6198634,5.7633225],[-75.6199313,5.7632496],[-75.620022,5.7631584],[-75.6201027,5.7630688],[-75.6203497,5.7627754],[-75.6204924,5.7626283],[-75.6205657,5.7625542],[-75.6207904,5.7623551],[-75.6209163,5.7622329],[-75.6209849,5.7621592],[-75.621139,5.7619851],[-75.6212055,5.7618793],[-75.6212055,5.7618793],[-75.6212109,5.7618707],[-75.6212565,5.7618008],[-75.6212814,5.761752],[-75.6213205,5.7616744],[-75.6214469,5.7615328],[-75.6215079,5.7614543],[-75.6215863,5.7612424],[-75.621603,5.7611749],[-75.6216196,5.7611255],[-75.621652,5.7610635],[-75.6216799,5.7610179],[-75.62173,5.7609462],[-75.621796,5.7608704],[-75.6219969,5.7606603],[-75.6220768,5.7605805],[-75.6220771,5.7605803],[-75.6222058,5.7604518],[-75.6225005,5.7602649],[-75.6226158,5.7601903],[-75.6226941,5.7601301],[-75.622745,5.7600772],[-75.6227743,5.7600393],[-75.6228156,5.7599497],[-75.6228351,5.7598823],[-75.6228503,5.7597865],[-75.6228293,5.7592775],[-75.622833,5.7592149],[-75.6228383,5.7591735],[-75.6228482,5.7591234],[-75.6228665,5.7590616],[-75.6228748,5.7590424],[-75.6228984,5.7589925],[-75.6229269,5.7589496],[-75.6229487,5.758912],[-75.6230127,5.7588044],[-75.623027,5.7587567],[-75.6230349,5.7586977],[-75.6230412,5.7586724],[-75.6230517,5.7585915],[-75.6230644,5.7585337],[-75.6230775,5.7584849],[-75.6231044,5.7584173],[-75.6231328,5.7583532],[-75.6231505,5.7583084],[-75.6231613,5.758265],[-75.6231658,5.7582177],[-75.623159,5.7581366],[-75.6231453,5.758073],[-75.6231291,5.758003],[-75.623116,5.757937],[-75.6231089,5.7578622],[-75.6231094,5.7577742],[-75.6231097,5.7576437],[-75.6231273,5.7575733],[-75.6231462,5.7575091],[-75.6231775,5.7574167],[-75.6232065,5.7573407],[-75.6232326,5.7572724],[-75.6232501,5.757185],[-75.6232641,5.7571035],[-75.6233065,5.7569834],[-75.6233149,5.756965],[-75.6233478,5.7569229],[-75.6233901,5.756875],[-75.6234256,5.7568367],[-75.6234603,5.7567925],[-75.6235696,5.7563627],[-75.6236189,5.7561258],[-75.6236689,5.7559266],[-75.6237022,5.7558207],[-75.6237357,5.7557257],[-75.6237497,5.7556398],[-75.6237439,5.7554376],[-75.6237402,5.7553812],[-75.6237432,5.7553348],[-75.6237697,5.7552974],[-75.6238084,5.7552428],[-75.6238579,5.7551916],[-75.6239105,5.7551298],[-75.6240438,5.7549485],[-75.6240787,5.754898],[-75.6241065,5.754856],[-75.6241302,5.7548265],[-75.6241618,5.754798],[-75.6241938,5.7547844],[-75.6242192,5.7547973],[-75.6243395,5.7550337],[-75.624405,5.7551833],[-75.6244381,5.7552672],[-75.6244629,5.7553118],[-75.624493,5.7553528],[-75.6245303,5.7553862],[-75.6246045,5.755451],[-75.6246671,5.7554847],[-75.6247117,5.7554957],[-75.6247494,5.7554935],[-75.6247749,5.7554919],[-75.6248287,5.7555034],[-75.6248385,5.7555049],[-75.6247807,5.7554443],[-75.6247367,5.7553981],[-75.6247043,5.7553515],[-75.6246596,5.7552586],[-75.6246309,5.7551787],[-75.6246126,5.7551164],[-75.6245736,5.7549546],[-75.624564,5.7549145],[-75.6245058,5.7547015],[-75.6244419,5.7546083],[-75.6244308,5.7545922],[-75.6244256,5.7545874],[-75.6243906,5.7545556],[-75.6243484,5.7545189],[-75.624344,5.7544881],[-75.6243106,5.7544538],[-75.6242476,5.7544124],[-75.6242357,5.7543996],[-75.6242115,5.7543735],[-75.6241773,5.754353],[-75.6241025,5.7542554],[-75.6241025,5.7542554],[-75.624091,5.7542257],[-75.6240754,5.7541855],[-75.6240288,5.7541479],[-75.6239926,5.7541221],[-75.6238916,5.7540329],[-75.6238758,5.7540206],[-75.623841,5.7539933],[-75.6238054,5.7539864],[-75.6238047,5.7539863],[-75.6238047,5.7539863],[-75.6236192,5.7538201],[-75.6236192,5.7538201],[-75.6236036,5.7538995],[-75.6235715,5.7539509],[-75.623564,5.7539572],[-75.6235405,5.753977],[-75.6234885,5.7539875],[-75.6234272,5.7539987],[-75.6233773,5.7540358],[-75.6233648,5.7540565],[-75.6233273,5.7541545],[-75.6233207,5.7541905],[-75.6233184,5.7542361],[-75.62332,5.7542959],[-75.6233174,5.7543624],[-75.6233085,5.7544293],[-75.6232924,5.7544862],[-75.6232924,5.7544862],[-75.6232924,5.7544862],[-75.6232924,5.7544863],[-75.6232924,5.7544863],[-75.6232923,5.7544866],[-75.6232762,5.7545435],[-75.6231237,5.7548605],[-75.6230821,5.7549522],[-75.6230657,5.7550083],[-75.6230453,5.7550939],[-75.6230098,5.7552375],[-75.6229945,5.7553019],[-75.6229772,5.7553419],[-75.6229494,5.7553839],[-75.6229188,5.7554207],[-75.6228764,5.7554671],[-75.622843,5.7555123],[-75.6228135,5.7555632],[-75.6227742,5.7556779],[-75.6227545,5.7557627],[-75.6227375,5.7558366],[-75.6226988,5.7560286],[-75.6226742,5.756096],[-75.6226539,5.7561393],[-75.6226539,5.7561393],[-75.6226535,5.75614],[-75.6226516,5.756144],[-75.6226148,5.7562112],[-75.622554,5.7563675],[-75.6225417,5.7564316],[-75.6225293,5.7565335],[-75.622532,5.756557],[-75.6225429,5.7566452],[-75.6225459,5.7567479],[-75.6224983,5.7571483],[-75.6224843,5.7572596],[-75.6224475,5.7574593],[-75.6224165,5.757594],[-75.6223918,5.7576991],[-75.6223662,5.7577821],[-75.6223399,5.7578523],[-75.6222988,5.7579425],[-75.6222597,5.75802],[-75.6222174,5.7581013],[-75.6221917,5.7581486],[-75.6221395,5.7582979],[-75.6221,5.7584042],[-75.6220496,5.7585223],[-75.6219523,5.758746],[-75.6218982,5.7588814],[-75.6218653,5.7589619],[-75.6218019,5.7590944],[-75.6217803,5.7591394],[-75.6217438,5.759214],[-75.6217265,5.7592633],[-75.6217032,5.7593266],[-75.6216718,5.7593916],[-75.6216232,5.7594667],[-75.6215578,5.759564],[-75.6215038,5.7596666],[-75.6214739,5.7597497],[-75.621451,5.759833],[-75.6214032,5.7599233],[-75.6213134,5.7600501],[-75.6211705,5.7602495],[-75.6211608,5.7602641],[-75.6211541,5.7602742],[-75.621099,5.760357],[-75.6210044,5.7604992],[-75.6209366,5.7605849],[-75.6208741,5.760654],[-75.620802,5.7607105],[-75.6207111,5.7607488],[-75.6206917,5.7607519],[-75.6206245,5.7607521],[-75.6205793,5.7607463],[-75.6205124,5.760735],[-75.620457,5.7607249],[-75.6203201,5.7607436],[-75.6202623,5.7607671],[-75.6202092,5.7607969],[-75.6201579,5.7608333],[-75.6201179,5.7608683],[-75.620071,5.7609173],[-75.6200121,5.7609833],[-75.6200083,5.7609876],[-75.6199833,5.7610203],[-75.6199416,5.7610692],[-75.6199054,5.7611032],[-75.619891,5.7611149],[-75.619861,5.761128],[-75.6198085,5.7611349],[-75.6197548,5.7611407],[-75.6197141,5.7611475],[-75.6195559,5.7612486],[-75.6194573,5.7613277],[-75.6194111,5.7613648],[-75.6194087,5.7613685],[-75.6193484,5.7614628],[-75.6193334,5.7614862],[-75.6192666,5.7616048],[-75.6192271,5.761676],[-75.6191715,5.7617627],[-75.619131,5.7618273],[-75.6190592,5.7619971],[-75.6190215,5.7620866],[-75.6189525,5.7622464],[-75.6188213,5.7625602],[-75.618794,5.7626359],[-75.6187455,5.7628082],[-75.618709,5.7628776],[-75.6186832,5.7629147],[-75.618655,5.7629547],[-75.6185877,5.7630576],[-75.6184721,5.7632403],[-75.6184399,5.7633143],[-75.6184279,5.7633418],[-75.6183876,5.7634729],[-75.6183214,5.7637174],[-75.6182898,5.763786],[-75.6182426,5.7638646],[-75.6181218,5.7641048],[-75.6181043,5.7642014],[-75.6180789,5.7642868],[-75.6180323,5.7643834],[-75.6178737,5.7646781],[-75.6178257,5.7648004],[-75.6177156,5.7650629],[-75.6175332,5.7654298],[-75.6175329,5.7654305],[-75.6174644,5.7655705],[-75.6174544,5.7656003],[-75.6174534,5.7656034],[-75.6174004,5.7657602],[-75.6173124,5.7660088],[-75.6173097,5.7660181],[-75.6172834,5.7661056],[-75.6172475,5.7662252],[-75.6172112,5.7663532],[-75.6171716,5.7664972],[-75.6171525,5.766655],[-75.6171516,5.7666623],[-75.6171499,5.7666723],[-75.6171267,5.7668059],[-75.6171307,5.7669496],[-75.6172262,5.7674564],[-75.617233,5.7676445],[-75.6173343,5.7679755],[-75.617408,5.7682453],[-75.6175068,5.7684991],[-75.6175883,5.7686426],[-75.6176388,5.7687314],[-75.6177803,5.7689804],[-75.6177961,5.769419],[-75.6177901,5.7694658],[-75.6177872,5.7694881],[-75.6177685,5.769634],[-75.6177685,5.769692],[-75.6177686,5.7699111],[-75.6177686,5.7699437],[-75.6177686,5.7699438],[-75.6177686,5.7700347],[-75.6178074,5.770279],[-75.6178605,5.7704416],[-75.6179156,5.7706088],[-75.617959,5.7707243],[-75.6179645,5.7707388],[-75.6179775,5.7707721],[-75.6179766,5.7708377],[-75.6179729,5.7710809],[-75.6179757,5.7712625],[-75.6179607,5.771316],[-75.6179284,5.7713831],[-75.6178847,5.7714685],[-75.6178538,5.7715331],[-75.6178444,5.7715807],[-75.6178448,5.7716417],[-75.6178558,5.7717428],[-75.6178987,5.7718568],[-75.6179469,5.7719239],[-75.6179967,5.7719615],[-75.6180172,5.7719459],[-75.6180253,5.7718964],[-75.6179791,5.7717326],[-75.6179743,5.7716845],[-75.617979,5.7716458],[-75.6179921,5.7716116],[-75.6180184,5.7715763],[-75.618036,5.7715616],[-75.6180409,5.7715601],[-75.6180792,5.77159],[-75.6181115,5.7716328],[-75.618161,5.7716939],[-75.618229,5.7717858],[-75.6182777,5.7720271],[-75.6183086,5.7721286],[-75.618341,5.7722105],[-75.6184088,5.7723485],[-75.618484,5.7726193],[-75.6184941,5.7727889],[-75.6184982,5.7730625],[-75.6185086,5.7732028],[-75.6185214,5.773283],[-75.6185554,5.7734124],[-75.6185744,5.7734778],[-75.6185967,5.773546],[-75.6186252,5.7736172],[-75.6186388,5.7737971],[-75.6186256,5.7738977],[-75.6186113,5.7739649],[-75.6186042,5.7740585],[-75.6186096,5.7740862],[-75.6186123,5.774109],[-75.6186132,5.7741166],[-75.6186159,5.77414],[-75.6186144,5.7742498],[-75.6186205,5.7743853],[-75.6186317,5.7744367],[-75.6186599,5.7745104],[-75.6187197,5.7746241],[-75.6187928,5.7747628],[-75.6188899,5.7750176],[-75.6190266,5.7754872],[-75.6190665,5.7756033],[-75.6191007,5.7757081],[-75.6191215,5.7758857],[-75.6191096,5.7760629],[-75.6191175,5.7763288],[-75.6191217,5.7763829],[-75.6191244,5.7764179],[-75.6191248,5.776423],[-75.6191461,5.7765167],[-75.6192224,5.7767842],[-75.619242,5.7768953],[-75.6192508,5.776992],[-75.6192237,5.7771591],[-75.6191833,5.7772485],[-75.6191431,5.7773215],[-75.6191245,5.7773892],[-75.6191177,5.7774475],[-75.6191317,5.7775473],[-75.6191652,5.7776947],[-75.6192662,5.777927],[-75.6193333,5.7780405],[-75.6194003,5.7781091],[-75.6194639,5.7782354],[-75.6195188,5.7784075],[-75.6195532,5.778524],[-75.6195912,5.7786363],[-75.6196322,5.7787203],[-75.6196864,5.7788023],[-75.6196871,5.7788033],[-75.6196985,5.7788206],[-75.6197129,5.7788424],[-75.6198269,5.7790476],[-75.6198436,5.7791289],[-75.6198521,5.7792658],[-75.6198905,5.7796946],[-75.6199348,5.7800267],[-75.6199702,5.7803015],[-75.6199627,5.7805794],[-75.6199176,5.7808662],[-75.6198857,5.7809887],[-75.6198769,5.7811876],[-75.6199011,5.7814455],[-75.6199397,5.781561],[-75.6200577,5.7818238],[-75.6200636,5.781837],[-75.6201142,5.7819497],[-75.6201881,5.7820852],[-75.6203159,5.7823521],[-75.6203709,5.7824888],[-75.6204065,5.7825925],[-75.6204191,5.7826556],[-75.620418,5.7826728],[-75.6204169,5.7826884],[-75.6204153,5.7827135],[-75.6203974,5.7827508],[-75.6203715,5.7827883],[-75.6203449,5.782824],[-75.6203012,5.7828809],[-75.6202477,5.7829755],[-75.620224,5.7830502],[-75.6202162,5.7831283],[-75.6202136,5.7831549],[-75.6202162,5.7832037],[-75.6201114,5.7833902],[-75.6199753,5.783609],[-75.6199211,5.784063],[-75.6199187,5.7841091],[-75.6199042,5.7841707],[-75.6198715,5.7842748],[-75.6198477,5.7844532],[-75.6198251,5.7845116],[-75.6197706,5.7845861],[-75.6197404,5.7846598],[-75.6197287,5.7847329],[-75.6197389,5.7849711],[-75.6197537,5.7850957],[-75.6197709,5.78519],[-75.6197751,5.7853779],[-75.6197947,5.7854524],[-75.6198586,5.7856064],[-75.6198748,5.7856763],[-75.6198722,5.7857536],[-75.6197851,5.7859936],[-75.6197638,5.7861056],[-75.6197483,5.7861683],[-75.6197076,5.786231],[-75.6196734,5.7862542],[-75.6195811,5.7862947],[-75.6195193,5.7863376],[-75.6194645,5.7864083],[-75.619435,5.7864663],[-75.6193987,5.7865365],[-75.619379,5.786619],[-75.61936,5.7866986],[-75.6193506,5.7868007],[-75.6193167,5.7869254],[-75.6192958,5.7869943],[-75.6192814,5.7870579],[-75.6192852,5.7871425],[-75.6193109,5.7873307],[-75.6192875,5.7873701],[-75.6191683,5.7875671],[-75.6191471,5.78763],[-75.6191376,5.7878143],[-75.6191154,5.7879627],[-75.6190594,5.7880517],[-75.6190082,5.7880907],[-75.618975,5.7881235],[-75.6189369,5.788145],[-75.6189134,5.7881536],[-75.6188789,5.788135],[-75.6188491,5.7881384],[-75.6188168,5.7881594],[-75.6187848,5.788195],[-75.618777,5.7882136],[-75.6187709,5.7882281],[-75.6187602,5.7882892],[-75.6187584,5.7883272],[-75.6187551,5.7883712],[-75.6187865,5.7884483],[-75.6188213,5.788532],[-75.6188483,5.7886163],[-75.6188511,5.7886636],[-75.6188387,5.7887268],[-75.6188183,5.7887507],[-75.618775,5.7887678],[-75.6187567,5.7887809],[-75.6187422,5.7888063],[-75.6187254,5.7888387],[-75.6187068,5.7888859],[-75.6187125,5.7889447],[-75.6187158,5.7890231],[-75.6187269,5.7890775],[-75.6187455,5.7892625],[-75.6187551,5.7893948],[-75.6187679,5.7895569],[-75.6188013,5.7896844],[-75.6188578,5.7897848],[-75.6188362,5.7899148],[-75.6188357,5.7899848],[-75.6188017,5.7900756],[-75.6187286,5.7902025],[-75.6187015,5.7903262],[-75.6186832,5.7905374],[-75.618678,5.7905972],[-75.6187162,5.790831],[-75.6187523,5.7909566],[-75.6188275,5.7911002],[-75.6188606,5.7912143],[-75.6189238,5.7914852],[-75.6189513,5.7917209],[-75.6189649,5.791761],[-75.6189793,5.7918108],[-75.6189955,5.7919236],[-75.6189882,5.7919518],[-75.6189805,5.7920933],[-75.6189928,5.7921956],[-75.6189675,5.7923388],[-75.6189525,5.7924544],[-75.6189028,5.7926008],[-75.6189028,5.7926333],[-75.6189201,5.7926928],[-75.618928,5.7927679],[-75.6189216,5.7928275],[-75.6189106,5.7928798],[-75.6189277,5.7929264],[-75.6189357,5.7929415],[-75.6188472,5.7932644],[-75.6188407,5.7932831],[-75.6188321,5.7933078],[-75.6188238,5.7933315],[-75.6187819,5.7934102],[-75.6187583,5.7934862],[-75.6187137,5.793633],[-75.6187104,5.7937149],[-75.618703,5.793806],[-75.6186931,5.7938807],[-75.6186923,5.7939358],[-75.6186968,5.7940927],[-75.6186819,5.7941239],[-75.6186273,5.794184],[-75.6185847,5.7942727],[-75.6185754,5.7943349],[-75.6185663,5.7944211],[-75.6185738,5.7945],[-75.6185909,5.7945788],[-75.6186368,5.7946863],[-75.6186753,5.7947603],[-75.6187234,5.7948294],[-75.6187691,5.7948986],[-75.6188387,5.79497],[-75.6189108,5.795063],[-75.6189685,5.795144],[-75.6190118,5.7952084],[-75.6190619,5.795287],[-75.6190852,5.7953802],[-75.619099,5.7954349],[-75.6190957,5.7955168],[-75.6190853,5.7956722],[-75.6190657,5.7957802],[-75.6190383,5.795889],[-75.6190132,5.7960772],[-75.6189998,5.7961885],[-75.6189972,5.7963107],[-75.6189972,5.7965466],[-75.6189967,5.7966273],[-75.6189947,5.7967121],[-75.6189759,5.7967649],[-75.6189458,5.7969202],[-75.6189277,5.7970546],[-75.618938,5.7971677],[-75.6189669,5.7973753],[-75.6189755,5.7975122],[-75.6189884,5.7976267],[-75.6189884,5.7976267],[-75.6189406,5.7977474],[-75.6188631,5.7979819],[-75.6188503,5.7980207],[-75.6187978,5.7983722],[-75.6187996,5.7983804],[-75.6187987,5.7983823],[-75.6187951,5.7983898],[-75.6187923,5.7983969],[-75.6187888,5.7984059],[-75.6187857,5.7984152],[-75.6187821,5.7984279],[-75.6187785,5.7984428],[-75.6187739,5.7984626],[-75.6187702,5.7984808],[-75.6187661,5.7985033],[-75.6187631,5.7985236],[-75.6187593,5.7985466],[-75.6187553,5.7985682],[-75.6187517,5.7985864],[-75.6187481,5.7986078],[-75.6187454,5.7986255],[-75.6187427,5.7986484],[-75.6187408,5.798669],[-75.6187376,5.7986944],[-75.6187327,5.7987162],[-75.6187263,5.7987407],[-75.6187221,5.7987598],[-75.6187203,5.798782],[-75.6187219,5.7988005],[-75.6187291,5.7988213],[-75.6187401,5.7988437],[-75.6187505,5.7988615],[-75.6187654,5.7988884],[-75.6187725,5.7989026],[-75.618789,5.7989377],[-75.6187983,5.7989601],[-75.6188054,5.7989816],[-75.6188101,5.7990294],[-75.6188089,5.7990533],[-75.6188049,5.7990733],[-75.6187988,5.7990983],[-75.6187929,5.7991211],[-75.6187848,5.7991511],[-75.6187757,5.7991819],[-75.6187676,5.7992081],[-75.6187574,5.7992383],[-75.618749,5.7992644],[-75.6187246,5.7993381],[-75.6187206,5.7993509],[-75.6187125,5.7993768],[-75.6187033,5.7994057],[-75.6186999,5.799417],[-75.6186923,5.7994428],[-75.6186863,5.7994643],[-75.6186794,5.7994878],[-75.618674,5.7995059],[-75.618668,5.7995266],[-75.6186622,5.7995429],[-75.6186553,5.7995609],[-75.6186489,5.7995771],[-75.6186412,5.799596],[-75.6186352,5.799612],[-75.6186226,5.7996485],[-75.6185984,5.7996997],[-75.6185952,5.799708],[-75.61859,5.7997134],[-75.6185577,5.7997803],[-75.6185014,5.7999498],[-75.6184366,5.8001879]],[[-75.6192354,5.7936459],[-75.6192413,5.793654],[-75.6192464,5.7936635],[-75.619253,5.7936774],[-75.6192585,5.7936925],[-75.6192701,5.7937261],[-75.6192781,5.7937528],[-75.6192842,5.7937761],[-75.619291,5.7938044],[-75.6192987,5.793856],[-75.619301,5.7938789],[-75.6193026,5.7939047],[-75.6193024,5.7939303],[-75.6193025,5.7939538],[-75.6193029,5.7939833],[-75.6193011,5.7940071],[-75.6192966,5.7940331],[-75.6192923,5.7940504],[-75.6192862,5.7940741],[-75.6192791,5.7940958],[-75.6192697,5.7941151],[-75.6192579,5.7941332],[-75.6192476,5.7941493],[-75.6192363,5.794167],[-75.6192291,5.7941832],[-75.6192205,5.7942203],[-75.619218,5.7942396],[-75.6192176,5.7942475],[-75.6192133,5.7942712],[-75.6192096,5.7942856],[-75.6191982,5.7943162],[-75.6191897,5.7943321],[-75.6191819,5.7943434],[-75.6191725,5.794355],[-75.6191585,5.7943711],[-75.6191488,5.7943806],[-75.6191381,5.79439],[-75.6191307,5.7943957],[-75.619108,5.7943932],[-75.6191023,5.7943812],[-75.6190937,5.7943625],[-75.6190888,5.7943508],[-75.6190779,5.7943255],[-75.619068,5.7943056],[-75.6190382,5.7942535],[-75.6190332,5.7942441],[-75.6190224,5.7942231],[-75.619015,5.7942071],[-75.6190065,5.7941885],[-75.6189984,5.7941696],[-75.6189911,5.7941527],[-75.6189815,5.7941306],[-75.6189664,5.794093],[-75.6189612,5.7940775],[-75.6189539,5.7940452],[-75.6189528,5.7940325],[-75.6189558,5.7940228],[-75.6189622,5.7940144],[-75.6189739,5.7939993],[-75.6189819,5.79399],[-75.6189987,5.7939712],[-75.6190099,5.7939567],[-75.6190241,5.7939377],[-75.6190369,5.7939204],[-75.6190533,5.7938981],[-75.6190679,5.7938785],[-75.6190695,5.7938765],[-75.619085,5.7938555],[-75.6190925,5.7938457],[-75.6191097,5.7938234],[-75.6191234,5.7938056],[-75.6191384,5.793786],[-75.6191507,5.7937698],[-75.6191635,5.7937519],[-75.6191781,5.7937293],[-75.6191853,5.7937174],[-75.6191932,5.7937041],[-75.6191997,5.7936909],[-75.6192038,5.7936795],[-75.6192069,5.7936702],[-75.6192094,5.7936627],[-75.6192119,5.7936563],[-75.6192149,5.7936489],[-75.619219,5.7936433],[-75.6192273,5.7936418],[-75.6192354,5.7936459]],[[-75.6193451,5.7915674],[-75.6193219,5.7916243],[-75.6192999,5.7916785],[-75.6193079,5.7917555],[-75.6193083,5.7917597],[-75.6193091,5.7917623],[-75.6193606,5.7919423],[-75.619464,5.7922071],[-75.6194799,5.7923029],[-75.6194904,5.7923666],[-75.6194903,5.7924501],[-75.61949,5.7926106],[-75.6194962,5.7927364],[-75.6195025,5.7928653],[-75.6195065,5.7929519],[-75.619494,5.7929886],[-75.6194632,5.7929866],[-75.6194559,5.7929709],[-75.6194496,5.7929573],[-75.6194213,5.7929175],[-75.6194028,5.7928136],[-75.6193795,5.7927687],[-75.6193069,5.7926291],[-75.6192307,5.7924462],[-75.619208,5.7923916],[-75.6192068,5.7923779],[-75.6192155,5.7923543],[-75.6192338,5.7923433],[-75.6192408,5.7923391],[-75.6192536,5.7923316],[-75.6192792,5.7923166],[-75.6192988,5.792293],[-75.6192669,5.7922337],[-75.6192321,5.792169],[-75.6192107,5.7921447],[-75.6192023,5.7921353],[-75.6191926,5.7921327],[-75.6191831,5.7921302],[-75.6191817,5.7921269],[-75.6191629,5.7920828],[-75.6191575,5.7920349],[-75.6191645,5.7919873],[-75.6191661,5.7919768],[-75.6191821,5.7917095],[-75.6191836,5.7916258],[-75.6191857,5.7915116],[-75.6191574,5.7912456],[-75.619134,5.791065],[-75.6191223,5.7908508],[-75.6191212,5.7907738],[-75.6191201,5.7907641],[-75.6191151,5.7907181],[-75.6190993,5.7906653],[-75.6190985,5.7906575],[-75.6190929,5.7906056],[-75.6191001,5.7905525],[-75.6191218,5.7903925],[-75.6191114,5.7903356],[-75.61911,5.7903284],[-75.6191037,5.7902707],[-75.6191124,5.7902316],[-75.6191135,5.7902263],[-75.6191156,5.7902217],[-75.6191358,5.7901777],[-75.6191491,5.790154],[-75.6191664,5.7901234],[-75.6191996,5.7900823],[-75.6192294,5.7900453],[-75.6192315,5.7900535],[-75.6192341,5.7900636],[-75.6192644,5.7901371],[-75.6192862,5.79019],[-75.6193063,5.7902264],[-75.6193158,5.7902435],[-75.6193285,5.790329],[-75.6193364,5.7903818],[-75.6193568,5.7905399],[-75.6193597,5.7906256],[-75.6193835,5.7907883],[-75.6193727,5.7909948],[-75.6194332,5.7911046],[-75.6194753,5.79123],[-75.6194762,5.7912541],[-75.6194773,5.7912841],[-75.6194659,5.7913326],[-75.6194565,5.791381],[-75.6194065,5.7914825],[-75.6193451,5.7915674]]]},"properties":{"OBJECTID":4,"DIdentif":"053904001930","DTipo":2,"DNombre":"Río Poblado","RuleID":2}},{"type":"Feature","id":17,"geometry":{"type":"Polygon","coordinates":[[[-75.6187135,5.8012853],[-75.618775,5.801375],[-75.6187736,5.8013915],[-75.6187296,5.8014467],[-75.6186494,5.8015391],[-75.6185521,5.8016117],[-75.6183923,5.8016764],[-75.6181752,5.8017869],[-75.6181346,5.8018379],[-75.6180591,5.8018969],[-75.6179485,5.8019408],[-75.6177293,5.802007],[-75.6176686,5.8020322],[-75.6176402,5.802044],[-75.6174413,5.8021326],[-75.6172728,5.8022058],[-75.6171968,5.8022594],[-75.6171978,5.8022585],[-75.6171796,5.8022713],[-75.6171287,5.8023262],[-75.6170663,5.8024333],[-75.6170196,5.8025236],[-75.6170372,5.8025896],[-75.6170659,5.8026934],[-75.6171431,5.8028005],[-75.6173102,5.8029759],[-75.6173358,5.8030132],[-75.6173365,5.8030953],[-75.6173018,5.8031903],[-75.6172258,5.8033905],[-75.6172107,5.8034233],[-75.6172016,5.803443],[-75.617208,5.8035333],[-75.6172875,5.8037929],[-75.617426,5.8041091],[-75.6175232,5.8043092],[-75.6175527,5.8043549],[-75.617595,5.8044206],[-75.6175952,5.8045183],[-75.6175781,5.8045836],[-75.6175641,5.8046729],[-75.6175569,5.8048263],[-75.6175,5.8049735],[-75.6174813,5.8050216],[-75.6174443,5.8050385],[-75.6173863,5.8050466],[-75.6173457,5.8050339],[-75.6172528,5.8049756],[-75.6171069,5.8048747],[-75.6168746,5.8047458],[-75.6167454,5.8046376],[-75.6166033,5.8044938],[-75.616513,5.8044536],[-75.6164141,5.8044152],[-75.61636,5.804423],[-75.6162787,5.8044612],[-75.616215,5.8045124],[-75.6161507,5.8045772],[-75.6161028,5.8047072],[-75.6160824,5.8047681],[-75.616047,5.8048128],[-75.6159647,5.8049034],[-75.6158523,5.8051069],[-75.6157937,5.8052121],[-75.6157108,5.8053604],[-75.6156369,5.805458],[-75.6155658,5.8055789],[-75.6155252,5.8056479],[-75.6155053,5.8057358],[-75.6154778,5.8059519],[-75.6155915,5.8063535],[-75.615686,5.8067143],[-75.6157543,5.8068724],[-75.6157904,5.8069098],[-75.615828,5.8069412],[-75.615878,5.8069618],[-75.6159497,5.8069563],[-75.6160353,5.8069341],[-75.616154,5.8069272],[-75.6162353,5.8069527],[-75.6163109,5.8070213],[-75.6163455,5.8070839],[-75.6163627,5.8071568],[-75.6163784,5.8072337],[-75.6163501,5.8073146],[-75.616324,5.8073865],[-75.616262,5.8074782],[-75.616211,5.8075311],[-75.616148,5.80759],[-75.6160744,5.807617],[-75.6160157,5.8076387],[-75.6158975,5.8076939],[-75.6157916,5.8077363],[-75.615697,5.8077439],[-75.6155974,5.8077384],[-75.6155114,5.8077355],[-75.61541,5.8077108],[-75.6152869,5.8076664],[-75.6152278,5.8076451],[-75.6151357,5.8075964],[-75.6149725,5.8075377],[-75.6148205,5.8074973],[-75.6145729,5.8074636],[-75.6144517,5.8074542],[-75.614445,5.8074563],[-75.614418,5.807465],[-75.6143203,5.8075018],[-75.6141908,5.8075387],[-75.6140338,5.8075384],[-75.6138658,5.8075429],[-75.6137367,5.8075323],[-75.6136169,5.8075211],[-75.6136169,5.8075211],[-75.6135794,5.8075175],[-75.6134777,5.8075209],[-75.6134207,5.8075406],[-75.6133617,5.8075691],[-75.6133166,5.8076128],[-75.6133092,5.8076261],[-75.6133003,5.8076559],[-75.61329,5.8077112],[-75.613288,5.8077218],[-75.6132706,5.8078471],[-75.6132356,5.8080233],[-75.6132332,5.8080572],[-75.6132292,5.8081119],[-75.6131834,5.8082011],[-75.6130601,5.8083476],[-75.6130289,5.8084065],[-75.612974,5.808481],[-75.6129142,5.8085531],[-75.6128661,5.8085962],[-75.6128123,5.8086291],[-75.6127425,5.8086769],[-75.6126242,5.8087833],[-75.6125782,5.8088068],[-75.6124829,5.808828],[-75.6123388,5.8088526],[-75.6121422,5.8088511],[-75.6120526,5.8088398],[-75.6119911,5.8088202],[-75.6119399,5.8087862],[-75.6118874,5.8087387],[-75.6118033,5.8086293],[-75.6117627,5.8085847],[-75.6117185,5.8085548],[-75.611688,5.8085682],[-75.6116639,5.8085888],[-75.6116219,5.8086245],[-75.6116083,5.808645],[-75.6115674,5.8086922],[-75.6115023,5.80876],[-75.6114746,5.8087949],[-75.6114626,5.80881],[-75.6114085,5.8089028],[-75.6113813,5.8090378],[-75.6113814,5.8091693],[-75.6113814,5.8091693],[-75.6113814,5.8091694],[-75.6113814,5.8091866],[-75.6114027,5.8092698],[-75.6114098,5.8092972],[-75.6114913,5.8095054],[-75.6115576,5.8096406],[-75.6115776,5.8097761],[-75.6115958,5.809933],[-75.6115896,5.8100022],[-75.6115622,5.8100714],[-75.6115061,5.8101219],[-75.6114096,5.8101615],[-75.611306,5.8101864],[-75.6112441,5.8101842],[-75.6111028,5.8101438],[-75.6110132,5.8101113],[-75.6109302,5.8100899],[-75.6108662,5.8100733],[-75.6107374,5.8100434],[-75.6104795,5.8100135],[-75.6103078,5.8100097],[-75.6100963,5.810024],[-75.6099121,5.8100841],[-75.6096991,5.8101343],[-75.609481,5.8101608],[-75.609343,5.8101887],[-75.6092609,5.8101961],[-75.6091682,5.8101716],[-75.6091539,5.8101632],[-75.6091157,5.8101135],[-75.6090965,5.8100621],[-75.6090781,5.8099545],[-75.6090663,5.8099198],[-75.609045,5.8098666],[-75.6090391,5.8098516],[-75.6090263,5.809819],[-75.6089658,5.8097578],[-75.608901,5.8097124],[-75.608748,5.8096604],[-75.6086743,5.8096541],[-75.6085947,5.8096472],[-75.6084368,5.8096373],[-75.6082849,5.8096713],[-75.6081999,5.8096993],[-75.6081391,5.80973],[-75.6080575,5.8097538],[-75.6080169,5.8097623],[-75.6079495,5.8097732],[-75.6079049,5.8097801],[-75.6078414,5.8097801],[-75.6077132,5.8097791],[-75.6077006,5.8097824],[-75.6076568,5.8097938],[-75.6075668,5.8098],[-75.6074882,5.8098033],[-75.6074147,5.8098002],[-75.6073646,5.809799],[-75.607247,5.8098086],[-75.6071206,5.8098268],[-75.6070703,5.8098369],[-75.6070702,5.8098369],[-75.6070507,5.8098409],[-75.6069963,5.8098786],[-75.6069719,5.8098847],[-75.6069154,5.8098888],[-75.6068856,5.8098886],[-75.6068029,5.8098584],[-75.6067366,5.8098383],[-75.6066079,5.8097997],[-75.6065545,5.8097639],[-75.6065203,5.8097263],[-75.6064909,5.8096787],[-75.6064772,5.8096581],[-75.6064619,5.8096349],[-75.6064461,5.8095987],[-75.6063877,5.8095285],[-75.6063695,5.8095079],[-75.6063566,5.809483],[-75.6062845,5.8093996],[-75.6061992,5.8092768],[-75.6061244,5.8091646],[-75.6059868,5.8090069],[-75.6059203,5.8089317],[-75.6058697,5.8088734],[-75.6057797,5.8087414],[-75.605731,5.8086936],[-75.6056899,5.8086538],[-75.6056502,5.8086206],[-75.6055698,5.8085728],[-75.6053234,5.8084993],[-75.605245,5.8085008],[-75.6051869,5.808502],[-75.6051163,5.8085084],[-75.6049662,5.8085316],[-75.6048171,5.8085538],[-75.6046211,5.8086111],[-75.6044283,5.8086853],[-75.604218,5.8087462],[-75.6041187,5.808778],[-75.6040203,5.8088002],[-75.6039391,5.8088228],[-75.6038878,5.8088373],[-75.6038843,5.8088383],[-75.6038302,5.8088536],[-75.6037415,5.8088978],[-75.6036609,5.8089698],[-75.6035442,5.8090813],[-75.6034623,5.8091592],[-75.6033825,5.8092178],[-75.6033197,5.8092559],[-75.6032408,5.8093049],[-75.6031538,5.8093261],[-75.6030965,5.8093617],[-75.6030456,5.8093854],[-75.6029688,5.8094151],[-75.6029033,5.8094439],[-75.602835,5.8094634],[-75.6027415,5.8094966],[-75.6026234,5.8095301],[-75.6025554,5.8095534],[-75.6024616,5.8095828],[-75.6024223,5.8095883],[-75.6023765,5.8095639],[-75.602353,5.8095336],[-75.6023294,5.8094824],[-75.6023191,5.8094319],[-75.6022897,5.8093584],[-75.6022654,5.8093206],[-75.6021457,5.8092369],[-75.6021303,5.8092261],[-75.6020514,5.80916],[-75.6019267,5.8091354],[-75.6018485,5.8091612],[-75.6018126,5.809198],[-75.6018027,5.8092108],[-75.6017636,5.8094382],[-75.6017623,5.8094435],[-75.6017608,5.8094499],[-75.6017592,5.8094563],[-75.6017577,5.809463],[-75.6017557,5.8094707],[-75.6017537,5.8094791],[-75.6017513,5.8094886],[-75.6017493,5.8094982],[-75.601747,5.8095084],[-75.6017449,5.8095169],[-75.6017432,5.809523],[-75.6017408,5.8095323],[-75.6017382,5.8095437],[-75.6017351,5.8095569],[-75.6017335,5.8095632],[-75.6017309,5.8095742],[-75.6017286,5.8095838],[-75.6017261,5.8095942],[-75.6017229,5.8096047],[-75.601714,5.8096267],[-75.6017077,5.8096374],[-75.6016964,5.8096551],[-75.6016921,5.8096608],[-75.6016853,5.8096688],[-75.6016795,5.8096751],[-75.6016742,5.8096807],[-75.6016673,5.8096864],[-75.6016585,5.8096914],[-75.601649,5.8096966],[-75.6016373,5.8097031],[-75.601622,5.8097117],[-75.6016032,5.8097217],[-75.6015936,5.8097265],[-75.6015757,5.8097355],[-75.6015671,5.8097401],[-75.6015483,5.8097485],[-75.601541,5.8097513],[-75.6015282,5.8097556],[-75.6015103,5.8097601],[-75.6014907,5.8097645],[-75.601481,5.8097671],[-75.6014557,5.8097714],[-75.6014235,5.8097737],[-75.6014053,5.8097739],[-75.6013694,5.809771],[-75.6013436,5.809769],[-75.6013361,5.8097664],[-75.6013293,5.8097631],[-75.6013119,5.8097539],[-75.6012959,5.8097474],[-75.601287,5.8097429],[-75.6012705,5.809735],[-75.6012522,5.8097282],[-75.6012445,5.8097252],[-75.6012318,5.8097214],[-75.6012141,5.8097177],[-75.6011939,5.8097142],[-75.6011746,5.8097137],[-75.6011646,5.8097137],[-75.601144,5.8097133],[-75.6011132,5.8097123],[-75.6010931,5.8097124],[-75.6010835,5.8097127],[-75.6010659,5.8097116],[-75.6010564,5.8097095],[-75.6010363,5.8097024],[-75.6010258,5.8096985],[-75.6010153,5.8096941],[-75.6009962,5.8096844],[-75.6009849,5.809677],[-75.6009588,5.8096579],[-75.6009418,5.8096452],[-75.6009314,5.8096369],[-75.6009048,5.8096156],[-75.6008827,5.8095972],[-75.6008621,5.8095802],[-75.6008319,5.8095551],[-75.6008122,5.8095394],[-75.6007932,5.8095247],[-75.6007849,5.8095186],[-75.6007705,5.8095086],[-75.6007594,5.8095012],[-75.600754,5.8094978],[-75.6007429,5.8094919],[-75.6007291,5.8094861],[-75.6007137,5.8094796],[-75.6006952,5.8094722],[-75.6006847,5.8094688],[-75.60066,5.809461],[-75.6006181,5.8094484],[-75.6005898,5.8094405],[-75.600575,5.809436],[-75.6005428,5.8094248],[-75.6005073,5.8094095],[-75.6004889,5.8093996],[-75.6004508,5.8093776],[-75.6004151,5.8093582],[-75.6003916,5.8093439],[-75.6003772,5.8093306],[-75.6003679,5.8093234],[-75.6003556,5.8093141],[-75.6003495,5.809309],[-75.6003373,5.8092985],[-75.6003304,5.8092929],[-75.6003152,5.8092805],[-75.6002995,5.8092669],[-75.6002916,5.8092598],[-75.6002754,5.809245],[-75.600251,5.8092225],[-75.6002431,5.8092151],[-75.6002268,5.8091996],[-75.6002198,5.8091931],[-75.6001884,5.8091617],[-75.6001514,5.8091262],[-75.6001271,5.8091038],[-75.6001049,5.8090852],[-75.6000945,5.8090765],[-75.6000754,5.8090617],[-75.6000407,5.8090374],[-75.6000294,5.8090314],[-75.6000127,5.8090255],[-75.6000033,5.8090227],[-75.5999843,5.8090173],[-75.5999661,5.8090126],[-75.5999573,5.8090106],[-75.5999401,5.8090073],[-75.599923,5.8090055],[-75.5998961,5.8090049],[-75.5998765,5.8090051],[-75.599866,5.8090053],[-75.5998444,5.8090064],[-75.5998216,5.8090077],[-75.5997996,5.8090096],[-75.5997882,5.8090109],[-75.5997693,5.8090133],[-75.5997598,5.8090145],[-75.5997509,5.8090147],[-75.5996819,5.8090603],[-75.5995693,5.8091744],[-75.5995141,5.8092336],[-75.5994321,5.8092763],[-75.5993983,5.8092859],[-75.5993299,5.8092832],[-75.5992635,5.8092615],[-75.5991829,5.8092122],[-75.5991447,5.8091775],[-75.5990832,5.8090762],[-75.5990562,5.8090089],[-75.599044,5.8089309],[-75.5990399,5.8088639],[-75.5990229,5.8087688],[-75.5990022,5.8087122],[-75.5989793,5.8086101],[-75.5989278,5.8085051],[-75.5988643,5.8084087],[-75.598738,5.8082133],[-75.5986835,5.8081568],[-75.5986269,5.8080862],[-75.5985852,5.8080269],[-75.5985575,5.8079495],[-75.5985277,5.807872],[-75.5985025,5.8078043],[-75.5985065,5.8077466],[-75.5984769,5.8076522],[-75.598451,5.8075448],[-75.5983861,5.8074324],[-75.5982276,5.8072209],[-75.5981118,5.8070878],[-75.5980109,5.8069958],[-75.5978926,5.8069152],[-75.5978128,5.8068764],[-75.5977166,5.8068143],[-75.5976023,5.806668],[-75.5975806,5.8066155],[-75.5975468,5.8065465],[-75.5975311,5.8064994],[-75.5975385,5.8063707],[-75.5976017,5.8062349],[-75.5976314,5.8061956],[-75.5976882,5.8061426],[-75.5977488,5.806087],[-75.5978111,5.8060117],[-75.5978355,5.8059697],[-75.5978315,5.8058944],[-75.5978088,5.8058155],[-75.5977423,5.8057433],[-75.5976878,5.8057135],[-75.5975753,5.8056697],[-75.5973793,5.8056197],[-75.5971212,5.805543],[-75.5969816,5.8054815],[-75.5969207,5.8054306],[-75.596875,5.8053933],[-75.596841,5.805357],[-75.5967887,5.8052814],[-75.5967301,5.8051996],[-75.5966957,5.8051712],[-75.5966682,5.8051467],[-75.5966656,5.8051416],[-75.5966643,5.8051169],[-75.5966779,5.8050404],[-75.5966756,5.8049518],[-75.5966239,5.8048451],[-75.5965698,5.8047738],[-75.5965064,5.8047194],[-75.5965012,5.8047149],[-75.5963867,5.8046487],[-75.5962699,5.804578],[-75.5962065,5.8045318],[-75.5961192,5.8044593],[-75.5960534,5.8043972],[-75.5959475,5.8043066],[-75.5958772,5.8042522],[-75.595804,5.8042209],[-75.5957509,5.8041971],[-75.5957504,5.8041969],[-75.5957283,5.804187],[-75.5956654,5.8041754],[-75.5955686,5.8041712],[-75.595566,5.8041711],[-75.5954762,5.8041547],[-75.5954696,5.804153],[-75.5954611,5.8041503],[-75.5954508,5.804147],[-75.5954447,5.8041447],[-75.5954325,5.8041409],[-75.5954216,5.8041374],[-75.5954131,5.804135],[-75.5954054,5.8041327],[-75.5953957,5.8041301],[-75.5953883,5.8041283],[-75.5953811,5.8041268],[-75.5953736,5.8041253],[-75.5953612,5.8041226],[-75.5953515,5.8041206],[-75.5953409,5.8041184],[-75.5953314,5.8041167],[-75.5953245,5.8041154],[-75.5953176,5.8041141],[-75.5953104,5.8041127],[-75.5953024,5.8041112],[-75.5952924,5.8041091],[-75.5952827,5.804107],[-75.595273,5.8041048],[-75.595268,5.8041035],[-75.5952572,5.8041008],[-75.5952454,5.804098],[-75.5952318,5.8040948],[-75.5952181,5.8040914],[-75.5952092,5.8040892],[-75.5951998,5.8040869],[-75.5951894,5.8040853],[-75.595176,5.8040836],[-75.5951687,5.8040827],[-75.5951523,5.8040809],[-75.5951403,5.80408],[-75.5951337,5.80408],[-75.5951181,5.8040803],[-75.5951093,5.8040808],[-75.5950893,5.8040826],[-75.5950662,5.8040865],[-75.5950321,5.8040957],[-75.5950184,5.8040998],[-75.5949885,5.8041091],[-75.5949448,5.8041266],[-75.5949249,5.8041357],[-75.5949102,5.8041435],[-75.5948845,5.8041581],[-75.594875,5.8041638],[-75.5948666,5.8041679],[-75.5948445,5.804177],[-75.5948192,5.8041869],[-75.5947834,5.8042023],[-75.5947708,5.8042081],[-75.594748,5.804219],[-75.5947268,5.804229],[-75.5947173,5.8042331],[-75.5947002,5.8042396],[-75.5946872,5.8042431],[-75.5946734,5.8042453],[-75.594657,5.8042487],[-75.5946412,5.8042523],[-75.5946216,5.8042576],[-75.5946117,5.8042604],[-75.5945927,5.8042657],[-75.5945829,5.8042684],[-75.5945627,5.8042742],[-75.5945418,5.8042804],[-75.5945312,5.8042829],[-75.5945106,5.8042882],[-75.5944906,5.8042928],[-75.5944805,5.8042948],[-75.5944601,5.8042983],[-75.5944498,5.8043],[-75.5944295,5.8043034],[-75.5944129,5.8043061],[-75.5943863,5.8043122],[-75.5943291,5.8043186],[-75.5942964,5.804317],[-75.5942893,5.8043152],[-75.5942312,5.8042788],[-75.5941908,5.8042503],[-75.5941562,5.8042104],[-75.5941148,5.8041591],[-75.594085,5.8041036],[-75.5940775,5.8040691],[-75.5940729,5.8040267],[-75.5940773,5.8039652],[-75.5940823,5.8038955],[-75.5940826,5.8038066],[-75.594076,5.8037568],[-75.594075,5.8037194],[-75.5940625,5.8036599],[-75.5940483,5.8035737],[-75.5939991,5.8034765],[-75.5939758,5.8034308],[-75.5939432,5.8033653],[-75.5938881,5.8033039],[-75.5938259,5.8032445],[-75.5937677,5.8032066],[-75.5937025,5.8031872],[-75.5936778,5.8031727],[-75.5936455,5.8031473],[-75.5936051,5.8031156],[-75.5935964,5.8031088],[-75.5935613,5.8030776],[-75.5935086,5.8030254],[-75.5934783,5.8029949],[-75.5934167,5.8029346],[-75.5933568,5.8028813],[-75.5933051,5.8028265],[-75.5932667,5.8027901],[-75.5932232,5.8027661],[-75.5931762,5.8027381],[-75.593191,5.8028224],[-75.5932282,5.8028429],[-75.5932592,5.8028723],[-75.5933116,5.8029279],[-75.5933725,5.802982],[-75.5934327,5.803041],[-75.5934628,5.8030713],[-75.593517,5.8031249],[-75.593555,5.8031587],[-75.5936055,5.8031983],[-75.5936413,5.8032265],[-75.5936766,5.8032471],[-75.5937403,5.8032661],[-75.5937855,5.8032956],[-75.5938416,5.8033491],[-75.5938892,5.8034021],[-75.593918,5.80346],[-75.5939414,5.8035059],[-75.593986,5.8035941],[-75.5939988,5.8036719],[-75.5940104,5.803727],[-75.5940114,5.803762],[-75.5940178,5.8038108],[-75.5940176,5.8038931],[-75.5940127,5.8039605],[-75.5940079,5.8040279],[-75.5940135,5.8040796],[-75.5940237,5.8041263],[-75.5940607,5.8041951],[-75.5941065,5.804252],[-75.594147,5.8042988],[-75.5941954,5.8043329],[-75.5942632,5.8043753],[-75.5942864,5.8043815],[-75.5943311,5.8043836],[-75.5944028,5.8043757],[-75.5944384,5.804366],[-75.5944471,5.8043582],[-75.5944535,5.804356],[-75.5944668,5.8043524],[-75.5944806,5.8043488],[-75.5944893,5.8043462],[-75.5945086,5.8043413],[-75.5945285,5.8043361],[-75.5945379,5.8043337],[-75.5945566,5.8043291],[-75.5945888,5.8043226],[-75.5946002,5.8043207],[-75.5946123,5.8043192],[-75.5946241,5.8043179],[-75.5946304,5.8043174],[-75.5946431,5.8043161],[-75.5946503,5.8043153],[-75.5946658,5.8043134],[-75.5946838,5.8043109],[-75.594693,5.8043091],[-75.5947113,5.8043051],[-75.5947198,5.8043027],[-75.5947365,5.8042971],[-75.5947559,5.8042902],[-75.5947646,5.8042869],[-75.5947792,5.804281],[-75.5947955,5.8042739],[-75.5948052,5.8042694],[-75.5948187,5.804263],[-75.5948332,5.8042559],[-75.5948401,5.8042523],[-75.5948607,5.8042418],[-75.5948742,5.8042349],[-75.5948827,5.8042305],[-75.5948991,5.8042207],[-75.5949453,5.8041989],[-75.5949564,5.8041942],[-75.5949663,5.8041897],[-75.5949963,5.8041784],[-75.5950152,5.8041712],[-75.5950342,5.804166],[-75.5950431,5.8041647],[-75.5950605,5.8041633],[-75.5950769,5.8041627],[-75.5950848,5.8041631],[-75.5951016,5.8041643],[-75.5951166,5.8041657],[-75.5951273,5.804167],[-75.595138,5.8041692],[-75.5951473,5.8041713],[-75.5951571,5.8041737],[-75.5951673,5.8041768],[-75.5951776,5.8041796],[-75.5951868,5.8041815],[-75.5951989,5.8041829],[-75.5952062,5.8041833],[-75.5952144,5.8041833],[-75.5952229,5.804183],[-75.5952308,5.8041827],[-75.5952391,5.8041823],[-75.5952477,5.804182],[-75.5952557,5.8041815],[-75.5952635,5.8041811],[-75.5952712,5.8041808],[-75.5952789,5.8041805],[-75.5952859,5.8041803],[-75.595293,5.8041803],[-75.5952997,5.8041802],[-75.5953079,5.8041805],[-75.5953151,5.8041809],[-75.5953253,5.8041814],[-75.5953318,5.8041818],[-75.5953394,5.8041826],[-75.5953463,5.8041839],[-75.5953536,5.8041856],[-75.5953633,5.804188],[-75.5953724,5.8041902],[-75.5953801,5.8041923],[-75.5953881,5.8041948],[-75.5953952,5.8041973],[-75.5954041,5.8042003],[-75.5954137,5.8042036],[-75.595422,5.8042062],[-75.5954304,5.8042086],[-75.5954379,5.8042105],[-75.5955477,5.8042347],[-75.5955649,5.804236],[-75.5956581,5.80424],[-75.595709,5.8042493],[-75.5957781,5.8042803],[-75.5958442,5.8043086],[-75.5959066,5.804357],[-75.5960102,5.8044455],[-75.5960763,5.8045079],[-75.5961668,5.804583],[-75.596234,5.804632],[-75.5963538,5.8047045],[-75.5964636,5.8047681],[-75.5965224,5.8048186],[-75.5965684,5.8048792],[-75.5966112,5.8049675],[-75.596613,5.8050355],[-75.5965992,5.8051129],[-75.5966017,5.8051582],[-75.5966156,5.8051867],[-75.5966535,5.8052204],[-75.5966824,5.8052443],[-75.5967358,5.8053187],[-75.5967904,5.8053978],[-75.5968308,5.8054409],[-75.5968795,5.8054806],[-75.5969471,5.8055372],[-75.5970989,5.805604],[-75.5973623,5.8056823],[-75.5975523,5.8057289],[-75.597661,5.8057713],[-75.5977028,5.8057941],[-75.597752,5.8058475],[-75.5977686,5.805905],[-75.5977711,5.8059542],[-75.5977589,5.8059752],[-75.5977027,5.8060431],[-75.5976451,5.806096],[-75.5975842,5.8061529],[-75.597547,5.8062019],[-75.5974759,5.8063549],[-75.5974735,5.8063966],[-75.5974671,5.8065079],[-75.5974879,5.8065707],[-75.5975228,5.8066417],[-75.597547,5.8067003],[-75.5976732,5.8068619],[-75.5977816,5.8069319],[-75.5978607,5.8069703],[-75.5979716,5.8070458],[-75.5980664,5.8071323],[-75.5981782,5.8072609],[-75.5982851,5.8074035],[-75.5983331,5.8074674],[-75.5983914,5.8075687],[-75.5984157,5.8076692],[-75.5984423,5.8077542],[-75.5984383,5.8078136],[-75.5984683,5.8078945],[-75.598498,5.8079717],[-75.5985284,5.8080564],[-75.5985762,5.8081244],[-75.5986359,5.8081988],[-75.5986881,5.808253],[-75.5988089,5.8084399],[-75.5988112,5.8084434],[-75.5988726,5.8085367],[-75.598919,5.8086314],[-75.5989412,5.8087302],[-75.5989614,5.8087854],[-75.5989768,5.8088715],[-75.5989809,5.8089377],[-75.5989946,5.8090259],[-75.5990263,5.8091048],[-75.5990953,5.8092183],[-75.5991447,5.8092633],[-75.5992368,5.8093195],[-75.5993186,5.8093463],[-75.5994059,5.8093498],[-75.5994556,5.8093357],[-75.5995531,5.809285],[-75.5996151,5.8092184],[-75.5997224,5.8091097],[-75.5997575,5.8090865],[-75.5997958,5.809075],[-75.5998047,5.8090734],[-75.5998291,5.8090695],[-75.5998534,5.8090664],[-75.5998652,5.8090651],[-75.5998874,5.8090635],[-75.599898,5.8090628],[-75.5999175,5.8090627],[-75.5999352,5.8090652],[-75.5999437,5.8090666],[-75.5999601,5.8090696],[-75.5999687,5.8090716],[-75.5999875,5.8090767],[-75.600007,5.8090827],[-75.6000252,5.8090894],[-75.6000318,5.8090926],[-75.6000498,5.809103],[-75.6000591,5.8091089],[-75.6000796,5.8091225],[-75.6000998,5.809138],[-75.6001191,5.8091539],[-75.6001272,5.8091613],[-75.6001357,5.8091691],[-75.600156,5.8091875],[-75.6001672,5.8091982],[-75.600202,5.8092329],[-75.6002196,5.8092534],[-75.6002366,5.8092734],[-75.600251,5.8092915],[-75.6002582,5.8093028],[-75.6002636,5.8093119],[-75.6002686,5.8093164],[-75.6002835,5.8093345],[-75.600308,5.8093585],[-75.6003487,5.8093986],[-75.6003773,5.8094263],[-75.600391,5.809439],[-75.6004174,5.8094617],[-75.6004403,5.8094776],[-75.6004511,5.8094828],[-75.6004737,5.8094904],[-75.6005001,5.8094987],[-75.600512,5.8095017],[-75.6005354,5.809507],[-75.6005441,5.8095089],[-75.6005665,5.8095132],[-75.6005881,5.8095171],[-75.6005986,5.809519],[-75.6006198,5.8095238],[-75.6006313,5.8095268],[-75.6006563,5.8095347],[-75.6006819,5.8095432],[-75.6007136,5.8095552],[-75.6007301,5.8095624],[-75.6007371,5.809566],[-75.6007509,5.8095735],[-75.6007577,5.8095774],[-75.6007702,5.809585],[-75.6007845,5.8095947],[-75.6008038,5.8096095],[-75.6008148,5.8096187],[-75.6008238,5.8096269],[-75.6008333,5.8096357],[-75.6008384,5.8096409],[-75.6008517,5.8096538],[-75.600867,5.8096684],[-75.6008751,5.8096758],[-75.6008934,5.8096923],[-75.6009028,5.8097003],[-75.6009223,5.809716],[-75.6009399,5.8097294],[-75.6009479,5.809734],[-75.6009538,5.8097376],[-75.6009902,5.8097534],[-75.6010014,5.8097567],[-75.6010131,5.8097604],[-75.6010248,5.8097643],[-75.6010463,5.8097697],[-75.6010561,5.8097713],[-75.6010661,5.8097734],[-75.6010822,5.8097742],[-75.6010975,5.8097761],[-75.6011332,5.8097783],[-75.6011523,5.8097808],[-75.6012114,5.8097923],[-75.601268,5.8098109],[-75.6013039,5.8098277],[-75.6013342,5.8098419],[-75.6013479,5.8098476],[-75.6013607,5.8098526],[-75.6013833,5.809859],[-75.6013943,5.8098617],[-75.601414,5.8098651],[-75.6014235,5.8098658],[-75.6014326,5.8098662],[-75.6014414,5.8098657],[-75.6014587,5.8098639],[-75.6014752,5.8098615],[-75.6014827,5.8098593],[-75.6014894,5.8098569],[-75.6015039,5.8098513],[-75.601515,5.8098463],[-75.6015258,5.809841],[-75.6015316,5.8098379],[-75.6015373,5.8098349],[-75.6015471,5.8098287],[-75.6015559,5.8098233],[-75.6015645,5.8098183],[-75.6015745,5.8098119],[-75.6015807,5.8098086],[-75.6015937,5.8098017],[-75.6016007,5.8097981],[-75.6016126,5.8097918],[-75.6016183,5.8097889],[-75.6016323,5.8097815],[-75.6016417,5.8097768],[-75.6016498,5.8097728],[-75.6016567,5.8097693],[-75.6016627,5.8097665],[-75.6016687,5.8097636],[-75.6016759,5.8097608],[-75.6016841,5.8097576],[-75.6016929,5.8097548],[-75.6017012,5.8097522],[-75.6017086,5.8097497],[-75.6017151,5.8097475],[-75.6017233,5.80974],[-75.6017294,5.8097337],[-75.6017342,5.809729],[-75.6017446,5.809718],[-75.6017577,5.8097008],[-75.6017637,5.8096888],[-75.6017665,5.809683],[-75.6017715,5.8096711],[-75.6017764,5.8096588],[-75.6017787,5.8096528],[-75.601781,5.8096466],[-75.6017851,5.8096342],[-75.601789,5.8096217],[-75.6017925,5.8096092],[-75.6017953,5.8095993],[-75.6017979,5.809589],[-75.6018005,5.8095791],[-75.6018034,5.8095683],[-75.601807,5.8095565],[-75.6018105,5.8095436],[-75.6018121,5.809537],[-75.601815,5.809524],[-75.6018176,5.8095115],[-75.6018188,5.8095052],[-75.6018213,5.8094929],[-75.6018227,5.8094864],[-75.6018254,5.8094732],[-75.6018271,5.8094637],[-75.6018285,5.8094558],[-75.6018296,5.8094488],[-75.6018311,5.8094394],[-75.6018332,5.8094275],[-75.6018341,5.8094207],[-75.6018359,5.809408],[-75.6018374,5.8093965],[-75.6018386,5.8093869],[-75.6018396,5.809379],[-75.6018409,5.809372],[-75.601842,5.8093648],[-75.6018432,5.8093583],[-75.6018445,5.8093519],[-75.6018461,5.8093451],[-75.6018717,5.8092284],[-75.6018831,5.8092167],[-75.6019308,5.809201],[-75.6020231,5.8092192],[-75.6020907,5.8092758],[-75.6022023,5.8093612],[-75.6022227,5.8093929],[-75.6022469,5.8094535],[-75.6022576,5.809506],[-75.6022885,5.809573],[-75.6023272,5.8096226],[-75.6024085,5.8096661],[-75.602478,5.8096564],[-75.6025788,5.8096248],[-75.6026457,5.8096019],[-75.6027643,5.8095682],[-75.6028578,5.809535],[-75.6029287,5.8095148],[-75.6029974,5.8094846],[-75.603075,5.8094545],[-75.6031322,5.8094279],[-75.6031832,5.8093962],[-75.6032702,5.809375],[-75.6033589,5.8093199],[-75.6034242,5.8092803],[-75.6035105,5.8092169],[-75.6035959,5.8091357],[-75.6037118,5.809025],[-75.6037839,5.8089605],[-75.6038573,5.808924],[-75.6039593,5.8088951],[-75.6040386,5.8088731],[-75.6041384,5.8088506],[-75.6042398,5.8088181],[-75.6044522,5.8087566],[-75.6046477,5.8086845],[-75.6049029,5.8086191],[-75.6050853,5.8086199],[-75.6052478,5.8086535],[-75.6054062,5.8087385],[-75.6056656,5.8089097],[-75.6058764,5.8090951],[-75.6060329,5.8092738],[-75.6062384,5.8095588],[-75.606382,5.8097975],[-75.6064366,5.8098909],[-75.6065064,5.8099829],[-75.6065399,5.8100126],[-75.6066117,5.8100534],[-75.6066806,5.8100722],[-75.6067234,5.8100886],[-75.6067728,5.8100928],[-75.6068472,5.8100986],[-75.6069057,5.8100876],[-75.6069912,5.8100673],[-75.6071634,5.8099872],[-75.6072185,5.8099803],[-75.6072933,5.8099899],[-75.607366,5.8099978],[-75.6074241,5.8100041],[-75.6074929,5.8099999],[-75.6076317,5.8099854],[-75.6077226,5.8099608],[-75.6077949,5.8099331],[-75.6078764,5.80989],[-75.6080526,5.8098221],[-75.6081833,5.809792],[-75.6083855,5.8097246],[-75.6086136,5.8097213],[-75.6086618,5.8097279],[-75.6087497,5.8097399],[-75.6088424,5.8097768],[-75.6089281,5.8098327],[-75.6089579,5.8098753],[-75.6089697,5.8099205],[-75.608981,5.8100236],[-75.6089907,5.8101081],[-75.6090118,5.810149],[-75.6090452,5.8101858],[-75.6090715,5.8102096],[-75.6091234,5.8102477],[-75.6091782,5.8102864],[-75.6092224,5.8102718],[-75.6092831,5.8102586],[-75.6093172,5.8102604],[-75.6093643,5.8102784],[-75.6093847,5.8102902],[-75.6094809,5.8103049],[-75.6095177,5.8102934],[-75.60956,5.8102803],[-75.6096239,5.8102804],[-75.6096635,5.8102797],[-75.6097394,5.8102846],[-75.6097941,5.8102894],[-75.6099836,5.8102772],[-75.6100775,5.8102562],[-75.6101808,5.8102323],[-75.6103434,5.8102313],[-75.6105556,5.8102346],[-75.6108394,5.8102373],[-75.6110536,5.8102404],[-75.6111543,5.8102304],[-75.6113008,5.8102124],[-75.6113964,5.8101892],[-75.6115062,5.8101406],[-75.6115544,5.8101168],[-75.6116027,5.810063],[-75.6116454,5.8099902],[-75.6116626,5.8099033],[-75.6116706,5.8098424],[-75.6116824,5.8097384],[-75.6117052,5.809617],[-75.6116973,5.809541],[-75.6116592,5.8094522],[-75.6115796,5.8091923],[-75.6115641,5.8091414],[-75.6115455,5.8090227],[-75.6115474,5.8089478],[-75.6115639,5.8088851],[-75.6116037,5.808833],[-75.6116811,5.8087057],[-75.6117123,5.8086767],[-75.6117299,5.808679],[-75.6117589,5.8086997],[-75.6118089,5.8087486],[-75.611851,5.8087963],[-75.61195,5.8088585],[-75.6119875,5.8088821],[-75.612137,5.8089182],[-75.6122738,5.8089331],[-75.6123859,5.8089201],[-75.6125826,5.8088694],[-75.612711,5.8088132],[-75.6127822,5.8087768],[-75.6128382,5.8087222],[-75.6128885,5.8086896],[-75.6129497,5.8086501],[-75.6129979,5.8086014],[-75.6130162,5.808583],[-75.6130469,5.8085268],[-75.6130737,5.808471],[-75.6131611,5.8083681],[-75.6131984,5.808321],[-75.6132549,5.8082082],[-75.6132575,5.8081944],[-75.6133148,5.8079738],[-75.6133451,5.807775],[-75.6133612,5.8076871],[-75.6133905,5.8076263],[-75.6135862,5.8076068],[-75.6136724,5.8075864],[-75.6137628,5.8075909],[-75.6138515,5.8075975],[-75.6140559,5.8075889],[-75.6141519,5.8075803],[-75.6142563,5.807568],[-75.6143319,5.8075583],[-75.6143807,5.8075529],[-75.6145581,5.8075526],[-75.6146228,5.8075653],[-75.6147109,5.8075583],[-75.6147459,5.8075571],[-75.6148882,5.8075862],[-75.6149573,5.8076064],[-75.615027,5.8076323],[-75.6150899,5.8076686],[-75.6151552,5.8076998],[-75.6151874,5.8077214],[-75.6153066,5.807776],[-75.6153716,5.8078034],[-75.6154042,5.8078119],[-75.6154495,5.8078237],[-75.6155323,5.8078319],[-75.6155835,5.807837],[-75.6156537,5.8078365],[-75.6156859,5.8078258],[-75.6157433,5.8078128],[-75.6158324,5.8077746],[-75.6159054,5.8077387],[-75.6159729,5.8077071],[-75.6160608,5.8076855],[-75.6161176,5.8076647],[-75.6161844,5.8076254],[-75.6162591,5.8075873],[-75.6163097,5.8075202],[-75.616356,5.8074602],[-75.6163764,5.8074271],[-75.6163916,5.8074003],[-75.6164245,5.8073327],[-75.6164255,5.8072045],[-75.6164089,5.8071189],[-75.6163818,5.8070265],[-75.616334,5.8069526],[-75.6162716,5.8069113],[-75.6162021,5.8068784],[-75.6161469,5.8068629],[-75.6160496,5.8068678],[-75.6159708,5.806872],[-75.6159223,5.8068871],[-75.6158712,5.8068947],[-75.6158442,5.8068883],[-75.6158169,5.8068566],[-75.6157722,5.8067853],[-75.6157546,5.8067204],[-75.6157381,5.8066152],[-75.6156908,5.8064395],[-75.6156457,5.806246],[-75.6155904,5.8060368],[-75.6155723,5.8059465],[-75.61556,5.8058645],[-75.6155736,5.8057576],[-75.6156117,5.8056602],[-75.6157427,5.8054361],[-75.6157992,5.8053273],[-75.6159031,5.8051487],[-75.6159618,5.8050632],[-75.6160764,5.8048953],[-75.6161203,5.8047975],[-75.6161235,5.8047928],[-75.6161937,5.804692],[-75.6162247,5.8046354],[-75.616267,5.8045739],[-75.616292,5.8045481],[-75.6163175,5.804539],[-75.61636,5.8045224],[-75.6163902,5.8044991],[-75.616436,5.8044872],[-75.6165287,5.8045394],[-75.6166266,5.8046157],[-75.6166866,5.8046728],[-75.6167508,5.8047335],[-75.6167565,5.8047371],[-75.6169725,5.80487],[-75.6172113,5.8050225],[-75.6173874,5.8050887],[-75.6174564,5.805105],[-75.6174789,5.8051059],[-75.6175299,5.8050964],[-75.6175489,5.80508],[-75.6175746,5.8049759],[-75.6176052,5.8048724],[-75.6176332,5.8047936],[-75.6176749,5.8046939],[-75.6177097,5.8045832],[-75.6177116,5.8045292],[-75.6177122,5.804492],[-75.6177044,5.8044281],[-75.6176802,5.8043883],[-75.6176724,5.8043706],[-75.6176198,5.8042519],[-75.6175063,5.8040479],[-75.6173637,5.8037498],[-75.6172823,5.803587],[-75.6172576,5.8034982],[-75.6172595,5.803455],[-75.6172815,5.8034071],[-75.6173496,5.8032219],[-75.6173868,5.8031364],[-75.6173975,5.8030933],[-75.6173985,5.8030512],[-75.6173791,5.8029884],[-75.6173521,5.802939],[-75.6172835,5.8028728],[-75.6172285,5.8028162],[-75.6171432,5.8027182],[-75.6171051,5.8026757],[-75.6170899,5.8026164],[-75.6171036,5.802488],[-75.6171522,5.802421],[-75.6171936,5.8023713],[-75.6173164,5.8022953],[-75.6174009,5.802243],[-75.6174765,5.8021931],[-75.6176772,5.8021329],[-75.6177484,5.8021098],[-75.6178392,5.8020654],[-75.6179108,5.8020462],[-75.6179441,5.8020364],[-75.6180206,5.8020177],[-75.6181981,5.8019596],[-75.6184228,5.8018512],[-75.6186349,5.8017234],[-75.6187456,5.8016616],[-75.6188471,5.8015956],[-75.618888,5.8015616],[-75.6189111,5.8015361],[-75.618775,5.801375],[-75.6187135,5.8012853]]]},"properties":{"OBJECTID":17,"DIdentif":"053904001943","DTipo":1,"RuleID":1}},{"type":"Feature","id":18,"geometry":{"type":"Polygon","coordinates":[[[-75.61843,5.8007057],[-75.6184245,5.8007074],[-75.618422,5.8007119],[-75.6184193,5.8007181],[-75.6184172,5.8007249],[-75.6184132,5.8007391],[-75.6184112,5.8007481],[-75.6184083,5.8007601],[-75.6184063,5.8007719],[-75.6184046,5.8007852],[-75.6184032,5.8007988],[-75.6184025,5.8008165],[-75.6184023,5.8008335],[-75.6184032,5.800849],[-75.6184054,5.8008655],[-75.6184092,5.8008799],[-75.6184139,5.8008961],[-75.6184162,5.8009071],[-75.6184189,5.8009204],[-75.6184223,5.800933],[-75.6184255,5.8009488],[-75.6184271,5.8009634],[-75.6184279,5.800982],[-75.6184257,5.8010164],[-75.6184238,5.8010342],[-75.618419,5.8010651],[-75.6184164,5.8010789],[-75.6184129,5.8010949],[-75.6184108,5.8011118],[-75.6184089,5.8011341],[-75.6184067,5.8011525],[-75.6184055,5.8011761],[-75.6184053,5.8011969],[-75.618406,5.80122],[-75.6184077,5.8012446],[-75.618409,5.8012667],[-75.6184104,5.8012928],[-75.6184117,5.8013455],[-75.6184115,5.8013711],[-75.6184109,5.8014006],[-75.6184097,5.8014229],[-75.6184069,5.801446],[-75.618404,5.8014634],[-75.6183997,5.8014833],[-75.6183955,5.8015005],[-75.6183907,5.8015208],[-75.6183865,5.8015387],[-75.6183799,5.8015666],[-75.6183746,5.8015838],[-75.6183677,5.8015967],[-75.618358,5.8016098],[-75.618342,5.8016293],[-75.6183308,5.8016413],[-75.6183165,5.8016568],[-75.6183034,5.8016704],[-75.6182874,5.8016858],[-75.6182738,5.8016977],[-75.6182584,5.8017105],[-75.6182446,5.8017203],[-75.6182266,5.8017299],[-75.6182114,5.8017388],[-75.6181925,5.8017512],[-75.6181716,5.8017624],[-75.6181526,5.8017718],[-75.6181293,5.8017818],[-75.6181084,5.8017904],[-75.6180838,5.8018021],[-75.618041,5.8018214],[-75.6180328,5.8018251],[-75.6180203,5.8018303],[-75.6179975,5.8018382],[-75.6179771,5.8018461],[-75.6179522,5.8018537],[-75.6179313,5.8018603],[-75.6179056,5.8018678],[-75.6178848,5.8018755],[-75.6178601,5.8018847],[-75.6178394,5.8018926],[-75.6178153,5.8019019],[-75.617795,5.8019099],[-75.6177741,5.801918],[-75.6177573,5.8019246],[-75.6177396,5.8019319],[-75.6177228,5.8019391],[-75.6177089,5.8019451],[-75.6176952,5.8019511],[-75.6176803,5.8019576],[-75.6176677,5.8019629],[-75.6176567,5.8019679],[-75.6176425,5.8019745],[-75.617629,5.8019808],[-75.6176191,5.8019855],[-75.6176131,5.8019884],[-75.6175998,5.8019948],[-75.6175838,5.8020026],[-75.617571,5.8020088],[-75.617529,5.8020316],[-75.6175064,5.8020447],[-75.6174929,5.8020519],[-75.6174812,5.802058],[-75.6174684,5.8020648],[-75.6174581,5.8020705],[-75.617447,5.802077],[-75.6174377,5.8020837],[-75.6174259,5.8020919],[-75.6174146,5.8020994],[-75.6173993,5.802109],[-75.6173851,5.8021177],[-75.6173677,5.8021278],[-75.6173527,5.8021364],[-75.6173359,5.8021454],[-75.6173227,5.802153],[-75.6172915,5.8021752],[-75.6172813,5.8021837],[-75.6172687,5.8021943],[-75.6172581,5.8022035],[-75.6172405,5.8022188],[-75.6172353,5.802223],[-75.617224,5.8022324],[-75.6171978,5.8022585],[-75.6171796,5.8022713],[-75.6171287,5.8023262],[-75.6170663,5.8024333],[-75.6170196,5.8025236],[-75.6170372,5.8025896],[-75.6170659,5.8026934],[-75.6171431,5.8028005],[-75.6173102,5.8029759],[-75.6173358,5.8030132],[-75.6173365,5.8030953],[-75.6173018,5.8031903],[-75.6172258,5.8033905],[-75.6172107,5.8034233],[-75.6172016,5.803443],[-75.617208,5.8035333],[-75.6172875,5.8037929],[-75.617426,5.8041091],[-75.6175232,5.8043092],[-75.6175527,5.8043549],[-75.6175527,5.804355],[-75.6175349,5.8043864],[-75.6175293,5.8043935],[-75.6175236,5.8044001],[-75.6175179,5.8044058],[-75.6175115,5.8044114],[-75.6175053,5.8044163],[-75.6174963,5.8044238],[-75.6174875,5.8044307],[-75.6174697,5.8044465],[-75.6174581,5.8044606],[-75.6174482,5.8044748],[-75.6174378,5.8044944],[-75.6174289,5.8045136],[-75.6174169,5.8045346],[-75.6174063,5.8045527],[-75.6173953,5.804576],[-75.6173737,5.8046339],[-75.6173635,5.8046569],[-75.6173507,5.8046715],[-75.617335,5.8046846],[-75.6173197,5.8046943],[-75.6172992,5.8047019],[-75.6172778,5.8047034],[-75.6172519,5.8046991],[-75.6171893,5.8046671],[-75.6171608,5.8046482],[-75.6171365,5.804632],[-75.6171101,5.8046148],[-75.6170875,5.8046039],[-75.6170618,5.8045961],[-75.6170389,5.8045912],[-75.6170128,5.804588],[-75.6169918,5.8045862],[-75.6169592,5.804579],[-75.6169365,5.8045727],[-75.6168977,5.804561],[-75.6168844,5.804556],[-75.6168781,5.8045532],[-75.6168725,5.8045475],[-75.6168674,5.8045414],[-75.6168623,5.8045365],[-75.6168564,5.8045308],[-75.6168485,5.8045234],[-75.6168371,5.8045139],[-75.6168159,5.8044976],[-75.616793,5.8044804],[-75.6167651,5.8044596],[-75.6167408,5.8044424],[-75.6167114,5.804424],[-75.6166872,5.8044111],[-75.6166604,5.8044011],[-75.6166063,5.8043881],[-75.6165618,5.80439],[-75.616541,5.8043925],[-75.6165229,5.8043964],[-75.6165012,5.8044021],[-75.6164821,5.804406],[-75.6164569,5.804408],[-75.6164138,5.8044019],[-75.6164072,5.8044005],[-75.6164006,5.8043979],[-75.6163944,5.8043957],[-75.6163863,5.8043947],[-75.6163793,5.804393],[-75.6163727,5.8043926],[-75.6163659,5.8043915],[-75.6163585,5.8043907],[-75.6163479,5.8043904],[-75.6163404,5.8043911],[-75.6163339,5.8043921],[-75.616326,5.8043936],[-75.6163183,5.8043946],[-75.6163103,5.8043963],[-75.6163043,5.8043987],[-75.6162959,5.8044009],[-75.6162859,5.8044032],[-75.6162768,5.8044064],[-75.6162654,5.8044108],[-75.6162541,5.8044147],[-75.616241,5.8044196],[-75.6162285,5.8044246],[-75.6162127,5.8044312],[-75.6161994,5.8044374],[-75.6161831,5.8044452],[-75.6161686,5.8044523],[-75.6161524,5.8044604],[-75.6161379,5.804468],[-75.6161221,5.8044767],[-75.6161091,5.8044853],[-75.6160944,5.8044963],[-75.6160795,5.8045091],[-75.6160672,5.8045202],[-75.6160529,5.8045341],[-75.6160288,5.804562],[-75.616018,5.8045753],[-75.6160062,5.8045924],[-75.6159976,5.8046091],[-75.6159883,5.8046314],[-75.6159739,5.8046773],[-75.6159673,5.8046998],[-75.6159581,5.8047265],[-75.6159429,5.8047636],[-75.615925,5.8047972],[-75.615914,5.8048154],[-75.6159017,5.8048334],[-75.6158923,5.8048466],[-75.6158814,5.8048615],[-75.6158667,5.8048804],[-75.6158571,5.8048924],[-75.6158453,5.8049074],[-75.6158351,5.8049208],[-75.6158238,5.8049365],[-75.6158146,5.8049495],[-75.6158086,5.8049581],[-75.6158006,5.8049702],[-75.6157916,5.8049847],[-75.6157849,5.8049962],[-75.615777,5.8050102],[-75.6157709,5.8050229],[-75.6157635,5.8050389],[-75.6157571,5.8050519],[-75.6157492,5.8050668],[-75.6157382,5.8050919],[-75.615734,5.8051026],[-75.6157292,5.8051147],[-75.6157252,5.8051236],[-75.6157212,5.8051335],[-75.615717,5.8051428],[-75.6157112,5.805156],[-75.61571,5.8051588],[-75.6157067,5.8051667],[-75.6157038,5.8051741],[-75.6157008,5.805181],[-75.6156985,5.8051872],[-75.6156957,5.8051957],[-75.6156885,5.8052171],[-75.6156856,5.8052253],[-75.6156769,5.8052461],[-75.6156685,5.8052648],[-75.6156588,5.8052872],[-75.6156392,5.8053392],[-75.6156322,5.805358],[-75.6156249,5.8053779],[-75.6156191,5.8053951],[-75.6156126,5.805414],[-75.6156008,5.8054487],[-75.615596,5.8054654],[-75.6155906,5.8054857],[-75.615585,5.805506],[-75.6155801,5.8055233],[-75.6155676,5.8055713],[-75.6155658,5.8055789],[-75.6155252,5.8056479],[-75.6155053,5.8057358],[-75.6154778,5.8059519],[-75.6155915,5.8063535],[-75.615686,5.8067143],[-75.6157543,5.8068724],[-75.6157904,5.8069098],[-75.615828,5.8069412],[-75.615878,5.8069618],[-75.6159497,5.8069563],[-75.6160353,5.8069341],[-75.616154,5.8069272],[-75.6162353,5.8069527],[-75.6163109,5.8070213],[-75.6163455,5.8070839],[-75.6163627,5.8071568],[-75.6163784,5.8072337],[-75.6163501,5.8073146],[-75.616324,5.8073865],[-75.616262,5.8074782],[-75.616211,5.8075311],[-75.616148,5.80759],[-75.6160744,5.807617],[-75.6160157,5.8076387],[-75.6158975,5.8076939],[-75.6157916,5.8077363],[-75.615697,5.8077439],[-75.6155974,5.8077384],[-75.6155114,5.8077355],[-75.61541,5.8077108],[-75.6152869,5.8076664],[-75.6152278,5.8076451],[-75.6151357,5.8075964],[-75.6149725,5.8075377],[-75.6148205,5.8074973],[-75.6145729,5.8074636],[-75.6144517,5.8074542],[-75.614445,5.8074563],[-75.6144414,5.80745],[-75.6144354,5.8074478],[-75.6144284,5.807445],[-75.61442,5.8074417],[-75.6144135,5.8074392],[-75.614406,5.8074366],[-75.6143998,5.8074337],[-75.6143936,5.8074315],[-75.6143871,5.8074305],[-75.6143761,5.8074301],[-75.6143649,5.8074296],[-75.6143539,5.8074299],[-75.6143404,5.8074311],[-75.614316,5.8074328],[-75.6143038,5.807433],[-75.614289,5.8074328],[-75.6142578,5.8074303],[-75.6142428,5.8074282],[-75.6142263,5.8074256],[-75.6142113,5.8074232],[-75.6141915,5.80742],[-75.6141702,5.8074157],[-75.6141516,5.8074128],[-75.6141289,5.807409],[-75.6141077,5.8074047],[-75.6140843,5.8074005],[-75.6140642,5.8073986],[-75.6140402,5.8073976],[-75.6140198,5.8073983],[-75.613995,5.807399],[-75.6139716,5.8074003],[-75.6139527,5.8074021],[-75.6139356,5.8074049],[-75.6139159,5.8074087],[-75.6138969,5.8074129],[-75.61388,5.8074173],[-75.6138595,5.8074232],[-75.6138422,5.8074279],[-75.6138233,5.8074342],[-75.6137871,5.8074486],[-75.6137583,5.8074602],[-75.6137291,5.8074723],[-75.6137057,5.8074816],[-75.6136823,5.8074915],[-75.6136628,5.8075003],[-75.6136548,5.8075038],[-75.6136169,5.8075211],[-75.6136169,5.8075211],[-75.6135794,5.8075175],[-75.6134777,5.8075209],[-75.6134207,5.8075406],[-75.6133617,5.8075691],[-75.6133166,5.8076128],[-75.6133092,5.8076261],[-75.6133003,5.8076559],[-75.61329,5.8077112],[-75.6132841,5.8077129],[-75.61328,5.8077185],[-75.6132759,5.807725],[-75.6132727,5.8077309],[-75.6132697,5.8077373],[-75.6132668,5.8077465],[-75.613265,5.8077541],[-75.6132606,5.8077792],[-75.6132584,5.8077925],[-75.6132562,5.8078087],[-75.6132534,5.8078233],[-75.6132497,5.8078408],[-75.6132467,5.8078569],[-75.6132427,5.8078773],[-75.6132393,5.8078959],[-75.6132376,5.8079056],[-75.6132333,5.8079282],[-75.6132293,5.8079477],[-75.6132243,5.8079732],[-75.613221,5.8079883],[-75.6132166,5.8080091],[-75.6132129,5.8080272],[-75.6132098,5.8080408],[-75.6132067,5.8080539],[-75.6132049,5.8080613],[-75.6132042,5.8080639],[-75.6132005,5.8080759],[-75.6131917,5.8081028],[-75.6131866,5.8081168],[-75.6131806,5.8081335],[-75.6131745,5.8081487],[-75.6131667,5.8081658],[-75.6131604,5.8081801],[-75.6131531,5.8081958],[-75.6131461,5.8082075],[-75.6131326,5.8082265],[-75.6131261,5.8082345],[-75.6131201,5.8082418],[-75.6131121,5.8082508],[-75.613105,5.8082588],[-75.6130964,5.8082688],[-75.6130889,5.8082776],[-75.6130765,5.8082921],[-75.6130676,5.8083026],[-75.61306,5.8083121],[-75.6130474,5.8083275],[-75.6130343,5.808342],[-75.613017,5.8083612],[-75.6130009,5.8083793],[-75.6129807,5.8084016],[-75.6129417,5.8084409],[-75.6129334,5.8084482],[-75.6129282,5.8084538],[-75.6129212,5.8084606],[-75.612913,5.8084671],[-75.6129021,5.808475],[-75.6128859,5.8084869],[-75.6128769,5.8084938],[-75.6128667,5.8085013],[-75.6128578,5.8085073],[-75.6128472,5.8085134],[-75.6128375,5.8085189],[-75.6128249,5.8085255],[-75.6128142,5.8085309],[-75.6128068,5.8085345],[-75.6127953,5.8085401],[-75.6127827,5.808546],[-75.612771,5.8085507],[-75.6127572,5.8085563],[-75.6127445,5.8085609],[-75.6127266,5.8085669],[-75.6127005,5.8085754],[-75.6126877,5.8085792],[-75.6126726,5.8085837],[-75.6126577,5.8085875],[-75.6126402,5.8085916],[-75.6126255,5.8085951],[-75.6126087,5.8085988],[-75.612586,5.8086044],[-75.6125724,5.8086079],[-75.6125562,5.8086112],[-75.6125423,5.8086136],[-75.6125271,5.8086165],[-75.612514,5.8086188],[-75.6124777,5.8086249],[-75.6124643,5.8086276],[-75.6124474,5.8086304],[-75.6124301,5.808633],[-75.6124147,5.8086355],[-75.6123963,5.8086384],[-75.6123694,5.8086411],[-75.6123479,5.8086431],[-75.6123292,5.8086449],[-75.6123069,5.8086461],[-75.612263,5.8086491],[-75.6122378,5.80865],[-75.6122066,5.8086501],[-75.6121927,5.8086502],[-75.6121717,5.8086486],[-75.6121451,5.8086449],[-75.6121205,5.8086416],[-75.6120874,5.8086356],[-75.6120564,5.8086298],[-75.6120228,5.8086241],[-75.6119965,5.8086182],[-75.6119793,5.808616],[-75.6119659,5.8086127],[-75.6119455,5.8086081],[-75.6119278,5.808604],[-75.6119085,5.8085998],[-75.611893,5.808597],[-75.6118769,5.8085933],[-75.6118607,5.8085894],[-75.6118499,5.8085868],[-75.6118331,5.8085819],[-75.6118164,5.8085763],[-75.6117944,5.8085664],[-75.611776,5.8085561],[-75.6117573,5.8085446],[-75.6117442,5.8085361],[-75.6117304,5.8085302],[-75.6117186,5.808527],[-75.6117058,5.8085235],[-75.6116951,5.8085208],[-75.6116884,5.8085197],[-75.6116562,5.8085227],[-75.6116494,5.8085244],[-75.6116414,5.8085277],[-75.6116354,5.8085303],[-75.6116264,5.8085346],[-75.6116192,5.8085382],[-75.6116115,5.8085428],[-75.611602,5.8085493],[-75.6115934,5.8085559],[-75.6115843,5.8085637],[-75.6115737,5.8085734],[-75.6115632,5.8085834],[-75.6115539,5.808593],[-75.6115273,5.8086236],[-75.6115148,5.8086386],[-75.6115002,5.8086567],[-75.6114913,5.8086682],[-75.6114812,5.8086819],[-75.6114703,5.8086984],[-75.6114658,5.8087054],[-75.6114553,5.8087218],[-75.6114466,5.8087354],[-75.6114421,5.8087426],[-75.6114369,5.8087509],[-75.611428,5.8087665],[-75.6114231,5.8087753],[-75.6114139,5.8087915],[-75.6114061,5.8088068],[-75.611401,5.8088178],[-75.6113967,5.8088287],[-75.6113927,5.8088394],[-75.6113882,5.8088512],[-75.6113842,5.8088622],[-75.6113805,5.8088724],[-75.611376,5.8088858],[-75.6113717,5.8088995],[-75.6113681,5.8089118],[-75.6113645,5.8089233],[-75.6113607,5.8089367],[-75.6113579,5.8089477],[-75.6113552,5.8089613],[-75.6113531,5.8089739],[-75.6113518,5.808982],[-75.6113498,5.8089955],[-75.6113475,5.809014],[-75.6113465,5.8090299],[-75.6113471,5.8090431],[-75.6113487,5.8090546],[-75.6113528,5.8090729],[-75.6113591,5.8090934],[-75.6113638,5.8091099],[-75.6113685,5.8091256],[-75.6113735,5.8091411],[-75.6113759,5.8091474],[-75.6113814,5.8091693],[-75.6113814,5.8091693],[-75.6113814,5.8091694],[-75.6113814,5.8091866],[-75.6114027,5.8092698],[-75.6113961,5.8092728],[-75.6113914,5.8092783],[-75.6113868,5.8092835],[-75.611382,5.8092895],[-75.6113795,5.8092962],[-75.6113782,5.8093032],[-75.6113773,5.8093102],[-75.6113773,5.8093269],[-75.6113798,5.8093407],[-75.6113827,5.8093539],[-75.6113869,5.8093707],[-75.611391,5.8093863],[-75.6113974,5.8094066],[-75.6114027,5.8094229],[-75.6114069,5.8094393],[-75.6114092,5.8094513],[-75.61141,5.8094582],[-75.6114116,5.8094673],[-75.6114132,5.8094793],[-75.6114136,5.8094866],[-75.6114136,5.8094956],[-75.6114128,5.8095036],[-75.6114113,5.8095121],[-75.6114098,5.8095193],[-75.6114069,5.8095377],[-75.6114057,5.8095497],[-75.611404,5.8095604],[-75.6114036,5.8095749],[-75.6114045,5.8095894],[-75.6114094,5.80961],[-75.611414,5.809627],[-75.6114201,5.8096459],[-75.611425,5.8096627],[-75.61143,5.8096826],[-75.6114355,5.8097006],[-75.6114486,5.8097545],[-75.6114511,5.8097708],[-75.6114536,5.8097905],[-75.6114537,5.8098063],[-75.6114532,5.8098244],[-75.611446,5.809858],[-75.6114411,5.8098747],[-75.6114338,5.8098922],[-75.611427,5.8099074],[-75.611419,5.809926],[-75.6113918,5.8099607],[-75.6113802,5.8099728],[-75.611364,5.8099893],[-75.611357,5.8099961],[-75.6113404,5.810011],[-75.6113271,5.8100212],[-75.6113128,5.8100308],[-75.6113069,5.8100341],[-75.6112926,5.8100404],[-75.6112794,5.8100461],[-75.6112629,5.8100527],[-75.6112482,5.8100576],[-75.6112306,5.8100619],[-75.6112163,5.8100643],[-75.611193,5.8100675],[-75.6111861,5.8100685],[-75.6111759,5.8100701],[-75.6111599,5.8100721],[-75.6111384,5.8100738],[-75.6111165,5.8100753],[-75.6110982,5.8100762],[-75.6110767,5.810077],[-75.6110591,5.8100779],[-75.6110378,5.810079],[-75.6110189,5.8100799],[-75.6109959,5.8100815],[-75.6109865,5.8100824],[-75.6109684,5.8100845],[-75.61096,5.8100854],[-75.610951,5.810086],[-75.6109302,5.8100899],[-75.6108662,5.8100733],[-75.6107374,5.8100434],[-75.6104795,5.8100135],[-75.6103078,5.8100097],[-75.6100963,5.810024],[-75.6099121,5.8100841],[-75.6096991,5.8101343],[-75.609481,5.8101608],[-75.609343,5.8101887],[-75.6092609,5.8101961],[-75.6091682,5.8101716],[-75.6091539,5.8101632],[-75.6091157,5.8101135],[-75.6090965,5.8100621],[-75.6090781,5.8099545],[-75.6090663,5.8099198],[-75.609045,5.8098666],[-75.6090391,5.8098516],[-75.6090443,5.8098469],[-75.6090489,5.8098415],[-75.6090596,5.8098282],[-75.6090636,5.8098228],[-75.6090674,5.8098171],[-75.6090714,5.8098103],[-75.609075,5.8098041],[-75.6090797,5.8097942],[-75.6090818,5.8097875],[-75.6090841,5.8097795],[-75.6090854,5.8097717],[-75.6090861,5.8097607],[-75.6090872,5.8097527],[-75.6090874,5.8097452],[-75.6090865,5.809737],[-75.6090847,5.8097273],[-75.6090818,5.8097146],[-75.6090784,5.8097026],[-75.6090757,5.8096943],[-75.6090673,5.8096736],[-75.6090608,5.8096589],[-75.6090542,5.8096463],[-75.6090443,5.8096324],[-75.6090352,5.8096219],[-75.6090227,5.8096089],[-75.6090114,5.8095977],[-75.6089959,5.8095834],[-75.6089804,5.8095701],[-75.6089612,5.8095547],[-75.6089449,5.8095419],[-75.6089253,5.8095278],[-75.6089087,5.8095168],[-75.6088884,5.809505],[-75.6088476,5.8094868],[-75.6088292,5.8094805],[-75.6088093,5.8094749],[-75.6087919,5.8094706],[-75.6087723,5.8094667],[-75.6087539,5.8094634],[-75.6087398,5.8094609],[-75.6087251,5.8094596],[-75.6087078,5.8094602],[-75.6086919,5.809462],[-75.6086757,5.8094634],[-75.6086564,5.8094646],[-75.6086377,5.809466],[-75.6086209,5.8094668],[-75.6086147,5.8094672],[-75.6085991,5.8094682],[-75.6085795,5.8094694],[-75.6085321,5.8094758],[-75.608504,5.8094801],[-75.6084782,5.8094846],[-75.6084607,5.8094872],[-75.6084335,5.8094907],[-75.6084034,5.809496],[-75.6083789,5.8095009],[-75.6083437,5.8095077],[-75.6083338,5.8095115],[-75.608324,5.8095153],[-75.6083082,5.8095211],[-75.608288,5.8095276],[-75.6082688,5.8095349],[-75.6082464,5.8095436],[-75.608228,5.8095506],[-75.608208,5.8095573],[-75.608192,5.809562],[-75.6081727,5.8095673],[-75.6081435,5.8095802],[-75.6081296,5.8095902],[-75.608118,5.809598],[-75.6081073,5.8096065],[-75.6080944,5.8096157],[-75.608081,5.8096231],[-75.6080686,5.8096291],[-75.6080534,5.8096356],[-75.6080406,5.8096411],[-75.6080264,5.8096478],[-75.6080125,5.8096537],[-75.6080011,5.8096589],[-75.607989,5.809664],[-75.6079621,5.8096755],[-75.6079474,5.8096817],[-75.6079353,5.8096867],[-75.6079149,5.8096951],[-75.6079003,5.809701],[-75.6078936,5.8097037],[-75.6078777,5.8097099],[-75.6078633,5.8097154],[-75.6078463,5.8097213],[-75.6078312,5.8097266],[-75.6078132,5.8097326],[-75.607798,5.8097381],[-75.6077809,5.8097448],[-75.6077671,5.8097509],[-75.6077531,5.8097573],[-75.6077092,5.8097798],[-75.6077006,5.8097824],[-75.6076568,5.8097938],[-75.6075668,5.8098],[-75.6074882,5.8098033],[-75.6074147,5.8098002],[-75.6073646,5.809799],[-75.607247,5.8098086],[-75.6071206,5.8098268],[-75.6070703,5.8098369],[-75.6070702,5.8098369],[-75.6069822,5.8098326],[-75.6069151,5.8098271],[-75.6067778,5.8097859],[-75.6066774,5.8097367],[-75.6066086,5.8096984],[-75.6064772,5.8096581],[-75.6064619,5.8096349],[-75.6064461,5.8095987],[-75.6063877,5.8095285],[-75.6063695,5.8095079],[-75.6063566,5.809483],[-75.6062845,5.8093996],[-75.6061992,5.8092768],[-75.6061244,5.8091646],[-75.6059868,5.8090069],[-75.6059203,5.8089317],[-75.6058697,5.8088734],[-75.6057797,5.8087414],[-75.605731,5.8086936],[-75.6056899,5.8086538],[-75.6056502,5.8086206],[-75.6055698,5.8085728],[-75.6053234,5.8084993],[-75.605245,5.8085008],[-75.6051869,5.808502],[-75.6051163,5.8085084],[-75.6049662,5.8085316],[-75.6048171,5.8085538],[-75.6046211,5.8086111],[-75.6044283,5.8086853],[-75.604218,5.8087462],[-75.6041187,5.808778],[-75.6040203,5.8088002],[-75.6039391,5.8088228],[-75.6038878,5.8088373],[-75.6038843,5.8088383],[-75.6038302,5.8088536],[-75.6037415,5.8088978],[-75.6036609,5.8089698],[-75.6035442,5.8090813],[-75.6034623,5.8091592],[-75.6033825,5.8092178],[-75.6033197,5.8092559],[-75.6032408,5.8093049],[-75.6031538,5.8093261],[-75.6030965,5.8093617],[-75.6030456,5.8093854],[-75.6029688,5.8094151],[-75.6029033,5.8094439],[-75.602835,5.8094634],[-75.6027415,5.8094966],[-75.6026234,5.8095301],[-75.6025554,5.8095534],[-75.6024616,5.8095828],[-75.6024223,5.8095883],[-75.6023765,5.8095639],[-75.602353,5.8095336],[-75.6023294,5.8094824],[-75.6023191,5.8094319],[-75.6022897,5.8093584],[-75.6022654,5.8093206],[-75.6021457,5.8092369],[-75.6021303,5.8092261],[-75.6020514,5.80916],[-75.6019267,5.8091354],[-75.6018485,5.8091612],[-75.6018126,5.809198],[-75.6018027,5.8092108],[-75.6017636,5.8094382],[-75.6017623,5.8094435],[-75.6017608,5.8094499],[-75.6017592,5.8094563],[-75.6017577,5.809463],[-75.6017557,5.8094707],[-75.6017537,5.8094791],[-75.6017513,5.8094886],[-75.6017493,5.8094982],[-75.601747,5.8095084],[-75.6017449,5.8095169],[-75.6017432,5.809523],[-75.6017408,5.8095323],[-75.6017382,5.8095437],[-75.6017351,5.8095569],[-75.6017335,5.8095632],[-75.6017309,5.8095742],[-75.6017286,5.8095838],[-75.6017261,5.8095942],[-75.6017229,5.8096047],[-75.601714,5.8096267],[-75.6017077,5.8096374],[-75.6016964,5.8096551],[-75.6016921,5.8096608],[-75.6016853,5.8096688],[-75.6016795,5.8096751],[-75.6016742,5.8096807],[-75.6016673,5.8096864],[-75.6016585,5.8096914],[-75.601649,5.8096966],[-75.6016373,5.8097031],[-75.601622,5.8097117],[-75.6016032,5.8097217],[-75.6015936,5.8097265],[-75.6015757,5.8097355],[-75.6015671,5.8097401],[-75.6015483,5.8097485],[-75.601541,5.8097513],[-75.6015282,5.8097556],[-75.6015103,5.8097601],[-75.6014907,5.8097645],[-75.601481,5.8097671],[-75.6014557,5.8097714],[-75.6014235,5.8097737],[-75.6014053,5.8097739],[-75.6013694,5.809771],[-75.6013436,5.809769],[-75.6013361,5.8097664],[-75.6013293,5.8097631],[-75.6013119,5.8097539],[-75.6012959,5.8097474],[-75.601287,5.8097429],[-75.6012705,5.809735],[-75.6012522,5.8097282],[-75.6012445,5.8097252],[-75.6012318,5.8097214],[-75.6012141,5.8097177],[-75.6011939,5.8097142],[-75.6011746,5.8097137],[-75.6011646,5.8097137],[-75.601144,5.8097133],[-75.6011132,5.8097123],[-75.6010931,5.8097124],[-75.6010835,5.8097127],[-75.6010659,5.8097116],[-75.6010564,5.8097095],[-75.6010363,5.8097024],[-75.6010258,5.8096985],[-75.6010153,5.8096941],[-75.6009962,5.8096844],[-75.6009849,5.809677],[-75.6009588,5.8096579],[-75.6009418,5.8096452],[-75.6009314,5.8096369],[-75.6009048,5.8096156],[-75.6008827,5.8095972],[-75.6008621,5.8095802],[-75.6008319,5.8095551],[-75.6008122,5.8095394],[-75.6007932,5.8095247],[-75.6007849,5.8095186],[-75.6007705,5.8095086],[-75.6007594,5.8095012],[-75.600754,5.8094978],[-75.6007429,5.8094919],[-75.6007291,5.8094861],[-75.6007137,5.8094796],[-75.6006952,5.8094722],[-75.6006847,5.8094688],[-75.60066,5.809461],[-75.6006181,5.8094484],[-75.6005898,5.8094405],[-75.600575,5.809436],[-75.6005428,5.8094248],[-75.6005073,5.8094095],[-75.6004889,5.8093996],[-75.6004508,5.8093776],[-75.6004151,5.8093582],[-75.6003916,5.8093439],[-75.6003772,5.8093306],[-75.6003679,5.8093234],[-75.6003556,5.8093141],[-75.6003495,5.809309],[-75.6003373,5.8092985],[-75.6003304,5.8092929],[-75.6003152,5.8092805],[-75.6002995,5.8092669],[-75.6002916,5.8092598],[-75.6002754,5.809245],[-75.600251,5.8092225],[-75.6002431,5.8092151],[-75.6002268,5.8091996],[-75.6002198,5.8091931],[-75.6001884,5.8091617],[-75.6001514,5.8091262],[-75.6001271,5.8091038],[-75.6001049,5.8090852],[-75.6000945,5.8090765],[-75.6000754,5.8090617],[-75.6000407,5.8090374],[-75.6000294,5.8090314],[-75.6000127,5.8090255],[-75.6000033,5.8090227],[-75.5999843,5.8090173],[-75.5999661,5.8090126],[-75.5999573,5.8090106],[-75.5999401,5.8090073],[-75.599923,5.8090055],[-75.5998961,5.8090049],[-75.5998765,5.8090051],[-75.599866,5.8090053],[-75.5998444,5.8090064],[-75.5998216,5.8090077],[-75.5997996,5.8090096],[-75.5997882,5.8090109],[-75.5997693,5.8090133],[-75.5997598,5.8090145],[-75.5997509,5.8090147],[-75.5996819,5.8090603],[-75.5995693,5.8091744],[-75.5995141,5.8092336],[-75.5994321,5.8092763],[-75.5993983,5.8092859],[-75.5993299,5.8092832],[-75.5992635,5.8092615],[-75.5991829,5.8092122],[-75.5991447,5.8091775],[-75.5990832,5.8090762],[-75.5990562,5.8090089],[-75.599044,5.8089309],[-75.5990399,5.8088639],[-75.5990229,5.8087688],[-75.5990022,5.8087122],[-75.5989793,5.8086101],[-75.5989278,5.8085051],[-75.5988643,5.8084087],[-75.598738,5.8082133],[-75.5986835,5.8081568],[-75.5986269,5.8080862],[-75.5985852,5.8080269],[-75.5985575,5.8079495],[-75.5985277,5.807872],[-75.5985025,5.8078043],[-75.5985065,5.8077466],[-75.5984769,5.8076522],[-75.598451,5.8075448],[-75.5983861,5.8074324],[-75.5982276,5.8072209],[-75.5981118,5.8070878],[-75.5980109,5.8069958],[-75.5978926,5.8069152],[-75.5978128,5.8068764],[-75.5977166,5.8068143],[-75.5976023,5.806668],[-75.5975806,5.8066155],[-75.5975468,5.8065465],[-75.5975311,5.8064994],[-75.5975385,5.8063707],[-75.5976017,5.8062349],[-75.5976314,5.8061956],[-75.5976882,5.8061426],[-75.5977488,5.806087],[-75.5978111,5.8060117],[-75.5978355,5.8059697],[-75.5978315,5.8058944],[-75.5978088,5.8058155],[-75.5977423,5.8057433],[-75.5976878,5.8057135],[-75.5975753,5.8056697],[-75.5973793,5.8056197],[-75.5971212,5.805543],[-75.5969816,5.8054815],[-75.5969207,5.8054306],[-75.596875,5.8053933],[-75.596841,5.805357],[-75.5967887,5.8052814],[-75.5967301,5.8051996],[-75.5966957,5.8051712],[-75.5966682,5.8051467],[-75.5966656,5.8051416],[-75.5966643,5.8051169],[-75.5966779,5.8050404],[-75.5966756,5.8049518],[-75.5966239,5.8048451],[-75.5965698,5.8047738],[-75.5965064,5.8047194],[-75.5965012,5.8047149],[-75.5963867,5.8046487],[-75.5962699,5.804578],[-75.5962065,5.8045318],[-75.5961192,5.8044593],[-75.5960534,5.8043972],[-75.5959475,5.8043066],[-75.5958772,5.8042522],[-75.595804,5.8042209],[-75.5957509,5.8041971],[-75.5957504,5.8041969],[-75.5957283,5.804187],[-75.5956654,5.8041754],[-75.5955686,5.8041712],[-75.595566,5.8041711],[-75.5954762,5.8041547],[-75.5954696,5.804153],[-75.5954611,5.8041503],[-75.5954508,5.804147],[-75.5954447,5.8041447],[-75.5954325,5.8041409],[-75.5954216,5.8041374],[-75.5954131,5.804135],[-75.5954054,5.8041327],[-75.5953957,5.8041301],[-75.5953883,5.8041283],[-75.5953811,5.8041268],[-75.5953736,5.8041253],[-75.5953612,5.8041226],[-75.5953515,5.8041206],[-75.5953409,5.8041184],[-75.5953314,5.8041167],[-75.5953245,5.8041154],[-75.5953176,5.8041141],[-75.5953104,5.8041127],[-75.5953024,5.8041112],[-75.5952924,5.8041091],[-75.5952827,5.804107],[-75.595273,5.8041048],[-75.595268,5.8041035],[-75.5952572,5.8041008],[-75.5952454,5.804098],[-75.5952318,5.8040948],[-75.5952181,5.8040914],[-75.5952092,5.8040892],[-75.5951998,5.8040869],[-75.5951894,5.8040853],[-75.595176,5.8040836],[-75.5951687,5.8040827],[-75.5951523,5.8040809],[-75.5951403,5.80408],[-75.5951337,5.80408],[-75.5951181,5.8040803],[-75.5951093,5.8040808],[-75.5950893,5.8040826],[-75.5950662,5.8040865],[-75.5950321,5.8040957],[-75.5950184,5.8040998],[-75.5949885,5.8041091],[-75.5949448,5.8041266],[-75.5949249,5.8041357],[-75.5949102,5.8041435],[-75.5948845,5.8041581],[-75.594875,5.8041638],[-75.5948666,5.8041679],[-75.5948445,5.804177],[-75.5948192,5.8041869],[-75.5947834,5.8042023],[-75.5947708,5.8042081],[-75.594748,5.804219],[-75.5947268,5.804229],[-75.5947173,5.8042331],[-75.5947002,5.8042396],[-75.5946872,5.8042431],[-75.5946734,5.8042453],[-75.594657,5.8042487],[-75.5946412,5.8042523],[-75.5946216,5.8042576],[-75.5946117,5.8042604],[-75.5945927,5.8042657],[-75.5945829,5.8042684],[-75.5945627,5.8042742],[-75.5945418,5.8042804],[-75.5945312,5.8042829],[-75.5945106,5.8042882],[-75.5944906,5.8042928],[-75.5944805,5.8042948],[-75.5944601,5.8042983],[-75.5944498,5.8043],[-75.5944295,5.8043034],[-75.5944129,5.8043061],[-75.5943863,5.8043122],[-75.5943291,5.8043186],[-75.5942964,5.804317],[-75.5942893,5.8043152],[-75.5942312,5.8042788],[-75.5941908,5.8042503],[-75.5941562,5.8042104],[-75.5941148,5.8041591],[-75.594085,5.8041036],[-75.5940775,5.8040691],[-75.5940729,5.8040267],[-75.5940773,5.8039652],[-75.5940823,5.8038955],[-75.5940826,5.8038066],[-75.594076,5.8037568],[-75.594075,5.8037194],[-75.5940625,5.8036599],[-75.5940483,5.8035737],[-75.5939991,5.8034765],[-75.5939758,5.8034308],[-75.5939432,5.8033653],[-75.5938881,5.8033039],[-75.5938259,5.8032445],[-75.5937677,5.8032066],[-75.5937025,5.8031872],[-75.5936778,5.8031727],[-75.5936455,5.8031473],[-75.5936051,5.8031156],[-75.5935964,5.8031088],[-75.5935613,5.8030776],[-75.5935086,5.8030254],[-75.5934783,5.8029949],[-75.5934167,5.8029346],[-75.5933568,5.8028813],[-75.5933051,5.8028265],[-75.5932667,5.8027901],[-75.5932232,5.8027661],[-75.5931762,5.8027381],[-75.593191,5.8028224],[-75.5932282,5.8028429],[-75.5932592,5.8028723],[-75.5933116,5.8029279],[-75.5933725,5.802982],[-75.5934327,5.803041],[-75.5934628,5.8030713],[-75.593517,5.8031249],[-75.593555,5.8031587],[-75.5936055,5.8031983],[-75.5936413,5.8032265],[-75.5936766,5.8032471],[-75.5937403,5.8032661],[-75.5937855,5.8032956],[-75.5938416,5.8033491],[-75.5938892,5.8034021],[-75.593918,5.80346],[-75.5939414,5.8035059],[-75.593986,5.8035941],[-75.5939988,5.8036719],[-75.5940104,5.803727],[-75.5940114,5.803762],[-75.5940178,5.8038108],[-75.5940176,5.8038931],[-75.5940127,5.8039605],[-75.5940079,5.8040279],[-75.5940135,5.8040796],[-75.5940237,5.8041263],[-75.5940607,5.8041951],[-75.5941065,5.804252],[-75.594147,5.8042988],[-75.5941954,5.8043329],[-75.5942632,5.8043753],[-75.5942864,5.8043815],[-75.5943311,5.8043836],[-75.5944028,5.8043757],[-75.5944384,5.804366],[-75.5944471,5.8043582],[-75.5944535,5.804356],[-75.5944668,5.8043524],[-75.5944806,5.8043488],[-75.5944893,5.8043462],[-75.5945086,5.8043413],[-75.5945285,5.8043361],[-75.5945379,5.8043337],[-75.5945566,5.8043291],[-75.5945888,5.8043226],[-75.5946002,5.8043207],[-75.5946123,5.8043192],[-75.5946241,5.8043179],[-75.5946304,5.8043174],[-75.5946431,5.8043161],[-75.5946503,5.8043153],[-75.5946658,5.8043134],[-75.5946838,5.8043109],[-75.594693,5.8043091],[-75.5947113,5.8043051],[-75.5947198,5.8043027],[-75.5947365,5.8042971],[-75.5947559,5.8042902],[-75.5947646,5.8042869],[-75.5947792,5.804281],[-75.5947955,5.8042739],[-75.5948052,5.8042694],[-75.5948187,5.804263],[-75.5948332,5.8042559],[-75.5948401,5.8042523],[-75.5948607,5.8042418],[-75.5948742,5.8042349],[-75.5948827,5.8042305],[-75.5948991,5.8042207],[-75.5949453,5.8041989],[-75.5949564,5.8041942],[-75.5949663,5.8041897],[-75.5949963,5.8041784],[-75.5950152,5.8041712],[-75.5950342,5.804166],[-75.5950431,5.8041647],[-75.5950605,5.8041633],[-75.5950769,5.8041627],[-75.5950848,5.8041631],[-75.5951016,5.8041643],[-75.5951166,5.8041657],[-75.5951273,5.804167],[-75.595138,5.8041692],[-75.5951473,5.8041713],[-75.5951571,5.8041737],[-75.5951673,5.8041768],[-75.5951776,5.8041796],[-75.5951868,5.8041815],[-75.5951989,5.8041829],[-75.5952062,5.8041833],[-75.5952144,5.8041833],[-75.5952229,5.804183],[-75.5952308,5.8041827],[-75.5952391,5.8041823],[-75.5952477,5.804182],[-75.5952557,5.8041815],[-75.5952635,5.8041811],[-75.5952712,5.8041808],[-75.5952789,5.8041805],[-75.5952859,5.8041803],[-75.595293,5.8041803],[-75.5952997,5.8041802],[-75.5953079,5.8041805],[-75.5953151,5.8041809],[-75.5953253,5.8041814],[-75.5953318,5.8041818],[-75.5953394,5.8041826],[-75.5953463,5.8041839],[-75.5953536,5.8041856],[-75.5953633,5.804188],[-75.5953724,5.8041902],[-75.5953801,5.8041923],[-75.5953881,5.8041948],[-75.5953952,5.8041973],[-75.5954041,5.8042003],[-75.5954137,5.8042036],[-75.595422,5.8042062],[-75.5954304,5.8042086],[-75.5954379,5.8042105],[-75.5955477,5.8042347],[-75.5955649,5.804236],[-75.5956581,5.80424],[-75.595709,5.8042493],[-75.5957781,5.8042803],[-75.5958442,5.8043086],[-75.5959066,5.804357],[-75.5960102,5.8044455],[-75.5960763,5.8045079],[-75.5961668,5.804583],[-75.596234,5.804632],[-75.5963538,5.8047045],[-75.5964636,5.8047681],[-75.5965224,5.8048186],[-75.5965684,5.8048792],[-75.5966112,5.8049675],[-75.596613,5.8050355],[-75.5965992,5.8051129],[-75.5966017,5.8051582],[-75.5966156,5.8051867],[-75.5966535,5.8052204],[-75.5966824,5.8052443],[-75.5967358,5.8053187],[-75.5967904,5.8053978],[-75.5968308,5.8054409],[-75.5968795,5.8054806],[-75.5969471,5.8055372],[-75.5970989,5.805604],[-75.5973623,5.8056823],[-75.5975523,5.8057289],[-75.597661,5.8057713],[-75.5977028,5.8057941],[-75.597752,5.8058475],[-75.5977686,5.805905],[-75.5977711,5.8059542],[-75.5977589,5.8059752],[-75.5977027,5.8060431],[-75.5976451,5.806096],[-75.5975842,5.8061529],[-75.597547,5.8062019],[-75.5974759,5.8063549],[-75.5974735,5.8063966],[-75.5974671,5.8065079],[-75.5974879,5.8065707],[-75.5975228,5.8066417],[-75.597547,5.8067003],[-75.5976732,5.8068619],[-75.5977816,5.8069319],[-75.5978607,5.8069703],[-75.5979716,5.8070458],[-75.5980664,5.8071323],[-75.5981782,5.8072609],[-75.5982851,5.8074035],[-75.5983331,5.8074674],[-75.5983914,5.8075687],[-75.5984157,5.8076692],[-75.5984423,5.8077542],[-75.5984383,5.8078136],[-75.5984683,5.8078945],[-75.598498,5.8079717],[-75.5985284,5.8080564],[-75.5985762,5.8081244],[-75.5986359,5.8081988],[-75.5986881,5.808253],[-75.5988089,5.8084399],[-75.5988112,5.8084434],[-75.5988726,5.8085367],[-75.598919,5.8086314],[-75.5989412,5.8087302],[-75.5989614,5.8087854],[-75.5989768,5.8088715],[-75.5989809,5.8089377],[-75.5989946,5.8090259],[-75.5990263,5.8091048],[-75.5990953,5.8092183],[-75.5991447,5.8092633],[-75.5992368,5.8093195],[-75.5993186,5.8093463],[-75.5994059,5.8093498],[-75.5994556,5.8093357],[-75.5995531,5.809285],[-75.5996151,5.8092184],[-75.5997224,5.8091097],[-75.5997575,5.8090865],[-75.5997958,5.809075],[-75.5998047,5.8090734],[-75.5998291,5.8090695],[-75.5998534,5.8090664],[-75.5998652,5.8090651],[-75.5998874,5.8090635],[-75.599898,5.8090628],[-75.5999175,5.8090627],[-75.5999352,5.8090652],[-75.5999437,5.8090666],[-75.5999601,5.8090696],[-75.5999687,5.8090716],[-75.5999875,5.8090767],[-75.600007,5.8090827],[-75.6000252,5.8090894],[-75.6000318,5.8090926],[-75.6000498,5.809103],[-75.6000591,5.8091089],[-75.6000796,5.8091225],[-75.6000998,5.809138],[-75.6001191,5.8091539],[-75.6001272,5.8091613],[-75.6001357,5.8091691],[-75.600156,5.8091875],[-75.6001672,5.8091982],[-75.600202,5.8092329],[-75.6002196,5.8092534],[-75.6002366,5.8092734],[-75.600251,5.8092915],[-75.6002582,5.8093028],[-75.6002636,5.8093119],[-75.6002686,5.8093164],[-75.6002835,5.8093345],[-75.600308,5.8093585],[-75.6003487,5.8093986],[-75.6003773,5.8094263],[-75.600391,5.809439],[-75.6004174,5.8094617],[-75.6004403,5.8094776],[-75.6004511,5.8094828],[-75.6004737,5.8094904],[-75.6005001,5.8094987],[-75.600512,5.8095017],[-75.6005354,5.809507],[-75.6005441,5.8095089],[-75.6005665,5.8095132],[-75.6005881,5.8095171],[-75.6005986,5.809519],[-75.6006198,5.8095238],[-75.6006313,5.8095268],[-75.6006563,5.8095347],[-75.6006819,5.8095432],[-75.6007136,5.8095552],[-75.6007301,5.8095624],[-75.6007371,5.809566],[-75.6007509,5.8095735],[-75.6007577,5.8095774],[-75.6007702,5.809585],[-75.6007845,5.8095947],[-75.6008038,5.8096095],[-75.6008148,5.8096187],[-75.6008238,5.8096269],[-75.6008333,5.8096357],[-75.6008384,5.8096409],[-75.6008517,5.8096538],[-75.600867,5.8096684],[-75.6008751,5.8096758],[-75.6008934,5.8096923],[-75.6009028,5.8097003],[-75.6009223,5.809716],[-75.6009399,5.8097294],[-75.6009479,5.809734],[-75.6009538,5.8097376],[-75.6009902,5.8097534],[-75.6010014,5.8097567],[-75.6010131,5.8097604],[-75.6010248,5.8097643],[-75.6010463,5.8097697],[-75.6010561,5.8097713],[-75.6010661,5.8097734],[-75.6010822,5.8097742],[-75.6010975,5.8097761],[-75.6011332,5.8097783],[-75.6011523,5.8097808],[-75.6012114,5.8097923],[-75.601268,5.8098109],[-75.6013039,5.8098277],[-75.6013342,5.8098419],[-75.6013479,5.8098476],[-75.6013607,5.8098526],[-75.6013833,5.809859],[-75.6013943,5.8098617],[-75.601414,5.8098651],[-75.6014235,5.8098658],[-75.6014326,5.8098662],[-75.6014414,5.8098657],[-75.6014587,5.8098639],[-75.6014752,5.8098615],[-75.6014827,5.8098593],[-75.6014894,5.8098569],[-75.6015039,5.8098513],[-75.601515,5.8098463],[-75.6015258,5.809841],[-75.6015316,5.8098379],[-75.6015373,5.8098349],[-75.6015471,5.8098287],[-75.6015559,5.8098233],[-75.6015645,5.8098183],[-75.6015745,5.8098119],[-75.6015807,5.8098086],[-75.6015937,5.8098017],[-75.6016007,5.8097981],[-75.6016126,5.8097918],[-75.6016183,5.8097889],[-75.6016323,5.8097815],[-75.6016417,5.8097768],[-75.6016498,5.8097728],[-75.6016567,5.8097693],[-75.6016627,5.8097665],[-75.6016687,5.8097636],[-75.6016759,5.8097608],[-75.6016841,5.8097576],[-75.6016929,5.8097548],[-75.6017012,5.8097522],[-75.6017086,5.8097497],[-75.6017151,5.8097475],[-75.6017233,5.80974],[-75.6017294,5.8097337],[-75.6017342,5.809729],[-75.6017446,5.809718],[-75.6017577,5.8097008],[-75.6017637,5.8096888],[-75.6017665,5.809683],[-75.6017715,5.8096711],[-75.6017764,5.8096588],[-75.6017787,5.8096528],[-75.601781,5.8096466],[-75.6017851,5.8096342],[-75.601789,5.8096217],[-75.6017925,5.8096092],[-75.6017953,5.8095993],[-75.6017979,5.809589],[-75.6018005,5.8095791],[-75.6018034,5.8095683],[-75.601807,5.8095565],[-75.6018105,5.8095436],[-75.6018121,5.809537],[-75.601815,5.809524],[-75.6018176,5.8095115],[-75.6018188,5.8095052],[-75.6018213,5.8094929],[-75.6018227,5.8094864],[-75.6018254,5.8094732],[-75.6018271,5.8094637],[-75.6018285,5.8094558],[-75.6018296,5.8094488],[-75.6018311,5.8094394],[-75.6018332,5.8094275],[-75.6018341,5.8094207],[-75.6018359,5.809408],[-75.6018374,5.8093965],[-75.6018386,5.8093869],[-75.6018396,5.809379],[-75.6018409,5.809372],[-75.601842,5.8093648],[-75.6018432,5.8093583],[-75.6018445,5.8093519],[-75.6018461,5.8093451],[-75.6018717,5.8092284],[-75.6018831,5.8092167],[-75.6019308,5.809201],[-75.6020231,5.8092192],[-75.6020907,5.8092758],[-75.6022023,5.8093612],[-75.6022227,5.8093929],[-75.6022469,5.8094535],[-75.6022576,5.809506],[-75.6022885,5.809573],[-75.6023272,5.8096226],[-75.6024085,5.8096661],[-75.602478,5.8096564],[-75.6025788,5.8096248],[-75.6026457,5.8096019],[-75.6027643,5.8095682],[-75.6028578,5.809535],[-75.6029287,5.8095148],[-75.6029974,5.8094846],[-75.603075,5.8094545],[-75.6031322,5.8094279],[-75.6031832,5.8093962],[-75.6032702,5.809375],[-75.6033589,5.8093199],[-75.6034242,5.8092803],[-75.6035105,5.8092169],[-75.6035959,5.8091357],[-75.6037118,5.809025],[-75.6037839,5.8089605],[-75.6038573,5.808924],[-75.6039593,5.8088951],[-75.6040386,5.8088731],[-75.6041384,5.8088506],[-75.6042398,5.8088181],[-75.6044522,5.8087566],[-75.6046477,5.8086845],[-75.6049029,5.8086191],[-75.6050853,5.8086199],[-75.6052478,5.8086535],[-75.6054062,5.8087385],[-75.6056656,5.8089097],[-75.6058764,5.8090951],[-75.6060329,5.8092738],[-75.6062384,5.8095588],[-75.606382,5.8097975],[-75.6064366,5.8098909],[-75.6065064,5.8099829],[-75.6065399,5.8100126],[-75.6066117,5.8100534],[-75.6066806,5.8100722],[-75.6067234,5.8100886],[-75.6067728,5.8100928],[-75.6068472,5.8100986],[-75.6069057,5.8100876],[-75.6069912,5.8100673],[-75.6071634,5.8099872],[-75.6072185,5.8099803],[-75.6072933,5.8099899],[-75.607366,5.8099978],[-75.6074241,5.8100041],[-75.6074929,5.8099999],[-75.6076317,5.8099854],[-75.6077226,5.8099608],[-75.6077949,5.8099331],[-75.6078764,5.80989],[-75.6080526,5.8098221],[-75.6081833,5.809792],[-75.6083855,5.8097246],[-75.6086136,5.8097213],[-75.6086618,5.8097279],[-75.6087035,5.8097614],[-75.6087136,5.8097696],[-75.6087419,5.8097931],[-75.6087692,5.8098171],[-75.6087968,5.8098434],[-75.6088169,5.8098634],[-75.6088349,5.8098828],[-75.6088467,5.8098979],[-75.6088576,5.8099139],[-75.6088641,5.8099379],[-75.6088629,5.8099471],[-75.6088588,5.8099569],[-75.6088538,5.8099661],[-75.6088468,5.8099791],[-75.6088408,5.8099907],[-75.6088367,5.8100048],[-75.6088381,5.8100175],[-75.6088482,5.8100337],[-75.6088674,5.8100537],[-75.608888,5.8100751],[-75.6089354,5.8101286],[-75.6089582,5.8101603],[-75.6089709,5.8101858],[-75.6089825,5.8102118],[-75.6089921,5.8102321],[-75.6090043,5.8102498],[-75.6090247,5.8102657],[-75.6090402,5.8102756],[-75.6090588,5.8102834],[-75.6090742,5.8102882],[-75.6090947,5.8102937],[-75.6091117,5.8102977],[-75.6091313,5.8103025],[-75.6091494,5.8103074],[-75.6091642,5.8103111],[-75.6091931,5.8103183],[-75.6092069,5.810321],[-75.6092304,5.8103241],[-75.6092415,5.8103251],[-75.6092546,5.8103267],[-75.609268,5.8103276],[-75.6092801,5.8103282],[-75.6092991,5.8103281],[-75.6093162,5.8103284],[-75.60933,5.8103282],[-75.6093437,5.8103275],[-75.6093504,5.8103271],[-75.6093693,5.8103264],[-75.6093914,5.8103258],[-75.6094096,5.8103264],[-75.6094241,5.8103271],[-75.6094402,5.8103278],[-75.6094531,5.8103282],[-75.6094669,5.8103289],[-75.6094764,5.8103283],[-75.6094849,5.8103266],[-75.6094936,5.8103233],[-75.6095037,5.8103184],[-75.6095084,5.8103138],[-75.6095118,5.8103099],[-75.6095162,5.8103047],[-75.6095196,5.8103],[-75.6095177,5.8102934],[-75.60956,5.8102803],[-75.6096239,5.8102804],[-75.6096635,5.8102797],[-75.6097394,5.8102846],[-75.6097941,5.8102894],[-75.6099836,5.8102772],[-75.6100775,5.8102562],[-75.6101808,5.8102323],[-75.6103434,5.8102313],[-75.6105556,5.8102346],[-75.6108394,5.8102373],[-75.6110536,5.8102404],[-75.6111543,5.8102304],[-75.6113008,5.8102124],[-75.6113964,5.8101892],[-75.6115062,5.8101406],[-75.6115544,5.8101168],[-75.6116027,5.810063],[-75.6116454,5.8099902],[-75.6116626,5.8099033],[-75.6116706,5.8098424],[-75.6116824,5.8097384],[-75.6117052,5.809617],[-75.6116973,5.809541],[-75.6116592,5.8094522],[-75.6115796,5.8091923],[-75.6115885,5.8091675],[-75.6115931,5.8091573],[-75.6116016,5.8091402],[-75.6116109,5.8091235],[-75.6116187,5.8091107],[-75.6116407,5.8090813],[-75.6116512,5.8090689],[-75.6116641,5.8090548],[-75.6116758,5.809043],[-75.6116896,5.8090297],[-75.6117019,5.8090192],[-75.6117159,5.8090077],[-75.6117285,5.8089987],[-75.6117433,5.8089867],[-75.611758,5.8089753],[-75.6117716,5.8089673],[-75.6117859,5.8089596],[-75.6118017,5.8089506],[-75.6118165,5.8089418],[-75.6118412,5.8089278],[-75.6118579,5.8089171],[-75.6118834,5.8089001],[-75.6118913,5.8088949],[-75.6119065,5.8088843],[-75.6119125,5.8088802],[-75.6119196,5.8088761],[-75.6119245,5.8088737],[-75.611931,5.8088705],[-75.611936,5.808868],[-75.6119422,5.8088651],[-75.6119479,5.808862],[-75.61195,5.8088585],[-75.6119875,5.8088821],[-75.612137,5.8089182],[-75.6122738,5.8089331],[-75.6123859,5.8089201],[-75.6125826,5.8088694],[-75.612711,5.8088132],[-75.6127822,5.8087768],[-75.6128382,5.8087222],[-75.6128885,5.8086896],[-75.6129497,5.8086501],[-75.6129979,5.8086014],[-75.6130253,5.8085891],[-75.61304,5.8085808],[-75.6130537,5.8085717],[-75.6130675,5.8085612],[-75.6130841,5.808547],[-75.6130999,5.8085312],[-75.6131145,5.808515],[-75.6131256,5.808502],[-75.6131364,5.8084891],[-75.6131491,5.8084735],[-75.6131606,5.8084589],[-75.6131755,5.8084411],[-75.6131889,5.8084257],[-75.6132045,5.8084073],[-75.6132195,5.8083884],[-75.6132319,5.8083722],[-75.6132463,5.8083538],[-75.6132579,5.8083384],[-75.6132714,5.8083211],[-75.6132828,5.8083064],[-75.6132962,5.8082883],[-75.613306,5.8082751],[-75.6133225,5.8082543],[-75.6133351,5.8082387],[-75.6133573,5.8082125],[-75.6133731,5.8081936],[-75.6133867,5.8081771],[-75.6134027,5.8081583],[-75.613426,5.8081314],[-75.6134387,5.8081188],[-75.6134812,5.8080824],[-75.6135046,5.8080633],[-75.6135254,5.8080478],[-75.6135494,5.8080317],[-75.6135687,5.8080192],[-75.6135901,5.8080067],[-75.613618,5.8079931],[-75.6136334,5.8079856],[-75.61365,5.8079772],[-75.6136628,5.8079708],[-75.6136761,5.807964],[-75.6136852,5.8079586],[-75.6136919,5.8079523],[-75.6137047,5.8079436],[-75.6137206,5.8079291],[-75.6137373,5.8079109],[-75.6137518,5.8078966],[-75.6137776,5.8078748],[-75.6137945,5.8078588],[-75.6138166,5.8078382],[-75.6138488,5.8078106],[-75.613866,5.8077971],[-75.61388,5.8077873],[-75.6139118,5.8077683],[-75.6139292,5.8077588],[-75.6139443,5.8077504],[-75.6139616,5.8077406],[-75.6139749,5.8077327],[-75.6139887,5.8077254],[-75.6140135,5.8077137],[-75.6140274,5.8077074],[-75.6140476,5.8076977],[-75.6140629,5.8076898],[-75.6140743,5.8076836],[-75.6140874,5.8076764],[-75.6141,5.8076693],[-75.6141113,5.8076632],[-75.6141262,5.8076553],[-75.61414,5.8076485],[-75.6141561,5.8076408],[-75.6141874,5.8076276],[-75.6142028,5.807622],[-75.6142393,5.8076115],[-75.6142573,5.8076096],[-75.6142793,5.8076082],[-75.6142987,5.8076072],[-75.6143228,5.8076067],[-75.6143424,5.8076073],[-75.614364,5.8076103],[-75.6143803,5.8076131],[-75.6143948,5.8076143],[-75.6144012,5.807613],[-75.6144214,5.8076168],[-75.6144619,5.8076257],[-75.6144984,5.8076344],[-75.6145367,5.8076436],[-75.6145661,5.80765],[-75.6145946,5.8076543],[-75.6146162,5.8076555],[-75.6146384,5.8076551],[-75.6146566,5.8076549],[-75.6146756,5.8076531],[-75.6146909,5.8076508],[-75.6147097,5.8076488],[-75.6147257,5.8076469],[-75.6147443,5.8076442],[-75.6147628,5.8076418],[-75.6147783,5.8076401],[-75.614786,5.8076397],[-75.6148048,5.8076401],[-75.6148236,5.8076416],[-75.6148399,5.8076428],[-75.6148582,5.8076431],[-75.6148734,5.8076436],[-75.6148893,5.8076457],[-75.6149027,5.8076485],[-75.6149177,5.8076525],[-75.6149304,5.8076561],[-75.6149467,5.8076614],[-75.6149622,5.8076672],[-75.6149809,5.8076748],[-75.6149998,5.8076861],[-75.6150076,5.8076916],[-75.6150217,5.8077022],[-75.6150498,5.8077222],[-75.6150667,5.8077329],[-75.6150848,5.807743],[-75.615104,5.8077504],[-75.6151302,5.8077573],[-75.6151669,5.8077647],[-75.6151814,5.8077674],[-75.6151994,5.807771],[-75.6152078,5.8077721],[-75.6152149,5.8077742],[-75.6152529,5.8077849],[-75.6152673,5.8077894],[-75.6152887,5.8077965],[-75.6153198,5.8078065],[-75.6153362,5.8078119],[-75.6153503,5.807816],[-75.6153573,5.8078177],[-75.6153643,5.807819],[-75.6153711,5.8078201],[-75.6153784,5.8078206],[-75.6153874,5.8078201],[-75.6153941,5.8078195],[-75.6153991,5.8078186],[-75.6154042,5.8078119],[-75.6154495,5.8078237],[-75.6155323,5.8078319],[-75.6155835,5.807837],[-75.6156537,5.8078365],[-75.6156859,5.8078258],[-75.6157433,5.8078128],[-75.6158324,5.8077746],[-75.6159054,5.8077387],[-75.6159729,5.8077071],[-75.6160608,5.8076855],[-75.6161176,5.8076647],[-75.6161844,5.8076254],[-75.6162591,5.8075873],[-75.6163097,5.8075202],[-75.616356,5.8074602],[-75.6163764,5.8074271],[-75.6163916,5.8074003],[-75.6164245,5.8073327],[-75.6164255,5.8072045],[-75.6164089,5.8071189],[-75.6163818,5.8070265],[-75.616334,5.8069526],[-75.6162716,5.8069113],[-75.6162021,5.8068784],[-75.6161469,5.8068629],[-75.6160496,5.8068678],[-75.6159708,5.806872],[-75.6159223,5.8068871],[-75.6158712,5.8068947],[-75.6158442,5.8068883],[-75.6158169,5.8068566],[-75.6157722,5.8067853],[-75.6157546,5.8067204],[-75.6157381,5.8066152],[-75.6156908,5.8064395],[-75.6156457,5.806246],[-75.6155904,5.8060368],[-75.6155723,5.8059465],[-75.61556,5.8058645],[-75.6155736,5.8057576],[-75.6156117,5.8056602],[-75.6157427,5.8054361],[-75.6157992,5.8053273],[-75.6159031,5.8051487],[-75.6159618,5.8050632],[-75.6160764,5.8048953],[-75.6161203,5.8047975],[-75.6161235,5.8047928],[-75.6161537,5.804764],[-75.6161683,5.8047487],[-75.616182,5.8047353],[-75.6161981,5.8047206],[-75.6162053,5.8047148],[-75.6162214,5.8047026],[-75.616235,5.8046922],[-75.616259,5.8046774],[-75.6162913,5.8046614],[-75.6163095,5.8046546],[-75.6163243,5.8046511],[-75.616343,5.8046491],[-75.6163605,5.8046492],[-75.616383,5.8046528],[-75.6164044,5.8046585],[-75.6164284,5.8046664],[-75.6164445,5.8046731],[-75.616465,5.8046829],[-75.6164904,5.8047],[-75.6165075,5.8047156],[-75.6165152,5.8047302],[-75.6165212,5.8047562],[-75.616523,5.804778],[-75.6165257,5.8048051],[-75.6165285,5.8048341],[-75.6165304,5.8048576],[-75.6165362,5.8048879],[-75.6165443,5.8049143],[-75.6165557,5.8049443],[-75.6165822,5.8049945],[-75.6165963,5.8050163],[-75.6166125,5.8050398],[-75.6166252,5.8050572],[-75.6166469,5.8050851],[-75.6166674,5.8051086],[-75.6166868,5.8051292],[-75.6167112,5.8051553],[-75.6167336,5.8051799],[-75.6167444,5.805192],[-75.6167691,5.8052211],[-75.6167896,5.8052464],[-75.6168115,5.8052729],[-75.6168312,5.8052955],[-75.6168546,5.805322],[-75.6168744,5.805344],[-75.6168974,5.8053681],[-75.6169158,5.8053869],[-75.6169351,5.805407],[-75.6169475,5.8054198],[-75.6169596,5.805432],[-75.6169911,5.8054595],[-75.6170065,5.8054703],[-75.6170401,5.8054824],[-75.6170461,5.8054738],[-75.6170471,5.8054579],[-75.6170417,5.8054382],[-75.6170304,5.8054122],[-75.6170126,5.8053775],[-75.6169903,5.8053372],[-75.6169715,5.8053014],[-75.616951,5.8052584],[-75.6169335,5.8052222],[-75.6169115,5.8051803],[-75.6168917,5.8051453],[-75.6168691,5.8051089],[-75.6168499,5.8050818],[-75.6167972,5.8050139],[-75.6167817,5.8049933],[-75.6167523,5.8049461],[-75.6167449,5.8049285],[-75.6167374,5.8049088],[-75.6167312,5.8048922],[-75.6167254,5.8048748],[-75.6167234,5.8048675],[-75.6167205,5.8048539],[-75.6167199,5.8048411],[-75.6167204,5.8048301],[-75.6167224,5.8048187],[-75.616725,5.8048088],[-75.6167282,5.8048012],[-75.6167351,5.8047846],[-75.6167385,5.8047755],[-75.6167409,5.804769],[-75.6167435,5.8047621],[-75.6167473,5.8047541],[-75.6167507,5.804748],[-75.6167535,5.804743],[-75.6167565,5.8047371],[-75.6169725,5.80487],[-75.6172113,5.8050225],[-75.6173874,5.8050887],[-75.6174564,5.805105],[-75.6174789,5.8051059],[-75.6175299,5.8050964],[-75.6175489,5.80508],[-75.6175746,5.8049759],[-75.6176052,5.8048724],[-75.6176332,5.8047936],[-75.6176749,5.8046939],[-75.6177097,5.8045832],[-75.6177116,5.8045292],[-75.6177122,5.804492],[-75.6177044,5.8044281],[-75.6176802,5.8043883],[-75.6176724,5.8043706],[-75.617677,5.8043575],[-75.6176893,5.8042871],[-75.6176893,5.8042566],[-75.6176874,5.8042197],[-75.6176817,5.8041725],[-75.6176724,5.8041314],[-75.6176641,5.8040981],[-75.6176498,5.8040479],[-75.6176476,5.8040419],[-75.6176294,5.8039939],[-75.6176071,5.8039484],[-75.61759,5.8039202],[-75.6175728,5.8038879],[-75.6175669,5.8038749],[-75.6175553,5.8038487],[-75.6175466,5.8038285],[-75.6175301,5.8037885],[-75.617523,5.8037678],[-75.617518,5.803748],[-75.6175111,5.8037221],[-75.6175045,5.8036984],[-75.6174967,5.8036688],[-75.6174899,5.8036419],[-75.6174843,5.803611],[-75.6174804,5.8035846],[-75.6174761,5.8035534],[-75.6174722,5.8035259],[-75.617467,5.8034928],[-75.6174628,5.803459],[-75.6174602,5.8034315],[-75.6174538,5.8033761],[-75.6174501,5.8033502],[-75.6174477,5.8033303],[-75.6174455,5.8033089],[-75.6174439,5.803292],[-75.6174427,5.8032739],[-75.6174419,5.8032593],[-75.6174413,5.8032434],[-75.6174405,5.8032137],[-75.61744,5.8031949],[-75.6174385,5.8031587],[-75.6174384,5.8031503],[-75.6174363,5.803109],[-75.6174349,5.8030928],[-75.6174339,5.80308],[-75.6174328,5.8030652],[-75.6174321,5.8030533],[-75.6174314,5.80304],[-75.6174306,5.8030287],[-75.6174296,5.8030159],[-75.6174284,5.8030052],[-75.6174275,5.8029985],[-75.617426,5.8029892],[-75.617424,5.8029805],[-75.6174222,5.8029725],[-75.6174206,5.8029658],[-75.6174184,5.802959],[-75.6174148,5.8029499],[-75.6173943,5.8029008],[-75.6173852,5.8028805],[-75.6173692,5.8028549],[-75.6173563,5.8028342],[-75.6173398,5.8028112],[-75.6173304,5.8027967],[-75.617323,5.8027867],[-75.6173047,5.8027647],[-75.6172933,5.8027514],[-75.6172816,5.8027377],[-75.6172672,5.8027189],[-75.6172561,5.8027011],[-75.6172446,5.8026786],[-75.6172351,5.8026592],[-75.6172259,5.8026373],[-75.61722,5.8026192],[-75.617214,5.8025961],[-75.6172089,5.8025608],[-75.6172081,5.8025497],[-75.6172069,5.8025233],[-75.6172061,5.8025003],[-75.617206,5.8024751],[-75.617207,5.8024559],[-75.6172098,5.8024377],[-75.6172141,5.8024182],[-75.617219,5.8024046],[-75.6172251,5.8023945],[-75.617233,5.8023837],[-75.6172404,5.8023749],[-75.6172488,5.8023664],[-75.6172565,5.802361],[-75.6172656,5.8023549],[-75.6172744,5.8023481],[-75.6172825,5.8023422],[-75.617292,5.802336],[-75.6172992,5.8023302],[-75.6173052,5.8023241],[-75.6173116,5.8023167],[-75.6173168,5.8023093],[-75.6173205,5.8023033],[-75.6173164,5.8022953],[-75.6174009,5.802243],[-75.6174765,5.8021931],[-75.6176772,5.8021329],[-75.6177484,5.8021098],[-75.6178392,5.8020654],[-75.6179108,5.8020462],[-75.6179441,5.8020364],[-75.6180206,5.8020177],[-75.6181981,5.8019596],[-75.6184228,5.8018512],[-75.6186349,5.8017234],[-75.6187456,5.8016616],[-75.6188471,5.8015956],[-75.618888,5.8015616],[-75.6189111,5.8015361],[-75.618775,5.801375],[-75.6187135,5.8012853],[-75.6186495,5.801192],[-75.6185122,5.8009404],[-75.6185016,5.8009211],[-75.6185016,5.8009211],[-75.6184338,5.8007261],[-75.61843,5.8007057]]]},"properties":{"OBJECTID":18,"DIdentif":"053904001944","DTipo":2,"DNombre":"Quebrada Sabaleta","RuleID":2}}]}