{"type":"FeatureCollection","features":[{"type":"Feature","properties":{"elev":625},"geometry":{"type":"MultiLineString","coordinates":[[[-75.618582,5.791309],[-75.618894,5.791852],[-75.618927,5.79248],[-75.619089,5.792468],[-75.619222,5.792974],[-75.619405,5.793119],[-75.619446,5.7933],[-75.619578,5.79336],[-75.619749,5.793192],[-75.619831,5.792996],[-75.619978,5.792793],[-75.61992,5.792504],[-75.619976,5.792367],[-75.620048,5.79234],[-75.620193,5.792444],[-75.620265,5.79245],[-75.620564,5.792178],[-75.620584,5.791526],[-75.620699,5.791589]]]}},{"type":"Feature","properties":{"elev":630},"geometry":{"type":"MultiLineString","coordinates":[[[-75.617816,5.791309],[-75.618009,5.791852],[-75.618179,5.792612],[-75.618298,5.792902],[-75.618331,5.793156],[-75.618306,5.793373],[-75.618406,5.793662],[-75.618408,5.793952],[-75.61848,5.794242],[-75.618697,5.794712],[-75.618616,5.795038],[-75.618807,5.795364],[-75.61876,5.795943],[-75.619,5.796634],[-75.619138,5.79598],[-75.619393,5.795618],[-75.619614,5.795473],[-75.619723,5.795509],[-75.619759,5.795836],[-75.619831,5.795931],[-75.620084,5.795868],[-75.620229,5.795688],[-75.620699,5.795603]]]}},{"type":"Feature","properties":{"elev":635},"geometry":{"type":"MultiLineString","coordinates":[[[-75.617567,5.791309],[-75.61782,5.79178],[-75.617999,5.792287],[-75.618034,5.792902],[-75.617909,5.793409],[-75.618132,5.793533],[-75.618238,5.793662],[-75.618279,5.794242],[-75.618446,5.794495],[-75.618503,5.794676],[-75.618322,5.795654],[-75.618371,5.796052],[-75.618305,5.79645],[-75.61852,5.797211],[-75.618592,5.797718],[-75.618724,5.798007],[-75.618739,5.798768],[-75.618816,5.799093],[-75.6187,5.7996],[-75.61853,5.800116],[-75.61853,5.800314],[-75.618602,5.800574],[-75.618584,5.800216],[-75.618615,5.800071],[-75.618783,5.799814],[-75.618964,5.799623],[-75.619072,5.799696],[-75.619397,5.800219],[-75.619506,5.800254],[-75.619578,5.800154],[-75.619664,5.799781],[-75.619542,5.799831],[-75.619473,5.799781],[-75.619264,5.799311],[-75.619434,5.799216],[-75.619506,5.799224],[-75.619638,5.799455],[-75.619687,5.799764],[-75.619789,5.799455],[-75.619736,5.798985],[-75.619794,5.798623],[-75.62021,5.797826],[-75.620246,5.797573],[-75.620236,5.79703],[-75.620299,5.796704],[-75.620518,5.796423],[-75.620699,5.796369]]]}},{"type":"Feature","properties":{"elev":640},"geometry":{"type":"MultiLineString","coordinates":[[[-75.617057,5.791309],[-75.617088,5.791707],[-75.617156,5.792],[-75.617228,5.792143],[-75.6173,5.792215],[-75.617393,5.792178],[-75.617403,5.792106],[-75.617259,5.79178],[-75.617337,5.791666],[-75.617481,5.791662],[-75.617576,5.79178],[-75.617655,5.791997],[-75.617807,5.792152],[-75.617889,5.792431],[-75.617875,5.792649],[-75.617642,5.793228],[-75.617295,5.793699],[-75.618024,5.793744],[-75.618074,5.793843],[-75.618073,5.794314],[-75.618277,5.794431],[-75.61835,5.794568],[-75.618273,5.795002],[-75.618104,5.795509],[-75.618178,5.796052],[-75.618099,5.796378],[-75.61832,5.796921],[-75.618409,5.797609],[-75.618496,5.797899],[-75.61848,5.798116],[-75.618596,5.798478],[-75.618619,5.798804],[-75.618704,5.799093],[-75.618566,5.799646],[-75.618385,5.800064],[-75.618391,5.800505],[-75.618337,5.800867],[-75.618157,5.801157],[-75.618096,5.801411],[-75.618024,5.801493],[-75.617734,5.801628],[-75.617659,5.801845],[-75.617527,5.802026],[-75.617155,5.802316],[-75.617047,5.802514],[-75.617047,5.802635],[-75.617156,5.80279],[-75.6173,5.802862],[-75.617323,5.802642],[-75.617443,5.802461],[-75.617626,5.802374],[-75.617843,5.802364]],[[-75.620554,5.797125],[-75.62041,5.797034],[-75.620402,5.796885],[-75.620482,5.796723],[-75.620663,5.796563]],[[-75.620157,5.801394],[-75.620017,5.800904],[-75.620084,5.800697],[-75.620193,5.800567]]]}},{"type":"Feature","properties":{"elev":645},"geometry":{"type":"MultiLineString","coordinates":[[[-75.616871,5.791309],[-75.616868,5.791852],[-75.616915,5.792142],[-75.617192,5.792468],[-75.617477,5.792612],[-75.617419,5.792793],[-75.617458,5.793083],[-75.617382,5.7933],[-75.617228,5.793464],[-75.616903,5.793567],[-75.616791,5.793699],[-75.616781,5.793771],[-75.616892,5.79388],[-75.617047,5.793953],[-75.617662,5.793868],[-75.617843,5.793906],[-75.617915,5.79397],[-75.617945,5.794061],[-75.61791,5.794387],[-75.618204,5.794568],[-75.618214,5.79464],[-75.618102,5.794893],[-75.617978,5.7954],[-75.617961,5.79569],[-75.618054,5.796052],[-75.617986,5.796378],[-75.618224,5.796993],[-75.618248,5.797392],[-75.618377,5.797862],[-75.618314,5.798152],[-75.618452,5.798442],[-75.618492,5.798768],[-75.618621,5.79913],[-75.618483,5.7996],[-75.61828,5.799962],[-75.61831,5.800505],[-75.618213,5.800867],[-75.618047,5.801085],[-75.617932,5.801338],[-75.617698,5.80147],[-75.617445,5.80171],[-75.617324,5.80199],[-75.617083,5.802248],[-75.616895,5.802569],[-75.616833,5.80333],[-75.616703,5.803583],[-75.616701,5.803728],[-75.61675,5.803873],[-75.616962,5.804162],[-75.617288,5.80438],[-75.617314,5.804488],[-75.617264,5.80461],[-75.617192,5.804649],[-75.616903,5.804598],[-75.61665,5.804481],[-75.616541,5.804484],[-75.616508,5.804524],[-75.616722,5.804963],[-75.616939,5.80522],[-75.616977,5.805104],[-75.61704,5.805067],[-75.617264,5.805176],[-75.617373,5.805184],[-75.617517,5.805158],[-75.617603,5.805067],[-75.617718,5.804669],[-75.617739,5.804452],[-75.617702,5.804054],[-75.61755,5.803547],[-75.617525,5.803076],[-75.617583,5.802931],[-75.617662,5.802882],[-75.617915,5.802968]]]}},{"type":"Feature","properties":{"elev":650},"geometry":{"type":"MultiLineString","coordinates":[[[-75.616664,5.791309],[-75.616702,5.791526],[-75.616619,5.791888],[-75.61664,5.792069],[-75.616719,5.792214],[-75.616975,5.792437],[-75.617149,5.792685],[-75.617238,5.792938],[-75.617259,5.793192],[-75.617226,5.7933],[-75.617156,5.793359],[-75.616903,5.793355],[-75.616794,5.793402],[-75.61641,5.793843],[-75.616686,5.794032],[-75.61712,5.794142],[-75.617734,5.794002],[-75.617809,5.794097],[-75.617723,5.794387],[-75.617737,5.794459],[-75.618052,5.79464],[-75.61796,5.794893],[-75.617936,5.795147],[-75.617847,5.795364],[-75.617855,5.795726],[-75.617932,5.796088],[-75.617877,5.796378],[-75.618116,5.796993],[-75.618109,5.797392],[-75.618264,5.797862],[-75.618234,5.797971],[-75.618021,5.798188],[-75.618204,5.798303],[-75.618302,5.798442],[-75.618341,5.798768],[-75.61851,5.79913],[-75.618349,5.799583],[-75.618008,5.799745],[-75.618218,5.800361],[-75.618214,5.800542],[-75.618132,5.800806],[-75.617976,5.801012],[-75.61787,5.801266],[-75.617363,5.801628],[-75.617158,5.802026],[-75.616798,5.802497],[-75.616668,5.803221],[-75.616434,5.803511],[-75.616226,5.804271],[-75.615948,5.804488],[-75.615673,5.804893],[-75.615434,5.805031],[-75.61549,5.805502],[-75.615475,5.805936],[-75.615673,5.806354],[-75.615762,5.806045],[-75.615854,5.805966],[-75.615963,5.805986],[-75.616397,5.806306],[-75.616758,5.806308],[-75.616939,5.806191],[-75.617228,5.806087],[-75.617626,5.805412],[-75.617803,5.804742],[-75.617801,5.804054],[-75.617664,5.803438],[-75.617698,5.803164],[-75.617951,5.803266]]]}},{"type":"Feature","properties":{"elev":655},"geometry":{"type":"MultiLineString","coordinates":[[[-75.616428,5.791309],[-75.616515,5.791599],[-75.616478,5.791997],[-75.616505,5.792211],[-75.616577,5.792314],[-75.616868,5.79254],[-75.617043,5.792757],[-75.617107,5.792938],[-75.617094,5.793156],[-75.617047,5.793224],[-75.61683,5.793218],[-75.616722,5.793258],[-75.616405,5.79359],[-75.61618,5.793748],[-75.615734,5.79388],[-75.615818,5.793959],[-75.616035,5.794061],[-75.61636,5.794076],[-75.616722,5.794229],[-75.617192,5.794246],[-75.617445,5.794172],[-75.61759,5.794174],[-75.617568,5.794495],[-75.617846,5.794676],[-75.617761,5.79493],[-75.617779,5.795147],[-75.617723,5.795364],[-75.617761,5.796378],[-75.617988,5.796993],[-75.617935,5.797355],[-75.618079,5.797681],[-75.618108,5.797862],[-75.618052,5.797971],[-75.617879,5.798105],[-75.617304,5.798297],[-75.617232,5.798369],[-75.617481,5.798474],[-75.617734,5.798423],[-75.618132,5.798653],[-75.61834,5.79913],[-75.618204,5.799429],[-75.617915,5.799589],[-75.617754,5.799854],[-75.61777,5.800016],[-75.61806,5.800278],[-75.618116,5.800397],[-75.617843,5.801124],[-75.61777,5.801226],[-75.617316,5.801519],[-75.617002,5.802099],[-75.61662,5.802497],[-75.616598,5.803148],[-75.616505,5.803284],[-75.61627,5.803402],[-75.616264,5.803619],[-75.616077,5.804198],[-75.615782,5.804405],[-75.615655,5.804669],[-75.615565,5.804754],[-75.615348,5.804818],[-75.615059,5.804789],[-75.615056,5.80485],[-75.615215,5.80514],[-75.615193,5.805502],[-75.615273,5.805864],[-75.61563,5.806552],[-75.615635,5.80695],[-75.615493,5.807171],[-75.615384,5.807225],[-75.615276,5.807218],[-75.615095,5.807072],[-75.615023,5.807064],[-75.614697,5.807257],[-75.614565,5.807385],[-75.614553,5.807457],[-75.614914,5.807578],[-75.615493,5.807867],[-75.615691,5.807855],[-75.616173,5.807711],[-75.61636,5.807593],[-75.616469,5.807416],[-75.616502,5.80724],[-75.616438,5.807023],[-75.616282,5.806805],[-75.616271,5.806733],[-75.616319,5.806624],[-75.616541,5.806456],[-75.61683,5.806425],[-75.61712,5.806343],[-75.617264,5.806259],[-75.617449,5.8059],[-75.617792,5.805393],[-75.617913,5.804633],[-75.617875,5.803655],[-75.617915,5.803598],[-75.617987,5.803593]]]}},{"type":"Feature","properties":{"elev":660},"geometry":{"type":"MultiLineString","coordinates":[[[-75.61627,5.791309],[-75.616378,5.791635],[-75.616359,5.792106],[-75.616477,5.792612],[-75.616465,5.79283],[-75.616505,5.792942],[-75.616625,5.793083],[-75.616622,5.793192],[-75.616288,5.793522],[-75.615927,5.793707],[-75.61571,5.793626],[-75.615312,5.79321],[-75.615165,5.793192],[-75.615117,5.793264],[-75.615376,5.793807],[-75.615852,5.794206],[-75.615999,5.794382],[-75.616107,5.794373],[-75.61636,5.794215],[-75.616794,5.794352],[-75.61735,5.79435],[-75.617409,5.794387],[-75.617477,5.794604],[-75.617618,5.794712],[-75.617487,5.79493],[-75.617478,5.795038],[-75.61759,5.795253],[-75.617641,5.795654],[-75.617625,5.796305],[-75.617846,5.796993],[-75.617771,5.797355],[-75.617928,5.797681],[-75.617954,5.797826],[-75.617915,5.79791],[-75.617825,5.797971],[-75.617083,5.798214],[-75.61683,5.798256],[-75.616813,5.798297],[-75.617264,5.798669],[-75.617481,5.798706],[-75.617734,5.798598],[-75.617893,5.798804],[-75.618088,5.798876],[-75.618146,5.798949],[-75.618191,5.799093],[-75.618165,5.799202],[-75.617909,5.799383],[-75.617698,5.799698],[-75.617617,5.799926],[-75.617651,5.800107],[-75.617906,5.800324],[-75.617961,5.800433],[-75.61783,5.800614],[-75.617837,5.800904],[-75.617734,5.801121],[-75.617229,5.801374],[-75.617156,5.801603],[-75.616897,5.802026],[-75.61683,5.802078],[-75.616592,5.802135],[-75.616467,5.802243],[-75.616429,5.802569],[-75.616527,5.802895],[-75.616524,5.803112],[-75.616433,5.803218],[-75.616216,5.803214],[-75.616062,5.80333],[-75.616145,5.803583],[-75.615963,5.804131],[-75.61571,5.804299],[-75.615584,5.804561],[-75.61551,5.804633],[-75.615348,5.804647],[-75.61495,5.80455],[-75.614878,5.804571],[-75.614845,5.804633],[-75.614857,5.804959],[-75.615055,5.805285],[-75.615125,5.805828],[-75.615277,5.806117],[-75.615543,5.806479],[-75.615585,5.806661],[-75.615553,5.806805],[-75.615384,5.806881],[-75.615059,5.806785],[-75.61477,5.806877],[-75.614408,5.806741],[-75.614155,5.806843],[-75.613649,5.807382],[-75.61332,5.807566],[-75.613034,5.807847],[-75.61286,5.807964],[-75.612834,5.808036],[-75.612885,5.808254],[-75.612861,5.808507],[-75.612781,5.808647],[-75.612666,5.808724],[-75.612622,5.808833],[-75.612709,5.808855],[-75.612926,5.8088],[-75.613143,5.80859],[-75.613323,5.808666],[-75.613396,5.808646],[-75.613452,5.808579],[-75.613497,5.808362],[-75.61401,5.808267],[-75.614384,5.807928],[-75.614697,5.807807],[-75.614806,5.807799],[-75.615167,5.80792],[-75.615338,5.808109],[-75.615378,5.808217]],[[-75.615707,5.808181],[-75.615782,5.808087],[-75.615963,5.808026],[-75.61636,5.80778],[-75.61652,5.807602],[-75.616611,5.80724],[-75.616557,5.807059],[-75.616385,5.806769],[-75.616447,5.806624],[-75.616577,5.806534],[-75.617011,5.806511],[-75.617264,5.806414],[-75.617388,5.806298],[-75.617517,5.80597],[-75.617698,5.805775]]]}},{"type":"Feature","properties":{"elev":665},"geometry":{"type":"MultiLineString","coordinates":[[[-75.616081,5.791309],[-75.616212,5.791599],[-75.616153,5.791816],[-75.616159,5.792069],[-75.616314,5.792721],[-75.616492,5.793119],[-75.616458,5.793228],[-75.616173,5.793481],[-75.61589,5.793593],[-75.61571,5.7935],[-75.615395,5.793083],[-75.615203,5.792991],[-75.614733,5.793034],[-75.614703,5.793083],[-75.614731,5.793264],[-75.615068,5.793626],[-75.615285,5.793988],[-75.61571,5.794337],[-75.615927,5.794608],[-75.616288,5.794528],[-75.616469,5.794352],[-75.617228,5.794571],[-75.617386,5.794749],[-75.617337,5.795038],[-75.617448,5.795328],[-75.61753,5.795799],[-75.617461,5.796233],[-75.617646,5.796704],[-75.617663,5.797066],[-75.617625,5.797319],[-75.617745,5.797754],[-75.617667,5.797826],[-75.617373,5.797951],[-75.61665,5.798099],[-75.616588,5.798152],[-75.616697,5.798333],[-75.616929,5.798514],[-75.61712,5.798747],[-75.6173,5.798808],[-75.617675,5.798804],[-75.618037,5.799057],[-75.618026,5.799166],[-75.617879,5.799255],[-75.617729,5.799419],[-75.617482,5.799999],[-75.617567,5.80018],[-75.61783,5.800397],[-75.617718,5.800614],[-75.617747,5.800904],[-75.617662,5.801026],[-75.6173,5.801204],[-75.617047,5.801217],[-75.617027,5.801483],[-75.616903,5.801713],[-75.616758,5.801849],[-75.616476,5.801954],[-75.616339,5.802099],[-75.616297,5.80228],[-75.616418,5.80304],[-75.616395,5.803076],[-75.616143,5.803114],[-75.615921,5.803257],[-75.61591,5.803366],[-75.616007,5.803655],[-75.615887,5.804054],[-75.615639,5.804235],[-75.615439,5.804488],[-75.615203,5.804375],[-75.615023,5.804392],[-75.614842,5.804258],[-75.61477,5.804276],[-75.614736,5.804343],[-75.614709,5.804524],[-75.614748,5.804778],[-75.614685,5.805031],[-75.614923,5.805357],[-75.615014,5.805828],[-75.615105,5.806045],[-75.615469,5.806479],[-75.615501,5.806588],[-75.61547,5.806697],[-75.615203,5.806694],[-75.614986,5.806592],[-75.614878,5.806719],[-75.61477,5.80675],[-75.614336,5.806555],[-75.614227,5.806543],[-75.614123,5.806588],[-75.613864,5.806805],[-75.613757,5.807048],[-75.613508,5.807312],[-75.612674,5.807855],[-75.611986,5.808509],[-75.611877,5.808554],[-75.611624,5.808538],[-75.611371,5.808637],[-75.611349,5.808833],[-75.611226,5.809013],[-75.611217,5.809086],[-75.611386,5.80934]],[[-75.616301,5.808073],[-75.616577,5.807687],[-75.616743,5.807276],[-75.616566,5.806697],[-75.61665,5.806643],[-75.617264,5.806602]],[[-75.611623,5.80934],[-75.61166,5.809177],[-75.611805,5.809117],[-75.612239,5.809211],[-75.612445,5.80934]]]}},{"type":"Feature","properties":{"elev":670},"geometry":{"type":"MultiLineString","coordinates":[[[-75.615875,5.791309],[-75.61605,5.791599],[-75.616046,5.792106],[-75.616166,5.792612],[-75.61638,5.793083],[-75.616367,5.793192],[-75.6163,5.793264],[-75.616035,5.79345],[-75.615818,5.793485],[-75.615727,5.793409],[-75.615603,5.793119],[-75.615512,5.793011],[-75.615348,5.792899],[-75.615131,5.792845],[-75.61477,5.792904],[-75.614369,5.79283],[-75.614024,5.792974],[-75.613909,5.793119],[-75.61401,5.793153],[-75.614263,5.792989],[-75.614408,5.793021],[-75.614445,5.793119],[-75.614398,5.793337],[-75.614444,5.793514],[-75.61477,5.793567],[-75.614914,5.793652],[-75.615117,5.794061],[-75.615673,5.794477],[-75.615927,5.794827],[-75.615985,5.794821],[-75.616071,5.794691],[-75.616397,5.794658],[-75.61665,5.794507],[-75.616903,5.794604],[-75.617212,5.794857],[-75.6173,5.795328],[-75.617156,5.795439],[-75.617127,5.795545],[-75.617192,5.795812],[-75.617378,5.795871],[-75.617338,5.796197],[-75.617483,5.796668],[-75.617466,5.797211],[-75.617552,5.797681],[-75.617409,5.797808],[-75.617083,5.797915],[-75.616613,5.797953],[-75.616071,5.797929],[-75.61589,5.797963],[-75.615818,5.798025],[-75.615698,5.798369],[-75.615746,5.798382],[-75.616107,5.798179],[-75.61636,5.798196],[-75.616846,5.798514],[-75.617011,5.798762],[-75.617156,5.798889],[-75.617264,5.798936],[-75.617553,5.798921],[-75.617724,5.799057],[-75.617758,5.799202],[-75.617626,5.799374],[-75.61756,5.799636],[-75.617359,5.799999],[-75.617387,5.800107],[-75.617625,5.800397],[-75.617619,5.800831],[-75.617574,5.800904],[-75.617228,5.801101],[-75.616953,5.801049],[-75.61683,5.801592],[-75.616722,5.801688],[-75.616453,5.801736],[-75.61618,5.802097],[-75.616162,5.802207],[-75.616305,5.802931],[-75.616216,5.803004],[-75.615752,5.803112],[-75.61581,5.803511],[-75.615887,5.803692],[-75.615782,5.804004],[-75.615456,5.804176],[-75.615095,5.804063],[-75.614697,5.804083],[-75.61448,5.804218],[-75.6143,5.804272],[-75.614312,5.804416],[-75.614625,5.804702],[-75.614654,5.804778],[-75.614473,5.805067],[-75.614476,5.805212],[-75.614586,5.805321],[-75.614806,5.805443],[-75.614898,5.805611],[-75.615012,5.80619],[-75.614842,5.806342],[-75.61485,5.806552],[-75.614811,5.806624],[-75.614733,5.806637],[-75.614388,5.806443],[-75.614227,5.806395],[-75.614083,5.806409],[-75.613845,5.806516],[-75.613673,5.806661],[-75.613206,5.807348],[-75.612347,5.807922],[-75.612002,5.808217],[-75.611841,5.80841],[-75.611769,5.808437],[-75.611407,5.808418],[-75.611271,5.808471],[-75.611094,5.808688],[-75.611046,5.809074],[-75.610835,5.80934]],[[-75.615203,5.806325],[-75.615339,5.806443],[-75.615362,5.806516],[-75.61533,5.806552],[-75.615203,5.806565],[-75.615141,5.806516],[-75.615148,5.806371],[-75.615203,5.806325]],[[-75.616723,5.807711],[-75.616751,5.807566],[-75.616894,5.807276],[-75.61683,5.806906],[-75.616975,5.806809],[-75.617156,5.806788]]]}},{"type":"Feature","properties":{"elev":675},"geometry":{"type":"MultiLineString","coordinates":[[[-75.615715,5.791309],[-75.615934,5.791671],[-75.615888,5.791961],[-75.615988,5.792287],[-75.615979,5.792685],[-75.616015,5.792757],[-75.61618,5.792847],[-75.616247,5.792938],[-75.61628,5.793083],[-75.616216,5.793214],[-75.615999,5.79335],[-75.615854,5.793392],[-75.615762,5.7933],[-75.61571,5.792987],[-75.615384,5.792797],[-75.615131,5.79274],[-75.614697,5.792787],[-75.614083,5.792555],[-75.613757,5.792512],[-75.613627,5.79254],[-75.613605,5.792576],[-75.613734,5.792757],[-75.61368,5.792974],[-75.613693,5.793337],[-75.613724,5.793409],[-75.61383,5.793458],[-75.614191,5.793446],[-75.6143,5.793687],[-75.614625,5.793694],[-75.614784,5.793735],[-75.614842,5.793807],[-75.61495,5.794136],[-75.615637,5.794641],[-75.615827,5.794893],[-75.615902,5.795074],[-75.616035,5.795054],[-75.616324,5.794838],[-75.616722,5.79464],[-75.616867,5.7947],[-75.617071,5.79493],[-75.617096,5.795074],[-75.617001,5.795437],[-75.617244,5.796342],[-75.617239,5.797066],[-75.617384,5.797392],[-75.617432,5.797645],[-75.617369,5.797718],[-75.617192,5.797803],[-75.616758,5.797869],[-75.616324,5.797854],[-75.615854,5.797729],[-75.61571,5.797762],[-75.615667,5.79779],[-75.615703,5.797971],[-75.61567,5.798116],[-75.615247,5.798586],[-75.61518,5.798731],[-75.615214,5.798768],[-75.615384,5.798791],[-75.615818,5.798655],[-75.616146,5.798695],[-75.616216,5.79864],[-75.616286,5.798405],[-75.61636,5.798368],[-75.616541,5.79841],[-75.616811,5.79855],[-75.617192,5.799066],[-75.617481,5.799145],[-75.617537,5.799202],[-75.617505,5.7996],[-75.617259,5.800035],[-75.61743,5.800361],[-75.617428,5.800578],[-75.617348,5.800795],[-75.617264,5.800902],[-75.616939,5.800917],[-75.616826,5.800976],[-75.616705,5.801483],[-75.616613,5.801543],[-75.616397,5.801564],[-75.616249,5.801845],[-75.616077,5.802062],[-75.616051,5.802207],[-75.616134,5.802533],[-75.616107,5.802851],[-75.615818,5.802845],[-75.615552,5.803004],[-75.615539,5.803112],[-75.615727,5.803619],[-75.615724,5.803728],[-75.615673,5.803817],[-75.615493,5.803898],[-75.614599,5.803981],[-75.614336,5.804073],[-75.614046,5.803966],[-75.613994,5.803981],[-75.614092,5.804235],[-75.614057,5.804488],[-75.614083,5.804557],[-75.6143,5.804608],[-75.614516,5.804778],[-75.614464,5.804886],[-75.614226,5.804995],[-75.614204,5.805104],[-75.61439,5.805321],[-75.614806,5.805594],[-75.614853,5.805792],[-75.614841,5.806117],[-75.614723,5.80619],[-75.614589,5.806394],[-75.614191,5.806294],[-75.613793,5.806396],[-75.613531,5.806588],[-75.613106,5.807109],[-75.612889,5.807461],[-75.6126,5.807528],[-75.612456,5.807697],[-75.612203,5.807791],[-75.611722,5.80829],[-75.61117,5.808362],[-75.61099,5.808616],[-75.610928,5.809014],[-75.610585,5.80934]]]}},{"type":"Feature","properties":{"elev":680},"geometry":{"type":"MultiLineString","coordinates":[[[-75.615408,5.791309],[-75.615493,5.791493],[-75.61571,5.791569],[-75.615795,5.791671],[-75.615724,5.791925],[-75.615844,5.79225],[-75.615779,5.792721],[-75.615673,5.792781],[-75.61524,5.792651],[-75.614661,5.792676],[-75.613793,5.792359],[-75.613576,5.792358],[-75.613331,5.792468],[-75.613269,5.79254],[-75.613453,5.792757],[-75.613458,5.792938],[-75.613547,5.793119],[-75.61353,5.7933],[-75.613424,5.793481],[-75.614003,5.793662],[-75.6141,5.793735],[-75.614191,5.793881],[-75.614444,5.793811],[-75.614625,5.793862],[-75.614842,5.794249],[-75.615493,5.79467],[-75.61565,5.794821],[-75.615739,5.794966],[-75.615719,5.795147],[-75.615746,5.795201],[-75.616216,5.795241],[-75.616324,5.79518],[-75.616445,5.794966],[-75.616577,5.794871],[-75.616758,5.794823],[-75.616909,5.794893],[-75.616958,5.795002],[-75.616911,5.7954],[-75.617139,5.796342],[-75.617011,5.796812],[-75.617003,5.796993],[-75.617047,5.79711],[-75.617267,5.797392],[-75.617317,5.797609],[-75.617257,5.797681],[-75.617089,5.797754],[-75.616613,5.797811],[-75.616409,5.79779],[-75.616215,5.797718],[-75.616107,5.797637],[-75.615999,5.797437],[-75.615927,5.797395],[-75.615637,5.797561],[-75.615306,5.797573],[-75.615227,5.797609],[-75.615243,5.797645],[-75.615384,5.79773],[-75.615579,5.797935],[-75.615587,5.798043],[-75.615529,5.798127],[-75.615348,5.798266],[-75.614986,5.798411],[-75.61477,5.798431],[-75.614553,5.798647],[-75.614191,5.798675],[-75.614078,5.798731],[-75.614038,5.798804],[-75.614878,5.799023],[-75.615095,5.798944],[-75.615456,5.798929],[-75.615746,5.798849],[-75.616216,5.798993],[-75.616422,5.798804],[-75.616505,5.798545],[-75.616577,5.798515],[-75.616722,5.798554],[-75.616803,5.798623],[-75.61712,5.79911],[-75.617373,5.799305],[-75.617432,5.799419],[-75.617436,5.7996],[-75.617175,5.800035],[-75.617329,5.800361],[-75.617272,5.800614],[-75.617156,5.800769],[-75.616794,5.800806],[-75.616686,5.800855],[-75.616577,5.801358],[-75.61636,5.801368],[-75.616215,5.801483],[-75.61618,5.801773],[-75.615963,5.802106],[-75.615961,5.80228],[-75.616028,5.802497],[-75.615999,5.802605],[-75.61589,5.802684],[-75.615616,5.80275],[-75.615401,5.803004],[-75.615614,5.803511],[-75.61558,5.803655],[-75.61495,5.803833],[-75.614336,5.803902],[-75.614191,5.803856],[-75.613938,5.803643],[-75.613793,5.803616],[-75.613748,5.803655],[-75.613757,5.803836],[-75.613909,5.804271],[-75.613811,5.804524],[-75.613893,5.804814],[-75.614138,5.805212],[-75.614736,5.805647],[-75.614788,5.805828],[-75.614733,5.805963],[-75.614589,5.805959],[-75.614541,5.806081],[-75.614408,5.806167],[-75.613576,5.806303],[-75.613312,5.806624],[-75.612999,5.806914],[-75.612892,5.80724],[-75.612817,5.807328],[-75.612515,5.807421],[-75.612347,5.807564],[-75.612022,5.807648],[-75.611932,5.807747],[-75.611806,5.808036],[-75.611624,5.8082],[-75.611118,5.808246],[-75.610707,5.808507],[-75.61065,5.808616],[-75.610804,5.80876],[-75.610707,5.809014],[-75.610641,5.809086],[-75.610431,5.809169],[-75.61025,5.809297],[-75.609744,5.809187],[-75.609202,5.809321],[-75.608768,5.809201],[-75.608648,5.809123],[-75.608442,5.80884],[-75.608262,5.808728],[-75.608189,5.80875],[-75.607936,5.808972],[-75.607755,5.808983],[-75.607611,5.808927],[-75.607547,5.808942],[-75.607516,5.809195],[-75.607588,5.80934]],[[-75.616143,5.792969],[-75.616173,5.793047],[-75.616143,5.793128],[-75.615963,5.793223],[-75.61589,5.793203],[-75.615914,5.793083],[-75.615989,5.792974],[-75.616071,5.792941],[-75.616143,5.792969]]]}},{"type":"Feature","properties":{"elev":685},"geometry":{"type":"MultiLineString","coordinates":[[[-75.615198,5.791309],[-75.615384,5.791681],[-75.615535,5.791816],[-75.615648,5.792431],[-75.615619,5.79254],[-75.615493,5.792576],[-75.614842,5.792564],[-75.614566,5.792504],[-75.614119,5.792302],[-75.613613,5.792194],[-75.613504,5.792209],[-75.612963,5.792504],[-75.613005,5.792649],[-75.613222,5.792793],[-75.613469,5.793156],[-75.613432,5.793311],[-75.613204,5.793481],[-75.613305,5.793554],[-75.613794,5.793699],[-75.61401,5.793856],[-75.614113,5.794061],[-75.614336,5.794],[-75.614442,5.794024],[-75.614715,5.794387],[-75.615468,5.794785],[-75.615562,5.794893],[-75.615594,5.795002],[-75.615445,5.795328],[-75.615456,5.795376],[-75.615782,5.795373],[-75.616143,5.7955],[-75.616397,5.795459],[-75.616551,5.795364],[-75.61665,5.795041],[-75.616794,5.795051],[-75.616832,5.7954],[-75.616937,5.79569],[-75.61705,5.796342],[-75.617023,5.796487],[-75.616867,5.7967],[-75.61686,5.796993],[-75.616916,5.797138],[-75.617163,5.797428],[-75.617199,5.797573],[-75.617145,5.797645],[-75.616975,5.797714],[-75.616505,5.797731],[-75.616251,5.797537],[-75.616051,5.797211],[-75.61589,5.797183],[-75.615601,5.797368],[-75.61524,5.79741],[-75.614837,5.797573],[-75.614835,5.797645],[-75.614901,5.797718],[-75.615312,5.797898],[-75.615312,5.797956],[-75.614661,5.798159],[-75.614227,5.798505],[-75.613757,5.798794],[-75.613348,5.798876],[-75.613649,5.79906],[-75.613974,5.799178],[-75.614155,5.799118],[-75.614589,5.799134],[-75.615023,5.799295],[-75.615067,5.799274],[-75.615096,5.79913],[-75.615158,5.799057],[-75.615493,5.799021],[-75.615637,5.799049],[-75.615854,5.799183],[-75.616252,5.799264],[-75.61636,5.799222],[-75.616469,5.799111],[-75.616686,5.798655],[-75.616758,5.798698],[-75.617083,5.799174],[-75.617308,5.799383],[-75.617372,5.799564],[-75.61711,5.799999],[-75.617106,5.800107],[-75.617208,5.800324],[-75.617156,5.800552],[-75.617047,5.800647],[-75.616686,5.800725],[-75.616597,5.800795],[-75.616469,5.801203],[-75.616216,5.801352],[-75.616097,5.801483],[-75.616094,5.801736],[-75.61588,5.802099],[-75.615904,5.802533],[-75.615601,5.802645],[-75.615384,5.802869],[-75.615256,5.802931],[-75.615492,5.803402],[-75.615501,5.803547],[-75.61495,5.80371],[-75.614553,5.80377],[-75.614408,5.803753],[-75.6143,5.803692],[-75.614155,5.803443],[-75.614046,5.80337],[-75.613793,5.803468],[-75.613576,5.803484],[-75.613494,5.803547],[-75.613484,5.803655],[-75.613576,5.803753],[-75.613624,5.803909],[-75.61368,5.804307],[-75.613571,5.804524],[-75.613688,5.804705],[-75.613601,5.804923],[-75.613902,5.80506],[-75.614067,5.805248],[-75.61453,5.805647],[-75.614083,5.805674],[-75.614011,5.805936],[-75.614293,5.8059],[-75.614347,5.805973],[-75.6143,5.806044],[-75.614155,5.806092],[-75.613974,5.806086],[-75.613793,5.806162],[-75.613502,5.80619],[-75.613251,5.806531],[-75.612889,5.806807],[-75.612611,5.80724],[-75.612407,5.807312],[-75.612303,5.807421],[-75.612022,5.807508],[-75.611893,5.807602],[-75.611696,5.807987],[-75.611615,5.808073],[-75.611479,5.808134],[-75.61119,5.808129],[-75.611009,5.808167],[-75.610684,5.808397],[-75.610507,5.808471],[-75.610469,5.808543],[-75.610472,5.808797],[-75.610286,5.808986],[-75.609925,5.809045],[-75.609238,5.809038],[-75.608981,5.808905],[-75.608519,5.808543],[-75.60837,5.808374],[-75.608298,5.808351],[-75.608081,5.808494],[-75.607755,5.808638],[-75.607683,5.808606],[-75.607575,5.808418],[-75.607502,5.808433],[-75.607365,5.808616],[-75.607141,5.808723],[-75.607036,5.809086],[-75.606924,5.809224],[-75.606815,5.809262],[-75.606635,5.809213],[-75.605803,5.808696],[-75.605586,5.808613],[-75.605456,5.808616],[-75.60549,5.808833],[-75.605792,5.80934]],[[-75.605659,5.80934],[-75.605225,5.80894],[-75.605152,5.808912],[-75.605079,5.808978]]]}},{"type":"Feature","properties":{"elev":690},"geometry":{"type":"MultiLineString","coordinates":[[[-75.614912,5.791309],[-75.615131,5.791587],[-75.615276,5.791851],[-75.615434,5.792214],[-75.615456,5.792405],[-75.615276,5.792456],[-75.614976,5.792395],[-75.614589,5.792153],[-75.614372,5.791915],[-75.614227,5.791858],[-75.614142,5.791925],[-75.614165,5.792106],[-75.61406,5.792178],[-75.613844,5.792178],[-75.613576,5.792049],[-75.613396,5.79207],[-75.613106,5.792308],[-75.61281,5.792431],[-75.612757,5.792504],[-75.612904,5.792793],[-75.613359,5.793154],[-75.613364,5.793264],[-75.613251,5.793337],[-75.612889,5.793403],[-75.612781,5.793467],[-75.612763,5.793518],[-75.612892,5.79359],[-75.613323,5.793637],[-75.613647,5.793735],[-75.613884,5.793988],[-75.613897,5.794242],[-75.61401,5.794386],[-75.614083,5.794362],[-75.614187,5.794242],[-75.614263,5.794247],[-75.614733,5.794608],[-75.615348,5.794864],[-75.61543,5.794966],[-75.615442,5.795111],[-75.615322,5.795292],[-75.615077,5.795364],[-75.615067,5.7954],[-75.615174,5.795473],[-75.615384,5.795541],[-75.61571,5.795524],[-75.616107,5.795652],[-75.616541,5.795608],[-75.616722,5.795527],[-75.616794,5.79555],[-75.616861,5.79569],[-75.616973,5.796378],[-75.616939,5.796476],[-75.616794,5.796631],[-75.616758,5.79703],[-75.616826,5.797174],[-75.617054,5.797428],[-75.617078,5.797573],[-75.616903,5.797663],[-75.616577,5.797659],[-75.616362,5.797428],[-75.616216,5.797102],[-75.616071,5.797021],[-75.615854,5.797033],[-75.615529,5.797172],[-75.615023,5.797203],[-75.614842,5.797319],[-75.614487,5.797464],[-75.61464,5.797826],[-75.614633,5.797935],[-75.614534,5.798043],[-75.614046,5.798383],[-75.613576,5.798588],[-75.613251,5.798569],[-75.612998,5.798726],[-75.612781,5.79873],[-75.612753,5.798768],[-75.61307,5.79908],[-75.613323,5.799114],[-75.613757,5.799323],[-75.613974,5.799649],[-75.614245,5.799419],[-75.614553,5.79938],[-75.614914,5.79944],[-75.614952,5.799492],[-75.61495,5.799701],[-75.614986,5.7997],[-75.615167,5.799517],[-75.61521,5.799202],[-75.615384,5.79911],[-75.615529,5.799147],[-75.615702,5.799311],[-75.616034,5.799528],[-75.616252,5.799598],[-75.61636,5.799536],[-75.616577,5.799281],[-75.616722,5.798981],[-75.616794,5.798929],[-75.61726,5.799492],[-75.617258,5.799636],[-75.617046,5.799999],[-75.617085,5.800288],[-75.61706,5.800361],[-75.61685,5.800578],[-75.616577,5.800708],[-75.616474,5.800867],[-75.616397,5.801141],[-75.616007,5.801447],[-75.616004,5.801736],[-75.615804,5.802062],[-75.615819,5.802352],[-75.615782,5.802461],[-75.615529,5.8026],[-75.615348,5.802795],[-75.61524,5.802818],[-75.615053,5.802678],[-75.614733,5.802257],[-75.614553,5.802141],[-75.61444,5.802135],[-75.614839,5.802605],[-75.615014,5.802895],[-75.615276,5.803117],[-75.615384,5.803451],[-75.615167,5.803532],[-75.614878,5.803556],[-75.614553,5.803639],[-75.614398,5.803547],[-75.614227,5.803187],[-75.614083,5.803134],[-75.613938,5.803182],[-75.613757,5.803351],[-75.613444,5.803402],[-75.613277,5.8038],[-75.613287,5.803847],[-75.613444,5.803909],[-75.613501,5.804162],[-75.613487,5.804343],[-75.613342,5.804488],[-75.613499,5.804705],[-75.613361,5.804886],[-75.613351,5.804959],[-75.613468,5.805045],[-75.613866,5.805156],[-75.614073,5.805357],[-75.614109,5.805466],[-75.613877,5.805574],[-75.613696,5.806009],[-75.613404,5.806117],[-75.613124,5.806479],[-75.612781,5.806669],[-75.612498,5.807095],[-75.612239,5.807196],[-75.61214,5.807312],[-75.611877,5.807471],[-75.611728,5.807638],[-75.611552,5.807934],[-75.611371,5.808016],[-75.610937,5.808052],[-75.610612,5.808281],[-75.610359,5.80832],[-75.610322,5.808724],[-75.610214,5.808847],[-75.609708,5.808897],[-75.60931,5.808785],[-75.608732,5.8084],[-75.608551,5.808236],[-75.608406,5.808001],[-75.608334,5.807972],[-75.608153,5.808217],[-75.608081,5.808259],[-75.607828,5.808209],[-75.607647,5.808105],[-75.607177,5.808081],[-75.607018,5.808435],[-75.606944,5.808905],[-75.606815,5.809067],[-75.606707,5.809112],[-75.606562,5.809056],[-75.605333,5.808253],[-75.605152,5.808181],[-75.604899,5.808147],[-75.604742,5.808217],[-75.604634,5.808435],[-75.603992,5.80876],[-75.603995,5.808913],[-75.604104,5.809159]]]}},{"type":"Feature","properties":{"elev":695},"geometry":{"type":"MultiLineString","coordinates":[[[-75.614649,5.791309],[-75.614698,5.791526],[-75.615143,5.792033],[-75.61521,5.792142],[-75.615203,5.792214],[-75.614986,5.792156],[-75.614336,5.791677],[-75.614083,5.791645],[-75.613721,5.791825],[-75.61354,5.791813],[-75.613432,5.791847],[-75.613034,5.792267],[-75.612532,5.792431],[-75.612662,5.792685],[-75.612782,5.793119],[-75.612738,5.793264],[-75.612508,5.793554],[-75.612635,5.793662],[-75.612709,5.7938],[-75.613215,5.79371],[-75.613432,5.793744],[-75.613613,5.793835],[-75.613722,5.793988],[-75.613865,5.794676],[-75.613938,5.794762],[-75.614155,5.794555],[-75.614336,5.794529],[-75.614516,5.794636],[-75.614806,5.794899],[-75.615282,5.795074],[-75.615292,5.795147],[-75.61524,5.795195],[-75.61495,5.79521],[-75.614572,5.7954],[-75.614512,5.795509],[-75.614625,5.795632],[-75.615637,5.795812],[-75.616107,5.79584],[-75.616505,5.795775],[-75.616686,5.795819],[-75.61682,5.796052],[-75.616884,5.796342],[-75.616704,5.796595],[-75.616649,5.79703],[-75.616794,5.797276],[-75.616975,5.797453],[-75.616988,5.797537],[-75.616867,5.797604],[-75.616676,5.797573],[-75.616469,5.797355],[-75.616322,5.796993],[-75.615999,5.796829],[-75.615854,5.796833],[-75.615529,5.796954],[-75.614661,5.797044],[-75.614156,5.797392],[-75.614159,5.797464],[-75.614316,5.797609],[-75.61436,5.79779],[-75.61434,5.797935],[-75.614243,5.798043],[-75.61401,5.798191],[-75.613746,5.798224],[-75.613251,5.79837],[-75.612879,5.798586],[-75.612592,5.798695],[-75.612496,5.798804],[-75.613106,5.799343],[-75.613323,5.799462],[-75.613613,5.799531],[-75.613938,5.799896],[-75.614119,5.79994],[-75.614408,5.799866],[-75.614589,5.800136],[-75.614697,5.800188],[-75.614842,5.800177],[-75.615025,5.800035],[-75.615116,5.799818],[-75.615292,5.7996],[-75.615376,5.799311],[-75.61542,5.799286],[-75.615601,5.799468],[-75.615818,5.799543],[-75.616288,5.799846],[-75.616867,5.799128],[-75.617094,5.799383],[-75.617164,5.7996],[-75.616992,5.799962],[-75.616959,5.800324],[-75.616786,5.800505],[-75.616505,5.800701],[-75.616324,5.801108],[-75.616056,5.801266],[-75.615924,5.801411],[-75.615888,5.801519],[-75.615915,5.801736],[-75.61572,5.802026],[-75.615719,5.802352],[-75.615312,5.802721],[-75.61524,5.802727],[-75.615179,5.802678],[-75.614927,5.802207],[-75.614628,5.801917],[-75.61448,5.801649],[-75.6143,5.801479],[-75.614191,5.801433],[-75.614083,5.801453],[-75.613915,5.801664],[-75.613804,5.801736],[-75.614046,5.802215],[-75.614589,5.802571],[-75.614764,5.80275],[-75.6148,5.802859],[-75.614639,5.803112],[-75.614642,5.803185],[-75.615023,5.80313],[-75.615165,5.803185],[-75.615187,5.803293],[-75.615157,5.803366],[-75.615095,5.803395],[-75.614625,5.80344],[-75.614581,5.803402],[-75.614539,5.803185],[-75.614363,5.803076],[-75.614119,5.803021],[-75.613938,5.803062],[-75.613685,5.803266],[-75.613576,5.803271],[-75.613396,5.803211],[-75.613329,5.803257],[-75.613285,5.803583],[-75.61307,5.803909],[-75.613143,5.803978],[-75.613323,5.804028],[-75.613366,5.804126],[-75.613359,5.804244],[-75.613304,5.804307],[-75.612978,5.80438],[-75.613033,5.804452],[-75.613297,5.804597],[-75.613347,5.804669],[-75.613167,5.804886],[-75.613179,5.805067],[-75.613468,5.805187],[-75.613789,5.805248],[-75.613878,5.805321],[-75.613866,5.805385],[-75.613669,5.805466],[-75.613662,5.805683],[-75.613608,5.805828],[-75.613432,5.80597],[-75.61307,5.806002],[-75.612998,5.806042],[-75.613034,5.806229],[-75.612916,5.806335],[-75.612709,5.806397],[-75.612636,5.806463],[-75.612454,5.806914],[-75.612347,5.806984],[-75.612094,5.80704],[-75.611371,5.807834],[-75.61119,5.807892],[-75.610829,5.807905],[-75.610503,5.808036],[-75.610286,5.808057],[-75.610091,5.808435],[-75.610065,5.808616],[-75.610011,5.808652],[-75.609708,5.808724],[-75.609346,5.808589],[-75.609129,5.808416],[-75.608406,5.807589],[-75.608314,5.807711],[-75.608189,5.807748],[-75.608009,5.807888],[-75.607936,5.80789],[-75.607683,5.80769],[-75.60743,5.80784],[-75.606985,5.807892],[-75.606837,5.808145],[-75.606896,5.808507],[-75.60687,5.80876],[-75.606779,5.808893],[-75.606635,5.808968],[-75.606454,5.808906],[-75.605225,5.808062],[-75.604791,5.807981],[-75.604212,5.808067],[-75.604165,5.808109],[-75.604104,5.808305],[-75.603778,5.808421],[-75.603441,5.808652],[-75.603253,5.809123],[-75.603041,5.80934]]]}},{"type":"Feature","properties":{"elev":700},"geometry":{"type":"MultiLineString","coordinates":[[[-75.614459,5.791309],[-75.614483,5.79149],[-75.614449,5.791526],[-75.61401,5.791449],[-75.613721,5.791629],[-75.613359,5.791729],[-75.613251,5.791834],[-75.613075,5.792142],[-75.612889,5.792281],[-75.612528,5.792317],[-75.612022,5.792177],[-75.611815,5.792214],[-75.611871,5.792287],[-75.612383,5.792529],[-75.61255,5.792721],[-75.612627,5.793192],[-75.612296,5.793662],[-75.612311,5.793709],[-75.612437,5.793771],[-75.612419,5.793991],[-75.612492,5.79407],[-75.6126,5.794093],[-75.613106,5.793814],[-75.613323,5.793807],[-75.613504,5.793863],[-75.613627,5.794024],[-75.613692,5.794459],[-75.613647,5.794821],[-75.613757,5.795034],[-75.613938,5.795145],[-75.614119,5.795142],[-75.614236,5.794821],[-75.614372,5.794735],[-75.614516,5.794819],[-75.614634,5.795002],[-75.61464,5.795111],[-75.614586,5.795183],[-75.614372,5.795286],[-75.614163,5.795328],[-75.614122,5.795509],[-75.614177,5.795581],[-75.614697,5.795873],[-75.615456,5.796072],[-75.615746,5.796202],[-75.615963,5.796178],[-75.616397,5.795945],[-75.616574,5.795943],[-75.616712,5.796088],[-75.616763,5.796305],[-75.616616,5.796523],[-75.61657,5.796849],[-75.616505,5.796925],[-75.61589,5.796636],[-75.615384,5.796777],[-75.614878,5.796804],[-75.614444,5.796746],[-75.614234,5.796812],[-75.614056,5.796993],[-75.613939,5.797355],[-75.613813,5.797573],[-75.613866,5.797612],[-75.614083,5.797585],[-75.61415,5.797645],[-75.614164,5.797826],[-75.614078,5.797971],[-75.613974,5.798036],[-75.613685,5.798046],[-75.613323,5.798192],[-75.612749,5.79855],[-75.612246,5.798768],[-75.611915,5.799093],[-75.611867,5.799202],[-75.611986,5.79923],[-75.612311,5.799019],[-75.612528,5.798999],[-75.612722,5.799166],[-75.613106,5.799726],[-75.613215,5.799769],[-75.613514,5.799781],[-75.613768,5.800035],[-75.614155,5.800312],[-75.614589,5.800443],[-75.614842,5.800426],[-75.615023,5.800331],[-75.615384,5.799944],[-75.61571,5.799698],[-75.61589,5.799721],[-75.61618,5.800013],[-75.616324,5.800061],[-75.616505,5.799928],[-75.616682,5.7996],[-75.616903,5.799317],[-75.617015,5.799383],[-75.617082,5.7996],[-75.616923,5.799962],[-75.616873,5.800288],[-75.616469,5.800647],[-75.616264,5.801049],[-75.615971,5.801193],[-75.615802,5.801411],[-75.615751,5.801555],[-75.61581,5.801736],[-75.615611,5.80199],[-75.615601,5.80229],[-75.615312,5.802582],[-75.615252,5.802533],[-75.615163,5.802171],[-75.614878,5.801907],[-75.614773,5.8017],[-75.614689,5.801374],[-75.614447,5.801121],[-75.614191,5.801047],[-75.613866,5.801052],[-75.613685,5.801121],[-75.613396,5.801317],[-75.613039,5.801374],[-75.613121,5.801519],[-75.613668,5.801917],[-75.613718,5.802026],[-75.613757,5.802326],[-75.613965,5.802605],[-75.614046,5.802657],[-75.614388,5.802714],[-75.614504,5.802823],[-75.614482,5.802895],[-75.614408,5.802922],[-75.613938,5.80295],[-75.613649,5.803135],[-75.61354,5.803104],[-75.613396,5.802944],[-75.613323,5.802919],[-75.613134,5.803112],[-75.61317,5.803402],[-75.613144,5.803619],[-75.61307,5.803728],[-75.612887,5.803873],[-75.612937,5.803981],[-75.613199,5.804126],[-75.613198,5.804198],[-75.61307,5.804234],[-75.612636,5.804223],[-75.612535,5.804271],[-75.612633,5.80438],[-75.612965,5.804524],[-75.613109,5.804633],[-75.612927,5.804959],[-75.61295,5.805321],[-75.612998,5.805379],[-75.613251,5.805395],[-75.613396,5.805466],[-75.613497,5.805611],[-75.61348,5.805755],[-75.613323,5.805846],[-75.612853,5.805854],[-75.612641,5.805936],[-75.612538,5.806081],[-75.612275,5.8067],[-75.612203,5.806742],[-75.612022,5.806705],[-75.611949,5.806728],[-75.611792,5.807095],[-75.611335,5.807649],[-75.61114,5.807747],[-75.610756,5.807756],[-75.610178,5.807908],[-75.609636,5.808526],[-75.609455,5.8085],[-75.609269,5.808326],[-75.60921,5.808217],[-75.609132,5.807855],[-75.609057,5.807746],[-75.608695,5.807573],[-75.608406,5.807289],[-75.608225,5.807254],[-75.608117,5.807304],[-75.607936,5.807562],[-75.607575,5.807392],[-75.607381,5.807566],[-75.607249,5.807624],[-75.607068,5.807639],[-75.606852,5.807568],[-75.606738,5.807783],[-75.606676,5.808036],[-75.606808,5.808471],[-75.606812,5.808616],[-75.606743,5.80876],[-75.606635,5.808835],[-75.606526,5.808845],[-75.606418,5.8088],[-75.605912,5.808471],[-75.605261,5.807977],[-75.604718,5.807819],[-75.60414,5.807789],[-75.604031,5.807849],[-75.603894,5.808073],[-75.603634,5.808103],[-75.603453,5.808177],[-75.603401,5.808398],[-75.603019,5.8092],[-75.602874,5.809214],[-75.602585,5.809052],[-75.602188,5.808901],[-75.601832,5.809123],[-75.601735,5.80934]]]}},{"type":"Feature","properties":{"elev":705},"geometry":{"type":"MultiLineString","coordinates":[[[-75.613932,5.791309],[-75.613649,5.791534],[-75.613267,5.791707],[-75.613026,5.792106],[-75.612853,5.792242],[-75.612456,5.792249],[-75.612022,5.792041],[-75.611443,5.792051],[-75.611359,5.792106],[-75.611588,5.792313],[-75.612275,5.792565],[-75.612456,5.792724],[-75.61251,5.793192],[-75.612178,5.793626],[-75.612111,5.793843],[-75.612379,5.794242],[-75.612636,5.794363],[-75.612817,5.794255],[-75.613143,5.793932],[-75.613323,5.793892],[-75.613468,5.793947],[-75.613539,5.794061],[-75.613574,5.79435],[-75.613495,5.794749],[-75.613504,5.79493],[-75.613836,5.795618],[-75.613934,5.79569],[-75.614263,5.795752],[-75.614697,5.796007],[-75.615059,5.796145],[-75.615277,5.796305],[-75.61534,5.796414],[-75.615276,5.796508],[-75.614986,5.796608],[-75.614697,5.796644],[-75.6143,5.796598],[-75.613886,5.796812],[-75.613711,5.796993],[-75.613572,5.797247],[-75.613392,5.797355],[-75.613674,5.79779],[-75.613646,5.797899],[-75.612962,5.798279],[-75.612673,5.798505],[-75.612203,5.798709],[-75.611696,5.799059],[-75.611612,5.799166],[-75.611627,5.799238],[-75.611805,5.799469],[-75.611913,5.799552],[-75.612275,5.799181],[-75.612383,5.79914],[-75.612528,5.799177],[-75.612629,5.799274],[-75.612983,5.799818],[-75.613649,5.800108],[-75.613876,5.800324],[-75.613951,5.800505],[-75.613929,5.80065],[-75.613825,5.800759],[-75.613215,5.80104],[-75.612817,5.801025],[-75.61269,5.801266],[-75.612728,5.801374],[-75.612998,5.801686],[-75.613396,5.801936],[-75.613517,5.802135],[-75.613468,5.802322],[-75.613251,5.802265],[-75.613165,5.802316],[-75.613155,5.802569],[-75.613095,5.802786],[-75.612913,5.80304],[-75.61304,5.803293],[-75.613051,5.803438],[-75.612998,5.803557],[-75.61273,5.8038],[-75.612719,5.803909],[-75.612768,5.804054],[-75.612383,5.804142],[-75.612204,5.804307],[-75.612239,5.804362],[-75.612456,5.804391],[-75.612868,5.804633],[-75.612862,5.804705],[-75.612673,5.804925],[-75.612622,5.80514],[-75.612709,5.805395],[-75.613054,5.805647],[-75.61304,5.805683],[-75.612478,5.805864],[-75.612058,5.806245],[-75.611769,5.806424],[-75.61161,5.806661],[-75.611522,5.807095],[-75.611262,5.807355],[-75.610901,5.807546],[-75.610322,5.807756],[-75.610106,5.807792],[-75.609527,5.808321],[-75.609455,5.808298],[-75.609359,5.808181],[-75.609244,5.807819],[-75.609129,5.80764],[-75.608736,5.807385],[-75.608551,5.807033],[-75.608406,5.806886],[-75.608298,5.806826],[-75.608117,5.806798],[-75.607936,5.806875],[-75.607792,5.807095],[-75.607683,5.807178],[-75.607394,5.807172],[-75.607071,5.807312],[-75.606743,5.807237],[-75.606671,5.807267],[-75.606523,5.807819],[-75.606722,5.808507],[-75.606679,5.808652],[-75.606598,5.808721],[-75.606454,5.808701],[-75.606128,5.808534],[-75.605225,5.807871],[-75.604827,5.807732],[-75.604346,5.807638],[-75.604104,5.807497],[-75.603778,5.80782],[-75.603453,5.807706],[-75.60335,5.807747],[-75.603265,5.808398],[-75.603074,5.808833],[-75.602911,5.809076],[-75.60226,5.808745],[-75.602043,5.808717],[-75.601645,5.809021],[-75.601522,5.80934]],[[-75.616252,5.79652],[-75.616357,5.796595],[-75.61636,5.796658],[-75.616216,5.796572],[-75.616212,5.796523],[-75.616252,5.79652]],[[-75.616939,5.799526],[-75.616976,5.799636],[-75.616848,5.79989],[-75.616751,5.800252],[-75.61665,5.800364],[-75.616453,5.800469],[-75.616216,5.800875],[-75.615927,5.801006],[-75.615762,5.801157],[-75.615593,5.801519],[-75.615615,5.801773],[-75.615483,5.801881],[-75.615384,5.802029],[-75.615242,5.801845],[-75.615179,5.801555],[-75.614943,5.801049],[-75.614969,5.800904],[-75.615167,5.800632],[-75.61571,5.800194],[-75.615927,5.800168],[-75.616216,5.800362],[-75.616433,5.800391],[-75.616939,5.799526]]]}},{"type":"Feature","properties":{"elev":710},"geometry":{"type":"MultiLineString","coordinates":[[[-75.613778,5.791309],[-75.613613,5.791467],[-75.613215,5.791679],[-75.612987,5.792069],[-75.612853,5.792188],[-75.612456,5.792185],[-75.612239,5.79193],[-75.611335,5.791903],[-75.611009,5.792019],[-75.610758,5.79225],[-75.610639,5.792431],[-75.610792,5.792418],[-75.611082,5.792272],[-75.611226,5.792256],[-75.611407,5.792345],[-75.611552,5.792507],[-75.611913,5.792501],[-75.612326,5.792685],[-75.612405,5.79283],[-75.612407,5.793192],[-75.611923,5.793735],[-75.611726,5.794024],[-75.611733,5.794089],[-75.61213,5.794167],[-75.612203,5.794434],[-75.612636,5.794634],[-75.612853,5.794545],[-75.613179,5.79414],[-75.613287,5.794076],[-75.613359,5.794087],[-75.613432,5.794197],[-75.613445,5.79435],[-75.613357,5.794785],[-75.613362,5.795002],[-75.613613,5.795742],[-75.613757,5.795815],[-75.6143,5.795911],[-75.614919,5.796233],[-75.615037,5.796378],[-75.614944,5.796487],[-75.614733,5.796551],[-75.614263,5.796445],[-75.613764,5.796776],[-75.613432,5.797195],[-75.613179,5.797267],[-75.613135,5.797319],[-75.613444,5.797754],[-75.613472,5.797862],[-75.613429,5.797935],[-75.612926,5.798176],[-75.612466,5.798514],[-75.612022,5.79871],[-75.611841,5.798713],[-75.611404,5.799166],[-75.611877,5.799696],[-75.611986,5.799762],[-75.612098,5.799673],[-75.612275,5.799331],[-75.612419,5.799294],[-75.612843,5.799854],[-75.613484,5.800216],[-75.613619,5.800397],[-75.613578,5.800614],[-75.613451,5.800759],[-75.613215,5.80087],[-75.612709,5.800866],[-75.612581,5.800976],[-75.612486,5.801157],[-75.612263,5.801338],[-75.612266,5.801374],[-75.612492,5.801468],[-75.612682,5.801628],[-75.612873,5.801954],[-75.61288,5.802461],[-75.612715,5.802967],[-75.612745,5.803076],[-75.612913,5.803293],[-75.612932,5.803402],[-75.612853,5.803518],[-75.612517,5.803692],[-75.612492,5.803928],[-75.611968,5.804343],[-75.611967,5.80438],[-75.612492,5.804584],[-75.612627,5.804705],[-75.612606,5.80485],[-75.612437,5.80514],[-75.612416,5.805248],[-75.612492,5.80539],[-75.612698,5.805611],[-75.612094,5.805801],[-75.611552,5.806151],[-75.611262,5.80657],[-75.611269,5.806914],[-75.611182,5.807059],[-75.610901,5.807274],[-75.610539,5.807432],[-75.610286,5.807615],[-75.610069,5.807648],[-75.609527,5.808119],[-75.609449,5.808073],[-75.609202,5.807593],[-75.608817,5.807276],[-75.608587,5.806822],[-75.60837,5.806692],[-75.608045,5.806674],[-75.607647,5.80692],[-75.607358,5.806936],[-75.60696,5.807029],[-75.606815,5.807021],[-75.606598,5.806894],[-75.606518,5.807059],[-75.606385,5.807819],[-75.606398,5.808],[-75.606509,5.808398],[-75.606503,5.808507],[-75.606454,5.808544],[-75.606309,5.808526],[-75.606128,5.808436],[-75.605188,5.807761],[-75.604574,5.807559],[-75.604176,5.807281],[-75.604031,5.80725],[-75.603959,5.807352],[-75.603887,5.807381],[-75.603661,5.80724],[-75.603333,5.807204],[-75.603236,5.807305],[-75.603166,5.807638],[-75.603169,5.808326],[-75.602936,5.808797],[-75.602838,5.808864],[-75.60273,5.808866],[-75.602188,5.808605],[-75.601826,5.808574],[-75.601573,5.808912],[-75.601397,5.80934]],[[-75.616071,5.800541],[-75.616135,5.800578],[-75.616139,5.80065],[-75.615927,5.800691],[-75.615782,5.800773],[-75.615456,5.801353],[-75.615384,5.801365],[-75.61524,5.801085],[-75.615343,5.800867],[-75.615854,5.800555],[-75.616071,5.800541]],[[-75.601116,5.80934],[-75.601007,5.809195],[-75.600814,5.809142],[-75.600689,5.809159],[-75.600488,5.809307]]]}},{"type":"Feature","properties":{"elev":715},"geometry":{"type":"MultiLineString","coordinates":[[[-75.613684,5.791309],[-75.613576,5.791419],[-75.613179,5.791637],[-75.61295,5.792033],[-75.612817,5.792142],[-75.612456,5.792089],[-75.612383,5.791971],[-75.612347,5.791727],[-75.612022,5.791802],[-75.611335,5.791762],[-75.610956,5.791925],[-75.610359,5.792424],[-75.610274,5.79254],[-75.610319,5.792612],[-75.610467,5.792613],[-75.61119,5.792404],[-75.611335,5.792467],[-75.611479,5.792654],[-75.611913,5.792629],[-75.612239,5.792749],[-75.61232,5.792902],[-75.612295,5.793192],[-75.612114,5.793409],[-75.61141,5.794024],[-75.611335,5.794206],[-75.611335,5.794319],[-75.611407,5.794364],[-75.611733,5.794342],[-75.611877,5.794377],[-75.611949,5.794436],[-75.612022,5.794585],[-75.612334,5.794712],[-75.612528,5.79489],[-75.612817,5.794768],[-75.613106,5.794423],[-75.613251,5.794428],[-75.613303,5.794531],[-75.613265,5.794966],[-75.613352,5.795726],[-75.613613,5.795878],[-75.614372,5.796087],[-75.614826,5.796378],[-75.61477,5.79645],[-75.614625,5.79646],[-75.614444,5.7964],[-75.614227,5.796239],[-75.614083,5.796224],[-75.61401,5.796255],[-75.613999,5.796305],[-75.614057,5.796414],[-75.61402,5.796487],[-75.613721,5.796713],[-75.613396,5.797067],[-75.61307,5.797155],[-75.612976,5.797247],[-75.613097,5.797609],[-75.61326,5.797826],[-75.613264,5.797899],[-75.612817,5.798072],[-75.612419,5.798397],[-75.611805,5.798548],[-75.611516,5.798947],[-75.611223,5.79913],[-75.611082,5.799267],[-75.610766,5.799745],[-75.610709,5.79989],[-75.610526,5.800071],[-75.610573,5.800143],[-75.610648,5.800163],[-75.610829,5.80011],[-75.611046,5.799824],[-75.61117,5.799419],[-75.611265,5.799347],[-75.611407,5.799327],[-75.611516,5.799375],[-75.611696,5.799571],[-75.611986,5.800029],[-75.612094,5.800019],[-75.612275,5.79976],[-75.612383,5.799698],[-75.612456,5.799701],[-75.612817,5.800016],[-75.613185,5.800252],[-75.613323,5.80042],[-75.613313,5.800542],[-75.613215,5.800625],[-75.613034,5.800654],[-75.612745,5.800632],[-75.612419,5.800751],[-75.612347,5.800831],[-75.612219,5.801121],[-75.611852,5.801338],[-75.611889,5.801447],[-75.61202,5.801555],[-75.612311,5.801592],[-75.612456,5.801652],[-75.612602,5.801881],[-75.612654,5.802388],[-75.612585,5.802859],[-75.612699,5.80333],[-75.612636,5.803391],[-75.612347,5.803447],[-75.61213,5.803547],[-75.612105,5.803619],[-75.612246,5.803836],[-75.612209,5.803981],[-75.612058,5.804168],[-75.611841,5.804242],[-75.611805,5.804307],[-75.611821,5.804416],[-75.611877,5.804469],[-75.612383,5.804655],[-75.612494,5.804742],[-75.612486,5.804923],[-75.612279,5.805212],[-75.612347,5.805468],[-75.611957,5.805683],[-75.611443,5.806091],[-75.61119,5.806431],[-75.611082,5.806737],[-75.610973,5.806873],[-75.61062,5.807023],[-75.610322,5.807304],[-75.609599,5.807794],[-75.609455,5.807774],[-75.609206,5.807457],[-75.608912,5.807209],[-75.608707,5.806769],[-75.608551,5.806642],[-75.608045,5.80653],[-75.607611,5.806725],[-75.607322,5.806704],[-75.606924,5.806834],[-75.606779,5.806772],[-75.606635,5.806587],[-75.606454,5.80683],[-75.606257,5.807638],[-75.606167,5.807855],[-75.606165,5.808221],[-75.606092,5.808273],[-75.605855,5.808181],[-75.605188,5.807673],[-75.604646,5.807451],[-75.604098,5.806878],[-75.603778,5.806853],[-75.603561,5.806918],[-75.6032,5.806938],[-75.603136,5.806986],[-75.602991,5.807892],[-75.603056,5.808145],[-75.603044,5.80829],[-75.602983,5.80841],[-75.602694,5.808684],[-75.602549,5.808694],[-75.602151,5.808504],[-75.601715,5.808435],[-75.601665,5.808471],[-75.601609,5.808688],[-75.601428,5.809058],[-75.601284,5.809246],[-75.600994,5.809028],[-75.600452,5.808956]]]}},{"type":"Feature","properties":{"elev":720},"geometry":{"type":"MultiLineString","coordinates":[[[-75.613583,5.791309],[-75.613515,5.791381],[-75.613179,5.791544],[-75.612901,5.791997],[-75.612781,5.792073],[-75.612564,5.792037],[-75.612467,5.791961],[-75.612458,5.791816],[-75.612555,5.791454],[-75.612528,5.791407],[-75.612022,5.791615],[-75.611543,5.791526],[-75.611046,5.791746],[-75.610346,5.79225],[-75.610142,5.79248],[-75.609946,5.792612],[-75.610008,5.792685],[-75.610214,5.792744],[-75.61119,5.792567],[-75.611479,5.792775],[-75.611913,5.792762],[-75.612123,5.792866],[-75.612216,5.793047],[-75.612147,5.793228],[-75.611877,5.793471],[-75.611516,5.793601],[-75.611371,5.793774],[-75.611214,5.79388],[-75.610942,5.794423],[-75.611335,5.794649],[-75.611696,5.794595],[-75.611752,5.79464],[-75.611805,5.794784],[-75.612094,5.794779],[-75.612203,5.794814],[-75.612275,5.794905],[-75.612278,5.795111],[-75.612383,5.795225],[-75.612781,5.794975],[-75.613034,5.794695],[-75.613143,5.794636],[-75.613195,5.795292],[-75.613114,5.795762],[-75.613215,5.795853],[-75.613783,5.796088],[-75.613735,5.796233],[-75.613807,5.796414],[-75.613797,5.796487],[-75.613504,5.796816],[-75.613359,5.796936],[-75.613034,5.796995],[-75.612818,5.797138],[-75.612795,5.797247],[-75.612837,5.797609],[-75.612528,5.797911],[-75.612383,5.798241],[-75.61213,5.798378],[-75.611769,5.798467],[-75.611444,5.798912],[-75.611154,5.799043],[-75.610756,5.799498],[-75.610576,5.7996],[-75.610467,5.799871],[-75.610104,5.799999],[-75.610183,5.800143],[-75.610395,5.80034],[-75.610648,5.800391],[-75.610792,5.80037],[-75.610921,5.800252],[-75.611299,5.799534],[-75.611443,5.799448],[-75.611717,5.799709],[-75.611949,5.800225],[-75.612058,5.80025],[-75.612239,5.800193],[-75.612383,5.799956],[-75.612666,5.80018],[-75.612671,5.800216],[-75.612456,5.800287],[-75.612275,5.800399],[-75.612121,5.800867],[-75.612024,5.801012],[-75.611588,5.801207],[-75.611505,5.801302],[-75.611733,5.80158],[-75.612203,5.801778],[-75.612431,5.802135],[-75.612412,5.802533],[-75.612534,5.803185],[-75.612492,5.803227],[-75.612094,5.803315],[-75.611841,5.803303],[-75.611769,5.803338],[-75.611708,5.803547],[-75.611727,5.803655],[-75.612022,5.803775],[-75.612088,5.803909],[-75.611986,5.804072],[-75.611696,5.804118],[-75.611644,5.804198],[-75.611751,5.804488],[-75.612347,5.804742],[-75.612416,5.804814],[-75.612361,5.804959],[-75.612092,5.80514],[-75.612195,5.805393],[-75.612167,5.805466],[-75.611877,5.805635],[-75.61131,5.806081],[-75.611154,5.806262],[-75.610973,5.806647],[-75.610896,5.806733],[-75.610304,5.806878],[-75.60978,5.807302],[-75.609563,5.807398],[-75.609346,5.807354],[-75.609062,5.807167],[-75.608936,5.807023],[-75.608755,5.806588],[-75.608262,5.806454],[-75.608081,5.806208],[-75.608045,5.806207],[-75.607901,5.806407],[-75.607792,5.806492],[-75.607177,5.806527],[-75.60696,5.806662],[-75.606852,5.806593],[-75.606648,5.806262],[-75.606562,5.80624],[-75.606454,5.806427],[-75.606249,5.80724],[-75.606056,5.807701],[-75.605948,5.808099],[-75.605767,5.80803],[-75.605188,5.807585],[-75.60472,5.807348],[-75.604285,5.806618],[-75.603851,5.806503],[-75.6032,5.806647],[-75.603091,5.806701],[-75.603013,5.806805],[-75.602861,5.807783],[-75.602851,5.808109],[-75.602604,5.808543],[-75.602477,5.808567],[-75.602151,5.808417],[-75.601573,5.808258],[-75.601504,5.808326],[-75.601521,5.808688],[-75.60132,5.809063],[-75.601247,5.809072],[-75.601002,5.808905],[-75.600741,5.808886],[-75.600452,5.808806]]]}},{"type":"Feature","properties":{"elev":725},"geometry":{"type":"MultiLineString","coordinates":[[[-75.613376,5.791309],[-75.613106,5.791481],[-75.612873,5.791888],[-75.612745,5.791965],[-75.612606,5.791925],[-75.612557,5.791816],[-75.612726,5.791309]],[[-75.612398,5.791309],[-75.612311,5.791387],[-75.612094,5.791453],[-75.611949,5.791444],[-75.61166,5.791347],[-75.611479,5.791389],[-75.611082,5.791599],[-75.61025,5.792145],[-75.609997,5.792423],[-75.609538,5.792649],[-75.610178,5.792841],[-75.610539,5.792763],[-75.610865,5.792743],[-75.61119,5.792787],[-75.611479,5.792925],[-75.611841,5.792877],[-75.61198,5.792938],[-75.612025,5.793011],[-75.612018,5.793119],[-75.611939,5.793228],[-75.611805,5.793314],[-75.611588,5.793315],[-75.61119,5.793155],[-75.611009,5.793286],[-75.61097,5.793373],[-75.611004,5.793626],[-75.610795,5.794024],[-75.610718,5.794423],[-75.610756,5.794623],[-75.611364,5.794893],[-75.611397,5.79493],[-75.611394,5.795074],[-75.611443,5.795106],[-75.611877,5.795025],[-75.611906,5.795147],[-75.612166,5.795221],[-75.612275,5.795443],[-75.612311,5.795453],[-75.612998,5.795096],[-75.613034,5.795127],[-75.613051,5.795328],[-75.612912,5.795762],[-75.613034,5.795946],[-75.61333,5.796197],[-75.613469,5.796414],[-75.613434,5.796523],[-75.613323,5.796634],[-75.612863,5.796921],[-75.612655,5.796993],[-75.61263,5.797537],[-75.612383,5.797821],[-75.612206,5.798224],[-75.612058,5.798315],[-75.611733,5.798399],[-75.611588,5.798618],[-75.611407,5.798796],[-75.611118,5.798927],[-75.61072,5.799317],[-75.610395,5.799431],[-75.61025,5.799728],[-75.610142,5.799754],[-75.609852,5.79972],[-75.609722,5.799854],[-75.609745,5.799926],[-75.61029,5.800505],[-75.610503,5.800572],[-75.610756,5.800541],[-75.610937,5.800438],[-75.611109,5.800071],[-75.611407,5.799662],[-75.611552,5.799663],[-75.611696,5.799827],[-75.611856,5.800433],[-75.611966,5.800614],[-75.611952,5.800723],[-75.611552,5.800901],[-75.61116,5.801266],[-75.611479,5.801747],[-75.61213,5.802032],[-75.612209,5.802099],[-75.612257,5.802207],[-75.612251,5.802497],[-75.612368,5.802823],[-75.612378,5.803004],[-75.612239,5.80308],[-75.611805,5.803076],[-75.611624,5.803118],[-75.611545,5.803257],[-75.611515,5.803547],[-75.611353,5.803873],[-75.611447,5.804198],[-75.611655,5.804524],[-75.612216,5.804814],[-75.612218,5.80485],[-75.612166,5.804861],[-75.611913,5.804842],[-75.611835,5.804923],[-75.61188,5.805067],[-75.612078,5.805357],[-75.612077,5.80543],[-75.611479,5.805848],[-75.611118,5.806013],[-75.610937,5.806261],[-75.610812,5.806552],[-75.61072,5.806644],[-75.610359,5.806718],[-75.609997,5.806888],[-75.609455,5.806985],[-75.609238,5.806968],[-75.608985,5.806744],[-75.60884,5.806424],[-75.608442,5.806413],[-75.608369,5.806371],[-75.60831,5.806262],[-75.608305,5.806045],[-75.60821,5.805719],[-75.60821,5.805574],[-75.60835,5.80514],[-75.608515,5.804859],[-75.608659,5.80442],[-75.608659,5.804336],[-75.608587,5.804265],[-75.608542,5.804524],[-75.608453,5.804705],[-75.607972,5.805279],[-75.607755,5.805602],[-75.607744,5.805792],[-75.607816,5.806045],[-75.607719,5.80631],[-75.607611,5.806349],[-75.607358,5.806276],[-75.606888,5.806238],[-75.606562,5.805954],[-75.606453,5.806009],[-75.606375,5.806154],[-75.606184,5.807131],[-75.60602,5.807407],[-75.605839,5.807912],[-75.605731,5.80789],[-75.604758,5.807204],[-75.604584,5.806842],[-75.604501,5.806456],[-75.604176,5.806362],[-75.603742,5.806327],[-75.603055,5.806487],[-75.602889,5.806624],[-75.602759,5.807348],[-75.602694,5.808073],[-75.602585,5.808345],[-75.602513,5.80843],[-75.602404,5.808438],[-75.601862,5.808238],[-75.601645,5.808074],[-75.601573,5.808068],[-75.601428,5.808141],[-75.601368,5.808217],[-75.60145,5.808616],[-75.601404,5.808797],[-75.60132,5.808927],[-75.601247,5.808945],[-75.600994,5.808819],[-75.600452,5.808723]],[[-75.608352,5.803655],[-75.608262,5.803621],[-75.608243,5.803728],[-75.608364,5.804017],[-75.608491,5.804126],[-75.608447,5.803728],[-75.608352,5.803655]]]}},{"type":"Feature","properties":{"elev":730},"geometry":{"type":"MultiLineString","coordinates":[[[-75.611296,5.791309],[-75.610836,5.791635],[-75.61025,5.791956],[-75.609847,5.792359],[-75.609272,5.792612],[-75.609115,5.792721],[-75.609382,5.792798],[-75.609889,5.792834],[-75.610214,5.792932],[-75.610539,5.792848],[-75.610829,5.792875],[-75.610863,5.792938],[-75.610648,5.793228],[-75.610681,5.793518],[-75.610457,5.794314],[-75.61061,5.794749],[-75.610765,5.794893],[-75.611036,5.795255],[-75.611118,5.795618],[-75.611371,5.795643],[-75.611468,5.795437],[-75.611588,5.795362],[-75.611769,5.795406],[-75.612166,5.795643],[-75.612492,5.795518],[-75.612781,5.7955],[-75.612817,5.795875],[-75.613045,5.796269],[-75.612927,5.79645],[-75.6126,5.796675],[-75.612441,5.796849],[-75.612419,5.796957],[-75.612527,5.797283],[-75.612512,5.797464],[-75.612338,5.797681],[-75.612166,5.79806],[-75.612069,5.798188],[-75.611696,5.798316],[-75.611516,5.798551],[-75.611154,5.798687],[-75.610892,5.799021],[-75.610612,5.799228],[-75.610528,5.799166],[-75.610483,5.798731],[-75.610359,5.798612],[-75.61025,5.798625],[-75.609971,5.798912],[-75.609862,5.799311],[-75.609599,5.799591],[-75.609274,5.799503],[-75.609145,5.799673],[-75.609165,5.79972],[-75.609346,5.799794],[-75.609813,5.80018],[-75.610069,5.800765],[-75.610359,5.800709],[-75.610612,5.800761],[-75.61072,5.800738],[-75.611015,5.800505],[-75.611226,5.800076],[-75.611516,5.799828],[-75.611602,5.79989],[-75.611678,5.800361],[-75.611624,5.800606],[-75.61119,5.801034],[-75.610759,5.80123],[-75.61073,5.801338],[-75.610829,5.801695],[-75.611046,5.801981],[-75.61119,5.801952],[-75.611624,5.802032],[-75.612043,5.802207],[-75.612238,5.80275],[-75.612239,5.802862],[-75.61213,5.802903],[-75.611148,5.802823],[-75.611127,5.802859],[-75.61122,5.803112],[-75.611228,5.803438],[-75.610966,5.803764],[-75.610916,5.803909],[-75.610943,5.804054],[-75.611046,5.804213],[-75.611651,5.804705],[-75.611622,5.804923],[-75.611647,5.805031],[-75.61195,5.805393],[-75.61167,5.805538],[-75.611046,5.805734],[-75.610763,5.806009],[-75.610483,5.806516],[-75.610033,5.806742],[-75.609165,5.806697],[-75.609072,5.806624],[-75.609021,5.806357],[-75.60895,5.806262],[-75.608804,5.806234],[-75.608551,5.806314],[-75.608479,5.806301],[-75.608443,5.806226],[-75.608407,5.805502],[-75.608785,5.804307],[-75.608769,5.80409],[-75.608666,5.803836],[-75.608955,5.803511],[-75.608952,5.80333],[-75.608738,5.803004],[-75.608551,5.802844],[-75.608406,5.802795],[-75.608225,5.802878],[-75.608009,5.802834],[-75.607828,5.802698],[-75.607719,5.802451],[-75.607575,5.802424],[-75.607601,5.802533],[-75.607568,5.802823],[-75.607755,5.80304],[-75.608068,5.803836],[-75.608408,5.804343],[-75.608349,5.804524],[-75.608009,5.804935],[-75.607755,5.805416],[-75.607593,5.805574],[-75.607589,5.805755],[-75.607685,5.806045],[-75.607647,5.806185],[-75.607539,5.8062],[-75.607213,5.806092],[-75.60696,5.805934],[-75.606815,5.80589],[-75.606598,5.805717],[-75.60649,5.805721],[-75.606275,5.806009],[-75.606249,5.806407],[-75.606114,5.806986],[-75.605948,5.80727],[-75.605803,5.807711],[-75.605731,5.807749],[-75.604791,5.807071],[-75.604661,5.806733],[-75.60461,5.806267],[-75.604393,5.806256],[-75.604212,5.806197],[-75.602983,5.806277],[-75.602747,5.806479],[-75.602681,5.806588],[-75.602704,5.80695],[-75.602594,5.807312],[-75.602567,5.807964],[-75.602477,5.808305],[-75.602368,5.808325],[-75.601889,5.808109],[-75.601645,5.807769],[-75.601537,5.807935],[-75.601247,5.807977],[-75.60119,5.808036],[-75.601188,5.808109],[-75.601374,5.808579],[-75.601358,5.808724],[-75.601284,5.808838],[-75.601175,5.808838],[-75.600741,5.80863],[-75.600452,5.808662]]]}},{"type":"Feature","properties":{"elev":735},"geometry":{"type":"MultiLineString","coordinates":[[[-75.610953,5.791309],[-75.610684,5.791532],[-75.61025,5.791776],[-75.609816,5.792217],[-75.609587,5.792395],[-75.608949,5.792665],[-75.608551,5.792777],[-75.608346,5.793011],[-75.608479,5.793137],[-75.608695,5.793195],[-75.608752,5.793156],[-75.608804,5.79301],[-75.609165,5.792917],[-75.609889,5.792923],[-75.610382,5.793083],[-75.610461,5.793481],[-75.61042,5.793554],[-75.610214,5.793699],[-75.610181,5.793771],[-75.610207,5.79435],[-75.610376,5.794531],[-75.610402,5.794785],[-75.610847,5.795328],[-75.610878,5.795437],[-75.610842,5.795726],[-75.610864,5.795907],[-75.611082,5.796129],[-75.611335,5.796161],[-75.61166,5.796067],[-75.611819,5.795799],[-75.612166,5.795755],[-75.612456,5.795625],[-75.612636,5.79565],[-75.612707,5.795799],[-75.612743,5.796088],[-75.612717,5.796233],[-75.612196,5.796993],[-75.612226,5.797066],[-75.612405,5.797211],[-75.612435,5.797392],[-75.612025,5.79808],[-75.611913,5.798138],[-75.611624,5.798187],[-75.611401,5.798369],[-75.611262,5.798427],[-75.611046,5.79841],[-75.610792,5.798209],[-75.610612,5.798158],[-75.610064,5.798333],[-75.60998,5.798405],[-75.609868,5.798623],[-75.609563,5.798843],[-75.609382,5.799138],[-75.609057,5.799323],[-75.609005,5.799419],[-75.608986,5.7996],[-75.608895,5.799709],[-75.609165,5.799967],[-75.609382,5.800055],[-75.609744,5.800359],[-75.609814,5.800505],[-75.609838,5.800831],[-75.60989,5.800976],[-75.610286,5.801068],[-75.610448,5.801157],[-75.610624,5.801736],[-75.611082,5.802357],[-75.611335,5.802251],[-75.611552,5.802224],[-75.611769,5.80228],[-75.611948,5.802424],[-75.611975,5.802605],[-75.611841,5.802698],[-75.611588,5.802645],[-75.611335,5.802665],[-75.611082,5.802498],[-75.610973,5.802553],[-75.610896,5.80275],[-75.611,5.803112],[-75.610994,5.803293],[-75.610615,5.803945],[-75.610624,5.804054],[-75.610729,5.804235],[-75.611343,5.804959],[-75.611429,5.805248],[-75.611399,5.805357],[-75.611299,5.805445],[-75.610937,5.805579],[-75.610491,5.806009],[-75.610059,5.806516],[-75.609852,5.806611],[-75.609708,5.806618],[-75.609274,5.806494],[-75.609202,5.806414],[-75.60916,5.806262],[-75.609057,5.80618],[-75.608876,5.806135],[-75.608587,5.806136],[-75.608502,5.805502],[-75.60894,5.804126],[-75.6089,5.803909],[-75.609436,5.803511],[-75.609337,5.803293],[-75.609428,5.803185],[-75.609419,5.802877],[-75.609223,5.802569],[-75.609093,5.802198],[-75.608768,5.802167],[-75.608551,5.802286],[-75.608334,5.802501],[-75.608009,5.802513],[-75.607466,5.802225],[-75.607348,5.801954],[-75.607276,5.801881],[-75.607141,5.801846],[-75.606815,5.801875],[-75.606924,5.802126],[-75.607339,5.802533],[-75.607415,5.802859],[-75.607669,5.803112],[-75.607808,5.803547],[-75.607789,5.803728],[-75.608051,5.804017],[-75.608117,5.804162],[-75.608128,5.804343],[-75.608055,5.804633],[-75.607755,5.80529],[-75.607647,5.805417],[-75.60743,5.805465],[-75.607412,5.805502],[-75.607542,5.805936],[-75.607528,5.806045],[-75.60743,5.806063],[-75.607291,5.806009],[-75.606924,5.805681],[-75.60649,5.80545],[-75.60635,5.805719],[-75.6062,5.8059],[-75.606118,5.806624],[-75.606008,5.806914],[-75.605875,5.807103],[-75.605782,5.807529],[-75.605695,5.807595],[-75.605031,5.807131],[-75.604886,5.806986],[-75.604762,5.806661],[-75.604718,5.806167],[-75.604682,5.806102],[-75.604248,5.806038],[-75.60367,5.806143],[-75.603272,5.806106],[-75.602909,5.806154],[-75.602515,5.806479],[-75.602517,5.806878],[-75.602432,5.807493],[-75.602447,5.807783],[-75.602358,5.808145],[-75.602224,5.808146],[-75.601934,5.807988],[-75.601736,5.807602],[-75.601609,5.807447],[-75.601537,5.807421],[-75.60144,5.807529],[-75.601431,5.807819],[-75.601139,5.807855],[-75.601054,5.807928],[-75.600982,5.808073],[-75.60099,5.808181],[-75.601175,5.808277],[-75.601249,5.808362],[-75.601308,5.808579],[-75.601281,5.808724],[-75.601211,5.808773],[-75.601103,5.808745],[-75.600741,5.80848],[-75.600452,5.808601]],[[-75.611299,5.800275],[-75.611352,5.800324],[-75.611389,5.800542],[-75.611335,5.800723],[-75.611244,5.800831],[-75.611009,5.800999],[-75.610829,5.801064],[-75.610705,5.801049],[-75.610553,5.80094],[-75.610756,5.8009],[-75.610973,5.800734],[-75.611299,5.800275]]]}},{"type":"Feature","properties":{"elev":740},"geometry":{"type":"MultiLineString","coordinates":[[[-75.610086,5.791309],[-75.610117,5.791526],[-75.61003,5.791743],[-75.609863,5.791961],[-75.609472,5.792323],[-75.608912,5.792569],[-75.608551,5.792631],[-75.608286,5.792866],[-75.607936,5.793046],[-75.607828,5.79306],[-75.607647,5.79299],[-75.607531,5.793083],[-75.607697,5.793264],[-75.608117,5.793285],[-75.608664,5.793481],[-75.609165,5.793591],[-75.609238,5.793554],[-75.609346,5.793409],[-75.609421,5.793228],[-75.609527,5.793157],[-75.609925,5.793083],[-75.610068,5.793119],[-75.610178,5.793199],[-75.61029,5.793373],[-75.610293,5.793481],[-75.609818,5.793916],[-75.609775,5.794061],[-75.609867,5.794423],[-75.610119,5.794604],[-75.610114,5.794785],[-75.610316,5.794966],[-75.610555,5.795328],[-75.610638,5.79569],[-75.610578,5.796052],[-75.610609,5.796161],[-75.610684,5.796254],[-75.610792,5.796295],[-75.611624,5.796251],[-75.611834,5.796161],[-75.612383,5.795762],[-75.612544,5.795762],[-75.6126,5.795838],[-75.612619,5.79598],[-75.612544,5.796269],[-75.612241,5.79674],[-75.611935,5.796993],[-75.611803,5.797211],[-75.611841,5.797267],[-75.612094,5.797184],[-75.612239,5.797198],[-75.61232,5.797247],[-75.612355,5.797355],[-75.611986,5.797945],[-75.611588,5.797996],[-75.611262,5.798238],[-75.611154,5.79821],[-75.610865,5.797994],[-75.610612,5.798001],[-75.610359,5.797938],[-75.610216,5.79808],[-75.609751,5.798297],[-75.609573,5.798442],[-75.60931,5.79892],[-75.608985,5.799079],[-75.608876,5.799194],[-75.608804,5.799338],[-75.608768,5.799538],[-75.608442,5.799552],[-75.608298,5.799379],[-75.6079,5.799846],[-75.607789,5.799926],[-75.607837,5.799999],[-75.608009,5.800073],[-75.60837,5.799797],[-75.608587,5.799764],[-75.608732,5.799793],[-75.60881,5.79989],[-75.608816,5.800107],[-75.608858,5.800216],[-75.608949,5.800256],[-75.609274,5.800272],[-75.609599,5.800537],[-75.609661,5.800723],[-75.609634,5.801012],[-75.609672,5.801085],[-75.610106,5.801189],[-75.610286,5.801312],[-75.610413,5.801773],[-75.610835,5.80228],[-75.610865,5.802388],[-75.610671,5.802605],[-75.610628,5.802714],[-75.610643,5.802823],[-75.610779,5.803076],[-75.610724,5.80333],[-75.610576,5.80352],[-75.610118,5.803692],[-75.610267,5.803945],[-75.61119,5.80502],[-75.611231,5.805104],[-75.611226,5.805215],[-75.611154,5.805285],[-75.610829,5.805396],[-75.610178,5.806122],[-75.609816,5.806322],[-75.609636,5.806283],[-75.609238,5.806017],[-75.608985,5.806037],[-75.608695,5.805983],[-75.608641,5.805864],[-75.60861,5.805502],[-75.608748,5.805176],[-75.608803,5.804742],[-75.608949,5.804301],[-75.609247,5.80409],[-75.609427,5.803836],[-75.609939,5.803619],[-75.609783,5.803293],[-75.609669,5.802605],[-75.60944,5.802461],[-75.609474,5.801954],[-75.609419,5.801755],[-75.609382,5.801735],[-75.609219,5.801809],[-75.608985,5.801973],[-75.608695,5.801995],[-75.608262,5.802327],[-75.608009,5.802342],[-75.607683,5.802281],[-75.607559,5.802207],[-75.607474,5.801809],[-75.607394,5.80171],[-75.607177,5.801651],[-75.606996,5.80173],[-75.606924,5.801719],[-75.606671,5.801429],[-75.606503,5.801628],[-75.606713,5.802243],[-75.606815,5.802339],[-75.607177,5.802516],[-75.607266,5.802678],[-75.607281,5.802931],[-75.607502,5.80304],[-75.607575,5.803119],[-75.607677,5.803511],[-75.60755,5.8038],[-75.607683,5.80391],[-75.607773,5.80409],[-75.607936,5.804274],[-75.607913,5.804705],[-75.607683,5.805276],[-75.607575,5.805348],[-75.607285,5.80528],[-75.607214,5.805357],[-75.607369,5.805719],[-75.607394,5.805916],[-75.607314,5.8059],[-75.606852,5.805451],[-75.606526,5.805231],[-75.606454,5.805233],[-75.606257,5.805647],[-75.606122,5.805828],[-75.60611,5.806226],[-75.606054,5.806552],[-75.605803,5.807027],[-75.605732,5.807385],[-75.605695,5.807423],[-75.605333,5.80723],[-75.605073,5.806986],[-75.604846,5.806516],[-75.604817,5.806298],[-75.604844,5.806009],[-75.604791,5.80594],[-75.604465,5.805978],[-75.604212,5.805926],[-75.603634,5.806059],[-75.603272,5.806001],[-75.602838,5.806101],[-75.602441,5.806337],[-75.602368,5.806424],[-75.602368,5.806697],[-75.602276,5.807276],[-75.60227,5.807783],[-75.602224,5.807974],[-75.602151,5.807973],[-75.602073,5.807892],[-75.601898,5.807559],[-75.601645,5.80724],[-75.601537,5.80717],[-75.601464,5.807175],[-75.601257,5.807421],[-75.601254,5.807674],[-75.601031,5.807789],[-75.600851,5.808036],[-75.600763,5.808254],[-75.600452,5.80851]],[[-75.601139,5.808362],[-75.601231,5.808543],[-75.601221,5.808652],[-75.601175,5.808691],[-75.601014,5.808616],[-75.600931,5.808471],[-75.600966,5.808362],[-75.601139,5.808362]]]}},{"type":"Feature","properties":{"elev":745},"geometry":{"type":"MultiLineString","coordinates":[[[-75.609625,5.791309],[-75.609681,5.791454],[-75.6096,5.791852],[-75.60944,5.792106],[-75.609259,5.792287],[-75.608985,5.792402],[-75.608659,5.792424],[-75.608515,5.792476],[-75.60837,5.792556],[-75.608189,5.792733],[-75.607719,5.792746],[-75.607358,5.792984],[-75.607295,5.793083],[-75.607611,5.793393],[-75.6079,5.793401],[-75.608117,5.793454],[-75.608515,5.793647],[-75.608985,5.79375],[-75.609356,5.793952],[-75.609599,5.794459],[-75.609815,5.794676],[-75.60978,5.794821],[-75.609805,5.794893],[-75.609925,5.794973],[-75.610214,5.795033],[-75.610431,5.795345],[-75.610515,5.795618],[-75.61051,5.795871],[-75.610481,5.795943],[-75.610347,5.796052],[-75.610612,5.796402],[-75.610829,5.796446],[-75.611082,5.796388],[-75.611588,5.796368],[-75.611841,5.79628],[-75.612203,5.79607],[-75.612352,5.796052],[-75.612386,5.796161],[-75.612363,5.796305],[-75.612174,5.796668],[-75.611765,5.796957],[-75.611426,5.797319],[-75.611517,5.797464],[-75.611624,5.797523],[-75.611877,5.797471],[-75.61213,5.79734],[-75.612203,5.797352],[-75.612208,5.797392],[-75.611913,5.797799],[-75.611624,5.797846],[-75.611371,5.797954],[-75.611262,5.79794],[-75.611009,5.797764],[-75.610901,5.797771],[-75.610684,5.797874],[-75.610214,5.797697],[-75.610096,5.798007],[-75.609961,5.798087],[-75.609636,5.798147],[-75.609527,5.798207],[-75.609382,5.798395],[-75.609208,5.798768],[-75.608912,5.798947],[-75.608623,5.799308],[-75.608551,5.799295],[-75.608189,5.798991],[-75.607864,5.799544],[-75.607647,5.799602],[-75.607501,5.799709],[-75.607559,5.799926],[-75.607864,5.800428],[-75.608009,5.800526],[-75.608189,5.80049],[-75.608305,5.800071],[-75.608406,5.799968],[-75.608521,5.799962],[-75.60864,5.800397],[-75.608824,5.800614],[-75.608892,5.800976],[-75.608824,5.80123],[-75.608912,5.801322],[-75.609202,5.801418],[-75.60927,5.801519],[-75.609238,5.801611],[-75.608949,5.801548],[-75.60884,5.801569],[-75.608647,5.801736],[-75.608442,5.802037],[-75.608298,5.802144],[-75.608153,5.802195],[-75.607755,5.802222],[-75.607678,5.802207],[-75.607624,5.802135],[-75.607623,5.801809],[-75.607512,5.801592],[-75.607213,5.801436],[-75.60696,5.801494],[-75.606671,5.800982],[-75.606635,5.800991],[-75.606523,5.801266],[-75.606239,5.801483],[-75.606215,5.801592],[-75.606252,5.801736],[-75.606547,5.802207],[-75.606465,5.802497],[-75.606486,5.802569],[-75.607046,5.802786],[-75.607169,5.80304],[-75.60743,5.803096],[-75.607515,5.803185],[-75.607573,5.803366],[-75.607568,5.803511],[-75.607319,5.803836],[-75.607292,5.803945],[-75.607394,5.804172],[-75.607742,5.804416],[-75.607791,5.804524],[-75.607799,5.804705],[-75.607705,5.805031],[-75.607575,5.805224],[-75.607141,5.805087],[-75.606852,5.805149],[-75.606562,5.805005],[-75.606454,5.805012],[-75.606237,5.805465],[-75.606044,5.805755],[-75.605994,5.806479],[-75.605745,5.806914],[-75.60565,5.80724],[-75.60555,5.807254],[-75.605372,5.807167],[-75.605133,5.806914],[-75.604983,5.806516],[-75.604983,5.806407],[-75.605076,5.806154],[-75.604999,5.805828],[-75.604923,5.805719],[-75.604827,5.805713],[-75.604501,5.805879],[-75.604176,5.805817],[-75.603598,5.805975],[-75.603272,5.805911],[-75.603091,5.805998],[-75.602766,5.806054],[-75.602332,5.806321],[-75.602164,5.806733],[-75.602007,5.807355],[-75.601645,5.806974],[-75.601392,5.806888],[-75.601284,5.806931],[-75.601031,5.807264],[-75.600966,5.807674],[-75.60069,5.808181],[-75.600452,5.808351]],[[-75.609852,5.801262],[-75.610033,5.801312],[-75.61015,5.801411],[-75.610167,5.801773],[-75.610231,5.801881],[-75.610363,5.80199],[-75.610359,5.802047],[-75.609997,5.801993],[-75.609708,5.801821],[-75.609599,5.801708],[-75.609533,5.801519],[-75.609549,5.801338],[-75.609672,5.801267],[-75.609852,5.801262]],[[-75.609925,5.804085],[-75.610106,5.80417],[-75.610431,5.80446],[-75.610641,5.804742],[-75.610683,5.804886],[-75.610613,5.805031],[-75.610467,5.80508],[-75.610343,5.805212],[-75.610229,5.805574],[-75.610131,5.805719],[-75.609924,5.805936],[-75.609744,5.806],[-75.609599,5.805956],[-75.609238,5.805709],[-75.609093,5.805672],[-75.608949,5.805687],[-75.608896,5.805647],[-75.608877,5.805502],[-75.608937,5.80514],[-75.608906,5.804742],[-75.608985,5.804494],[-75.609093,5.804351],[-75.609382,5.804281],[-75.609744,5.804085],[-75.609925,5.804085]]]}},{"type":"Feature","properties":{"elev":750},"geometry":{"type":"MultiLineString","coordinates":[[[-75.608247,5.791309],[-75.608477,5.79149],[-75.608633,5.791852],[-75.608621,5.791961],[-75.608551,5.792003],[-75.608242,5.792033],[-75.608163,5.792323],[-75.607972,5.792582],[-75.607864,5.792562],[-75.607285,5.792198],[-75.607141,5.792183],[-75.607147,5.792323],[-75.607357,5.792576],[-75.607393,5.792685],[-75.607338,5.79283],[-75.607092,5.793119],[-75.607068,5.793254],[-75.607315,5.7933],[-75.607496,5.793481],[-75.607755,5.793623],[-75.608298,5.793733],[-75.608472,5.793807],[-75.608798,5.794133],[-75.609129,5.794269],[-75.609278,5.794387],[-75.609415,5.794568],[-75.609572,5.79493],[-75.609744,5.795125],[-75.609852,5.795182],[-75.610214,5.795256],[-75.610359,5.795512],[-75.610397,5.795835],[-75.610322,5.795882],[-75.610033,5.795836],[-75.609983,5.795871],[-75.610539,5.796504],[-75.610829,5.796568],[-75.611443,5.796515],[-75.611769,5.796432],[-75.612166,5.796247],[-75.612211,5.796305],[-75.612155,5.796487],[-75.612039,5.796668],[-75.61188,5.796776],[-75.611315,5.79703],[-75.610905,5.797138],[-75.610684,5.797455],[-75.610576,5.797544],[-75.610421,5.797573],[-75.610178,5.797423],[-75.609979,5.797428],[-75.609941,5.7975],[-75.610025,5.797754],[-75.609975,5.797899],[-75.609852,5.797971],[-75.609527,5.798005],[-75.609419,5.798068],[-75.609162,5.798442],[-75.609016,5.798731],[-75.608587,5.799032],[-75.608479,5.798999],[-75.608334,5.798846],[-75.608009,5.79878],[-75.607747,5.799347],[-75.607466,5.79956],[-75.607325,5.7996],[-75.607483,5.800071],[-75.607501,5.800469],[-75.607561,5.80065],[-75.607683,5.800725],[-75.608153,5.800743],[-75.608262,5.800787],[-75.608484,5.800976],[-75.608543,5.80123],[-75.608691,5.801411],[-75.608665,5.801519],[-75.608298,5.801974],[-75.608117,5.802066],[-75.607864,5.802042],[-75.607833,5.80199],[-75.607838,5.8017],[-75.607719,5.801458],[-75.607322,5.801217],[-75.606996,5.801153],[-75.606671,5.800673],[-75.606526,5.800588],[-75.606454,5.800597],[-75.606423,5.80065],[-75.606363,5.800976],[-75.606268,5.801121],[-75.60577,5.801374],[-75.605815,5.801555],[-75.605815,5.801809],[-75.606237,5.802027],[-75.606435,5.802243],[-75.606418,5.802355],[-75.606236,5.802569],[-75.606273,5.802686],[-75.60649,5.80284],[-75.606815,5.80295],[-75.607141,5.803203],[-75.607394,5.803266],[-75.60743,5.803479],[-75.60711,5.803836],[-75.607092,5.804054],[-75.607249,5.80439],[-75.607575,5.804443],[-75.607663,5.804561],[-75.607678,5.804705],[-75.607614,5.804995],[-75.607539,5.80508],[-75.607177,5.804867],[-75.606815,5.804911],[-75.60649,5.80474],[-75.606345,5.804811],[-75.606221,5.805321],[-75.605948,5.805732],[-75.605956,5.806226],[-75.605914,5.806479],[-75.605777,5.806697],[-75.605567,5.806914],[-75.60555,5.80712],[-75.605478,5.80712],[-75.605333,5.807033],[-75.605169,5.806805],[-75.605141,5.806552],[-75.605239,5.806154],[-75.605142,5.805755],[-75.605044,5.805609],[-75.604827,5.805563],[-75.604501,5.805751],[-75.60414,5.805708],[-75.603598,5.805887],[-75.603236,5.805829],[-75.603055,5.805928],[-75.60273,5.805994],[-75.602368,5.806193],[-75.602079,5.806566],[-75.601862,5.806757],[-75.601609,5.806658],[-75.601211,5.806602],[-75.60115,5.806624],[-75.601094,5.806842],[-75.600876,5.807131],[-75.600837,5.807711],[-75.60059,5.808145],[-75.600452,5.808222]],[[-75.607467,5.791309],[-75.607243,5.791707],[-75.607285,5.791835],[-75.607394,5.791896],[-75.607575,5.791881],[-75.607792,5.79168],[-75.607828,5.791515],[-75.607714,5.791309]],[[-75.606427,5.791309],[-75.60641,5.79149],[-75.60644,5.791562],[-75.606707,5.791614],[-75.606924,5.791446],[-75.607213,5.791379],[-75.607285,5.791309]],[[-75.60931,5.79172],[-75.609363,5.79178],[-75.609356,5.791888],[-75.609165,5.792113],[-75.609021,5.792149],[-75.608884,5.792033],[-75.608859,5.791925],[-75.608931,5.791816],[-75.609129,5.791726],[-75.60931,5.79172]],[[-75.609925,5.801401],[-75.609989,5.801483],[-75.609925,5.801565],[-75.60978,5.801606],[-75.609685,5.801555],[-75.609666,5.801483],[-75.609708,5.801403],[-75.609816,5.801375],[-75.609925,5.801401]],[[-75.609889,5.804266],[-75.610075,5.80438],[-75.610293,5.804633],[-75.610337,5.804742],[-75.610106,5.804995],[-75.609961,5.805433],[-75.609771,5.805683],[-75.609672,5.805714],[-75.609211,5.805176],[-75.609046,5.804814],[-75.609034,5.804669],[-75.609165,5.804518],[-75.609419,5.804477],[-75.609708,5.804298],[-75.609889,5.804266]]]}},{"type":"Feature","properties":{"elev":755},"geometry":{"type":"MultiLineString","coordinates":[[[-75.60533,5.791309],[-75.605811,5.79149],[-75.606134,5.792033],[-75.606171,5.792359],[-75.606243,5.792468],[-75.606418,5.792543],[-75.606707,5.792478],[-75.606852,5.792486],[-75.606996,5.792561],[-75.607112,5.792685],[-75.607163,5.792793],[-75.607153,5.792902],[-75.60694,5.793083],[-75.606859,5.793228],[-75.606924,5.793614],[-75.606996,5.793622],[-75.607213,5.793517],[-75.607285,5.793523],[-75.607575,5.793663],[-75.607972,5.793927],[-75.608406,5.794013],[-75.608659,5.794357],[-75.608912,5.794358],[-75.609129,5.794459],[-75.609407,5.79493],[-75.60965,5.795255],[-75.609588,5.795473],[-75.609448,5.79569],[-75.609416,5.795835],[-75.609447,5.795907],[-75.610033,5.796108],[-75.610156,5.796197],[-75.610467,5.796571],[-75.610612,5.796648],[-75.610973,5.796717],[-75.611056,5.796776],[-75.61107,5.796849],[-75.611009,5.796929],[-75.610792,5.796987],[-75.610503,5.797229],[-75.610322,5.797274],[-75.609574,5.797319],[-75.609551,5.797428],[-75.60978,5.797644],[-75.609798,5.797754],[-75.609705,5.797826],[-75.60931,5.797915],[-75.609195,5.798152],[-75.609021,5.798331],[-75.60888,5.798586],[-75.608768,5.798671],[-75.608659,5.798694],[-75.608442,5.798574],[-75.608117,5.798697],[-75.6079,5.798487],[-75.607828,5.798823],[-75.607689,5.798985],[-75.607627,5.79913],[-75.60743,5.799269],[-75.607353,5.799419],[-75.607249,5.799405],[-75.607068,5.799226],[-75.606904,5.799274],[-75.607225,5.799673],[-75.607294,5.799854],[-75.607326,5.800216],[-75.607141,5.800512],[-75.607068,5.800525],[-75.606842,5.800216],[-75.60666,5.800071],[-75.606562,5.800047],[-75.606237,5.800085],[-75.606098,5.800397],[-75.606158,5.800759],[-75.606063,5.801012],[-75.605912,5.801119],[-75.605302,5.801338],[-75.605354,5.801592],[-75.605584,5.801845],[-75.606125,5.802099],[-75.606265,5.802243],[-75.606263,5.802316],[-75.606201,5.802373],[-75.60602,5.80244],[-75.605767,5.80243],[-75.605725,5.802461],[-75.605756,5.802497],[-75.606089,5.802714],[-75.606265,5.802931],[-75.606742,5.803076],[-75.607132,5.803366],[-75.607164,5.803511],[-75.606884,5.803909],[-75.606875,5.804126],[-75.606977,5.804343],[-75.607213,5.804654],[-75.607466,5.804605],[-75.607521,5.804669],[-75.60743,5.804838],[-75.607213,5.804675],[-75.606924,5.8047],[-75.606598,5.804554],[-75.606454,5.804576],[-75.606273,5.804675],[-75.606207,5.804814],[-75.606157,5.805285],[-75.605902,5.805574],[-75.605854,5.805828],[-75.605866,5.806371],[-75.60581,5.806516],[-75.605673,5.806697],[-75.605405,5.806832],[-75.605297,5.806787],[-75.605273,5.806624],[-75.605371,5.806298],[-75.605371,5.806117],[-75.605188,5.805594],[-75.605044,5.805453],[-75.604755,5.805439],[-75.604429,5.805591],[-75.604031,5.805564],[-75.603561,5.805783],[-75.603236,5.805719],[-75.602368,5.806098],[-75.602043,5.806464],[-75.601934,5.80653],[-75.601392,5.806462],[-75.601067,5.806344],[-75.600996,5.806479],[-75.600917,5.806805],[-75.600685,5.807059],[-75.600597,5.807625],[-75.600452,5.807891]],[[-75.611913,5.796545],[-75.611946,5.796559],[-75.611927,5.796595],[-75.611775,5.796704],[-75.611533,5.79674],[-75.611913,5.796545]],[[-75.607864,5.801039],[-75.608153,5.801135],[-75.60837,5.801314],[-75.608458,5.801447],[-75.608406,5.801601],[-75.608117,5.801855],[-75.608081,5.801841],[-75.607986,5.801519],[-75.60766,5.801085],[-75.607719,5.801021],[-75.607864,5.801039]],[[-75.609852,5.804544],[-75.609894,5.804597],[-75.609883,5.804669],[-75.609734,5.804886],[-75.609686,5.805067],[-75.609636,5.805096],[-75.609411,5.804886],[-75.609384,5.804778],[-75.609744,5.804551],[-75.609852,5.804544]]]}},{"type":"Feature","properties":{"elev":760},"geometry":{"type":"MultiLineString","coordinates":[[[-75.604867,5.791309],[-75.604804,5.79149],[-75.604621,5.79178],[-75.604574,5.792016],[-75.60461,5.792047],[-75.604935,5.792019],[-75.605135,5.792142],[-75.605221,5.792323],[-75.605183,5.792649],[-75.605222,5.792757],[-75.605369,5.79287],[-75.60555,5.792914],[-75.605875,5.792849],[-75.606345,5.792843],[-75.606779,5.792674],[-75.606888,5.792711],[-75.606957,5.792866],[-75.606767,5.793047],[-75.606724,5.793156],[-75.606823,5.794061],[-75.606996,5.794042],[-75.607249,5.793772],[-75.60743,5.793727],[-75.607611,5.793817],[-75.6079,5.79409],[-75.608298,5.794153],[-75.608623,5.794464],[-75.608975,5.794531],[-75.609093,5.794785],[-75.609382,5.795129],[-75.609418,5.795219],[-75.609298,5.795654],[-75.609204,5.795835],[-75.609225,5.795943],[-75.609415,5.796052],[-75.610069,5.796268],[-75.610539,5.796885],[-75.610363,5.797066],[-75.610069,5.797171],[-75.609852,5.797184],[-75.609563,5.797092],[-75.609346,5.797188],[-75.609196,5.797392],[-75.609057,5.798007],[-75.608901,5.798116],[-75.608768,5.798428],[-75.608732,5.79844],[-75.608659,5.798273],[-75.608587,5.79827],[-75.608406,5.79833],[-75.608153,5.798505],[-75.608016,5.798369],[-75.607683,5.79814],[-75.607655,5.798152],[-75.607764,5.798405],[-75.607768,5.798695],[-75.607719,5.798784],[-75.607502,5.798936],[-75.607394,5.799069],[-75.607285,5.799111],[-75.607141,5.79906],[-75.606386,5.799202],[-75.606471,5.799274],[-75.606743,5.799368],[-75.60706,5.799673],[-75.607159,5.799854],[-75.607121,5.799999],[-75.607032,5.800016],[-75.606707,5.799871],[-75.606382,5.799933],[-75.60602,5.799828],[-75.60568,5.800252],[-75.605716,5.800361],[-75.60594,5.80065],[-75.605958,5.800759],[-75.605913,5.800904],[-75.605767,5.801033],[-75.605369,5.801139],[-75.605079,5.801302],[-75.60515,5.801555],[-75.605297,5.801785],[-75.605499,5.801954],[-75.605833,5.802135],[-75.605839,5.802174],[-75.60555,5.802284],[-75.605264,5.802533],[-75.605205,5.802642],[-75.60555,5.802688],[-75.605695,5.80291],[-75.605875,5.802822],[-75.605969,5.802823],[-75.605991,5.802895],[-75.605896,5.803257],[-75.605948,5.803506],[-75.606056,5.803555],[-75.606128,5.80353],[-75.606302,5.803221],[-75.606454,5.803126],[-75.606743,5.803212],[-75.606918,5.80333],[-75.606999,5.803438],[-75.606886,5.803655],[-75.606599,5.803836],[-75.606546,5.803909],[-75.606654,5.804198],[-75.606651,5.804307],[-75.606273,5.804566],[-75.606145,5.804705],[-75.606089,5.805212],[-75.60602,5.80531],[-75.605875,5.805387],[-75.605832,5.805466],[-75.605781,5.805828],[-75.605795,5.806298],[-75.605731,5.806473],[-75.605622,5.806612],[-75.605514,5.806673],[-75.605441,5.806648],[-75.605528,5.806262],[-75.605515,5.806081],[-75.605349,5.805792],[-75.605225,5.805366],[-75.60508,5.805296],[-75.604429,5.80543],[-75.604212,5.80543],[-75.604031,5.805385],[-75.603561,5.80565],[-75.603164,5.805608],[-75.602809,5.805828],[-75.602368,5.805973],[-75.602079,5.806312],[-75.601934,5.806407],[-75.601356,5.806295],[-75.600994,5.806087],[-75.600865,5.806371],[-75.600788,5.806697],[-75.600597,5.806771],[-75.600452,5.806889]]]}},{"type":"Feature","properties":{"elev":765},"geometry":{"type":"MultiLineString","coordinates":[[[-75.604578,5.791309],[-75.604383,5.791562],[-75.604309,5.791743],[-75.604388,5.792033],[-75.604285,5.792569],[-75.604538,5.792455],[-75.604682,5.792455],[-75.604802,5.79254],[-75.605052,5.792866],[-75.605296,5.793011],[-75.605478,5.793069],[-75.606092,5.793054],[-75.606454,5.792968],[-75.606572,5.792974],[-75.60662,5.793047],[-75.606676,5.793409],[-75.606694,5.794024],[-75.606598,5.794346],[-75.606326,5.794568],[-75.60655,5.794531],[-75.606782,5.794314],[-75.607098,5.794133],[-75.607285,5.793936],[-75.607394,5.79388],[-75.607539,5.793926],[-75.607864,5.794218],[-75.608334,5.794377],[-75.608521,5.794568],[-75.608523,5.79464],[-75.608435,5.794785],[-75.608531,5.79493],[-75.608623,5.794973],[-75.608949,5.794976],[-75.609194,5.795219],[-75.609182,5.7954],[-75.608921,5.795835],[-75.608931,5.795907],[-75.609165,5.796077],[-75.609612,5.796269],[-75.609925,5.796505],[-75.610032,5.796704],[-75.610004,5.796957],[-75.609925,5.797032],[-75.609599,5.796938],[-75.609382,5.796973],[-75.608878,5.797355],[-75.608798,5.7975],[-75.608753,5.797718],[-75.608639,5.797899],[-75.608189,5.798177],[-75.608009,5.798183],[-75.607864,5.798141],[-75.607729,5.798007],[-75.607647,5.797766],[-75.607575,5.79776],[-75.607479,5.797862],[-75.607449,5.797971],[-75.607682,5.798405],[-75.607683,5.79858],[-75.60764,5.798659],[-75.607445,5.798768],[-75.607285,5.798913],[-75.606852,5.798986],[-75.606598,5.798983],[-75.60602,5.798838],[-75.605916,5.798949],[-75.605731,5.798899],[-75.605606,5.798985],[-75.605584,5.799202],[-75.605644,5.799492],[-75.605825,5.799709],[-75.605835,5.799781],[-75.605731,5.799884],[-75.605405,5.799973],[-75.60533,5.800035],[-75.60579,5.800614],[-75.605821,5.800795],[-75.605762,5.800904],[-75.605658,5.800977],[-75.605333,5.80104],[-75.605152,5.801147],[-75.604888,5.801193],[-75.604958,5.801555],[-75.605453,5.802099],[-75.605396,5.802207],[-75.60508,5.802477],[-75.604853,5.802823],[-75.604899,5.802876],[-75.605183,5.802931],[-75.605398,5.803221],[-75.605622,5.803341],[-75.605731,5.803779],[-75.606273,5.803911],[-75.606422,5.804054],[-75.6065,5.804198],[-75.606394,5.80438],[-75.606058,5.804669],[-75.606035,5.805067],[-75.605779,5.805357],[-75.605658,5.805944],[-75.605441,5.805727],[-75.605345,5.805357],[-75.605225,5.805201],[-75.605116,5.805178],[-75.604574,5.805272],[-75.604068,5.805165],[-75.603778,5.805315],[-75.603561,5.805502],[-75.602983,5.80546],[-75.602766,5.805726],[-75.602296,5.805844],[-75.602079,5.806172],[-75.601934,5.806271],[-75.601537,5.806198],[-75.601103,5.80589],[-75.600886,5.805825],[-75.600841,5.805864],[-75.600668,5.806443],[-75.600562,5.806552],[-75.600452,5.80659]],[[-75.60649,5.799554],[-75.60652,5.7996],[-75.606481,5.799673],[-75.606382,5.799726],[-75.6063,5.799709],[-75.606276,5.799636],[-75.606309,5.79957],[-75.606382,5.799538],[-75.60649,5.799554]],[[-75.606671,5.803433],[-75.606718,5.803474],[-75.606671,5.803528],[-75.606562,5.80357],[-75.606498,5.803547],[-75.606562,5.803461],[-75.606671,5.803433]]]}},{"type":"Feature","properties":{"elev":770},"geometry":{"type":"MultiLineString","coordinates":[[[-75.604368,5.791309],[-75.604044,5.791816],[-75.604253,5.791997],[-75.60429,5.792178],[-75.604031,5.792811],[-75.603959,5.793099],[-75.604393,5.793026],[-75.60461,5.792819],[-75.604718,5.792785],[-75.604813,5.792866],[-75.604848,5.793083],[-75.604899,5.793151],[-75.605116,5.793135],[-75.605441,5.793262],[-75.605767,5.793174],[-75.606128,5.793258],[-75.606454,5.793104],[-75.606526,5.79312],[-75.606562,5.79319],[-75.606619,5.793916],[-75.606562,5.794188],[-75.60649,5.794293],[-75.606273,5.79441],[-75.605896,5.794712],[-75.605595,5.795255],[-75.605622,5.79527],[-75.605912,5.795067],[-75.606201,5.794748],[-75.606345,5.794688],[-75.606598,5.794664],[-75.606919,5.79435],[-75.607358,5.7941],[-75.607936,5.794586],[-75.608262,5.795157],[-75.60837,5.795205],[-75.608732,5.795202],[-75.608865,5.795292],[-75.608856,5.7954],[-75.608768,5.795489],[-75.60829,5.795654],[-75.608153,5.79585],[-75.608096,5.796016],[-75.608117,5.796169],[-75.608292,5.79645],[-75.608347,5.796812],[-75.608347,5.797138],[-75.608439,5.7975],[-75.608437,5.797645],[-75.608189,5.797972],[-75.608081,5.79804],[-75.607972,5.798043],[-75.60784,5.797935],[-75.60782,5.797645],[-75.607763,5.7975],[-75.607647,5.797367],[-75.607575,5.797352],[-75.607466,5.797616],[-75.607358,5.797734],[-75.607283,5.797971],[-75.607537,5.798333],[-75.607553,5.798478],[-75.607249,5.798698],[-75.607032,5.798773],[-75.606743,5.798781],[-75.606056,5.798555],[-75.605839,5.798332],[-75.605767,5.798322],[-75.605658,5.798371],[-75.605567,5.798478],[-75.605389,5.799021],[-75.605222,5.799745],[-75.605152,5.799854],[-75.604964,5.799999],[-75.605017,5.800107],[-75.605249,5.800252],[-75.605632,5.800578],[-75.605695,5.800664],[-75.605704,5.800759],[-75.605658,5.800843],[-75.605558,5.800904],[-75.605261,5.80094],[-75.605116,5.801039],[-75.604863,5.801072],[-75.604722,5.801157],[-75.604795,5.801374],[-75.604743,5.801519],[-75.604769,5.801628],[-75.605044,5.801806],[-75.605266,5.802099],[-75.604815,5.802533],[-75.60456,5.802714],[-75.604542,5.802786],[-75.604796,5.803076],[-75.604881,5.80333],[-75.605188,5.80341],[-75.605297,5.803485],[-75.60546,5.803873],[-75.605695,5.803972],[-75.606237,5.804051],[-75.606339,5.804126],[-75.606359,5.804198],[-75.606263,5.80438],[-75.605948,5.804621],[-75.605955,5.805031],[-75.605762,5.805212],[-75.605586,5.805473],[-75.605225,5.805071],[-75.60461,5.805161],[-75.604176,5.804866],[-75.603923,5.804951],[-75.603598,5.805247],[-75.603489,5.805275],[-75.603427,5.805176],[-75.603379,5.80485],[-75.6032,5.804841],[-75.602838,5.804907],[-75.60273,5.80498],[-75.602663,5.805104],[-75.602648,5.805538],[-75.602549,5.805596],[-75.602332,5.805588],[-75.602188,5.805643],[-75.602096,5.805936],[-75.601967,5.806117],[-75.601826,5.806148],[-75.601573,5.806094],[-75.601392,5.805981],[-75.601103,5.805714],[-75.60085,5.805638],[-75.600751,5.805719],[-75.600705,5.805963],[-75.600561,5.806247],[-75.600452,5.806314]],[[-75.60884,5.796157],[-75.608991,5.796233],[-75.609027,5.796414],[-75.608948,5.796559],[-75.608768,5.796595],[-75.608656,5.796523],[-75.608644,5.796342],[-75.608718,5.796197],[-75.60884,5.796157]]]}},{"type":"Feature","properties":{"elev":775},"geometry":{"type":"MultiLineString","coordinates":[[[-75.604114,5.791309],[-75.604076,5.79149],[-75.603906,5.791707],[-75.603859,5.791852],[-75.60391,5.791961],[-75.604146,5.792069],[-75.604186,5.79225],[-75.603742,5.793301],[-75.603815,5.793315],[-75.604068,5.793227],[-75.604357,5.793267],[-75.60461,5.793231],[-75.604971,5.793465],[-75.605478,5.793489],[-75.605767,5.793426],[-75.606128,5.793422],[-75.606454,5.793274],[-75.606504,5.793337],[-75.606521,5.793807],[-75.60649,5.79396],[-75.605803,5.794617],[-75.605697,5.794893],[-75.605476,5.795183],[-75.605405,5.79537],[-75.605246,5.795509],[-75.605228,5.795618],[-75.605261,5.795712],[-75.605369,5.795704],[-75.605622,5.795564],[-75.605767,5.795324],[-75.60602,5.795187],[-75.606239,5.794821],[-75.606345,5.794774],[-75.606598,5.794784],[-75.606888,5.794513],[-75.607141,5.794391],[-75.607249,5.794395],[-75.607709,5.794676],[-75.607936,5.794972],[-75.608025,5.795183],[-75.608075,5.795618],[-75.607836,5.796197],[-75.6079,5.796349],[-75.608045,5.79647],[-75.608045,5.796548],[-75.607719,5.796819],[-75.607213,5.796877],[-75.607104,5.796921],[-75.60693,5.797319],[-75.60696,5.797429],[-75.607052,5.7975],[-75.607032,5.797699],[-75.606743,5.797853],[-75.606586,5.798043],[-75.606593,5.798116],[-75.606635,5.798135],[-75.60696,5.798109],[-75.607088,5.798152],[-75.607105,5.798282],[-75.607026,5.798514],[-75.606924,5.798585],[-75.606852,5.798585],[-75.606671,5.798342],[-75.606598,5.79831],[-75.606428,5.798514],[-75.606308,5.798514],[-75.606154,5.798369],[-75.606147,5.798116],[-75.606092,5.798067],[-75.605586,5.798156],[-75.605482,5.798224],[-75.605384,5.798369],[-75.605225,5.798789],[-75.605125,5.799564],[-75.605047,5.799673],[-75.604863,5.79978],[-75.604785,5.800071],[-75.604842,5.80018],[-75.605335,5.800542],[-75.605481,5.800723],[-75.604487,5.801085],[-75.604489,5.801157],[-75.60463,5.801338],[-75.60461,5.801391],[-75.604501,5.801432],[-75.604471,5.801483],[-75.604574,5.801867],[-75.604682,5.80194],[-75.604935,5.801914],[-75.605044,5.801994],[-75.605067,5.802099],[-75.604971,5.802194],[-75.604774,5.80228],[-75.60461,5.802436],[-75.604193,5.802642],[-75.604073,5.802786],[-75.604321,5.802801],[-75.604477,5.802895],[-75.604581,5.80304],[-75.604718,5.803418],[-75.605155,5.803909],[-75.605622,5.804072],[-75.606092,5.804111],[-75.60618,5.804162],[-75.606204,5.804271],[-75.606128,5.80439],[-75.605875,5.804567],[-75.60585,5.804669],[-75.605883,5.804995],[-75.605622,5.805195],[-75.605478,5.805166],[-75.605188,5.804957],[-75.604935,5.805033],[-75.604682,5.805018],[-75.604465,5.804765],[-75.604285,5.804661],[-75.603706,5.804767],[-75.603489,5.804642],[-75.603236,5.804655],[-75.602874,5.804566],[-75.602795,5.804597],[-75.602585,5.804832],[-75.602296,5.804988],[-75.601889,5.805321],[-75.601837,5.805466],[-75.601902,5.805828],[-75.601826,5.80596],[-75.601645,5.805987],[-75.601501,5.805951],[-75.601139,5.805626],[-75.600777,5.805402],[-75.6006,5.805466],[-75.600606,5.805828],[-75.600452,5.806005]]]}},{"type":"Feature","properties":{"elev":780},"geometry":{"type":"MultiLineString","coordinates":[[[-75.603894,5.791309],[-75.60391,5.791454],[-75.603766,5.791743],[-75.603752,5.791961],[-75.603815,5.792059],[-75.604046,5.792142],[-75.604078,5.792287],[-75.603856,5.792866],[-75.603604,5.793337],[-75.603561,5.793526],[-75.603634,5.793537],[-75.603887,5.79338],[-75.604068,5.793331],[-75.604429,5.793569],[-75.604718,5.793689],[-75.604735,5.793771],[-75.604561,5.794169],[-75.604602,5.794314],[-75.605261,5.794634],[-75.60556,5.794676],[-75.605629,5.794749],[-75.605573,5.794893],[-75.605152,5.795205],[-75.605079,5.795328],[-75.605068,5.795762],[-75.604841,5.796305],[-75.604828,5.796523],[-75.604941,5.796885],[-75.604791,5.797283],[-75.604782,5.797464],[-75.604863,5.797429],[-75.605256,5.79703],[-75.605484,5.796523],[-75.60555,5.795856],[-75.605731,5.795683],[-75.605839,5.795456],[-75.606056,5.795396],[-75.606165,5.795251],[-75.606309,5.794921],[-75.606635,5.794866],[-75.606888,5.794651],[-75.606996,5.794626],[-75.607539,5.794868],[-75.607792,5.795097],[-75.607855,5.795219],[-75.607864,5.79569],[-75.607676,5.796016],[-75.607445,5.796559],[-75.607285,5.796671],[-75.606996,5.79664],[-75.606852,5.796692],[-75.606539,5.797355],[-75.606304,5.797718],[-75.606165,5.797834],[-75.605875,5.797974],[-75.605405,5.798087],[-75.60509,5.798586],[-75.605088,5.79913],[-75.60504,5.799383],[-75.604971,5.799513],[-75.604827,5.799565],[-75.60476,5.799636],[-75.604616,5.800107],[-75.604646,5.80018],[-75.604899,5.800382],[-75.605134,5.80065],[-75.604935,5.800815],[-75.604755,5.800893],[-75.604153,5.80094],[-75.604044,5.801012],[-75.603975,5.801121],[-75.604047,5.801374],[-75.604376,5.801592],[-75.604526,5.802171],[-75.604466,5.80228],[-75.604181,5.802533],[-75.603959,5.8027],[-75.603778,5.802765],[-75.603755,5.802823],[-75.603923,5.802935],[-75.604212,5.802925],[-75.604316,5.802967],[-75.604429,5.803257],[-75.604663,5.803583],[-75.604751,5.803836],[-75.604827,5.803907],[-75.605225,5.804084],[-75.605984,5.80422],[-75.606033,5.804307],[-75.605783,5.804561],[-75.605803,5.804962],[-75.605695,5.80506],[-75.605586,5.805089],[-75.605441,5.805032],[-75.605225,5.804844],[-75.604971,5.804913],[-75.604816,5.804886],[-75.604735,5.804742],[-75.604586,5.804597],[-75.604393,5.804499],[-75.603742,5.804604],[-75.603489,5.804511],[-75.603272,5.804531],[-75.602911,5.804408],[-75.602766,5.804406],[-75.602549,5.804712],[-75.602224,5.804808],[-75.601779,5.805176],[-75.601711,5.805357],[-75.60171,5.805719],[-75.601609,5.805797],[-75.601428,5.80573],[-75.601095,5.80543],[-75.601043,5.805321],[-75.600994,5.804993],[-75.60085,5.805005],[-75.600597,5.805262],[-75.600452,5.805249]],[[-75.606201,5.793721],[-75.606225,5.793807],[-75.606054,5.793988],[-75.605839,5.79403],[-75.605737,5.793952],[-75.605773,5.79388],[-75.606092,5.793732],[-75.606201,5.793721]]]}},{"type":"Feature","properties":{"elev":785},"geometry":{"type":"MultiLineString","coordinates":[[[-75.603062,5.791309],[-75.602966,5.791671],[-75.6032,5.791622],[-75.603344,5.791659],[-75.603484,5.791526],[-75.603599,5.791526],[-75.603667,5.792069],[-75.603923,5.792212],[-75.603959,5.792287],[-75.603938,5.792468],[-75.603851,5.792699],[-75.603456,5.793481],[-75.60343,5.793735],[-75.603489,5.793761],[-75.603561,5.793732],[-75.603887,5.793469],[-75.604068,5.793479],[-75.604301,5.793771],[-75.604319,5.794314],[-75.604538,5.794453],[-75.604791,5.794487],[-75.604978,5.794568],[-75.605095,5.794676],[-75.60517,5.794821],[-75.604933,5.795328],[-75.604984,5.795618],[-75.604899,5.795923],[-75.604735,5.796233],[-75.604538,5.796345],[-75.604491,5.796414],[-75.604661,5.796668],[-75.604704,5.796921],[-75.60461,5.797374],[-75.604425,5.797935],[-75.604827,5.797982],[-75.60508,5.797809],[-75.605225,5.797802],[-75.60526,5.797862],[-75.605136,5.798261],[-75.604935,5.798461],[-75.604989,5.79884],[-75.604971,5.799202],[-75.604899,5.799324],[-75.604699,5.799492],[-75.604574,5.799925],[-75.604401,5.80018],[-75.604429,5.800272],[-75.604635,5.800361],[-75.604863,5.800561],[-75.604915,5.800686],[-75.604718,5.800802],[-75.604212,5.800774],[-75.603851,5.800897],[-75.603739,5.801085],[-75.603775,5.801411],[-75.603681,5.801628],[-75.603778,5.801685],[-75.60414,5.80161],[-75.604285,5.801638],[-75.604401,5.802135],[-75.604342,5.802243],[-75.603995,5.802569],[-75.603706,5.802649],[-75.603489,5.802624],[-75.603476,5.802678],[-75.603742,5.803051],[-75.604102,5.803221],[-75.604248,5.803612],[-75.604501,5.803905],[-75.604646,5.804166],[-75.604718,5.804189],[-75.604971,5.80413],[-75.605225,5.804205],[-75.60555,5.804239],[-75.605727,5.804307],[-75.605764,5.80438],[-75.605693,5.804597],[-75.605733,5.80485],[-75.605658,5.804957],[-75.60555,5.804969],[-75.605261,5.804742],[-75.605008,5.804739],[-75.604646,5.804309],[-75.60414,5.804322],[-75.603994,5.804452],[-75.603778,5.804484],[-75.603308,5.804366],[-75.603069,5.804198],[-75.602947,5.804173],[-75.602658,5.804252],[-75.60256,5.804524],[-75.602477,5.804618],[-75.602105,5.804705],[-75.601983,5.804778],[-75.601593,5.80514],[-75.601464,5.805497],[-75.601356,5.805422],[-75.601295,5.805321],[-75.601254,5.804814],[-75.601031,5.804555],[-75.600886,5.804556],[-75.600756,5.804633],[-75.600645,5.804778],[-75.600575,5.804995],[-75.600452,5.805062]],[[-75.60696,5.794813],[-75.607213,5.794959],[-75.607457,5.795038],[-75.607648,5.795473],[-75.607671,5.795762],[-75.607322,5.796386],[-75.607177,5.796464],[-75.606815,5.796464],[-75.606703,5.796523],[-75.606437,5.797283],[-75.606207,5.797645],[-75.605948,5.79781],[-75.605803,5.797841],[-75.605658,5.79782],[-75.605396,5.797681],[-75.605316,5.7975],[-75.605595,5.796704],[-75.605692,5.796016],[-75.605912,5.795737],[-75.606056,5.795738],[-75.606128,5.795692],[-75.606446,5.795038],[-75.606707,5.794935],[-75.606888,5.794815],[-75.60696,5.794813]]]}},{"type":"Feature","properties":{"elev":790},"geometry":{"type":"MultiLineString","coordinates":[[[-75.602891,5.791309],[-75.602864,5.791526],[-75.602694,5.791858],[-75.60273,5.79188],[-75.6032,5.791798],[-75.60328,5.791888],[-75.603394,5.792214],[-75.603778,5.792272],[-75.603837,5.792323],[-75.603849,5.792395],[-75.60367,5.792931],[-75.603308,5.793566],[-75.602964,5.793916],[-75.603234,5.794097],[-75.603471,5.794097],[-75.603572,5.794024],[-75.603815,5.793623],[-75.603887,5.793567],[-75.603959,5.793567],[-75.604092,5.793699],[-75.604143,5.793843],[-75.60408,5.794024],[-75.603896,5.794314],[-75.603921,5.794387],[-75.604227,5.794495],[-75.604501,5.794674],[-75.604718,5.79461],[-75.604827,5.794617],[-75.604935,5.794678],[-75.604986,5.794785],[-75.604935,5.795039],[-75.604764,5.795364],[-75.604865,5.795618],[-75.604827,5.795823],[-75.604646,5.796123],[-75.604574,5.79614],[-75.604385,5.796088],[-75.604273,5.796378],[-75.604276,5.796595],[-75.604429,5.796585],[-75.604501,5.796621],[-75.604574,5.79674],[-75.60459,5.796885],[-75.604382,5.797645],[-75.604125,5.798188],[-75.604176,5.798227],[-75.604501,5.798095],[-75.604633,5.798152],[-75.604759,5.798623],[-75.604886,5.798804],[-75.604871,5.799093],[-75.604813,5.799202],[-75.60457,5.799347],[-75.604498,5.799745],[-75.604429,5.799903],[-75.604059,5.80018],[-75.604031,5.800464],[-75.603778,5.800571],[-75.603712,5.80065],[-75.603565,5.801411],[-75.603263,5.801592],[-75.603344,5.80172],[-75.603453,5.801802],[-75.603923,5.801945],[-75.604176,5.801774],[-75.604248,5.801828],[-75.604296,5.802135],[-75.604203,5.80228],[-75.603995,5.802478],[-75.603634,5.802552],[-75.603344,5.802408],[-75.603236,5.802414],[-75.603206,5.802461],[-75.603525,5.803081],[-75.60367,5.803218],[-75.603949,5.803366],[-75.604127,5.8038],[-75.604343,5.80409],[-75.604321,5.804139],[-75.604248,5.804163],[-75.603815,5.804106],[-75.603731,5.804271],[-75.603598,5.804303],[-75.603381,5.804257],[-75.603091,5.804083],[-75.602715,5.80409],[-75.602511,5.804162],[-75.602492,5.804416],[-75.602404,5.804537],[-75.601864,5.804633],[-75.601573,5.804815],[-75.601284,5.804633],[-75.601031,5.804386],[-75.600922,5.804343],[-75.600452,5.804738]],[[-75.60696,5.795142],[-75.607105,5.795236],[-75.607287,5.795437],[-75.607463,5.795726],[-75.607452,5.795871],[-75.607246,5.796197],[-75.607141,5.796294],[-75.607032,5.796319],[-75.606743,5.796291],[-75.606548,5.796414],[-75.606376,5.797138],[-75.606282,5.797355],[-75.606056,5.797614],[-75.605912,5.797688],[-75.605803,5.797689],[-75.605707,5.797537],[-75.605678,5.797174],[-75.605804,5.796124],[-75.605875,5.796041],[-75.606092,5.795966],[-75.606201,5.795884],[-75.606635,5.795218],[-75.606815,5.795126],[-75.60696,5.795142]],[[-75.605188,5.804306],[-75.605514,5.804333],[-75.605595,5.80438],[-75.605622,5.804835],[-75.605514,5.804846],[-75.605325,5.804669],[-75.605061,5.804561],[-75.604965,5.804307],[-75.605188,5.804306]]]}},{"type":"Feature","properties":{"elev":795},"geometry":{"type":"MultiLineString","coordinates":[[[-75.602612,5.791309],[-75.602696,5.79149],[-75.6025,5.791816],[-75.602508,5.792033],[-75.60245,5.792323],[-75.602477,5.792354],[-75.602621,5.792143],[-75.602802,5.792006],[-75.602911,5.791965],[-75.603019,5.791977],[-75.603106,5.792033],[-75.603172,5.792142],[-75.603208,5.792504],[-75.603519,5.79254],[-75.603574,5.792612],[-75.603589,5.792721],[-75.603517,5.792938],[-75.603019,5.79368],[-75.602585,5.793934],[-75.602321,5.793988],[-75.602327,5.794024],[-75.60273,5.794245],[-75.602983,5.794168],[-75.603308,5.794224],[-75.60367,5.79422],[-75.603748,5.794387],[-75.604145,5.794604],[-75.604528,5.795002],[-75.604501,5.795147],[-75.604212,5.795266],[-75.604069,5.795437],[-75.604155,5.796016],[-75.604054,5.796849],[-75.604346,5.797102],[-75.604372,5.797211],[-75.604309,5.797537],[-75.604104,5.797946],[-75.603929,5.798478],[-75.603959,5.798514],[-75.604031,5.798502],[-75.604374,5.798297],[-75.604465,5.798281],[-75.604562,5.798405],[-75.604627,5.798695],[-75.604755,5.798839],[-75.604757,5.798912],[-75.604718,5.798985],[-75.604465,5.79915],[-75.604321,5.799311],[-75.60432,5.799673],[-75.604285,5.79979],[-75.603931,5.800071],[-75.603815,5.800311],[-75.603634,5.800418],[-75.603544,5.800542],[-75.603541,5.800904],[-75.603445,5.801338],[-75.603344,5.801414],[-75.603019,5.80148],[-75.602946,5.801592],[-75.602983,5.801759],[-75.6032,5.801755],[-75.603344,5.801946],[-75.603489,5.802034],[-75.603742,5.802012],[-75.603923,5.802119],[-75.603995,5.802098],[-75.60414,5.801962],[-75.604192,5.80199],[-75.604212,5.802099],[-75.604176,5.8022],[-75.603959,5.802386],[-75.603778,5.802377],[-75.603598,5.802426],[-75.603308,5.802307],[-75.602946,5.802316],[-75.603067,5.802605],[-75.603431,5.803148],[-75.603869,5.803474],[-75.603923,5.803917],[-75.603525,5.803938],[-75.60349,5.80409],[-75.603453,5.804111],[-75.603091,5.804008],[-75.602802,5.803999],[-75.602477,5.804057],[-75.602393,5.804126],[-75.60239,5.804343],[-75.602332,5.804458],[-75.602151,5.804526],[-75.601826,5.804547],[-75.601645,5.804635],[-75.601284,5.804518],[-75.600922,5.804172],[-75.600452,5.804541]],[[-75.603923,5.7938],[-75.603963,5.793916],[-75.603935,5.794024],[-75.603851,5.794126],[-75.603742,5.794166],[-75.603711,5.794097],[-75.603754,5.79388],[-75.603851,5.793786],[-75.603923,5.7938]],[[-75.606671,5.795716],[-75.606924,5.795814],[-75.607249,5.795728],[-75.607334,5.795762],[-75.607353,5.795835],[-75.607095,5.796124],[-75.606635,5.796129],[-75.606244,5.796487],[-75.606226,5.796595],[-75.60632,5.796812],[-75.60624,5.797174],[-75.606128,5.797325],[-75.605907,5.797464],[-75.605857,5.797392],[-75.605853,5.797211],[-75.60596,5.79674],[-75.605996,5.796269],[-75.606043,5.796197],[-75.606256,5.796052],[-75.606526,5.795739],[-75.606598,5.795697],[-75.606671,5.795716]],[[-75.605405,5.804449],[-75.605469,5.804524],[-75.605441,5.804613],[-75.60519,5.804452],[-75.605261,5.80442],[-75.605405,5.804449]]]}},{"type":"Feature","properties":{"elev":800},"geometry":{"type":"MultiLineString","coordinates":[[[-75.602481,5.791309],[-75.602454,5.79149],[-75.602295,5.79178],[-75.602309,5.791997],[-75.602172,5.792178],[-75.602211,5.792504],[-75.602146,5.792757],[-75.602188,5.792811],[-75.602296,5.792826],[-75.602576,5.792685],[-75.602627,5.792612],[-75.602676,5.792323],[-75.602766,5.792238],[-75.602874,5.792226],[-75.602957,5.792359],[-75.602887,5.792649],[-75.602932,5.792721],[-75.603144,5.792866],[-75.603158,5.793047],[-75.603086,5.793192],[-75.602766,5.793525],[-75.602198,5.793662],[-75.60188,5.793916],[-75.602078,5.794133],[-75.602249,5.794495],[-75.602441,5.794624],[-75.60273,5.794682],[-75.602849,5.794604],[-75.603035,5.79435],[-75.603453,5.794354],[-75.603978,5.794604],[-75.604067,5.794749],[-75.603979,5.795111],[-75.603748,5.795437],[-75.603676,5.79569],[-75.603887,5.795822],[-75.60399,5.79598],[-75.604009,5.796269],[-75.603903,5.796957],[-75.604176,5.797211],[-75.604235,5.797428],[-75.60403,5.797862],[-75.603851,5.798405],[-75.603588,5.798659],[-75.603678,5.798731],[-75.603851,5.798779],[-75.604176,5.798752],[-75.604321,5.798874],[-75.604351,5.799021],[-75.604185,5.799311],[-75.604089,5.799709],[-75.603871,5.799962],[-75.603683,5.800107],[-75.603405,5.800542],[-75.603456,5.800867],[-75.603381,5.801234],[-75.603272,5.801325],[-75.602911,5.801391],[-75.602738,5.801555],[-75.602911,5.801912],[-75.602983,5.801933],[-75.603091,5.801871],[-75.603148,5.801881],[-75.603164,5.802086],[-75.603091,5.802103],[-75.602911,5.802004],[-75.602549,5.801961],[-75.602477,5.802023],[-75.602444,5.802171],[-75.602528,5.802352],[-75.602839,5.802461],[-75.602937,5.802714],[-75.603092,5.802823],[-75.603321,5.803185],[-75.603648,5.803474],[-75.603688,5.803547],[-75.603688,5.803692],[-75.603641,5.803764],[-75.603453,5.803796],[-75.6032,5.803914],[-75.60235,5.803981],[-75.602292,5.804054],[-75.60227,5.804343],[-75.602115,5.804448],[-75.601645,5.804496],[-75.601501,5.804398],[-75.601284,5.804417],[-75.600886,5.803938],[-75.600452,5.804401]]]}},{"type":"Feature","properties":{"elev":805},"geometry":{"type":"MultiLineString","coordinates":[[[-75.602377,5.791309],[-75.60226,5.791555],[-75.601956,5.791852],[-75.601856,5.792106],[-75.601819,5.792395],[-75.601658,5.792974],[-75.601718,5.793142],[-75.60186,5.793228],[-75.601948,5.793373],[-75.601665,5.79388],[-75.601657,5.793952],[-75.601912,5.794169],[-75.602115,5.794649],[-75.602224,5.794808],[-75.602368,5.794904],[-75.602694,5.794992],[-75.602838,5.795078],[-75.602879,5.795074],[-75.602886,5.79493],[-75.602967,5.794821],[-75.603441,5.794568],[-75.603742,5.794595],[-75.603864,5.794676],[-75.603831,5.794857],[-75.6034,5.7954],[-75.603374,5.795654],[-75.603308,5.795692],[-75.6032,5.795613],[-75.603091,5.795603],[-75.602934,5.795762],[-75.60292,5.795871],[-75.602983,5.796052],[-75.603091,5.796115],[-75.603344,5.796117],[-75.603634,5.795989],[-75.603742,5.796035],[-75.603797,5.796233],[-75.603703,5.796668],[-75.603733,5.796957],[-75.603815,5.797097],[-75.604072,5.797283],[-75.604131,5.797428],[-75.603964,5.79779],[-75.603766,5.798405],[-75.603634,5.798497],[-75.603308,5.798529],[-75.603223,5.798623],[-75.603894,5.798985],[-75.604023,5.79913],[-75.603964,5.799492],[-75.60376,5.79989],[-75.60367,5.799948],[-75.603506,5.799962],[-75.603489,5.800252],[-75.603312,5.800542],[-75.603345,5.80094],[-75.603311,5.801121],[-75.6032,5.801215],[-75.602838,5.801281],[-75.602513,5.801487],[-75.602151,5.801487],[-75.602089,5.801519],[-75.602265,5.801773],[-75.602171,5.802207],[-75.602282,5.802533],[-75.602404,5.802629],[-75.602694,5.802676],[-75.603024,5.802895],[-75.60319,5.803257],[-75.603364,5.803438],[-75.603398,5.803547],[-75.603333,5.803655],[-75.602983,5.803853],[-75.60226,5.803826],[-75.602149,5.803945],[-75.602125,5.804235],[-75.602043,5.80429],[-75.601609,5.804262],[-75.601284,5.804299],[-75.601103,5.804095],[-75.600922,5.803749],[-75.600633,5.803984],[-75.600452,5.804214]],[[-75.602802,5.793036],[-75.602829,5.793047],[-75.602802,5.793083],[-75.602549,5.793229],[-75.602441,5.793228],[-75.602441,5.793156],[-75.602802,5.793036]]]}},{"type":"Feature","properties":{"elev":810},"geometry":{"type":"MultiLineString","coordinates":[[[-75.602262,5.791309],[-75.602188,5.791458],[-75.602007,5.791602],[-75.60183,5.791671],[-75.601684,5.791888],[-75.601523,5.792033],[-75.6016,5.792612],[-75.601451,5.7933],[-75.601582,5.793626],[-75.60142,5.794061],[-75.601718,5.794098],[-75.601862,5.794234],[-75.601924,5.794459],[-75.601934,5.794887],[-75.602007,5.79506],[-75.602224,5.795117],[-75.602513,5.79513],[-75.602639,5.795219],[-75.602705,5.795473],[-75.602694,5.796161],[-75.602722,5.796269],[-75.602802,5.796345],[-75.603091,5.796447],[-75.60321,5.796559],[-75.603561,5.79726],[-75.603851,5.797569],[-75.60387,5.797754],[-75.603769,5.798224],[-75.603688,5.798369],[-75.603598,5.798412],[-75.603344,5.798367],[-75.603236,5.798388],[-75.602874,5.79879],[-75.60273,5.798883],[-75.602549,5.798893],[-75.602368,5.798806],[-75.602191,5.798659],[-75.602007,5.79834],[-75.601971,5.798322],[-75.601956,5.798369],[-75.602224,5.79899],[-75.602719,5.799021],[-75.6032,5.79878],[-75.603344,5.798772],[-75.603471,5.79884],[-75.603793,5.79913],[-75.603847,5.799311],[-75.603636,5.799781],[-75.603344,5.79965],[-75.603272,5.79966],[-75.603209,5.799745],[-75.603207,5.799926],[-75.603366,5.800216],[-75.603214,5.800542],[-75.603201,5.80094],[-75.603164,5.801023],[-75.602838,5.801134],[-75.602549,5.801354],[-75.602404,5.801405],[-75.602146,5.801374],[-75.601826,5.801226],[-75.601735,5.801519],[-75.601769,5.801592],[-75.601918,5.801664],[-75.601978,5.801736],[-75.602002,5.802207],[-75.60226,5.802723],[-75.602368,5.802805],[-75.602929,5.803004],[-75.602983,5.803519],[-75.602802,5.803656],[-75.602621,5.803709],[-75.602296,5.803581],[-75.602188,5.803586],[-75.602115,5.803638],[-75.601934,5.803915],[-75.601754,5.803966],[-75.601573,5.804096],[-75.601392,5.80416],[-75.601284,5.804145],[-75.601158,5.804017],[-75.601066,5.803836],[-75.601034,5.803619],[-75.600994,5.803598],[-75.600711,5.803764],[-75.600452,5.804016]],[[-75.603308,5.794877],[-75.60338,5.79493],[-75.603419,5.795038],[-75.603381,5.795129],[-75.603308,5.795154],[-75.603212,5.795111],[-75.603152,5.795002],[-75.603196,5.794893],[-75.603308,5.794877]]]}},{"type":"Feature","properties":{"elev":815},"geometry":{"type":"MultiLineString","coordinates":[[[-75.602112,5.791309],[-75.602043,5.791393],[-75.601667,5.791454],[-75.6016,5.791635],[-75.601252,5.791961],[-75.601249,5.792033],[-75.601475,5.792576],[-75.601435,5.793047],[-75.601297,5.7933],[-75.601414,5.793554],[-75.60142,5.793662],[-75.601239,5.794133],[-75.601356,5.794184],[-75.601681,5.794169],[-75.601812,5.794278],[-75.601844,5.794568],[-75.601704,5.795147],[-75.601934,5.795486],[-75.602007,5.795521],[-75.602151,5.795401],[-75.602332,5.795362],[-75.602477,5.795451],[-75.602603,5.795654],[-75.602619,5.795799],[-75.602581,5.795943],[-75.602206,5.79645],[-75.602308,5.796993],[-75.602549,5.797207],[-75.602694,5.797242],[-75.602766,5.797192],[-75.603003,5.79674],[-75.603055,5.796728],[-75.603251,5.796957],[-75.603444,5.797392],[-75.603717,5.797681],[-75.60377,5.797826],[-75.603762,5.797971],[-75.603706,5.798195],[-75.603634,5.798289],[-75.603525,5.798302],[-75.603272,5.798215],[-75.603164,5.798234],[-75.602857,5.798695],[-75.602658,5.798816],[-75.602513,5.798779],[-75.602296,5.798598],[-75.602161,5.798333],[-75.601989,5.798116],[-75.601944,5.797935],[-75.601817,5.797718],[-75.601827,5.797428],[-75.601247,5.797437],[-75.601091,5.7975],[-75.601049,5.797609],[-75.601022,5.798188],[-75.601103,5.798272],[-75.601537,5.798358],[-75.60179,5.798473],[-75.601956,5.798623],[-75.60207,5.798804],[-75.602069,5.799021],[-75.601856,5.799419],[-75.601671,5.799636],[-75.601681,5.799684],[-75.60179,5.79966],[-75.60192,5.799455],[-75.602296,5.799206],[-75.602368,5.799197],[-75.602403,5.799238],[-75.602293,5.799419],[-75.602404,5.799436],[-75.60301,5.798985],[-75.603236,5.798866],[-75.603382,5.798912],[-75.603627,5.799166],[-75.603669,5.799274],[-75.603549,5.799419],[-75.6032,5.799457],[-75.60311,5.799528],[-75.603068,5.799781],[-75.603173,5.800216],[-75.603019,5.800723],[-75.602904,5.800904],[-75.602513,5.801267],[-75.602404,5.801313],[-75.602259,5.801302],[-75.601645,5.800851],[-75.601501,5.800803],[-75.601414,5.800831],[-75.601539,5.801085],[-75.601564,5.801266],[-75.601531,5.801374],[-75.601397,5.801555],[-75.601385,5.801664],[-75.601678,5.801881],[-75.601788,5.802243],[-75.602037,5.802497],[-75.602224,5.802869],[-75.602513,5.803116],[-75.602766,5.803251],[-75.602792,5.80333],[-75.602766,5.803409],[-75.602694,5.803482],[-75.602585,5.803516],[-75.60226,5.803391],[-75.601966,5.803438],[-75.601718,5.803637],[-75.601501,5.803949],[-75.601356,5.80402],[-75.601247,5.803963],[-75.601161,5.803836],[-75.601136,5.803474],[-75.601067,5.803419],[-75.600705,5.803655],[-75.600452,5.803876]]]}},{"type":"Feature","properties":{"elev":820},"geometry":{"type":"MultiLineString","coordinates":[[[-75.601252,5.791309],[-75.601342,5.791599],[-75.601103,5.791857],[-75.601066,5.792033],[-75.60111,5.79225],[-75.601315,5.79254],[-75.601361,5.792974],[-75.60132,5.793086],[-75.60116,5.793228],[-75.601245,5.79359],[-75.601222,5.793843],[-75.600989,5.794169],[-75.601012,5.794206],[-75.601196,5.794242],[-75.601645,5.794268],[-75.601735,5.79435],[-75.601752,5.794568],[-75.601625,5.795002],[-75.601616,5.795219],[-75.601672,5.7954],[-75.601819,5.795654],[-75.601839,5.796161],[-75.6019,5.796305],[-75.601905,5.796487],[-75.60205,5.796631],[-75.602064,5.796812],[-75.601923,5.797066],[-75.601681,5.797228],[-75.601067,5.797163],[-75.600633,5.79726],[-75.600452,5.797259]],[[-75.602368,5.795569],[-75.602477,5.79565],[-75.602513,5.795735],[-75.602485,5.795871],[-75.602404,5.795927],[-75.602296,5.795858],[-75.602192,5.795654],[-75.602224,5.795572],[-75.602368,5.795569]],[[-75.603164,5.797207],[-75.60364,5.79779],[-75.603667,5.798007],[-75.603598,5.798179],[-75.603525,5.798178],[-75.603442,5.798116],[-75.603181,5.797754],[-75.60307,5.797392],[-75.603091,5.79723],[-75.603164,5.797207]],[[-75.600452,5.798247],[-75.600741,5.798539],[-75.600994,5.798673],[-75.601103,5.798686],[-75.60132,5.798584],[-75.601464,5.798621],[-75.601645,5.798557],[-75.601836,5.798659],[-75.601971,5.79883],[-75.601971,5.798944],[-75.60191,5.799021],[-75.601609,5.799074],[-75.601464,5.799217],[-75.601351,5.79913],[-75.601457,5.798876],[-75.601458,5.798768],[-75.601392,5.798757],[-75.601284,5.798888],[-75.601262,5.798985],[-75.601301,5.799383],[-75.601453,5.799926],[-75.601501,5.799985],[-75.60193,5.800216],[-75.601983,5.800324],[-75.601924,5.800469],[-75.60179,5.800622],[-75.601681,5.800648],[-75.601392,5.800606],[-75.601195,5.800723],[-75.60115,5.800795],[-75.60137,5.801193],[-75.601225,5.801592],[-75.601224,5.801773],[-75.60155,5.801954],[-75.601657,5.802316],[-75.60199,5.802605],[-75.602221,5.803148],[-75.602145,5.803257],[-75.601754,5.803406],[-75.601356,5.803874],[-75.601242,5.803764],[-75.601218,5.803366],[-75.601139,5.803268],[-75.601031,5.803297],[-75.600452,5.803736]],[[-75.602441,5.798293],[-75.602861,5.798442],[-75.602869,5.79855],[-75.602766,5.798693],[-75.602621,5.798733],[-75.602525,5.798659],[-75.602424,5.798442],[-75.602406,5.798333],[-75.602441,5.798293]],[[-75.603236,5.799006],[-75.603291,5.799093],[-75.603272,5.799168],[-75.603164,5.799201],[-75.603077,5.799166],[-75.603052,5.79913],[-75.603079,5.799057],[-75.603164,5.799003],[-75.603236,5.799006]],[[-75.602838,5.799706],[-75.602947,5.799788],[-75.603039,5.80018],[-75.603009,5.800397],[-75.602888,5.800686],[-75.602711,5.800867],[-75.602404,5.801057],[-75.60226,5.80104],[-75.602007,5.800929],[-75.601907,5.800831],[-75.601874,5.800723],[-75.602062,5.800324],[-75.602564,5.799781],[-75.602694,5.799719],[-75.602838,5.799706]]]}},{"type":"Feature","properties":{"elev":825},"geometry":{"type":"MultiLineString","coordinates":[[[-75.600695,5.791309],[-75.600682,5.791526],[-75.600917,5.791888],[-75.601003,5.792323],[-75.601191,5.792576],[-75.601254,5.792902],[-75.601222,5.793011],[-75.601052,5.793119],[-75.601067,5.793528],[-75.601016,5.793662],[-75.600865,5.793807],[-75.600901,5.794061],[-75.60072,5.794242],[-75.600814,5.794307],[-75.601211,5.794311],[-75.601464,5.794381],[-75.601571,5.794495],[-75.601609,5.794676],[-75.601501,5.795256],[-75.60138,5.795581],[-75.601392,5.795766],[-75.601522,5.796016],[-75.601418,5.796378],[-75.60142,5.796885],[-75.601356,5.796973],[-75.601247,5.797032],[-75.600958,5.797052],[-75.600597,5.79715],[-75.600452,5.797145]],[[-75.600452,5.798754],[-75.600705,5.798866],[-75.600855,5.799021],[-75.601248,5.800035],[-75.601243,5.800252],[-75.601156,5.800469],[-75.600804,5.80065],[-75.600621,5.800795],[-75.600912,5.800904],[-75.601135,5.801266],[-75.601029,5.801736],[-75.60105,5.801954],[-75.601139,5.802065],[-75.60132,5.802019],[-75.601445,5.802062],[-75.601573,5.802461],[-75.601898,5.802665],[-75.601995,5.802823],[-75.602031,5.803004],[-75.601971,5.803165],[-75.601718,5.803327],[-75.601428,5.803615],[-75.601377,5.803619],[-75.601335,5.803547],[-75.601292,5.803185],[-75.601175,5.803117],[-75.600994,5.803167],[-75.600633,5.803479],[-75.600452,5.803567]],[[-75.602766,5.800017],[-75.602874,5.800124],[-75.602922,5.800252],[-75.602834,5.800542],[-75.602621,5.800704],[-75.602296,5.800745],[-75.602233,5.800723],[-75.602205,5.80065],[-75.60223,5.800542],[-75.602442,5.800216],[-75.602621,5.800052],[-75.602766,5.800017]]]}},{"type":"Feature","properties":{"elev":830},"geometry":{"type":"MultiLineString","coordinates":[[[-75.600452,5.791592],[-75.600705,5.791785],[-75.600852,5.791961],[-75.600903,5.792106],[-75.600939,5.792468],[-75.601067,5.792692],[-75.601111,5.792866],[-75.601067,5.792964],[-75.600929,5.793011],[-75.600951,5.793373],[-75.600683,5.793771],[-75.600749,5.794061],[-75.600633,5.794109],[-75.600452,5.7941]],[[-75.600452,5.794305],[-75.600741,5.794389],[-75.601247,5.794398],[-75.601413,5.794531],[-75.601474,5.794749],[-75.60122,5.795581],[-75.601167,5.796776],[-75.601067,5.796888],[-75.600633,5.797058],[-75.600452,5.797061]],[[-75.600452,5.799163],[-75.600561,5.799214],[-75.600681,5.799347],[-75.600868,5.799818],[-75.601067,5.800016],[-75.601112,5.800143],[-75.601086,5.800288],[-75.601019,5.800397],[-75.600633,5.800574],[-75.600452,5.800734]],[[-75.602766,5.800236],[-75.602794,5.800324],[-75.602759,5.800433],[-75.602658,5.800558],[-75.602576,5.800578],[-75.602537,5.800505],[-75.602617,5.800288],[-75.602694,5.800219],[-75.602766,5.800236]],[[-75.600452,5.801088],[-75.600669,5.800999],[-75.600765,5.801049],[-75.600873,5.801338],[-75.600859,5.801917],[-75.601004,5.802207],[-75.601103,5.8023],[-75.601284,5.802276],[-75.601356,5.802304],[-75.601494,5.802569],[-75.601826,5.802775],[-75.6019,5.802967],[-75.601835,5.803112],[-75.601501,5.803416],[-75.601464,5.803423],[-75.601426,5.803366],[-75.601416,5.80304],[-75.601369,5.802967],[-75.601284,5.802933],[-75.600947,5.803004],[-75.600741,5.803231],[-75.600452,5.803327]]]}},{"type":"Feature","properties":{"elev":835},"geometry":{"type":"MultiLineString","coordinates":[[[-75.600452,5.79176],[-75.600705,5.791892],[-75.600812,5.792033],[-75.600851,5.792323],[-75.600811,5.79254],[-75.600912,5.792793],[-75.600691,5.792793],[-75.60069,5.792866],[-75.600843,5.793119],[-75.600844,5.7933],[-75.600757,5.793481],[-75.600546,5.793735],[-75.600514,5.793916],[-75.600452,5.793941]],[[-75.600452,5.794394],[-75.600705,5.794456],[-75.601103,5.794468],[-75.601229,5.794568],[-75.601268,5.794712],[-75.601134,5.795002],[-75.601087,5.795328],[-75.601009,5.795545],[-75.60107,5.796233],[-75.601008,5.796668],[-75.600905,5.796812],[-75.600705,5.796948],[-75.600597,5.79699],[-75.600452,5.796971]],[[-75.600452,5.799455],[-75.600597,5.799613],[-75.600705,5.79995],[-75.600839,5.80018],[-75.600796,5.800288],[-75.600597,5.800383],[-75.600452,5.800556]],[[-75.600452,5.801281],[-75.600597,5.801352],[-75.60069,5.801519],[-75.600666,5.80228],[-75.600714,5.802533],[-75.600741,5.802564],[-75.60085,5.802502],[-75.600994,5.802528],[-75.601211,5.802637],[-75.601269,5.80275],[-75.601139,5.802872],[-75.600886,5.802898],[-75.60081,5.802859],[-75.600705,5.802679],[-75.600601,5.802931],[-75.600452,5.803035]]]}},{"type":"Feature","properties":{"elev":840},"geometry":{"type":"MultiLineString","coordinates":[[[-75.600669,5.791994],[-75.600741,5.792074],[-75.600741,5.792299],[-75.600636,5.792106],[-75.60063,5.792033],[-75.600669,5.791994]],[[-75.600452,5.793125],[-75.600669,5.793101],[-75.60074,5.793228],[-75.600669,5.793417],[-75.600561,5.793495],[-75.600452,5.793514]],[[-75.600452,5.794484],[-75.600958,5.794559],[-75.601017,5.794604],[-75.601048,5.794712],[-75.600834,5.795473],[-75.600932,5.796269],[-75.600905,5.796487],[-75.600831,5.796704],[-75.60072,5.796849],[-75.600597,5.796909],[-75.600452,5.796857]],[[-75.600452,5.799799],[-75.600561,5.800071],[-75.600525,5.80018],[-75.600452,5.800231]],[[-75.600452,5.801629],[-75.600545,5.801736],[-75.60058,5.801917],[-75.600553,5.802062],[-75.600452,5.802194]],[[-75.600958,5.802673],[-75.601077,5.80275],[-75.601054,5.802786],[-75.600886,5.802759],[-75.60088,5.802678],[-75.600958,5.802673]]]}},{"type":"Feature","properties":{"elev":845},"geometry":{"type":"MultiLineString","coordinates":[[[-75.600452,5.794603],[-75.600777,5.794676],[-75.600818,5.794749],[-75.600669,5.794987],[-75.600605,5.795183],[-75.600603,5.796016],[-75.600693,5.796378],[-75.600687,5.796631],[-75.600633,5.796746],[-75.600452,5.796657]]]}}]}