{
 "type": "FeatureCollection",
 "features": [
  {
   "type": "Feature",
   "properties": {
    "name": "EL GUAICO",
    "npn": "053900001000000020018000000000",
    "matricula": "023-16154",
    "ficha": 13900046,
    "municipio": "La Pintada (05390)",
    "vereda_code": "39020010000002",
    "source": "Catastro Antioquia — BCGS_Catastro_Publico, capa 10 (R LC Terreno Predio)",
    "retrieved": "2026-08-21",
    "role": "neighbour"
   },
   "geometry": {
    "type": "Polygon",
    "coordinates": [
     [
      [
       -75.6033084104432,
       5.794496618419294
      ],
      [
       -75.60352847489398,
       5.794829297896754
      ],
      [
       -75.60357994245167,
       5.794852539280858
      ],
      [
       -75.60439367334911,
       5.795220006353938
      ],
      [
       -75.60484263840077,
       5.7954475416620586
      ],
      [
       -75.60523189105434,
       5.79564481418552
      ],
      [
       -75.60530577566549,
       5.795682259227608
      ],
      [
       -75.60569334743522,
       5.795823997892153
      ],
      [
       -75.60571438727906,
       5.795830811822755
      ],
      [
       -75.60620284471948,
       5.7959889937292495
      ],
      [
       -75.60639303777941,
       5.796050585325233
      ],
      [
       -75.60642528598494,
       5.796061029019994
      ],
      [
       -75.60632423843165,
       5.796421297257612
      ],
      [
       -75.60631140626617,
       5.796421438612399
      ],
      [
       -75.60628874789577,
       5.796494474880844
      ],
      [
       -75.60689593049635,
       5.7966094629545815
      ],
      [
       -75.6072114066849,
       5.796654654883477
      ],
      [
       -75.60782436555093,
       5.796727180551156
      ],
      [
       -75.60872777236816,
       5.796855775729576
      ],
      [
       -75.60971356104767,
       5.796980401164219
      ],
      [
       -75.61059810363582,
       5.797032235427535
      ],
      [
       -75.61106991222042,
       5.797053979962504
      ],
      [
       -75.61167308050767,
       5.797075117060511
      ],
      [
       -75.61170634126677,
       5.7970058272538925
      ],
      [
       -75.61199858656225,
       5.796246871333595
      ],
      [
       -75.61250606662462,
       5.79502950204112
      ],
      [
       -75.61297438617859,
       5.793855597308687
      ],
      [
       -75.61301478459131,
       5.793466492292436
      ],
      [
       -75.61304554061482,
       5.793465789862033
      ],
      [
       -75.61309302174944,
       5.7934725493241395
      ],
      [
       -75.61315055804461,
       5.793491097603588
      ],
      [
       -75.6132120977862,
       5.793493751884349
      ],
      [
       -75.61327171362548,
       5.793487126592302
      ],
      [
       -75.6133382368938,
       5.793473640055385
      ],
      [
       -75.61340934413431,
       5.793460176658582
      ],
      [
       -75.61347362365376,
       5.793443236056236
      ],
      [
       -75.61353559987148,
       5.793414800850035
      ],
      [
       -75.61360460312035,
       5.793359983113554
      ],
      [
       -75.6136874638064,
       5.793282259128748
      ],
      [
       -75.61376346890928,
       5.793199909903253
      ],
      [
       -75.61385783023087,
       5.793113049623712
      ],
      [
       -75.61395905456378,
       5.7930285172956
      ],
      [
       -75.61402843689811,
       5.792985089106375
      ],
      [
       -75.61411753125876,
       5.792953425936917
      ],
      [
       -75.61421387982273,
       5.792933182964966
      ],
      [
       -75.61430030747208,
       5.792920519404039
      ],
      [
       -75.614383571066,
       5.792910969595122
      ],
      [
       -75.61446837635327,
       5.7929090493541935
      ],
      [
       -75.61458980621009,
       5.7929164799113195
      ],
      [
       -75.61468601771931,
       5.792926096279727
      ],
      [
       -75.61480813079608,
       5.792939584529453
      ],
      [
       -75.61491502091238,
       5.792963863513145
      ],
      [
       -75.61502942854418,
       5.79300341911887
      ],
      [
       -75.6151252342508,
       5.793051366289045
      ],
      [
       -75.61519621028857,
       5.793116706698162
      ],
      [
       -75.61523261458812,
       5.793174289776504
      ],
      [
       -75.61525294629145,
       5.793238693247279
      ],
      [
       -75.61530745686359,
       5.793359039221884
      ],
      [
       -75.61535972105479,
       5.793443588003714
      ],
      [
       -75.61543029233025,
       5.793547261029318
      ],
      [
       -75.61549409317183,
       5.793627934994023
      ],
      [
       -75.61554752586007,
       5.79368962251557
      ],
      [
       -75.6155989767643,
       5.793745540357577
      ],
      [
       -75.61565902625838,
       5.793809395997967
      ],
      [
       -75.61572678769187,
       5.793860952281484
      ],
      [
       -75.61579636041384,
       5.793910652263685
      ],
      [
       -75.61589362163862,
       5.7939627557280415
      ],
      [
       -75.61598192088628,
       5.793974859271752
      ],
      [
       -75.6160677617384,
       5.793970419717455
      ],
      [
       -75.61612738944756,
       5.79396149772193
      ],
      [
       -75.61621812108022,
       5.793951573157079
      ],
      [
       -75.61629705009716,
       5.793946173736906
      ],
      [
       -75.61636583462116,
       5.793939588927607
      ],
      [
       -75.61645071300698,
       5.793921591804276
      ],
      [
       -75.61652186167119,
       5.793898938860146
      ],
      [
       -75.61657925935845,
       5.793876225588429
      ],
      [
       -75.61665962863964,
       5.793842130605188
      ],
      [
       -75.61671467233734,
       5.793833187247317
      ],
      [
       -75.61679715327577,
       5.793838148272436
      ],
      [
       -75.61687501970546,
       5.793849978036028
      ],
      [
       -75.61692539619034,
       5.793859389864349
      ],
      [
       -75.61700559622304,
       5.793862043361074
      ],
      [
       -75.61704708479459,
       5.793853033331575
      ],
      [
       -75.61708596364025,
       5.79382794743396
      ],
      [
       -75.6171320307612,
       5.793777621035505
      ],
      [
       -75.61717576247064,
       5.793736471795264
      ],
      [
       -75.6172401516016,
       5.793688523407538
      ],
      [
       -75.61736658515987,
       5.7936041028745455
      ],
      [
       -75.61745621562504,
       5.79354937572888
      ],
      [
       -75.61752281254327,
       5.793519812231588
      ],
      [
       -75.61757204047201,
       5.793508395937118
      ],
      [
       -75.61762377439746,
       5.793492699039465
      ],
      [
       -75.61768576698599,
       5.7934677088015585
      ],
      [
       -75.6177546974613,
       5.793428968139196
      ],
      [
       -75.61783990017177,
       5.793339769367509
      ],
      [
       -75.6178952072224,
       5.793273406351219
      ],
      [
       -75.61798500491427,
       5.7931819306850505
      ],
      [
       -75.61805627909031,
       5.793131716481265
      ],
      [
       -75.61811376251079,
       5.793090628413985
      ],
      [
       -75.6181594524397,
       5.7930666121578875
      ],
      [
       -75.61821022439294,
       5.7930451191700865
      ],
      [
       -75.61826531044177,
       5.793026989263199
      ],
      [
       -75.61830531482065,
       5.793026193178356
      ],
      [
       -75.61835691654801,
       5.793041177343665
      ],
      [
       -75.6184334905224,
       5.7930597473124825
      ],
      [
       -75.61843478369947,
       5.7930530069233
      ],
      [
       -75.6184683574417,
       5.792697149347141
      ],
      [
       -75.61851612520155,
       5.792410065603216
      ],
      [
       -75.6186021132455,
       5.792151691103561
      ],
      [
       -75.618563889675,
       5.7919698732803555
      ],
      [
       -75.61865943261813,
       5.791778483219556
      ],
      [
       -75.6186020946461,
       5.7913478608370355
      ],
      [
       -75.61848742769037,
       5.790898102032895
      ],
      [
       -75.61842053407914,
       5.790371786373298
      ],
      [
       -75.61839185951027,
       5.789902887780071
      ],
      [
       -75.6185280422884,
       5.789568079320431
      ],
      [
       -75.6179339582716,
       5.789400584095814
      ],
      [
       -75.61750611197202,
       5.789318075892389
      ],
      [
       -75.61636432084502,
       5.789024344873005
      ],
      [
       -75.61627757313514,
       5.788994563822839
      ],
      [
       -75.61528374400456,
       5.788653378525486
      ],
      [
       -75.61490217294262,
       5.788522382401672
      ],
      [
       -75.61397517930537,
       5.788194764154718
      ],
      [
       -75.6133382756938,
       5.787976438046131
      ],
      [
       -75.61297970086011,
       5.787906330207957
      ],
      [
       -75.61253497495814,
       5.7878747755635835
      ],
      [
       -75.61250485971689,
       5.787872637895948
      ],
      [
       -75.61249538517949,
       5.7878724492131495
      ],
      [
       -75.61189577270628,
       5.787860494828349
      ],
      [
       -75.61165410778112,
       5.787894498459692
      ],
      [
       -75.6114513331165,
       5.787975271415973
      ],
      [
       -75.61140202947723,
       5.78779387545979
      ],
      [
       -75.61138592709464,
       5.787446478648545
      ],
      [
       -75.61147091735671,
       5.787230804489632
      ],
      [
       -75.61149148985044,
       5.787029779242258
      ],
      [
       -75.61137576321865,
       5.786793500878145
      ],
      [
       -75.61133461610099,
       5.786606312855018
      ],
      [
       -75.6114105163654,
       5.786546933570352
      ],
      [
       -75.6114956874965,
       5.786464624945623
      ],
      [
       -75.611525595327,
       5.7864394931642416
      ],
      [
       -75.61160623720745,
       5.786345682068752
      ],
      [
       -75.61163857248982,
       5.786290701044741
      ],
      [
       -75.6116622261089,
       5.786130025832298
      ],
      [
       -75.61165139823618,
       5.785992165528958
      ],
      [
       -75.61162215482706,
       5.785872600799217
      ],
      [
       -75.61156307424096,
       5.785762087641712
      ],
      [
       -75.61150831585647,
       5.785709017519414
      ],
      [
       -75.61140102794515,
       5.78561666496304
      ],
      [
       -75.61131207209833,
       5.785524395212224
      ],
      [
       -75.6112015070777,
       5.785406184875523
      ],
      [
       -75.61119798172537,
       5.785415934372694
      ],
      [
       -75.61118870991395,
       5.785438861899259
      ],
      [
       -75.6111749070939,
       5.785450285147353
      ],
      [
       -75.61115193825927,
       5.785461667423616
      ],
      [
       -75.61111520099668,
       5.785467383972675
      ],
      [
       -75.6110740301421,
       5.785459023698807
      ],
      [
       -75.61103519857048,
       5.785431288278607
      ],
      [
       -75.61098046069341,
       5.785373623467036
      ],
      [
       -75.61094860900407,
       5.785322951171341
      ],
      [
       -75.610918963011,
       5.78528378210719
      ],
      [
       -75.61088250697058,
       5.78524456392809
      ],
      [
       -75.61083903860273,
       5.785228291798795
      ],
      [
       -75.61077939097844,
       5.7852418074655185
      ],
      [
       -75.61072427524861,
       5.785266827410283
      ],
      [
       -75.61068278136811,
       5.785319471032559
      ],
      [
       -75.61063895644212,
       5.78538129089622
      ],
      [
       -75.61060196288021,
       5.785452328903524
      ],
      [
       -75.61058565733241,
       5.785509676201066
      ],
      [
       -75.61056237191143,
       5.7855899639834165
      ],
      [
       -75.61054847436185,
       5.78562205661941
      ],
      [
       -75.61052542102124,
       5.7856518136860435
      ],
      [
       -75.61050155180212,
       5.785663113298837
      ],
      [
       -75.6104772526589,
       5.785660786864602
      ],
      [
       -75.61046559628558,
       5.78564700907932
      ],
      [
       -75.6104118583234,
       5.78554679834559
      ],
      [
       -75.6103773022211,
       5.785467406040368
      ],
      [
       -75.61035229395564,
       5.785423654526927
      ],
      [
       -75.61032502531091,
       5.785373002664973
      ],
      [
       -75.61028839891983,
       5.785340328911368
      ],
      [
       -75.61024726569303,
       5.785338202896428
      ],
      [
       -75.61019433602551,
       5.785386201565055
      ],
      [
       -75.6101638386606,
       5.785436115787597
      ],
      [
       -75.61014582036739,
       5.785470968544048
      ],
      [
       -75.61010964512231,
       5.785512029073694
      ],
      [
       -75.61007224443007,
       5.78552346960251
      ],
      [
       -75.61002874446199,
       5.785514088417194
      ],
      [
       -75.60998056676063,
       5.785525357945961
      ],
      [
       -75.60994139630739,
       5.785571120791084
      ],
      [
       -75.60992280986108,
       5.7856261623569205
      ],
      [
       -75.6099111419865,
       5.785672047250194
      ],
      [
       -75.60990409801906,
       5.7857087652373655
      ],
      [
       -75.60987878424024,
       5.78573162013726
      ],
      [
       -75.60983972052274,
       5.785754415362901
      ],
      [
       -75.60978002075787,
       5.785779415669205
      ],
      [
       -75.60974099882536,
       5.785793022580143
      ],
      [
       -75.60970875713697,
       5.785827331449241
      ],
      [
       -75.60969709766293,
       5.7858709190529245
      ],
      [
       -75.60971258235124,
       5.785992721684589
      ],
      [
       -75.60970301427332,
       5.786079960181195
      ],
      [
       -75.60967528221356,
       5.7861303661597185
      ],
      [
       -75.60963844727388,
       5.786166952746476
      ],
      [
       -75.60959928258407,
       5.786174437918292
      ],
      [
       -75.60952387302316,
       5.7861641457950155
      ],
      [
       -75.6094527987926,
       5.786170719130784
      ],
      [
       -75.60939313053149,
       5.78618882841317
      ],
      [
       -75.60935163825603,
       5.78624147110988
      ],
      [
       -75.60931460177905,
       5.786321695639008
      ],
      [
       -75.60929368241415,
       5.786385915284679
      ],
      [
       -75.60928878271453,
       5.786454798569745
      ],
      [
       -75.60929770636577,
       5.78650766582578
      ],
      [
       -75.60932255767901,
       5.786585869735477
      ],
      [
       -75.60937704212621,
       5.786698657389475
      ],
      [
       -75.60938820574326,
       5.786763019596672
      ],
      [
       -75.60938571501114,
       5.786806648190506
      ],
      [
       -75.60935563712607,
       5.786868529560679
      ],
      [
       -75.60931186398892,
       5.78691886562821
      ],
      [
       -75.60925653719694,
       5.786989820782716
      ],
      [
       -75.60920353303953,
       5.787053897889055
      ],
      [
       -75.60917265286814,
       5.787099694926776
      ],
      [
       -75.60913198413942,
       5.787163826466883
      ],
      [
       -75.60909720802061,
       5.7872509531819665
      ],
      [
       -75.60906480926064,
       5.787319714409934
      ],
      [
       -75.60903979940299,
       5.787343905047852
      ],
      [
       -75.60900730561924,
       5.7873653943929195
      ],
      [
       -75.60897965362106,
       5.78740178955755
      ],
      [
       -75.60897717655888,
       5.787438759581759
      ],
      [
       -75.6089975071474,
       5.787503161892964
      ],
      [
       -75.60901100454228,
       5.787558346048048
      ],
      [
       -75.60902113256455,
       5.7876204926274895
      ],
      [
       -75.60899897727232,
       5.787682323086962
      ],
      [
       -75.60894819163619,
       5.787762487072066
      ],
      [
       -75.60891257193923,
       5.787818628673068
      ],
      [
       -75.60888813316508,
       5.787865577705791
      ],
      [
       -75.60888715183995,
       5.787867522369139
      ],
      [
       -75.60886269206935,
       5.787915994867281
      ],
      [
       -75.60881895972764,
       5.787957143542014
      ],
      [
       -75.6087637946707,
       5.787982906827127
      ],
      [
       -75.60866973287355,
       5.788008681855586
      ],
      [
       -75.60856185800809,
       5.788050169091923
      ],
      [
       -75.60852589917943,
       5.788064078331593
      ],
      [
       -75.60820235664461,
       5.788240116226697
      ],
      [
       -75.60818912588705,
       5.788254664930476
      ],
      [
       -75.60816239402271,
       5.788284059214972
      ],
      [
       -75.60811127232708,
       5.788355937980797
      ],
      [
       -75.60808818628205,
       5.788392585169972
      ],
      [
       -75.6080673072207,
       5.788428819890711
      ],
      [
       -75.60789203139979,
       5.788494959440498
      ],
      [
       -75.60789109968677,
       5.78851401895169
      ],
      [
       -75.607715277205,
       5.788583599186635
      ],
      [
       -75.60755034044402,
       5.788612296672347
      ],
      [
       -75.60732356702114,
       5.788635938187643
      ],
      [
       -75.6072046692907,
       5.788648332134784
      ],
      [
       -75.60687255803133,
       5.78872449218472
      ],
      [
       -75.60644301991528,
       5.788804926170918
      ],
      [
       -75.60635331509823,
       5.788826389227279
      ],
      [
       -75.6061289071223,
       5.788875595810242
      ],
      [
       -75.6052681547639,
       5.789064336691105
      ],
      [
       -75.605238504975,
       5.789070838599441
      ],
      [
       -75.60522385096449,
       5.789074051248379
      ],
      [
       -75.60511307657538,
       5.789098341314071
      ],
      [
       -75.60422666777288,
       5.789291286181893
      ],
      [
       -75.60355956599247,
       5.789436492389937
      ],
      [
       -75.60357943448868,
       5.7896028882983375
      ],
      [
       -75.6035231225797,
       5.789823215383554
      ],
      [
       -75.60329286121495,
       5.790027118910095
      ],
      [
       -75.6030643003131,
       5.790185087336152
      ],
      [
       -75.60282603637032,
       5.790310568776648
      ],
      [
       -75.60278901148055,
       5.790379966982754
      ],
      [
       -75.60273699691854,
       5.790477464148552
      ],
      [
       -75.60275088889574,
       5.790590305499353
      ],
      [
       -75.60278303006756,
       5.790610367668873
      ],
      [
       -75.60290609971001,
       5.790687187975591
      ],
      [
       -75.60307266151997,
       5.79075914066613
      ],
      [
       -75.6032506075601,
       5.790813819165004
      ],
      [
       -75.60331578084241,
       5.790859446978165
      ],
      [
       -75.60335238181322,
       5.790924342721474
      ],
      [
       -75.60338160280943,
       5.791046681437591
      ],
      [
       -75.60335288152086,
       5.791450590834249
      ],
      [
       -75.60336414872782,
       5.791561865640148
      ],
      [
       -75.60339132683085,
       5.7916725384393
      ],
      [
       -75.60340794375013,
       5.791721419805409
      ],
      [
       -75.60344106888684,
       5.7918045170498536
      ],
      [
       -75.60359704592676,
       5.7921957883540145
      ],
      [
       -75.60372083643512,
       5.7925243649005145
      ],
      [
       -75.60371968054453,
       5.792688943429401
      ],
      [
       -75.60361371717308,
       5.792915239767674
      ],
      [
       -75.60334775709084,
       5.793251349704571
      ],
      [
       -75.60304119027887,
       5.79348239511092
      ],
      [
       -75.60273779632567,
       5.79357181708217
      ],
      [
       -75.60228522831709,
       5.793631305919477
      ],
      [
       -75.60207344915389,
       5.793699256924457
      ],
      [
       -75.60197516007716,
       5.793827682963579
      ],
      [
       -75.6019499917566,
       5.793860569721778
      ],
      [
       -75.60196087763863,
       5.793956193147022
      ],
      [
       -75.60196392689384,
       5.793982978802263
      ],
      [
       -75.60205930365615,
       5.794365268653115
      ],
      [
       -75.60207468273137,
       5.794581365476887
      ],
      [
       -75.60208585233894,
       5.794738306848303
      ],
      [
       -75.60207418376704,
       5.795104523983403
      ],
      [
       -75.60250754064116,
       5.795022158546498
      ],
      [
       -75.60258673771352,
       5.7950007448095775
      ],
      [
       -75.60264868165098,
       5.794966971132347
      ],
      [
       -75.60272908842242,
       5.794884713552608
      ],
      [
       -75.60280558045213,
       5.794806460960535
      ],
      [
       -75.60287704153045,
       5.7947427465000265
      ],
      [
       -75.60288437939697,
       5.794736203391628
      ],
      [
       -75.6029911183212,
       5.794641035641372
      ],
      [
       -75.60325472393413,
       5.79443001486676
      ],
      [
       -75.6033084104432,
       5.794496618419294
      ]
     ]
    ]
   }
  },
  {
   "type": "Feature",
   "properties": {
    "name": "RANCHO LOS TOROS",
    "npn": "053900001000000020019000000000",
    "matricula": "023-5441",
    "ficha": 13900047,
    "municipio": "La Pintada (05390)",
    "vereda_code": "39020010000002",
    "source": "Catastro Antioquia — BCGS_Catastro_Publico, capa 10 (R LC Terreno Predio)",
    "retrieved": "2026-08-21",
    "role": "neighbour"
   },
   "geometry": {
    "type": "MultiPolygon",
    "coordinates": [
     [
      [
       [
        -75.59193046649139,
        5.789260233930504
       ],
       [
        -75.59205252758758,
        5.789345693325369
       ],
       [
        -75.59218766275332,
        5.78944030734055
       ],
       [
        -75.59242252633103,
        5.789604744364004
       ],
       [
        -75.59245217510043,
        5.78966858016497
       ],
       [
        -75.59245972448996,
        5.7896848327673744
       ],
       [
        -75.5925933008634,
        5.78997242760374
       ],
       [
        -75.59265960120977,
        5.7900071775505495
       ],
       [
        -75.59278082687996,
        5.790058251719045
       ],
       [
        -75.59290662629685,
        5.790111644701499
       ],
       [
        -75.59298891476651,
        5.790157948901558
       ],
       [
        -75.59304831855638,
        5.790197261624985
       ],
       [
        -75.59308927228167,
        5.790261758034892
       ],
       [
        -75.59331627027491,
        5.790389794803906
       ],
       [
        -75.59356970866713,
        5.790448436573537
       ],
       [
        -75.59376353645732,
        5.79052888009318
       ],
       [
        -75.59395254361003,
        5.790599776738969
       ],
       [
        -75.59420401935795,
        5.790751717996368
       ],
       [
        -75.59444773170615,
        5.790876509664493
       ],
       [
        -75.59450954428802,
        5.790890567233559
       ],
       [
        -75.59467663727054,
        5.790937471807559
       ],
       [
        -75.59482305132754,
        5.790990737244064
       ],
       [
        -75.59490099049117,
        5.791027094315729
       ],
       [
        -75.59500942126803,
        5.790830793521681
       ],
       [
        -75.5951090127628,
        5.79060385307549
       ],
       [
        -75.59519750618688,
        5.790298770013058
       ],
       [
        -75.59526463918922,
        5.789925913289713
       ],
       [
        -75.59529247891997,
        5.789582582251436
       ],
       [
        -75.5953190544766,
        5.78928640959496
       ],
       [
        -75.59533374727258,
        5.789082056947971
       ],
       [
        -75.59536126728172,
        5.7890775858929135
       ],
       [
        -75.59546678172765,
        5.789057387316125
       ],
       [
        -75.59556768980653,
        5.789041761888088
       ],
       [
        -75.59567091132217,
        5.789021552985965
       ],
       [
        -75.59576246313875,
        5.789011513324138
       ],
       [
        -75.59587035140521,
        5.789008664959616
       ],
       [
        -75.59597346743153,
        5.789011424774946
       ],
       [
        -75.59606748071393,
        5.789000361217382
       ],
       [
        -75.59621202549104,
        5.788964259897478
       ],
       [
        -75.59631527953589,
        5.788937158906027
       ],
       [
        -75.59642678481504,
        5.7888979342958455
       ],
       [
        -75.59651726523151,
        5.788869158662139
       ],
       [
        -75.59660674852425,
        5.788846591415028
       ],
       [
        -75.59669197535436,
        5.788827925796688
       ],
       [
        -75.59686220161406,
        5.78881512519101
       ],
       [
        -75.5969942026523,
        5.788813873968737
       ],
       [
        -75.59709502655501,
        5.788816621492789
       ],
       [
        -75.59730461872513,
        5.78884656448846
       ],
       [
        -75.59741788095984,
        5.788877785134694
       ],
       [
        -75.59757121204989,
        5.7889244085261184
       ],
       [
        -75.59771086847289,
        5.788954891548641
       ],
       [
        -75.59777736711513,
        5.7889674717650825
       ],
       [
        -75.59783555470291,
        5.788979277295067
       ],
       [
        -75.59789257779542,
        5.788991079114768
       ],
       [
        -75.59795077937721,
        5.788997057747071
       ],
       [
        -75.59799948366405,
        5.788986042450038
       ],
       [
        -75.59804778912991,
        5.788947213036295
       ],
       [
        -75.59810530361543,
        5.788899236381725
       ],
       [
        -75.59819272600633,
        5.78882612923711
       ],
       [
        -75.59830518880678,
        5.788789883409319
       ],
       [
        -75.59841943077828,
        5.788780495150995
       ],
       [
        -75.59853443267505,
        5.788774830922759
       ],
       [
        -75.59866618842743,
        5.788773279380383
       ],
       [
        -75.5988025603592,
        5.788776030871619
       ],
       [
        -75.59892015305603,
        5.78877394389758
       ],
       [
        -75.5990271362371,
        5.7887793325906705
       ],
       [
        -75.5991072816691,
        5.788793471994176
       ],
       [
        -75.59916908363412,
        5.788809827330746
       ],
       [
        -75.59925372824443,
        5.7888423613402695
       ],
       [
        -75.59931325963858,
        5.788854110822976
       ],
       [
        -75.59940490696782,
        5.788859115013258
       ],
       [
        -75.5995882734267,
        5.788853044813522
       ],
       [
        -75.59971754704523,
        5.7888464415416685
       ],
       [
        -75.59983358059411,
        5.788833470947498
       ],
       [
        -75.59995615526859,
        5.788831404298066
       ],
       [
        -75.60006957161843,
        5.788846011131536
       ],
       [
        -75.60014053035366,
        5.788864702077374
       ],
       [
        -75.60021085338597,
        5.788898742722575
       ],
       [
        -75.60027299391348,
        5.7889640578346695
       ],
       [
        -75.60035949738173,
        5.789090772183823
       ],
       [
        -75.6004805243051,
        5.789185483618751
       ],
       [
        -75.60061316774602,
        5.789245794732701
       ],
       [
        -75.60077115729118,
        5.78927636002096
       ],
       [
        -75.60090171081734,
        5.789293022533074
       ],
       [
        -75.60107574246673,
        5.7893236587555315
       ],
       [
        -75.60115123125432,
        5.78935385487639
       ],
       [
        -75.6012289692253,
        5.789393249633189
       ],
       [
        -75.60136835090452,
        5.7894834492508105
       ],
       [
        -75.60149855441537,
        5.789575905041124
       ],
       [
        -75.60153804146428,
        5.789608357489408
       ],
       [
        -75.6016081439199,
        5.789665971001221
       ],
       [
        -75.60168346334378,
        5.789732915978093
       ],
       [
        -75.60175630179755,
        5.789841194253596
       ],
       [
        -75.60179250370973,
        5.789942418013873
       ],
       [
        -75.60183561415654,
        5.790036780618392
       ],
       [
        -75.60190094054792,
        5.79013245609306
       ],
       [
        -75.60197462565728,
        5.790207368019335
       ],
       [
        -75.60204311383444,
        5.790265095517732
       ],
       [
        -75.60213457045913,
        5.790311441832092
       ],
       [
        -75.60225353761078,
        5.790355613139226
       ],
       [
        -75.60238935402081,
        5.790380756597739
       ],
       [
        -75.6025008408833,
        5.790400357642397
       ],
       [
        -75.60255223737124,
        5.790413112313645
       ],
       [
        -75.60257010683462,
        5.790340106209021
       ],
       [
        -75.60264980271147,
        5.790219180143645
       ],
       [
        -75.60281736309506,
        5.790092110503303
       ],
       [
        -75.6032137393155,
        5.789862566450531
       ],
       [
        -75.60331094644634,
        5.789810451733259
       ],
       [
        -75.6033640684201,
        5.789727921059023
       ],
       [
        -75.60337499779187,
        5.789611138771212
       ],
       [
        -75.60337185957395,
        5.789533181723627
       ],
       [
        -75.60337068510492,
        5.7895039952839635
       ],
       [
        -75.6033344162298,
        5.789251780755817
       ],
       [
        -75.60330358416819,
        5.789037375173704
       ],
       [
        -75.60334056242529,
        5.788767381770952
       ],
       [
        -75.60334351192763,
        5.788732971599482
       ],
       [
        -75.60340948709509,
        5.7879633372812895
       ],
       [
        -75.60333772123218,
        5.787815628298758
       ],
       [
        -75.60326118671037,
        5.787658104797719
       ],
       [
        -75.6032146715101,
        5.787562367480057
       ],
       [
        -75.60316221662337,
        5.787373157464268
       ],
       [
        -75.60319574994972,
        5.787185467452191
       ],
       [
        -75.60322772269814,
        5.787074329452384
       ],
       [
        -75.6032465075594,
        5.787009031908437
       ],
       [
        -75.60325969544297,
        5.786963191456006
       ],
       [
        -75.60250890779741,
        5.786818006480926
       ],
       [
        -75.60224007281674,
        5.786766019874525
       ],
       [
        -75.60203458974699,
        5.7867478262380825
       ],
       [
        -75.60177900716396,
        5.786741822505138
       ],
       [
        -75.60122488315601,
        5.7867371892743185
       ],
       [
        -75.60108398347016,
        5.786740227871084
       ],
       [
        -75.60094835992308,
        5.786748185748748
       ],
       [
        -75.60087623284716,
        5.78674851661153
       ],
       [
        -75.60068423734727,
        5.786755138212168
       ],
       [
        -75.60055123716465,
        5.786775181485962
       ],
       [
        -75.60027938333954,
        5.7868019650101985
       ],
       [
        -75.6000210645339,
        5.786835296997323
       ],
       [
        -75.59998721822726,
        5.786839664325373
       ],
       [
        -75.59981922008653,
        5.786871053242712
       ],
       [
        -75.59927869992536,
        5.786962483283858
       ],
       [
        -75.59916407135998,
        5.786965400990575
       ],
       [
        -75.59917243159606,
        5.786913542440928
       ],
       [
        -75.59927491391521,
        5.786277853173608
       ],
       [
        -75.59932616880447,
        5.786049725162287
       ],
       [
        -75.59935225522156,
        5.785859203939193
       ],
       [
        -75.59937194512587,
        5.785601108346121
       ],
       [
        -75.5993660807503,
        5.78534477350683
       ],
       [
        -75.59933964836193,
        5.7851126737496035
       ],
       [
        -75.5993297947103,
        5.7848758085227905
       ],
       [
        -75.59933767173594,
        5.784637564676012
       ],
       [
        -75.5993794553483,
        5.784430689912351
       ],
       [
        -75.59939670568812,
        5.784388598130893
       ],
       [
        -75.59933860542185,
        5.784343226281769
       ],
       [
        -75.59927265465696,
        5.784232683417739
       ],
       [
        -75.59919564697111,
        5.784034810676824
       ],
       [
        -75.59912984278633,
        5.7838921124790525
       ],
       [
        -75.5990682857796,
        5.783822931106916
       ],
       [
        -75.59899531183822,
        5.7837445125741285
       ],
       [
        -75.59898038020836,
        5.783735952413723
       ],
       [
        -75.59866297896583,
        5.783617121811924
       ],
       [
        -75.5985785446798,
        5.783601783859712
       ],
       [
        -75.5980982838609,
        5.783596746368448
       ],
       [
        -75.59808183610228,
        5.783596573072436
       ],
       [
        -75.59687728663384,
        5.783583935226907
       ],
       [
        -75.59686469554828,
        5.783611741029037
       ],
       [
        -75.59688442965509,
        5.783291779231529
       ],
       [
        -75.59688018553648,
        5.783218261320241
       ],
       [
        -75.5968553566165,
        5.783135464080782
       ],
       [
        -75.59680560627804,
        5.782990541003747
       ],
       [
        -75.59674270728748,
        5.782836682446548
       ],
       [
        -75.59664692512183,
        5.782613148272942
       ],
       [
        -75.59659264421936,
        5.782456720591101
       ],
       [
        -75.59652550084861,
        5.782278101315766
       ],
       [
        -75.5964475014695,
        5.782125325230377
       ],
       [
        -75.59633146158339,
        5.781943355772788
       ],
       [
        -75.59622901387615,
        5.7817958999036
       ],
       [
        -75.59613165213139,
        5.781652835372374
       ],
       [
        -75.59605850390422,
        5.781498844464718
       ],
       [
        -75.59601569259152,
        5.781340170825769
       ],
       [
        -75.59600311703572,
        5.781183338815285
       ],
       [
        -75.59603115530463,
        5.780968152182902
       ],
       [
        -75.5960776245236,
        5.7808305503133415
       ],
       [
        -75.59615840240706,
        5.780706882590963
       ],
       [
        -75.59632591213176,
        5.780610769738823
       ],
       [
        -75.59652822835473,
        5.7805201960840975
       ],
       [
        -75.59676241112948,
        5.780427073540839
       ],
       [
        -75.59702872994016,
        5.780322610430386
       ],
       [
        -75.59727637750986,
        5.780291562958423
       ],
       [
        -75.59750552208752,
        5.780297181119371
       ],
       [
        -75.59770696505313,
        5.78034631567165
       ],
       [
        -75.59796439340253,
        5.780403583790176
       ],
       [
        -75.5982311748647,
        5.780474987699069
       ],
       [
        -75.5985997830106,
        5.780552431053789
       ],
       [
        -75.59869390304127,
        5.780531874335997
       ],
       [
        -75.59874225742811,
        5.7804680841321545
       ],
       [
        -75.5987563032828,
        5.780403835329273
       ],
       [
        -75.59881010980621,
        5.780165203901066
       ],
       [
        -75.59887298893261,
        5.779947285989352
       ],
       [
        -75.59891750247654,
        5.779736174935759
       ],
       [
        -75.59896858476135,
        5.779591702725159
       ],
       [
        -75.59901936081725,
        5.779513837540181
       ],
       [
        -75.59908850060069,
        5.779429162808019
       ],
       [
        -75.599150714023,
        5.779355941973502
       ],
       [
        -75.59924055328163,
        5.779255282307884
       ],
       [
        -75.59930251722085,
        5.7791572726597
       ],
       [
        -75.59936112521237,
        5.778950340901814
       ],
       [
        -75.59939184275179,
        5.778823625939023
       ],
       [
        -75.59987962104613,
        5.779132577745106
       ],
       [
        -75.60027586498953,
        5.779372454067352
       ],
       [
        -75.60075126297804,
        5.779650199152782
       ],
       [
        -75.60065441106762,
        5.779780686924758
       ],
       [
        -75.60054618604921,
        5.77989274826818
       ],
       [
        -75.60038039511323,
        5.78006427172227
       ],
       [
        -75.60022843706781,
        5.780217480190208
       ],
       [
        -75.6001614728071,
        5.780327428628799
       ],
       [
        -75.6000250918678,
        5.780581769634327
       ],
       [
        -75.59992550451324,
        5.780808712956991
       ],
       [
        -75.59983323618148,
        5.780939220442726
       ],
       [
        -75.59974330086345,
        5.781060550750939
       ],
       [
        -75.59966555534919,
        5.7811893951086
       ],
       [
        -75.59961602314381,
        5.781328712413305
       ],
       [
        -75.59960780557256,
        5.7816203745976775
       ],
       [
        -75.59965918300138,
        5.7819100071355125
       ],
       [
        -75.5997272350039,
        5.782061902201714
       ],
       [
        -75.59984893035123,
        5.7823688185980116
       ],
       [
        -75.59989462173948,
        5.782540394862615
       ],
       [
        -75.59996893706024,
        5.782825534640765
       ],
       [
        -75.60005461541397,
        5.783131397207533
       ],
       [
        -75.60015204847284,
        5.7833730015341365
       ],
       [
        -75.60018134173883,
        5.783441205950612
       ],
       [
        -75.6002676878665,
        5.783642248747914
       ],
       [
        -75.60039698232144,
        5.783932228988184
       ],
       [
        -75.6005031406069,
        5.784156923857504
       ],
       [
        -75.60058759174524,
        5.784344215967409
       ],
       [
        -75.60067587898055,
        5.784581186024076
       ],
       [
        -75.60076616282493,
        5.784882475915676
       ],
       [
        -75.60121918997937,
        5.7847270652492755
       ],
       [
        -75.60207652899992,
        5.784493273734615
       ],
       [
        -75.60219639263389,
        5.784470873116542
       ],
       [
        -75.60243664025346,
        5.784425976308945
       ],
       [
        -75.60267151388435,
        5.784131394329433
       ],
       [
        -75.60269481915769,
        5.784105289659475
       ],
       [
        -75.60278341214122,
        5.784087892777964
       ],
       [
        -75.60284866556337,
        5.784421208059979
       ],
       [
        -75.60281889466025,
        5.784600105774748
       ],
       [
        -75.60264152367795,
        5.784785896365599
       ],
       [
        -75.60264340378669,
        5.784820387450202
       ],
       [
        -75.60267985258807,
        5.784956567282358
       ],
       [
        -75.6028189541461,
        5.785082707223036
       ],
       [
        -75.60298420752123,
        5.785182415626297
       ],
       [
        -75.6030199997592,
        5.785175074762334
       ],
       [
        -75.60306519170074,
        5.785134202719479
       ],
       [
        -75.60309353398894,
        5.7850647025626145
       ],
       [
        -75.60312416623381,
        5.784973664844301
       ],
       [
        -75.60317398093646,
        5.784899282649918
       ],
       [
        -75.60323353551993,
        5.784865520370677
       ],
       [
        -75.6033624064507,
        5.784843400001389
       ],
       [
        -75.60345800406553,
        5.78485731346364
       ],
       [
        -75.60351783227595,
        5.784883352079777
       ],
       [
        -75.60360171839005,
        5.784947551756056
       ],
       [
        -75.60365679249261,
        5.784978395660483
       ],
       [
        -75.60374531323107,
        5.78501147820386
       ],
       [
        -75.60378592523139,
        5.78501368395308
       ],
       [
        -75.60384080137892,
        5.785001471947755
       ],
       [
        -75.60387156485714,
        5.784939137265219
       ],
       [
        -75.60388309021494,
        5.78484818637846
       ],
       [
        -75.60388028664975,
        5.784757301275761
       ],
       [
        -75.60392304623056,
        5.784706871594334
       ],
       [
        -75.6040136816697,
        5.784680143154465
       ],
       [
        -75.60403949572276,
        5.78467855822254
       ],
       [
        -75.60410203061451,
        5.78467471898545
       ],
       [
        -75.60413635701353,
        5.784682803876315
       ],
       [
        -75.60423568598227,
        5.784722490751281
       ],
       [
        -75.60431263902052,
        5.784769434325594
       ],
       [
        -75.60431408764906,
        5.784753816032241
       ],
       [
        -75.60436887815344,
        5.784163038843765
       ],
       [
        -75.60437261172483,
        5.784039398802988
       ],
       [
        -75.60437438209065,
        5.78398639083427
       ],
       [
        -75.60437889374367,
        5.783851301577768
       ],
       [
        -75.60434774242623,
        5.783672279579426
       ],
       [
        -75.60422588029792,
        5.783347042250736
       ],
       [
        -75.60419720850292,
        5.7832829598149535
       ],
       [
        -75.6041476981995,
        5.783172303540734
       ],
       [
        -75.60402200415828,
        5.782948984269888
       ],
       [
        -75.60390417924208,
        5.782777427151724
       ],
       [
        -75.60375680628006,
        5.782615793140904
       ],
       [
        -75.60364595444466,
        5.782504354142986
       ],
       [
        -75.60363009366212,
        5.782482898069823
       ],
       [
        -75.60361567763896,
        5.78246430672386
       ],
       [
        -75.60357236006176,
        5.782392744148676
       ],
       [
        -75.60355640737627,
        5.782351195316291
       ],
       [
        -75.60353758783747,
        5.7823096596365975
       ],
       [
        -75.60353173776184,
        5.782283852394784
       ],
       [
        -75.60352586142812,
        5.782252304365498
       ],
       [
        -75.60352426478558,
        5.782216431470708
       ],
       [
        -75.60352283526477,
        5.782202096609595
       ],
       [
        -75.6035212609708,
        5.782186305035812
       ],
       [
        -75.60352106667716,
        5.782143827730976
       ],
       [
        -75.60352098525499,
        5.782126026770396
       ],
       [
        -75.60352384028857,
        5.782117903169685
       ],
       [
        -75.60352805778193,
        5.782105901143361
       ],
       [
        -75.6035379249515,
        5.782069974746117
       ],
       [
        -75.60358043502731,
        5.781965008591557
       ],
       [
        -75.60359232919706,
        5.781944778571643
       ],
       [
        -75.60368114177355,
        5.7817937206350685
       ],
       [
        -75.60368281496949,
        5.78179087595552
       ],
       [
        -75.60377536799449,
        5.781661279990682
       ],
       [
        -75.60383155761008,
        5.781565275608357
       ],
       [
        -75.60395933270951,
        5.781303956364723
       ],
       [
        -75.60397820956065,
        5.781253636373637
       ],
       [
        -75.60398991015217,
        5.781200958019663
       ],
       [
        -75.60399203600325,
        5.781143539208529
       ],
       [
        -75.60400126062613,
        5.781071735562433
       ],
       [
        -75.60400073756563,
        5.780957380025051
       ],
       [
        -75.60400053852248,
        5.780913863064874
       ],
       [
        -75.6039833367015,
        5.780833853188333
       ],
       [
        -75.60390511839061,
        5.780470040604462
       ],
       [
        -75.60389774093134,
        5.78043572574825
       ],
       [
        -75.60388066814961,
        5.780358062253679
       ],
       [
        -75.60387673544196,
        5.780281534575307
       ],
       [
        -75.60389574680674,
        5.780171406393868
       ],
       [
        -75.60390651353545,
        5.780156709103393
       ],
       [
        -75.60401075482673,
        5.7800144061193155
       ],
       [
        -75.604061253098,
        5.779922376927821
       ],
       [
        -75.60411122139531,
        5.779831314823008
       ],
       [
        -75.60414102762054,
        5.779776995694926
       ],
       [
        -75.60429283908286,
        5.779549054351114
       ],
       [
        -75.60431649187696,
        5.779498713379701
       ],
       [
        -75.60433306778715,
        5.779467540620108
       ],
       [
        -75.60434723338393,
        5.779431594529921
       ],
       [
        -75.60436139897979,
        5.779395648440162
       ],
       [
        -75.60437076673824,
        5.779354940876917
       ],
       [
        -75.60438018828977,
        5.77932619313382
       ],
       [
        -75.6043895770251,
        5.779290269863275
       ],
       [
        -75.60439889008333,
        5.779237601581604
       ],
       [
        -75.60439869317797,
        5.779194545703467
       ],
       [
        -75.60443364180225,
        5.779003021607048
       ],
       [
        -75.60449433719043,
        5.778696561332848
       ],
       [
        -75.6045528847986,
        5.778442735579289
       ],
       [
        -75.60465354631559,
        5.777997352918703
       ],
       [
        -75.60467699214594,
        5.777901563050995
       ],
       [
        -75.60469576960404,
        5.777829715631166
       ],
       [
        -75.60469796114894,
        5.777786648805701
       ],
       [
        -75.60471421983391,
        5.777686108426017
       ],
       [
        -75.6047231819973,
        5.777556896096657
       ],
       [
        -75.6047229741871,
        5.777511448083719
       ],
       [
        -75.60471999515705,
        5.7773822914295385
       ],
       [
        -75.60469048282432,
        5.777195847436821
       ],
       [
        -75.60467463718956,
        5.777095526630153
       ],
       [
        -75.60460440012913,
        5.776650855492016
       ],
       [
        -75.6045621922994,
        5.77629941732901
       ],
       [
        -75.6045270068346,
        5.775916851126949
       ],
       [
        -75.60452668320548,
        5.775846047824969
       ],
       [
        -75.60452644704726,
        5.775794380770344
       ],
       [
        -75.60453174156152,
        5.7756986750604
       ],
       [
        -75.60455819245279,
        5.775633489902974
       ],
       [
        -75.6045904373056,
        5.7755816739256325
       ],
       [
        -75.6046113137905,
        5.775550959752049
       ],
       [
        -75.60463787053216,
        5.775508737727264
       ],
       [
        -75.60467398787227,
        5.77546838580326
       ],
       [
        -75.60475961641345,
        5.775391447510185
       ],
       [
        -75.60497850815639,
        5.7752091271450094
       ],
       [
        -75.60524254504332,
        5.774975887238788
       ],
       [
        -75.60545078026398,
        5.774813469264272
       ],
       [
        -75.60552207266463,
        5.7747354014960415
       ],
       [
        -75.60555192041994,
        5.774681921259494
       ],
       [
        -75.60558585643837,
        5.774582256401623
       ],
       [
        -75.60560980231443,
        5.774386956003598
       ],
       [
        -75.60561043082151,
        5.774196069568138
       ],
       [
        -75.60561060224084,
        5.774143920620371
       ],
       [
        -75.60560915890923,
        5.773828176857798
       ],
       [
        -75.60556742240256,
        5.773597540666351
       ],
       [
        -75.60550426870545,
        5.773434512019711
       ],
       [
        -75.60537766835147,
        5.772926001130203
       ],
       [
        -75.60530417382594,
        5.772731147406307
       ],
       [
        -75.6052939906236,
        5.772593412456921
       ],
       [
        -75.60530267010438,
        5.772514474607279
       ],
       [
        -75.60524831905781,
        5.772499507187376
       ],
       [
        -75.6051361025402,
        5.772482929026906
       ],
       [
        -75.60496188026892,
        5.772469339129556
       ],
       [
        -75.60476269174382,
        5.7724537019379225
       ],
       [
        -75.60449931181844,
        5.772418074894911
       ],
       [
        -75.60426957710868,
        5.772389010868468
       ],
       [
        -75.60406875859223,
        5.77235643842465
       ],
       [
        -75.60379397401657,
        5.77230927657517
       ],
       [
        -75.60375517614384,
        5.772306421118728
       ],
       [
        -75.60352822748601,
        5.772289717233315
       ],
       [
        -75.60324383317301,
        5.772287452336201
       ],
       [
        -75.60299655871569,
        5.7722896425791825
       ],
       [
        -75.60282002910463,
        5.7723049343573605
       ],
       [
        -75.60249911556465,
        5.772321877167601
       ],
       [
        -75.6023386806693,
        5.772325755223891
       ],
       [
        -75.6020201541242,
        5.772322036725604
       ],
       [
        -75.60180015797977,
        5.772321055726873
       ],
       [
        -75.60150693495099,
        5.772296778920258
       ],
       [
        -75.60128469821872,
        5.772284302626995
       ],
       [
        -75.60108987861264,
        5.77229032395957
       ],
       [
        -75.6008446850917,
        5.772286931886657
       ],
       [
        -75.60064068745143,
        5.772295210065469
       ],
       [
        -75.60043930432346,
        5.7722776538110185
       ],
       [
        -75.60015418813627,
        5.77226332025066
       ],
       [
        -75.59995733224173,
        5.772249217492978
       ],
       [
        -75.59985258743546,
        5.772243457531871
       ],
       [
        -75.59968533149991,
        5.772235819991537
       ],
       [
        -75.59955250041045,
        5.772216852302011
       ],
       [
        -75.59937380722504,
        5.772204570260215
       ],
       [
        -75.59913097828594,
        5.772185110091496
       ],
       [
        -75.59910523113258,
        5.772210383943188
       ],
       [
        -75.59908468067952,
        5.772285964351211
       ],
       [
        -75.59906574603357,
        5.772416799466467
       ],
       [
        -75.5990520601182,
        5.772541827161731
       ],
       [
        -75.59902456837976,
        5.772714290151674
       ],
       [
        -75.59900876176738,
        5.772848352110259
       ],
       [
        -75.59898358135143,
        5.773040521693718
       ],
       [
        -75.5989604183049,
        5.773197026815713
       ],
       [
        -75.59894002437039,
        5.773344162918669
       ],
       [
        -75.59893459618188,
        5.77337911429353
       ],
       [
        -75.59881971195199,
        5.773309917665105
       ],
       [
        -75.59872974279807,
        5.77322378840289
       ],
       [
        -75.59864078157308,
        5.773133813053925
       ],
       [
        -75.59858151557971,
        5.773064643190606
       ],
       [
        -75.59848798175095,
        5.772972351646805
       ],
       [
        -75.59840347642478,
        5.77290995843504
       ],
       [
        -75.59829609664627,
        5.772838278155581
       ],
       [
        -75.59819326984676,
        5.772773505929088
       ],
       [
        -75.5980515269171,
        5.772699373481538
       ],
       [
        -75.59794881546033,
        5.772656141368
       ],
       [
        -75.59786624192506,
        5.77262504672954
       ],
       [
        -75.59774491323385,
        5.7725969427198525
       ],
       [
        -75.5975846039015,
        5.772573257892132
       ],
       [
        -75.59747462735045,
        5.772568172358503
       ],
       [
        -75.59731411872515,
        5.772588126710681
       ],
       [
        -75.59718156150326,
        5.772612095812532
       ],
       [
        -75.59705731873532,
        5.7726168376973925
       ],
       [
        -75.59695652864178,
        5.772607199609162
       ],
       [
        -75.59688327168435,
        5.772590795198194
       ],
       [
        -75.59675740120215,
        5.77255348280434
       ],
       [
        -75.59662246646617,
        5.772545980594518
       ],
       [
        -75.59649148758636,
        5.772570668313079
       ],
       [
        -75.59639050751798,
        5.7726023729933775
       ],
       [
        -75.59630341564093,
        5.772604279757601
       ],
       [
        -75.59624157348507,
        5.772597112588649
       ],
       [
        -75.59615769412925,
        5.772580764732976
       ],
       [
        -75.59605840166813,
        5.772561841909455
       ],
       [
        -75.59596530661385,
        5.772547008869183
       ],
       [
        -75.59589346712394,
        5.7725473225190544
       ],
       [
        -75.59576050082114,
        5.77255821196352
       ],
       [
        -75.5955525638171,
        5.772584131530248
       ],
       [
        -75.59542334581393,
        5.772618717958256
       ],
       [
        -75.5953175748723,
        5.77264898154395
       ],
       [
        -75.59528107502607,
        5.772659425863225
       ],
       [
        -75.59512270913972,
        5.772711544472412
       ],
       [
        -75.59498039613717,
        5.772761438030327
       ],
       [
        -75.59485183288835,
        5.772811393551081
       ],
       [
        -75.59467275790519,
        5.7728817932240055
       ],
       [
        -75.59445239030634,
        5.772972873390823
       ],
       [
        -75.5942800956099,
        5.773052299171509
       ],
       [
        -75.59415598870908,
        5.77312983601745
       ],
       [
        -75.59404110016105,
        5.773195930238257
       ],
       [
        -75.59394230668852,
        5.773250612829171
       ],
       [
        -75.59381592836213,
        5.773323545547399
       ],
       [
        -75.59364769988844,
        5.773404543855437
       ],
       [
        -75.593487590631,
        5.77345988595995
       ],
       [
        -75.5933774983439,
        5.773480064939345
       ],
       [
        -75.59327885090062,
        5.773502591121346
       ],
       [
        -75.59316416438757,
        5.7735250458257745
       ],
       [
        -75.59302347981702,
        5.773546091232653
       ],
       [
        -75.59286385517336,
        5.773546670402523
       ],
       [
        -75.59272864971172,
        5.773546064963888
       ],
       [
        -75.59255906875046,
        5.773545305314793
       ],
       [
        -75.59238496849551,
        5.773530744533387
       ],
       [
        -75.5922246086474,
        5.773518542164946
       ],
       [
        -75.59206651737968,
        5.773510942962786
       ],
       [
        -75.59195595135546,
        5.773518095940571
       ],
       [
        -75.59182808215178,
        5.773532843502925
       ],
       [
        -75.5917013946686,
        5.7735507978763705
       ],
       [
        -75.59165727203805,
        5.773563941130912
       ],
       [
        -75.59164897523016,
        5.7736101344977255
       ],
       [
        -75.59163950187816,
        5.773676699633524
       ],
       [
        -75.59164331146977,
        5.773773654796713
       ],
       [
        -75.59166128510941,
        5.773864486157803
       ],
       [
        -75.59169311427918,
        5.7739778248905775
       ],
       [
        -75.59172258772914,
        5.7741299299212105
       ],
       [
        -75.59173983975434,
        5.774281216434956
       ],
       [
        -75.59174252375503,
        5.774380351053478
       ],
       [
        -75.59177641851225,
        5.774576107888333
       ],
       [
        -75.59049236608485,
        5.774768545210202
       ],
       [
        -75.5904183079523,
        5.774785702551442
       ],
       [
        -75.5901606215844,
        5.774854141644359
       ],
       [
        -75.5899058301019,
        5.77492300050977
       ],
       [
        -75.58966261102589,
        5.774988517459402
       ],
       [
        -75.58933906628688,
        5.775078941056074
       ],
       [
        -75.58911199391709,
        5.775121562283207
       ],
       [
        -75.58876218292168,
        5.775175674095156
       ],
       [
        -75.58840104835838,
        5.775235510482174
       ],
       [
        -75.58809370432314,
        5.775291552161726
       ],
       [
        -75.58794172216297,
        5.775334997182127
       ],
       [
        -75.58779309719415,
        5.775377483008035
       ],
       [
        -75.58748328255275,
        5.775472558969108
       ],
       [
        -75.58732952069495,
        5.7755201020832
       ],
       [
        -75.58712527823624,
        5.775581199569775
       ],
       [
        -75.58690728666853,
        5.775642236657023
       ],
       [
        -75.58662985937661,
        5.775716137416928
       ],
       [
        -75.58659962428392,
        5.7757233577462195
       ],
       [
        -75.58642319019377,
        5.775765487141559
       ],
       [
        -75.58626603345722,
        5.77580058801046
       ],
       [
        -75.58620753387204,
        5.77581365358177
       ],
       [
        -75.58605160737993,
        5.775833624239634
       ],
       [
        -75.58576740260116,
        5.775841535965905
       ],
       [
        -75.58547694741901,
        5.775866524480172
       ],
       [
        -75.58538683333373,
        5.775874277669973
       ],
       [
        -75.58510248088115,
        5.775914343818478
       ],
       [
        -75.58478592706537,
        5.7759795301398835
       ],
       [
        -75.58458417073629,
        5.776007205720278
       ],
       [
        -75.5845839118269,
        5.776007241253868
       ],
       [
        -75.58438003286444,
        5.776037422630691
       ],
       [
        -75.5841782636115,
        5.776059484624949
       ],
       [
        -75.58403385954303,
        5.776065726140721
       ],
       [
        -75.58393206544102,
        5.776075466112083
       ],
       [
        -75.58385044481793,
        5.776083275374696
       ],
       [
        -75.58354540293658,
        5.776137028907417
       ],
       [
        -75.5834774680983,
        5.776150656103942
       ],
       [
        -75.58252334531102,
        5.77609836685843
       ],
       [
        -75.58181404110263,
        5.776370700668506
       ],
       [
        -75.58068154090907,
        5.776806423957233
       ],
       [
        -75.58037807790966,
        5.776915514075717
       ],
       [
        -75.58040333863396,
        5.776983047413869
       ],
       [
        -75.58043139970417,
        5.777044046777791
       ],
       [
        -75.58047661494997,
        5.777177466774219
       ],
       [
        -75.58051740795898,
        5.77727641286605
       ],
       [
        -75.58054913937357,
        5.7773523510943745
       ],
       [
        -75.58059000583037,
        5.777435221100704
       ],
       [
        -75.58060958446698,
        5.777481294381289
       ],
       [
        -75.58064827217305,
        5.777556264338462
       ],
       [
        -75.58071592594612,
        5.777728187207888
       ],
       [
        -75.58072039358814,
        5.7778013616224335
       ],
       [
        -75.58073140461512,
        5.777981678755701
       ],
       [
        -75.58073425820157,
        5.77808452570488
       ],
       [
        -75.58074440817056,
        5.778216044542565
       ],
       [
        -75.58078548636668,
        5.778321109992945
       ],
       [
        -75.58087515568923,
        5.778502501666211
       ],
       [
        -75.58100987490238,
        5.778821950993592
       ],
       [
        -75.58107213152425,
        5.778962322687991
       ],
       [
        -75.58116464975421,
        5.779139874237817
       ],
       [
        -75.58124425974985,
        5.779322845723972
       ],
       [
        -75.58126312121874,
        5.779366196339709
       ],
       [
        -75.58133419067488,
        5.779553891640915
       ],
       [
        -75.58141232713835,
        5.779720026451315
       ],
       [
        -75.58139870627878,
        5.779801442527788
       ],
       [
        -75.58139945535126,
        5.7798045926069115
       ],
       [
        -75.58140593572888,
        5.779889605985701
       ],
       [
        -75.5814377624896,
        5.779944872367375
       ],
       [
        -75.58145560715789,
        5.77999728933399
       ],
       [
        -75.58146943131197,
        5.780034590927334
       ],
       [
        -75.58150346548439,
        5.780108242891538
       ],
       [
        -75.58154894744574,
        5.780184243159543
       ],
       [
        -75.58159458915593,
        5.780225790326647
       ],
       [
        -75.58166770770224,
        5.780272056660668
       ],
       [
        -75.58174446841653,
        5.7803383836591715
       ],
       [
        -75.58175429066084,
        5.780380396594385
       ],
       [
        -75.58175162657912,
        5.780460772841773
       ],
       [
        -75.58174429485409,
        5.7805595044695925
       ],
       [
        -75.5817321187253,
        5.780669461682987
       ],
       [
        -75.58172726428332,
        5.780773032515778
       ],
       [
        -75.58173347888105,
        5.7809154625491805
       ],
       [
        -75.5817579844293,
        5.781067164954074
       ],
       [
        -75.58177790962608,
        5.781218843887495
       ],
       [
        -75.5817937442461,
        5.781315279504222
       ],
       [
        -75.58180011429856,
        5.781407973632518
       ],
       [
        -75.58180190420946,
        5.7814807921719025
       ],
       [
        -75.58179681881663,
        5.781561090830591
       ],
       [
        -75.58187925562521,
        5.781602870127197
       ],
       [
        -75.58201462099272,
        5.781673481576745
       ],
       [
        -75.58215829504974,
        5.781721263841477
       ],
       [
        -75.58225446059491,
        5.78174007173034
       ],
       [
        -75.58237589558361,
        5.781745212227287
       ],
       [
        -75.58248136533732,
        5.781734202274978
       ],
       [
        -75.58266140222999,
        5.781709263501456
       ],
       [
        -75.58282522801836,
        5.781710484300058
       ],
       [
        -75.5829833095969,
        5.781720383380268
       ],
       [
        -75.58318035045909,
        5.781730454956786
       ],
       [
        -75.58342783707117,
        5.781733867798686
       ],
       [
        -75.58359880102662,
        5.781737419174911
       ],
       [
        -75.58374863575727,
        5.781742201338483
       ],
       [
        -75.58392647124226,
        5.781746803527648
       ],
       [
        -75.58406940426305,
        5.781757424023364
       ],
       [
        -75.58424119179143,
        5.781776570680384
       ],
       [
        -75.58438326393288,
        5.78177950569644
       ],
       [
        -75.58456582911637,
        5.781774090481504
       ],
       [
        -75.58472025279855,
        5.781755756418302
       ],
       [
        -75.58489909909815,
        5.781735889837416
       ],
       [
        -75.58509625516902,
        5.781720698943151
       ],
       [
        -75.58529800549506,
        5.781703230439013
       ],
       [
        -75.58552047661345,
        5.781665183435479
       ],
       [
        -75.58568329950833,
        5.781640650381914
       ],
       [
        -75.58583470918312,
        5.7816068797435225
       ],
       [
        -75.58596752758102,
        5.781577418613107
       ],
       [
        -75.58610086970747,
        5.781536872708128
       ],
       [
        -75.5861835184841,
        5.781505089716277
       ],
       [
        -75.58631435452357,
        5.781459740001161
       ],
       [
        -75.58646718532272,
        5.781536332496968
       ],
       [
        -75.58665273434734,
        5.781631225605565
       ],
       [
        -75.58681510043701,
        5.781705453699911
       ],
       [
        -75.58704837118007,
        5.781809858921479
       ],
       [
        -75.58722376265992,
        5.781896086242244
       ],
       [
        -75.58741420929111,
        5.781990656504077
       ],
       [
        -75.58757647138752,
        5.782087850488537
       ],
       [
        -75.58770220318144,
        5.782155022487264
       ],
       [
        -75.58787480877415,
        5.782273740783524
       ],
       [
        -75.5879234453765,
        5.782309968294521
       ],
       [
        -75.58793994651529,
        5.782322259191271
       ],
       [
        -75.58802883873534,
        5.782388470790671
       ],
       [
        -75.5881818599495,
        5.782501702730457
       ],
       [
        -75.58833942210977,
        5.782624141939903
       ],
       [
        -75.58848309122511,
        5.782753382644212
       ],
       [
        -75.58860198366143,
        5.78285591377039
       ],
       [
        -75.588619218966,
        5.782870045628517
       ],
       [
        -75.58866569866406,
        5.782908157051856
       ],
       [
        -75.58872398358135,
        5.782955947137421
       ],
       [
        -75.58873888122805,
        5.782968163038786
       ],
       [
        -75.58886176618111,
        5.78306926547132
       ],
       [
        -75.58886282901985,
        5.783070140301341
       ],
       [
        -75.58891010850111,
        5.783109038215259
       ],
       [
        -75.58914979738094,
        5.7833045559804495
       ],
       [
        -75.58922563649615,
        5.783371865630849
       ],
       [
        -75.58929120030147,
        5.783430056496832
       ],
       [
        -75.58941232235584,
        5.7835339097756355
       ],
       [
        -75.58950597310732,
        5.7836009391601655
       ],
       [
        -75.58967780258196,
        5.783686618317648
       ],
       [
        -75.58989480200744,
        5.7837657589376334
       ],
       [
        -75.58998666990233,
        5.783794487357027
       ],
       [
        -75.59018543074289,
        5.783856639180735
       ],
       [
        -75.59036164589727,
        5.7839102580079516
       ],
       [
        -75.59054951751821,
        5.783961491887698
       ],
       [
        -75.59067975158095,
        5.784005854758651
       ],
       [
        -75.59080104026742,
        5.784043147787413
       ],
       [
        -75.59092459853706,
        5.784085045790049
       ],
       [
        -75.59100697192322,
        5.78411297746541
       ],
       [
        -75.59113332909891,
        5.784116935201669
       ],
       [
        -75.59127745276473,
        5.7841004091829324
       ],
       [
        -75.59142201878072,
        5.784059713922233
       ],
       [
        -75.59145678233797,
        5.784053756285443
       ],
       [
        -75.59162724195178,
        5.784024534006578
       ],
       [
        -75.59178478318832,
        5.783995134740665
       ],
       [
        -75.59188758846174,
        5.783983711087103
       ],
       [
        -75.59208475611757,
        5.78396622015437
       ],
       [
        -75.59216499557627,
        5.783959689426118
       ],
       [
        -75.59231164290311,
        5.783964941062984
       ],
       [
        -75.59242616126916,
        5.783979234812297
       ],
       [
        -75.59255673471229,
        5.783991305238877
       ],
       [
        -75.59265524279265,
        5.7839986364991685
       ],
       [
        -75.59273915220766,
        5.783997773819079
       ],
       [
        -75.59281114218075,
        5.783985555119911
       ],
       [
        -75.59280190793532,
        5.78404445613393
       ],
       [
        -75.59277740493553,
        5.784209997155276
       ],
       [
        -75.5927620858641,
        5.784309754575767
       ],
       [
        -75.59275431765775,
        5.784380356824883
       ],
       [
        -75.59273549825137,
        5.784485925449085
       ],
       [
        -75.59271433178617,
        5.784602970441888
       ],
       [
        -75.59269792971723,
        5.784680987706505
       ],
       [
        -75.59267045988112,
        5.78477151841137
       ],
       [
        -75.5926121637428,
        5.784891911908497
       ],
       [
        -75.59254747825463,
        5.785004168897066
       ],
       [
        -75.5924132662007,
        5.785259217069867
       ],
       [
        -75.59238295227887,
        5.785346455447676
       ],
       [
        -75.59236679877704,
        5.785421380518476
       ],
       [
        -75.59233875811958,
        5.785538394584334
       ],
       [
        -75.59230353389728,
        5.7857219832554785
       ],
       [
        -75.59227977991843,
        5.7859033252784915
       ],
       [
        -75.5922784323094,
        5.785920187251598
       ],
       [
        -75.59227623834481,
        5.785947629112715
       ],
       [
        -75.59227005098985,
        5.78602501566941
       ],
       [
        -75.5922418532,
        5.786176479830773
       ],
       [
        -75.59219299660141,
        5.786334742250053
       ],
       [
        -75.5921467162598,
        5.786431002306034
       ],
       [
        -75.59207735125517,
        5.786563906608763
       ],
       [
        -75.59200817786004,
        5.786655470618864
       ],
       [
        -75.59191599094534,
        5.786767602961361
       ],
       [
        -75.5918809978426,
        5.786819091620764
       ],
       [
        -75.59184907589417,
        5.786866064787042
       ],
       [
        -75.59181652595622,
        5.786966979624102
       ],
       [
        -75.59175353673422,
        5.7872078653065575
       ],
       [
        -75.59173384086917,
        5.7874101193969025
       ],
       [
        -75.59172904135434,
        5.78754998388308
       ],
       [
        -75.59172737388845,
        5.787579851729133
       ],
       [
        -75.5917261939085,
        5.78760101097783
       ],
       [
        -75.59172404415183,
        5.787639538576834
       ],
       [
        -75.59170074364737,
        5.787722119636683
       ],
       [
        -75.59166368627017,
        5.787806936114826
       ],
       [
        -75.59158283961595,
        5.787944383574235
       ],
       [
        -75.59153194695888,
        5.78804751233018
       ],
       [
        -75.59147645819061,
        5.788152917801533
       ],
       [
        -75.59143935599224,
        5.7882469227457545
       ],
       [
        -75.591404377467,
        5.788377685448809
       ],
       [
        -75.59139223188963,
        5.788489248519623
       ],
       [
        -75.59139911749764,
        5.78850010045571
       ],
       [
        -75.59150123595033,
        5.78866102690086
       ],
       [
        -75.59154864964061,
        5.788735745472628
       ],
       [
        -75.59159606334184,
        5.7888104631306
       ],
       [
        -75.59161211972192,
        5.788832058900281
       ],
       [
        -75.59193046649139,
        5.789260233930504
       ]
      ]
     ],
     [
      [
       [
        -75.60403572680794,
        5.7847994102740525
       ],
       [
        -75.60395468552947,
        5.78483589761262
       ],
       [
        -75.60394299505663,
        5.78489096814338
       ],
       [
        -75.60394317022521,
        5.784929239739993
       ],
       [
        -75.60393400049514,
        5.7850130041294205
       ],
       [
        -75.6038850807192,
        5.785078958028111
       ],
       [
        -75.60405417987461,
        5.785106946738268
       ],
       [
        -75.60410643441453,
        5.785115594815096
       ],
       [
        -75.60418352244226,
        5.785127332915759
       ],
       [
        -75.60420347577471,
        5.785130371217965
       ],
       [
        -75.60427984938457,
        5.784910716189827
       ],
       [
        -75.60421275726598,
        5.784863183085689
       ],
       [
        -75.60413134718198,
        5.784818107902349
       ],
       [
        -75.60408110474535,
        5.784799201932539
       ],
       [
        -75.60403572680794,
        5.7847994102740525
       ]
      ]
     ]
    ]
   }
  },
  {
   "type": "Feature",
   "properties": {
    "name": "CASOJA",
    "npn": "053900001000000020024000000000",
    "matricula": "023-8398",
    "ficha": 13900095,
    "municipio": "La Pintada (05390)",
    "vereda_code": "39020010000002",
    "source": "Catastro Antioquia — BCGS_Catastro_Publico, capa 10 (R LC Terreno Predio)",
    "retrieved": "2026-08-21",
    "role": "neighbour"
   },
   "geometry": {
    "type": "Polygon",
    "coordinates": [
     [
      [
       -75.5935737884935,
       5.800991567889743
      ],
      [
       -75.5939107741343,
       5.801397487030256
      ],
      [
       -75.59395749219699,
       5.80152040478843
      ],
      [
       -75.59399497132466,
       5.801580032767591
      ],
      [
       -75.594050159778,
       5.801683830009698
      ],
      [
       -75.59410856164243,
       5.801796445418689
      ],
      [
       -75.59414253451631,
       5.80188387654106
      ],
      [
       -75.5941650172753,
       5.801978147337822
      ],
      [
       -75.59417173890402,
       5.8020089349897574
      ],
      [
       -75.59417179697323,
       5.802009196908327
      ],
      [
       -75.59420245012386,
       5.802023496356957
      ],
      [
       -75.5942266705588,
       5.802004846966863
      ],
      [
       -75.5943141717666,
       5.801937474494213
      ],
      [
       -75.59438780374143,
       5.801873494486448
      ],
      [
       -75.59445026413037,
       5.801747447795429
      ],
      [
       -75.59453366881833,
       5.801552591793179
      ],
      [
       -75.59465844640255,
       5.801234277531176
      ],
      [
       -75.59477944579797,
       5.800935845202775
      ],
      [
       -75.59523418750818,
       5.801222693734152
      ],
      [
       -75.59565706796491,
       5.801461163868587
      ],
      [
       -75.59574654106822,
       5.8014408950061185
      ],
      [
       -75.59591402879308,
       5.8014003022534535
      ],
      [
       -75.5960516824802,
       5.801368764293607
      ],
      [
       -75.59621223067477,
       5.8013419219039735
      ],
      [
       -75.59629470274315,
       5.801349182840464
      ],
      [
       -75.59640465252876,
       5.8013611589962215
      ],
      [
       -75.59647220154035,
       5.801355154069538
      ],
      [
       -75.59657441164872,
       5.801325171002101
      ],
      [
       -75.59702006880758,
       5.801097485351738
      ],
      [
       -75.59744274539464,
       5.8008834771415065
      ],
      [
       -75.59732979009084,
       5.800529257741058
      ],
      [
       -75.59727105967906,
       5.800327963709497
      ],
      [
       -75.59693455208652,
       5.7992626468500825
      ],
      [
       -75.59692696628689,
       5.79890985287232
      ],
      [
       -75.59701998459924,
       5.79835925187465
      ],
      [
       -75.59703058563338,
       5.798066175090456
      ],
      [
       -75.59697247026872,
       5.797109617853507
      ],
      [
       -75.59697261466864,
       5.795835844805014
      ],
      [
       -75.5970742014022,
       5.7957481238110224
      ],
      [
       -75.59711070523277,
       5.795584133591847
      ],
      [
       -75.59716302851257,
       5.795391612954084
      ],
      [
       -75.5971930799581,
       5.795253122204911
      ],
      [
       -75.59722646063699,
       5.795105957774994
      ],
      [
       -75.59728922759943,
       5.7949133033657505
      ],
      [
       -75.59734711334843,
       5.794784939977055
      ],
      [
       -75.59739376165217,
       5.794608293100953
      ],
      [
       -75.59742691579784,
       5.79437646046585
      ],
      [
       -75.59744364569444,
       5.794227240614581
      ],
      [
       -75.59744028030646,
       5.793963089051516
      ],
      [
       -75.59744133878222,
       5.793733409805962
      ],
      [
       -75.59744216434922,
       5.79355425997579
      ],
      [
       -75.59743818174123,
       5.793310265076143
      ],
      [
       -75.59743540475198,
       5.7931366593346505
      ],
      [
       -75.59735726020645,
       5.793080731241998
      ],
      [
       -75.59726576112648,
       5.793043570775389
      ],
      [
       -75.59714919148429,
       5.7929764409441145
      ],
      [
       -75.597023602921,
       5.792877114592842
      ],
      [
       -75.59688656551111,
       5.79277543943678
      ],
      [
       -75.59674484994173,
       5.792694415975903
      ],
      [
       -75.59660765621143,
       5.792637131978919
      ],
      [
       -75.59645655045443,
       5.792594358980895
      ],
      [
       -75.5963609175926,
       5.792581212568209
      ],
      [
       -75.59623666291805,
       5.792568109630032
      ],
      [
       -75.59609232809726,
       5.792558275648869
      ],
      [
       -75.59595650535351,
       5.792540055200764
      ],
      [
       -75.59582438920378,
       5.792515731428736
      ],
      [
       -75.59572829593684,
       5.792480848277918
      ],
      [
       -75.59565519467081,
       5.7924299903395475
      ],
      [
       -75.59561654275257,
       5.792363208187914
      ],
      [
       -75.59560302566277,
       5.792312618748308
      ],
      [
       -75.5955987493988,
       5.792245990079471
      ],
      [
       -75.59560146395351,
       5.792154128904223
      ],
      [
       -75.59559973342878,
       5.792032389091607
      ],
      [
       -75.59560018950569,
       5.791933626532338
      ],
      [
       -75.59559437489237,
       5.791844234617353
      ],
      [
       -75.59557369544376,
       5.7917153073501755
      ],
      [
       -75.59554661935815,
       5.79162331324357
      ],
      [
       -75.59551031181987,
       5.791545058318064
      ],
      [
       -75.59546491178108,
       5.791450684514388
      ],
      [
       -75.59541482231607,
       5.791379257981546
      ],
      [
       -75.59532073747587,
       5.791290544348621
      ],
      [
       -75.59523678011486,
       5.791224571773042
      ],
      [
       -75.59515455395352,
       5.791164485884805
      ],
      [
       -75.59504606520514,
       5.791102949869903
      ],
      [
       -75.59493739364726,
       5.791044076289479
      ],
      [
       -75.59490099049117,
       5.791027094315729
      ],
      [
       -75.59482305132754,
       5.790990737244064
      ],
      [
       -75.59467663727054,
       5.790937471807559
      ],
      [
       -75.59450954428802,
       5.790890567233559
      ],
      [
       -75.59444773170615,
       5.790876509664493
      ],
      [
       -75.59420401935795,
       5.790751717996368
      ],
      [
       -75.59395254361003,
       5.790599776738969
      ],
      [
       -75.59376353645732,
       5.79052888009318
      ],
      [
       -75.59356970866713,
       5.790448436573537
      ],
      [
       -75.59331627027491,
       5.790389794803906
      ],
      [
       -75.59308927228167,
       5.790261758034892
      ],
      [
       -75.59311387651746,
       5.790392787794855
      ],
      [
       -75.59309956409426,
       5.790514453911166
      ],
      [
       -75.59307348712137,
       5.790702679420875
      ],
      [
       -75.59304075637775,
       5.790842638148847
      ],
      [
       -75.5930334285755,
       5.79088386551072
      ],
      [
       -75.59299658887369,
       5.790977955201907
      ],
      [
       -75.59292487789975,
       5.79112233340793
      ],
      [
       -75.5928490719432,
       5.7912636790666365
      ],
      [
       -75.59279090970202,
       5.791349119307008
      ],
      [
       -75.59271719423187,
       5.791431475462086
      ],
      [
       -75.59264119790842,
       5.791511523070575
      ],
      [
       -75.59263999726186,
       5.791512501363156
      ],
      [
       -75.59263567856722,
       5.7915160280819
      ],
      [
       -75.59258667815746,
       5.791556033976411
      ],
      [
       -75.5925369373817,
       5.791529327931345
      ],
      [
       -75.59228967228478,
       5.791811513124466
      ],
      [
       -75.59216865111703,
       5.7919496247470565
      ],
      [
       -75.59158834258757,
       5.792358932350846
      ],
      [
       -75.59138789809253,
       5.792410504534504
      ],
      [
       -75.59122155387924,
       5.792453302900074
      ],
      [
       -75.59105331389262,
       5.79249906084431
      ],
      [
       -75.59090846287543,
       5.792538458187376
      ],
      [
       -75.59063828305834,
       5.7925090417159995
      ],
      [
       -75.59001455033822,
       5.792441130988929
      ],
      [
       -75.58999998593858,
       5.792464670451767
      ],
      [
       -75.58996207205695,
       5.792519289871043
      ],
      [
       -75.58989755399085,
       5.792594795152792
      ],
      [
       -75.58986760332012,
       5.792629113904981
      ],
      [
       -75.5898388696656,
       5.792653370002831
      ],
      [
       -75.58981928558914,
       5.792670240348441
      ],
      [
       -75.58978039199333,
       5.792656283644528
      ],
      [
       -75.58969345460152,
       5.792623737014249
      ],
      [
       -75.58963854954818,
       5.79260281968525
      ],
      [
       -75.58955687526003,
       5.792577074840595
      ],
      [
       -75.5894669377246,
       5.7925446259603355
      ],
      [
       -75.58940062675738,
       5.792512174834264
      ],
      [
       -75.5893366919685,
       5.792461356197731
      ],
      [
       -75.58924027043305,
       5.792497673043851
      ],
      [
       -75.58906792653046,
       5.7925979577153655
      ],
      [
       -75.5889930895667,
       5.792653681616343
      ],
      [
       -75.58895754326242,
       5.792680149490468
      ],
      [
       -75.588842287749,
       5.7927751545928015
      ],
      [
       -75.5887228018955,
       5.7928926999078145
      ],
      [
       -75.58869221760906,
       5.792926268424538
      ],
      [
       -75.58875845873831,
       5.792948729753659
      ],
      [
       -75.58882485013798,
       5.792982376691967
      ],
      [
       -75.58892847440906,
       5.793172654274899
      ],
      [
       -75.58912472007145,
       5.7935320125756915
      ],
      [
       -75.58923493383772,
       5.7938524831618805
      ],
      [
       -75.58925909701914,
       5.79412624225243
      ],
      [
       -75.58920531128689,
       5.794462796905932
      ],
      [
       -75.58913665120997,
       5.795081038135652
      ],
      [
       -75.58917652081274,
       5.7953860484835715
      ],
      [
       -75.58938861917535,
       5.79583142207396
      ],
      [
       -75.58956091070637,
       5.795995256933181
      ],
      [
       -75.58968608277726,
       5.79606533439917
      ],
      [
       -75.58981898370304,
       5.796104096784256
      ],
      [
       -75.58992057477158,
       5.7961194716477715
      ],
      [
       -75.590170419987,
       5.796071863774265
      ],
      [
       -75.5904124947211,
       5.796039923061748
      ],
      [
       -75.5905687465579,
       5.796047328570832
      ],
      [
       -75.59085814890274,
       5.796187379172295
      ],
      [
       -75.59115567499067,
       5.796444760216885
      ],
      [
       -75.59130449128294,
       5.796593008531353
      ],
      [
       -75.59160231101733,
       5.796959918069556
      ],
      [
       -75.59214372785785,
       5.797865995308604
      ],
      [
       -75.59229279484852,
       5.798108125988831
      ],
      [
       -75.59247371297471,
       5.798577051942132
      ],
      [
       -75.5928343608067,
       5.7990689677629055
      ],
      [
       -75.59299121835329,
       5.799303251870942
      ],
      [
       -75.59305410748406,
       5.79945173114568
      ],
      [
       -75.59310154127104,
       5.79966283771952
      ],
      [
       -75.59319588624153,
       5.799889466680703
      ],
      [
       -75.59332926830564,
       5.800108168614034
      ],
      [
       -75.59333745583146,
       5.8002489687999566
      ],
      [
       -75.59325180066011,
       5.800350903970434
      ],
      [
       -75.59323640654354,
       5.8004370038201465
      ],
      [
       -75.59329148485467,
       5.800585502514424
      ],
      [
       -75.5935737884935,
       5.800991567889743
      ]
     ]
    ]
   }
  },
  {
   "type": "Feature",
   "properties": {
    "name": "HACIENDA TEXAS",
    "npn": "053900001000000020028000000000",
    "matricula": "023-14591",
    "ficha": 13900099,
    "municipio": "La Pintada (05390)",
    "vereda_code": "39020010000002",
    "source": "Catastro Antioquia — BCGS_Catastro_Publico, capa 10 (R LC Terreno Predio)",
    "retrieved": "2026-08-21",
    "role": "neighbour"
   },
   "geometry": {
    "type": "Polygon",
    "coordinates": [
     [
      [
       -75.59798924364851,
       5.803279488674469
      ],
      [
       -75.59810374573965,
       5.803434431396087
      ],
      [
       -75.59821497771748,
       5.803627677015895
      ],
      [
       -75.598328549763,
       5.803706092369918
      ],
      [
       -75.59839037655911,
       5.80371603972439
      ],
      [
       -75.59851068400734,
       5.803735395586963
      ],
      [
       -75.59914846552766,
       5.803749686598273
      ],
      [
       -75.59918859892481,
       5.80375093777105
      ],
      [
       -75.59926644698095,
       5.803753363532194
      ],
      [
       -75.59946951821443,
       5.803759692348586
      ],
      [
       -75.59958831588479,
       5.803727571038554
      ],
      [
       -75.59967401509384,
       5.803665461616332
      ],
      [
       -75.59975264449527,
       5.80358904414895
      ],
      [
       -75.59982239368045,
       5.803521256293839
      ],
      [
       -75.59998818483704,
       5.803424333031246
      ],
      [
       -75.60014556882903,
       5.803396104379653
      ],
      [
       -75.60026740321264,
       5.803374251132739
      ],
      [
       -75.60041774059475,
       5.803344855108828
      ],
      [
       -75.60043159330155,
       5.803334728967465
      ],
      [
       -75.60053628795777,
       5.8032581960941
      ],
      [
       -75.6005845043278,
       5.803147461209205
      ],
      [
       -75.6005954317893,
       5.803096490367068
      ],
      [
       -75.60060975926055,
       5.80302965624321
      ],
      [
       -75.60060710153415,
       5.802947536280832
      ],
      [
       -75.60059454478954,
       5.802559510722242
      ],
      [
       -75.60059242231574,
       5.802493908576502
      ],
      [
       -75.60060321458393,
       5.802227391769721
      ],
      [
       -75.60067202536176,
       5.801919935342392
      ],
      [
       -75.60069472128397,
       5.801780306793397
      ],
      [
       -75.60071801862907,
       5.801636983213652
      ],
      [
       -75.60074623177859,
       5.801539257885122
      ],
      [
       -75.6008920575897,
       5.801151074526975
      ],
      [
       -75.60099111934609,
       5.800877924574007
      ],
      [
       -75.60109098595892,
       5.80060588657902
      ],
      [
       -75.601115673765,
       5.800538636890191
      ],
      [
       -75.60112151012464,
       5.8005111404498635
      ],
      [
       -75.60115775655468,
       5.800340381797158
      ],
      [
       -75.6012087533045,
       5.800210976706675
      ],
      [
       -75.601222682205,
       5.800123363250301
      ],
      [
       -75.6012235365092,
       5.800104336551186
      ],
      [
       -75.6012506123848,
       5.799963923977134
      ],
      [
       -75.60122254892542,
       5.799781778508373
      ],
      [
       -75.60113956034718,
       5.799451989629275
      ],
      [
       -75.60112767266959,
       5.7994047490833305
      ],
      [
       -75.60112603852613,
       5.799401546203954
      ],
      [
       -75.6010568160187,
       5.799265857177481
      ],
      [
       -75.60096390544152,
       5.799005072606534
      ],
      [
       -75.60074745828345,
       5.798680269128355
      ],
      [
       -75.60054279870485,
       5.798425738889872
      ],
      [
       -75.60044328855022,
       5.7982884132420045
      ],
      [
       -75.6004344851358,
       5.798153597250837
      ],
      [
       -75.60043188365192,
       5.797988502183462
      ],
      [
       -75.60044086893869,
       5.797760258913086
      ],
      [
       -75.60046730122227,
       5.797586474207693
      ],
      [
       -75.60053558645926,
       5.797477082985764
      ],
      [
       -75.6005981330254,
       5.797366282454311
      ],
      [
       -75.6007238178403,
       5.7972738502382395
      ],
      [
       -75.60078718757113,
       5.7972404768932355
      ],
      [
       -75.60090251813321,
       5.797179738708113
      ],
      [
       -75.60099392237848,
       5.797153473691797
      ],
      [
       -75.6012832084396,
       5.797070347461777
      ],
      [
       -75.60135840491344,
       5.797014024772373
      ],
      [
       -75.60137270975493,
       5.797003309855457
      ],
      [
       -75.60138543960862,
       5.796996783552172
      ],
      [
       -75.60139845145275,
       5.796984028642243
      ],
      [
       -75.60139903109715,
       5.796983460927478
      ],
      [
       -75.60147567968241,
       5.796854177644527
      ],
      [
       -75.60158339856532,
       5.796593905733473
      ],
      [
       -75.60169337578442,
       5.796360190785107
      ],
      [
       -75.60174071436431,
       5.796211411027861
      ],
      [
       -75.6017873335027,
       5.79606480347351
      ],
      [
       -75.60179347763918,
       5.796034929718726
      ],
      [
       -75.60184761109791,
       5.795771738965381
      ],
      [
       -75.60187508769013,
       5.795513271603771
      ],
      [
       -75.60187911008632,
       5.79514009287306
      ],
      [
       -75.60190903855027,
       5.7947911944282575
      ],
      [
       -75.60188356916552,
       5.794515801886299
      ],
      [
       -75.60187813185456,
       5.794457006469926
      ],
      [
       -75.60187586863071,
       5.794432538881645
      ],
      [
       -75.60184036534096,
       5.794190147978069
      ],
      [
       -75.60177783263175,
       5.793990938093244
      ],
      [
       -75.6017774316317,
       5.793903390551007
      ],
      [
       -75.60177813017039,
       5.793898627355836
      ],
      [
       -75.60173530603639,
       5.7939065151192395
      ],
      [
       -75.60163906490921,
       5.793932418901636
      ],
      [
       -75.60152877632109,
       5.7939653079454985
      ],
      [
       -75.60136569208387,
       5.79401510262283
      ],
      [
       -75.601214334793,
       5.794067260911729
      ],
      [
       -75.60106502435475,
       5.794142388807069
      ],
      [
       -75.60091339111908,
       5.7942243965602085
      ],
      [
       -75.60080763357921,
       5.794297423093998
      ],
      [
       -75.60073072062455,
       5.7943331123750115
      ],
      [
       -75.60064007339587,
       5.794354094744948
      ],
      [
       -75.600587353243,
       5.794356154977879
      ],
      [
       -75.60050731351687,
       5.794339250983964
      ],
      [
       -75.60047005623937,
       5.794319333386949
      ],
      [
       -75.6004432073302,
       5.794304980528026
      ],
      [
       -75.60036793926581,
       5.794226550810686
      ],
      [
       -75.60033171736045,
       5.794129920711627
      ],
      [
       -75.60024531962512,
       5.793980239834369
      ],
      [
       -75.60019076260987,
       5.793883528449879
      ],
      [
       -75.60012913969445,
       5.793828128071935
      ],
      [
       -75.60005595335257,
       5.793795644104279
      ],
      [
       -75.59996888836258,
       5.793790660926502
      ],
      [
       -75.59987264689505,
       5.793787934864292
      ],
      [
       -75.59977411430246,
       5.793785195797023
      ],
      [
       -75.59968176779762,
       5.793780456511002
      ],
      [
       -75.59954963152371,
       5.793761222983067
      ],
      [
       -75.59941903490648,
       5.793753748987547
      ],
      [
       -75.59930073919148,
       5.793750764228769
      ],
      [
       -75.59914846247685,
       5.793748055646933
      ],
      [
       -75.59900423440145,
       5.793751891808812
      ],
      [
       -75.59890564868446,
       5.793760638298484
      ],
      [
       -75.59879052213805,
       5.793763534413613
      ],
      [
       -75.59866965537266,
       5.7937480976309805
      ],
      [
       -75.59853233253823,
       5.793708436380234
      ],
      [
       -75.59839963475878,
       5.793659609064563
      ],
      [
       -75.59830206638654,
       5.793633629457136
      ],
      [
       -75.59818313031764,
       5.793620915834255
      ],
      [
       -75.59809043367909,
       5.793619178529555
      ],
      [
       -75.59798041015807,
       5.793623278803371
      ],
      [
       -75.59790249169866,
       5.793622930152673
      ],
      [
       -75.59781139216045,
       5.793605058430636
      ],
      [
       -75.59772855429966,
       5.793571621157143
      ],
      [
       -75.59766686909522,
       5.79353000162333
      ],
      [
       -75.59764180872368,
       5.793497733191043
      ],
      [
       -75.59759181472398,
       5.793405635645755
      ],
      [
       -75.59753973935887,
       5.793267592146123
      ],
      [
       -75.59749880632967,
       5.79319850354321
      ],
      [
       -75.59745091428957,
       5.793147758163995
      ],
      [
       -75.59743540475198,
       5.7931366593346505
      ],
      [
       -75.59743818174123,
       5.793310265076143
      ],
      [
       -75.59744216434922,
       5.79355425997579
      ],
      [
       -75.59744133878222,
       5.793733409805962
      ],
      [
       -75.59744028030646,
       5.793963089051516
      ],
      [
       -75.59744364569444,
       5.794227240614581
      ],
      [
       -75.59742691579784,
       5.79437646046585
      ],
      [
       -75.59739376165217,
       5.794608293100953
      ],
      [
       -75.59734711334843,
       5.794784939977055
      ],
      [
       -75.59728922759943,
       5.7949133033657505
      ],
      [
       -75.59722646063699,
       5.795105957774994
      ],
      [
       -75.5971930799581,
       5.795253122204911
      ],
      [
       -75.59716302851257,
       5.795391612954084
      ],
      [
       -75.59711070523277,
       5.795584133591847
      ],
      [
       -75.5970742014022,
       5.7957481238110224
      ],
      [
       -75.59697261466864,
       5.795835844805014
      ],
      [
       -75.59697247026872,
       5.797109617853507
      ],
      [
       -75.59703058563338,
       5.798066175090456
      ],
      [
       -75.59701998459924,
       5.79835925187465
      ],
      [
       -75.59692696628689,
       5.79890985287232
      ],
      [
       -75.59693455208652,
       5.7992626468500825
      ],
      [
       -75.59727105967906,
       5.800327963709497
      ],
      [
       -75.59732979009084,
       5.800529257741058
      ],
      [
       -75.59744274539464,
       5.8008834771415065
      ],
      [
       -75.59702006880758,
       5.801097485351738
      ],
      [
       -75.59657441164872,
       5.801325171002101
      ],
      [
       -75.59647220154035,
       5.801355154069538
      ],
      [
       -75.59640465252876,
       5.8013611589962215
      ],
      [
       -75.59629470274315,
       5.801349182840464
      ],
      [
       -75.59621223067477,
       5.8013419219039735
      ],
      [
       -75.5960516824802,
       5.801368764293607
      ],
      [
       -75.59591402879308,
       5.8014003022534535
      ],
      [
       -75.59574654106822,
       5.8014408950061185
      ],
      [
       -75.59565706796491,
       5.801461163868587
      ],
      [
       -75.59523418750818,
       5.801222693734152
      ],
      [
       -75.59477944579797,
       5.800935845202775
      ],
      [
       -75.59465844640255,
       5.801234277531176
      ],
      [
       -75.59453366881833,
       5.801552591793179
      ],
      [
       -75.59445026413037,
       5.801747447795429
      ],
      [
       -75.59438780374143,
       5.801873494486448
      ],
      [
       -75.5943141717666,
       5.801937474494213
      ],
      [
       -75.5942266705588,
       5.802004846966863
      ],
      [
       -75.59429885075095,
       5.802038518522404
      ],
      [
       -75.59441355365234,
       5.802098855376819
      ],
      [
       -75.59451539721245,
       5.802171600102994
      ],
      [
       -75.59460247695219,
       5.802269832716783
      ],
      [
       -75.59466789998123,
       5.802380981895848
      ],
      [
       -75.59469348811024,
       5.802477199335837
      ],
      [
       -75.59471472849548,
       5.802566256472437
      ],
      [
       -75.59474366118383,
       5.802645296297782
      ],
      [
       -75.59475813894102,
       5.802666788688872
      ],
      [
       -75.59477665175521,
       5.802680168284528
      ],
      [
       -75.59483143403646,
       5.802701039047572
      ],
      [
       -75.59489710218334,
       5.802720717083647
      ],
      [
       -75.59493305496973,
       5.802726076055597
      ],
      [
       -75.5949870666694,
       5.802732814959168
      ],
      [
       -75.59508183969479,
       5.80273755861782
      ],
      [
       -75.59522137747413,
       5.802740476686437
      ],
      [
       -75.59533592778563,
       5.802745726226066
      ],
      [
       -75.59535992689699,
       5.80274953980297
      ],
      [
       -75.59543697140651,
       5.802761784597842
      ],
      [
       -75.59554297776066,
       5.802786430674953
      ],
      [
       -75.59564816554008,
       5.802813288261223
      ],
      [
       -75.59578993311946,
       5.802858244027736
      ],
      [
       -75.59590035687859,
       5.802891061655986
      ],
      [
       -75.595973108058,
       5.802914943563504
      ],
      [
       -75.5962016091378,
       5.8030226440670765
      ],
      [
       -75.59645477083826,
       5.803228156193726
      ],
      [
       -75.5964634652726,
       5.803233159249808
      ],
      [
       -75.59658839865516,
       5.803305045158934
      ],
      [
       -75.59670755063947,
       5.803350425419054
      ],
      [
       -75.59676714946625,
       5.803343798693729
      ],
      [
       -75.5970784401465,
       5.803309186302255
      ],
      [
       -75.5971114709905,
       5.803305513171242
      ],
      [
       -75.59754537361928,
       5.803236063510167
      ],
      [
       -75.5978706273341,
       5.803224522978702
      ],
      [
       -75.59798924364851,
       5.803279488674469
      ]
     ]
    ]
   }
  },
  {
   "type": "Feature",
   "properties": {
    "name": "FCA LA ESMERALDA",
    "npn": "053900001000000020230000000000",
    "matricula": "023-23120",
    "ficha": 900224916,
    "municipio": "La Pintada (05390)",
    "vereda_code": "39020010000002",
    "source": "Catastro Antioquia — BCGS_Catastro_Publico, capa 10 (R LC Terreno Predio)",
    "retrieved": "2026-08-21",
    "role": "neighbour"
   },
   "geometry": {
    "type": "Polygon",
    "coordinates": [
     [
      [
       -75.60644120035214,
       5.801218130029311
      ],
      [
       -75.60649091754104,
       5.801238465058057
      ],
      [
       -75.60742798012942,
       5.803186407263392
      ],
      [
       -75.60972763366841,
       5.803066326654563
      ],
      [
       -75.60973540114296,
       5.80306546628662
      ],
      [
       -75.60969104174522,
       5.803019320006509
      ],
      [
       -75.60930364180885,
       5.802616318129395
      ],
      [
       -75.60926975257527,
       5.802581064590156
      ],
      [
       -75.60922797176248,
       5.80254049262258
      ],
      [
       -75.60876593316499,
       5.802091825136822
      ],
      [
       -75.6085208106623,
       5.801858265895178
      ],
      [
       -75.60804265502523,
       5.8014026659590625
      ],
      [
       -75.60740532578775,
       5.800780163338827
      ],
      [
       -75.60719674135808,
       5.800576430954926
      ],
      [
       -75.60717318960992,
       5.80055342678224
      ],
      [
       -75.60557203259513,
       5.799053816592027
      ],
      [
       -75.60522313041001,
       5.798712910425509
      ],
      [
       -75.60485569239563,
       5.798353891885661
      ],
      [
       -75.6045973675576,
       5.798101485964174
      ],
      [
       -75.60441298723357,
       5.797925032937622
      ],
      [
       -75.60440845017027,
       5.797920690732983
      ],
      [
       -75.6044044306688,
       5.7979250732202505
      ],
      [
       -75.60438773468321,
       5.79794327503175
      ],
      [
       -75.60427002562358,
       5.798071601067454
      ],
      [
       -75.60421993738143,
       5.798129298452815
      ],
      [
       -75.60416565205549,
       5.798191829373956
      ],
      [
       -75.60413452381547,
       5.798212639871292
      ],
      [
       -75.6040951691728,
       5.798240919755007
      ],
      [
       -75.60400737125363,
       5.798335221445272
      ],
      [
       -75.60394880637588,
       5.79842042918767
      ],
      [
       -75.60388749329422,
       5.798489032600872
      ],
      [
       -75.6038183577308,
       5.79855063827269
      ],
      [
       -75.6037118162851,
       5.798642268766776
      ],
      [
       -75.60363500187579,
       5.798665224207253
      ],
      [
       -75.6035360941836,
       5.798657786693784
      ],
      [
       -75.603406318697,
       5.798629751597193
      ],
      [
       -75.60330524653617,
       5.798616854315607
      ],
      [
       -75.60327173157111,
       5.798624304431283
      ],
      [
       -75.60320424623406,
       5.798639306201744
      ],
      [
       -75.60314736959909,
       5.7986871947875915
      ],
      [
       -75.60309501038414,
       5.798749708682972
      ],
      [
       -75.60309326127363,
       5.798752144184033
      ],
      [
       -75.6030916395364,
       5.798754402803562
      ],
      [
       -75.60305182081055,
       5.79880984786819
      ],
      [
       -75.60299259113292,
       5.798848561824813
      ],
      [
       -75.60289535377723,
       5.798906165079033
      ],
      [
       -75.60281307878158,
       5.798931288227639
      ],
      [
       -75.60275399277344,
       5.798938349667889
      ],
      [
       -75.60269262793233,
       5.7989445382987705
      ],
      [
       -75.60263486517056,
       5.798960826107526
      ],
      [
       -75.6026301374302,
       5.79895978646413
      ],
      [
       -75.60262630947655,
       5.798960865462077
      ],
      [
       -75.6026066801304,
       5.798956547457909
      ],
      [
       -75.60260362389438,
       5.798957014460035
      ],
      [
       -75.6025227951241,
       5.7989392503976145
      ],
      [
       -75.60250885959427,
       5.798935026442734
      ],
      [
       -75.6024973195672,
       5.798931527390523
      ],
      [
       -75.60246330515491,
       5.798921216399085
      ],
      [
       -75.60242562572365,
       5.798906372929905
      ],
      [
       -75.60239307391375,
       5.798893549095248
      ],
      [
       -75.60232624657475,
       5.798860125214023
      ],
      [
       -75.60228870735487,
       5.7988453443730466
      ],
      [
       -75.60225601538303,
       5.798832466927296
      ],
      [
       -75.60223003861348,
       5.79881367212815
      ],
      [
       -75.60206550771451,
       5.798870474541158
      ],
      [
       -75.60196581090929,
       5.798958334102176
      ],
      [
       -75.60182996944037,
       5.7990000872106275
      ],
      [
       -75.60146263963586,
       5.799105026797026
      ],
      [
       -75.60129574039186,
       5.799152706918743
      ],
      [
       -75.6011871258981,
       5.799183735286817
      ],
      [
       -75.60123172844926,
       5.799309305995605
      ],
      [
       -75.6012560456003,
       5.799381568599986
      ],
      [
       -75.6013261637292,
       5.799589937957116
      ],
      [
       -75.6013941782629,
       5.7998383984817
      ],
      [
       -75.6014126889378,
       5.799968680938444
      ],
      [
       -75.60140133939787,
       5.800097903700774
      ],
      [
       -75.60135714180782,
       5.800243823105671
      ],
      [
       -75.60135545592004,
       5.800250993892271
      ],
      [
       -75.60135419572254,
       5.800253551004004
      ],
      [
       -75.60131899113337,
       5.8003697806262995
      ],
      [
       -75.60118275126362,
       5.80086914980794
      ],
      [
       -75.60107981014197,
       5.801171130661041
      ],
      [
       -75.60107668812486,
       5.801180289799832
      ],
      [
       -75.60141076258817,
       5.801324021090118
      ],
      [
       -75.60144153179981,
       5.801337259060123
      ],
      [
       -75.60175916277598,
       5.8014416758033756
      ],
      [
       -75.6019042178195,
       5.80147864176091
      ],
      [
       -75.60193259144361,
       5.8014797217914635
      ],
      [
       -75.60197852672857,
       5.801484010975328
      ],
      [
       -75.60203406383599,
       5.80150534852597
      ],
      [
       -75.60208855189734,
       5.801521548486053
      ],
      [
       -75.60211861373601,
       5.801530531442871
      ],
      [
       -75.60214350306092,
       5.801547196661548
      ],
      [
       -75.6022908048195,
       5.801597707939671
      ],
      [
       -75.60245703587562,
       5.8016087322472725
      ],
      [
       -75.60252920840185,
       5.801593517167987
      ],
      [
       -75.60255282941696,
       5.80158853728713
      ],
      [
       -75.60266621569119,
       5.801534647657068
      ],
      [
       -75.60277352220928,
       5.801517166171664
      ],
      [
       -75.60286492780908,
       5.801510588725836
      ],
      [
       -75.6029081473148,
       5.801522857984398
      ],
      [
       -75.602915039476,
       5.801524814336213
      ],
      [
       -75.60295836820735,
       5.801526459244862
      ],
      [
       -75.60305384256827,
       5.801523280464228
      ],
      [
       -75.60310665443112,
       5.801525939487873
      ],
      [
       -75.60320077915284,
       5.801549301633444
      ],
      [
       -75.60324085441309,
       5.801562336624633
      ],
      [
       -75.60326850243854,
       5.801571329717561
      ],
      [
       -75.60339954716072,
       5.801608254847974
      ],
      [
       -75.60340077136006,
       5.801608477944811
      ],
      [
       -75.60353700963637,
       5.8016332617514195
      ],
      [
       -75.60359490768668,
       5.801650543395768
      ],
      [
       -75.60369530338855,
       5.801652037630881
      ],
      [
       -75.60370594965275,
       5.801648426544967
      ],
      [
       -75.60375873852192,
       5.801614611432052
      ],
      [
       -75.60383451528064,
       5.801518918363499
      ],
      [
       -75.60388357651738,
       5.801459665155136
      ],
      [
       -75.60390326615983,
       5.801447207604808
      ],
      [
       -75.60399186729981,
       5.8013911527031725
      ],
      [
       -75.60407580552587,
       5.801364511779098
      ],
      [
       -75.60418007855331,
       5.801354855268828
      ],
      [
       -75.60430297158074,
       5.801364225230996
      ],
      [
       -75.60438592542503,
       5.801388624052813
      ],
      [
       -75.60450955889584,
       5.801488488839574
      ],
      [
       -75.60459378499144,
       5.801501552749624
      ],
      [
       -75.60461620896714,
       5.801505030536338
      ],
      [
       -75.6047455287786,
       5.801502491194172
      ],
      [
       -75.60479538676076,
       5.801505905005552
      ],
      [
       -75.60479669422261,
       5.801506174727821
      ],
      [
       -75.60479805511314,
       5.801506087997066
      ],
      [
       -75.60486267436083,
       5.801510513286681
      ],
      [
       -75.60499032551112,
       5.801551521990391
      ],
      [
       -75.6050983441977,
       5.801583028817842
      ],
      [
       -75.60518501059971,
       5.80158632728605
      ],
      [
       -75.60532482587993,
       5.8015752682450685
      ],
      [
       -75.60537323570775,
       5.801570777988266
      ],
      [
       -75.6054490453043,
       5.801537348533202
      ],
      [
       -75.60556275909866,
       5.801466442190013
      ],
      [
       -75.60565886631721,
       5.8014084910214585
      ],
      [
       -75.60578628634802,
       5.801361265307682
      ],
      [
       -75.60580898730923,
       5.801363732819163
      ],
      [
       -75.60581501049303,
       5.801364387647171
      ],
      [
       -75.60588646821485,
       5.80134966368702
      ],
      [
       -75.60591926880778,
       5.801338202546388
      ],
      [
       -75.6059633242737,
       5.801318462439669
      ],
      [
       -75.60600633358519,
       5.801294615405714
      ],
      [
       -75.60609066883488,
       5.801261701718002
      ],
      [
       -75.60613529077355,
       5.801253269003893
      ],
      [
       -75.60617939109852,
       5.801243298142169
      ],
      [
       -75.60621886616873,
       5.8012318062342825
      ],
      [
       -75.60624758783955,
       5.801226533300991
      ],
      [
       -75.6063043460204,
       5.801225615397044
      ],
      [
       -75.60632414837958,
       5.801221011895042
      ],
      [
       -75.60637955530439,
       5.801208131129284
      ],
      [
       -75.60644120035214,
       5.801218130029311
      ]
     ]
    ]
   }
  },
  {
   "type": "Feature",
   "properties": {
    "name": "FCA EL VERDUN",
    "npn": "053900001000000020231000000000",
    "matricula": "023-23121",
    "ficha": 900224917,
    "municipio": "La Pintada (05390)",
    "vereda_code": "39020010000002",
    "source": "Catastro Antioquia — BCGS_Catastro_Publico, capa 10 (R LC Terreno Predio)",
    "retrieved": "2026-08-21",
    "role": "neighbour"
   },
   "geometry": {
    "type": "Polygon",
    "coordinates": [
     [
      [
       -75.60105204720904,
       5.798897781509145
      ],
      [
       -75.6011249702098,
       5.799041823530021
      ],
      [
       -75.6011871258981,
       5.799183735286817
      ],
      [
       -75.60129574039186,
       5.799152706918743
      ],
      [
       -75.60146263963586,
       5.799105026797026
      ],
      [
       -75.60182996944037,
       5.7990000872106275
      ],
      [
       -75.60196581090929,
       5.798958334102176
      ],
      [
       -75.60206550771451,
       5.798870474541158
      ],
      [
       -75.60223003861348,
       5.79881367212815
      ],
      [
       -75.60225601538303,
       5.798832466927296
      ],
      [
       -75.60228870735487,
       5.7988453443730466
      ],
      [
       -75.60232624657475,
       5.798860125214023
      ],
      [
       -75.60239307391375,
       5.798893549095248
      ],
      [
       -75.60242562572365,
       5.798906372929905
      ],
      [
       -75.60246330515491,
       5.798921216399085
      ],
      [
       -75.6024973195672,
       5.798931527390523
      ],
      [
       -75.60250885959427,
       5.798935026442734
      ],
      [
       -75.6025227951241,
       5.7989392503976145
      ],
      [
       -75.60260362389438,
       5.798957014460035
      ],
      [
       -75.6026066801304,
       5.798956547457909
      ],
      [
       -75.60262630947655,
       5.798960865462077
      ],
      [
       -75.6026301374302,
       5.79895978646413
      ],
      [
       -75.60263486517056,
       5.798960826107526
      ],
      [
       -75.60269262793233,
       5.7989445382987705
      ],
      [
       -75.60275399277344,
       5.798938349667889
      ],
      [
       -75.60281307878158,
       5.798931288227639
      ],
      [
       -75.60289535377723,
       5.798906165079033
      ],
      [
       -75.60299259113292,
       5.798848561824813
      ],
      [
       -75.60305182081055,
       5.79880984786819
      ],
      [
       -75.6030916395364,
       5.798754402803562
      ],
      [
       -75.60309326127363,
       5.798752144184033
      ],
      [
       -75.60309501038414,
       5.798749708682972
      ],
      [
       -75.60314736959909,
       5.7986871947875915
      ],
      [
       -75.60320424623406,
       5.798639306201744
      ],
      [
       -75.60327173157111,
       5.798624304431283
      ],
      [
       -75.60330524653617,
       5.798616854315607
      ],
      [
       -75.603406318697,
       5.798629751597193
      ],
      [
       -75.6035360941836,
       5.798657786693784
      ],
      [
       -75.60363500187579,
       5.798665224207253
      ],
      [
       -75.6037118162851,
       5.798642268766776
      ],
      [
       -75.6038183577308,
       5.79855063827269
      ],
      [
       -75.60388749329422,
       5.798489032600872
      ],
      [
       -75.60394880637588,
       5.79842042918767
      ],
      [
       -75.60400737125363,
       5.798335221445272
      ],
      [
       -75.6040951691728,
       5.798240919755007
      ],
      [
       -75.60413452381547,
       5.798212639871292
      ],
      [
       -75.60416565205549,
       5.798191829373956
      ],
      [
       -75.60421993738143,
       5.798129298452815
      ],
      [
       -75.60427002562358,
       5.798071601067454
      ],
      [
       -75.60438773468321,
       5.79794327503175
      ],
      [
       -75.6044044306688,
       5.7979250732202505
      ],
      [
       -75.60440845017027,
       5.797920690732983
      ],
      [
       -75.60440822077837,
       5.797920471193428
      ],
      [
       -75.60440218496603,
       5.797914695688419
      ],
      [
       -75.60350284880592,
       5.797054021146352
      ],
      [
       -75.60309438074214,
       5.796655877999791
      ],
      [
       -75.60282809259817,
       5.796396320652351
      ],
      [
       -75.60203414113161,
       5.795627674375632
      ],
      [
       -75.60203210107156,
       5.79564206677128
      ],
      [
       -75.6020250872546,
       5.79569155674059
      ],
      [
       -75.60196656090928,
       5.796082705930227
      ],
      [
       -75.60195939410436,
       5.796128160790022
      ],
      [
       -75.60190615205839,
       5.796242502306583
      ],
      [
       -75.60188697175707,
       5.796307394974569
      ],
      [
       -75.60186725477301,
       5.796358985658109
      ],
      [
       -75.60182492682009,
       5.796539407814447
      ],
      [
       -75.60166856574807,
       5.796817605203881
      ],
      [
       -75.60159552579225,
       5.796972990803025
      ],
      [
       -75.601483460998,
       5.797118942689389
      ],
      [
       -75.60131950940301,
       5.797200069054736
      ],
      [
       -75.60103348460132,
       5.797327683745603
      ],
      [
       -75.6008333696832,
       5.7974395947485196
      ],
      [
       -75.60078766213465,
       5.79747233635734
      ],
      [
       -75.60067559514596,
       5.797565663447157
      ],
      [
       -75.6006164228373,
       5.797683145920659
      ],
      [
       -75.60057616604162,
       5.797810716011687
      ],
      [
       -75.60057522375317,
       5.797813702003003
      ],
      [
       -75.60055781487968,
       5.7979238168744125
      ],
      [
       -75.60057722206437,
       5.798152539902898
      ],
      [
       -75.60058053804015,
       5.798191622578044
      ],
      [
       -75.60063482954311,
       5.798312171935177
      ],
      [
       -75.60081028208339,
       5.798551766251677
      ],
      [
       -75.60105204720904,
       5.798897781509145
      ]
     ]
    ]
   }
  }
 ]
}